speaker_id,speaker_number,speaker_sex,language,language_variety,filename,segment_start,segment_end,duration,timepoint,textgrid_label,segment_type,vowel_quality,phonation,vowel_nasality,tone_contour,number_of_tone_targets,tone_category,language_specific_tone,consonant_aspiration,consonant_nasality,strF0,sF0,pF0,shrF0,sF1,sB1,sF2,sB2,sF3,sB3,sF4,sB4,pF1,pF2,pF3,pF4,H1u,H1c,H2u,H2c,H4u,H4c,A1u,A1c,A2u,A2c,A3u,A3c,H1H2u,H1H2c,H2H4u,H2H4c,H1A1u,H1A1c,H1A2u,H1A2c,H1A3u,H1A3c,Energy,HNR05,HNR15,HNR25,HNR35,CPP,SHR,tone_misc,CQ,CQ_H,CQ_HT,CQ_PM,min_Vel,min_Vel_Time,peak_Vel,peak_Vel_Time,SQ2_SQ1,SQ4_SQ3,ratio,LPhon,SQ,token_id
Bo_F1,1,F,Bo,Village 1,F1_bi_33_02,356.175,546.071,189.896,5,i_33,Vowel,i,Tense,Oral,33.0,1.0,Mid,33,Unaspirated,Oral,225.155,133.061,227.802,227.121,408.009,98.717,2430.526,157.085,3403.327,147.423,4305.732,262.576,425.267,2466.738,3582.114,5296.1,22.786,19.206,20.226,10.851,0.545,11.821,17.94,-0.035,1.042,4.347,1.934,10.533,2.56,8.355,19.681,-0.97,4.846,19.242,21.744,14.859,20.851,8.673,4.771,17.448,26.86,28.665,27.489,19.043,0.006,mid,0.61,0.553,0.798,0.48,-403.411,451.519,1314.755,449.39,0.384,1.471,0.093,Bo-Tense,0.261046906866078,4907597150766159176
Bo_F1,1,F,Bo,Village 1,F1_bu_33_01,254.646,514.245,259.599,5,u_33,Vowel,u,Tense,Oral,33.0,1.0,Mid,33,Unaspirated,Oral,230.108,230.685,233.203,231.8,458.436,52.684,1122.017,153.928,3309.076,363.645,4258.755,386.883,524.935,1185.679,3498.961,4466.804,19.252,16.335,26.035,4.79,10.047,9.454,26.034,4.628,9.365,-3.371,-9.471,14.588,-6.783,11.545,15.987,-4.664,-6.782,11.753,9.886,19.706,28.722,1.747,8.54,46.454,47.202,51.314,51.392,27.563,0.668,mid,0.628,0.572,0.675,0.523,-361.182,385.204,1227.272,382.932,0.241,1.626,0.079,Bo-Tense,0.148216482164822,8072350465901000876
Bo_F1,1,F,Bo,Village 1,F1_bu_33_02,111.443,353.179,241.736,5,u_33,Vowel,u,Tense,Oral,33.0,1.0,Mid,33,Unaspirated,Oral,219.24,219.101,220.973,219.782,427.663,92.658,1153.103,201.181,3065.224,246.409,3905.466,468.922,798.764,2467.848,3838.86,4138.225,11.146,8.102,16.32,-2.102,2.234,4.693,16.319,-4.01,5.917,-5.061,-11.333,10.186,-5.174,10.204,14.086,-6.796,-5.173,12.134,5.23,13.162,22.48,-2.084,0.963,55.667,54.516,59.63,57.272,27.587,0.88,mid,0.617,0.557,0.638,0.55,-439.973,232.645,1586.752,230.135,0.319,1.522,0.085,Bo-Tense,0.209592641261498,-3328389303461128546
Bo_F1,1,F,Bo,Village 1,F1_de33_01,279.491,480.748,201.257,5,e33,Vowel,e,Lax,Oral,33.0,1.0,Mid,33,Unaspirated,Oral,208.898,209.032,209.587,209.498,632.424,192.892,1950.347,167.052,3346.548,247.179,4499.042,591.497,644.513,1953.468,3303.985,5659.534,15.159,14.047,18.514,13.101,14.336,10.051,22.767,-0.606,6.763,-3.71,-4.898,0.361,-3.354,0.946,4.178,3.05,-7.608,14.659,8.396,17.756,20.057,13.685,3.882,51.599,47.159,41.285,37.113,23.689,0.0,mid,0.597,0.535,0.622,0.438,-325.658,380.739,843.378,378.639,0.982,1.169,0.342,Bo-Lax,0.840034217279726,2966727643265679870
Bo_F1,1,F,Bo,Village 1,F1_dze_33_02,255.33,477.681,222.351,5,e_33,Vowel,e,Tense,Oral,33.0,1.0,Mid,33,Unaspirated,Oral,212.513,213.04,216.045,214.554,644.052,62.237,1923.589,157.296,2710.24,621.835,3394.338,211.024,663.057,2018.915,3327.01,5402.429,13.47,12.349,17.126,11.683,14.187,9.697,26.862,3.31,11.545,0.317,-0.562,-5.295,-3.656,0.666,2.939,1.986,-13.392,9.042,1.925,12.032,14.031,17.644,7.361,51.964,47.175,45.01,42.729,27.749,0.0,mid,0.64,0.549,0.704,0.54,-250.842,367.451,682.332,364.898,0.716,1.13,0.176,Bo-Tense,0.633628318584071,7261272737631223481
Bo_F1,1,F,Bo,Village 1,F1_dzu_33_01,311.668,541.006,229.338,5,u_33,Vowel,u,Tense,Oral,33.0,1.0,Mid,33,Unaspirated,Oral,203.284,203.33,208.754,204.933,448.51,94.156,1714.1,1191.737,3113.471,310.511,4082.816,390.718,638.971,710.595,3384.416,4288.774,15.011,12.712,23.76,6.703,9.88,15.73,23.712,3.387,-8.337,-12.593,-11.262,-1.739,-8.749,6.009,13.88,-9.027,-8.701,9.33,23.348,25.304,26.273,14.451,4.044,40.859,41.328,46.016,45.319,26.662,0.825,mid,0.722,0.612,0.635,0.629,-250.941,427.649,959.487,424.542,0.459,1.762,0.112,Bo-Tense,0.26049943246311,-3232948686174634198
Bo_F1,1,F,Bo,Village 1,F1_dzu_33_02,197.619,429.098,231.479,5,u_33,Vowel,u,Tense,Oral,33.0,1.0,Mid,33,Unaspirated,Oral,195.8,195.831,201.446,196.478,530.643,119.02,1200.6,137.352,2726.373,388.823,4539.216,1075.513,687.265,1188.896,3056.07,4823.835,12.515,10.779,19.316,9.459,9.336,7.892,18.589,-4.139,12.372,-1.675,-9.12,2.46,-6.802,1.319,9.98,1.567,-6.074,14.931,0.143,12.453,21.634,8.319,2.559,29.241,26.002,31.06,31.263,22.335,0.329,mid,0.676,0.578,0.592,0.455,-257.858,313.663,1159.86,311.32,0.297,1.137,0.052,Bo-Tense,0.261213720316623,-6605994670728611263
Bo_F1,1,F,Bo,Village 1,F1_hlo_33_01,422.587,688.988,266.401,5,o_33,Vowel,o,Tense,Oral,33.0,1.0,Mid,33,Unaspirated,Oral,215.94,215.888,217.422,217.464,610.798,125.944,1078.406,73.419,3210.916,266.263,3855.944,291.72,714.688,1023.742,3510.796,4229.565,19.41,17.844,24.118,16.286,20.942,12.195,26.89,1.749,23.053,3.247,-0.942,17.407,-4.708,1.558,3.176,4.091,-7.48,16.2,-3.642,14.597,20.352,0.437,18.995,44.783,38.533,45.402,45.147,27.629,0.0,mid,0.524,0.469,0.584,0.395,-417.449,556.193,1099.213,554.361,0.697,1.039,0.285,Bo-Tense,0.670837343599615,3872645433128522984
Bo_F1,1,F,Bo,Village 1,F1_hlo_33_02,323.522,533.022,209.5,5,o_33,Vowel,o,Tense,Oral,33.0,1.0,Mid,33,Unaspirated,Oral,212.832,212.554,213.842,213.459,611.184,137.23,1175.049,177.575,3181.883,813.225,3425.38,725.498,652.66,1164.465,3401.691,4677.78,16.657,15.168,22.081,14.677,17.241,9.802,26.496,1.682,18.137,-0.794,-6.896,10.389,-5.424,0.491,4.84,4.875,-9.839,13.564,-1.479,15.962,23.553,4.779,11.996,42.062,36.75,43.348,44.092,26.174,0.0,mid,0.58,0.535,0.641,0.526,-320.752,429.323,957.955,426.84,0.716,0.909,0.223,Bo-Tense,0.787678767876788,2141571806218129641
Bo_F1,1,F,Bo,Village 1,F1_hlo33_01,358.408,627.471,269.063,5,o33,Vowel,o,Lax,Oral,33.0,1.0,Mid,33,Unaspirated,Oral,218.883,218.838,219.488,219.583,637.331,76.45,1186.411,162.048,3325.874,454.105,4489.985,663.784,669.792,1201.194,3380.526,4653.36,19.807,18.371,25.577,18.541,19.526,11.321,32.272,7.063,23.792,4.21,-1.528,15.437,-5.771,-0.171,6.051,7.22,-12.465,11.398,-3.985,14.16,21.335,2.934,39.755,44.042,34.793,40.828,40.353,26.519,0.0,mid,0.587,0.525,0.758,0.413,-415.926,492.37,1606.748,490.482,0.29,1.38,0.098,Bo-Lax,0.210144927536232,7889088451076863392
Bo_F1,1,F,Bo,Village 1,F1_hlo33_02,433.517,689.843,256.326,5,o33,Vowel,o,Lax,Oral,33.0,1.0,Mid,33,Unaspirated,Oral,208.371,208.376,209.456,207.074,585.277,156.06,1224.79,188.181,3624.325,280.363,4419.756,293.24,640.765,1226.707,3565.232,4439.179,15.67,14.207,23.249,15.894,18.892,13.662,26.593,2.547,14.956,-2.185,-5.466,15.636,-7.579,-1.687,4.357,2.232,-10.924,11.74,0.713,16.391,21.136,-1.429,11.573,41.614,36.143,41.752,42.856,26.52,0.131,mid,0.649,0.579,0.789,0.441,-264.036,561.689,1097.365,559.576,0.28,1.442,0.074,Bo-Lax,0.194174757281553,-560619576808608850
Bo_F1,1,F,Bo,Village 1,F1_hlu_33_01,347.726,612.966,265.24,5,u_33,Vowel,u,Tense,Oral,33.0,1.0,Mid,33,Unaspirated,Oral,198.509,132.46,99.949,158.167,423.575,99.558,1024.995,243.392,3079.441,276.049,4053.078,511.609,607.923,917.818,3390.461,5009.225,15.761,13.25,22.072,4.22,7.707,7.804,22.078,1.114,8.019,-4.628,-13.392,10.125,-6.311,9.031,14.365,-3.584,-6.317,12.17,7.742,17.879,29.153,3.125,3.752,10.575,13.436,23.539,27.382,17.729,0.63,mid,0.544,0.481,0.601,0.329,-392.24,480.457,1174.314,478.775,0.641,0.937,0.135,Bo-Tense,0.68409818569904,-2434401517003185210
Bo_F1,1,F,Bo,Village 1,F1_hlu33_02,389.374,645.124,255.75,5,u33,Vowel,u,Lax,Oral,33.0,1.0,Mid,33,Unaspirated,Oral,216.616,216.64,216.556,217.879,437.602,90.548,1055.71,97.38,3469.745,310.777,4279.121,316.054,516.045,1008.296,3547.173,4401.53,17.426,14.619,22.477,1.568,9.674,9.222,22.476,1.372,11.429,-1.246,-11.204,16.081,-5.051,13.051,12.803,-7.654,-5.05,13.305,5.997,15.865,28.63,-1.463,4.363,23.919,25.143,34.328,37.041,22.418,0.879,mid,0.683,0.594,0.829,0.468,-358.785,517.719,1278.838,515.564,0.347,1.759,0.092,Bo-Lax,0.197271176805003,-6839602938269328557
Bo_F1,1,F,Bo,Village 1,F1_ku_31_01,217.766,461.882,244.116,5,u_31,Vowel,u,Tense,Oral,31.0,2.0,Mid,31,Unaspirated,Oral,236.404,236.68,239.966,238.949,523.823,118.794,1081.553,205.828,3236.57,500.274,3767.84,696.871,738.016,1064.47,3435.861,4336.201,20.958,18.316,29.676,10.883,21.224,13.521,29.602,6.99,20.851,5.263,-0.105,21.845,-8.718,7.434,8.452,-2.638,-8.644,11.397,0.107,13.053,21.063,-3.529,22.169,45.501,41.631,46.252,45.843,27.708,0.834,low,0.622,0.524,0.753,0.235,-425.03,339.681,1243.423,338.687,0.46,1.681,0.128,Bo-Tense,0.273646638905413,1575013856544421319
Bo_F1,1,F,Bo,Village 1,F1_ku_31_02,196.719,413.665,216.946,5,u_31,Vowel,u,Tense,Oral,31.0,2.0,Mid,31,Unaspirated,Oral,224.746,225.272,231.45,227.944,511.896,119.929,1083.627,193.367,3193.073,214.871,4336.451,341.653,720.963,981.088,3206.856,4444.955,17.519,14.996,26.184,8.631,16.893,11.245,25.918,3.339,16.351,1.085,-2.897,19.632,-8.665,6.364,9.291,-2.614,-8.4,11.723,1.168,13.911,20.415,-4.636,8.944,45.552,41.769,46.362,45.125,27.26,0.765,low,0.635,0.534,0.67,0.304,-309.048,305.14,1203.53,303.783,0.304,1.772,0.065,Bo-Tense,0.171557562076749,7930831521589726167
Bo_F1,1,F,Bo,Village 1,F1_lu_31_01,288.649,442.587,153.938,5,u_31,Vowel,u,Tense,Oral,31.0,2.0,Mid,31,Unaspirated,Oral,232.144,231.991,233.586,233.512,457.526,64.951,1104.973,273.592,3417.528,558.259,4421.168,603.997,517.406,1253.356,3484.908,4823.667,16.624,13.677,22.367,1.26,4.599,4.064,22.366,0.994,3.968,-8.708,-14.444,10.539,-5.744,12.417,17.768,-2.804,-5.743,12.735,12.655,22.385,31.067,3.138,3.722,39.714,41.862,45.394,45.152,24.543,0.712,low,0.65,0.597,0.597,0.597,-412.362,366.656,1347.235,364.071,0.307,1.091,0.077,Bo-Tense,0.281393217231897,-8252629411850303955
Bo_F1,1,F,Bo,Village 1,F1_lu_31_02,276.298,509.106,232.808,5,u_31,Vowel,u,Tense,Oral,31.0,2.0,Mid,31,Unaspirated,Oral,210.159,210.267,213.494,210.877,425.034,68.662,1059.874,136.905,3581.499,303.373,4435.413,283.418,521.385,1047.077,3771.917,4817.194,15.423,12.613,23.576,2.908,8.4,9.027,23.575,2.819,12.631,0.508,-12.426,15.959,-8.153,9.705,15.176,-6.119,-8.152,9.85,2.792,12.105,27.848,-3.346,3.848,45.326,45.498,52.015,53.773,28.878,0.81,low,0.622,0.518,0.454,0.453,-346.171,392.507,1367.095,391.197,0.298,1.533,0.096,Bo-Tense,0.194390084801044,4136083380790995612
Bo_F1,1,F,Bo,Village 1,F1_me_33_01,569.65,700.818,131.168,5,e33,Vowel,e,Tense,Oral,33.0,1.0,Mid,33,Unaspirated,Nasal,204.841,204.986,206.5,204.104,881.296,163.627,2073.081,64.368,3472.946,160.441,4446.751,454.029,752.488,2077.665,3378.964,4178.489,16.191,15.622,23.835,21.376,22.836,5.125,22.835,-4.133,16.777,0.474,5.129,4.486,-7.644,-5.753,0.999,16.251,-6.644,19.77,-0.586,15.148,11.062,11.136,8.061,41.588,37.911,36.949,35.822,27.776,0.58,mid,0.686,0.598,0.639,0.534,-347.581,636.333,828.809,633.717,0.825,1.566,0.358,Bo-Tense,0.526819923371648,7155743824637844248
Bo_F1,1,F,Bo,Village 1,F1_me_33_02,254.093,348.842,94.749,5,e_33,Vowel,e,Tense,Oral,33.0,1.0,Mid,33,Unaspirated,Nasal,254.942,255.278,255.696,255.63,446.077,255.676,2075.511,102.268,3622.089,101.598,4444.211,273.825,657.419,2140.738,3646.285,4728.92,19.779,16.328,23.46,12.473,10.89,20.514,22.919,3.31,14.107,11.813,2.245,16.602,-3.682,3.855,12.571,-8.041,-3.14,13.022,5.672,4.515,17.534,-0.274,8.09,37.042,34.176,30.57,30.148,22.82,0.0,mid,0.614,0.595,0.673,0.515,-465.352,302.154,962.509,300.127,0.794,1.646,0.483,Bo-Tense,0.482381530984204,8193466325155022954
Bo_F1,1,F,Bo,Village 1,F1_na_33_02,349.706,625.571,275.865,5,a_33,Vowel,a,Tense,Oral,33.0,1.0,Mid,33,Unaspirated,Nasal,213.088,163.51,108.866,182.35,1040.231,370.31,1561.118,94.975,2534.919,717.286,3692.72,386.687,829.928,1560.173,3767.326,4477.458,11.615,11.068,16.507,14.188,13.27,0.202,11.964,-19.177,13.054,-13.495,-9.758,-20.35,-4.892,-3.12,3.237,13.986,-0.349,30.276,-1.438,24.562,21.373,31.418,2.484,19.721,16.957,21.04,25.903,21.136,0.607,mid,0.657,0.532,0.663,0.465,-278.8,487.908,855.299,485.713,0.46,1.048,0.049,Bo-Tense,0.438931297709924,5258456803313641321
Bo_F1,1,F,Bo,Village 1,F1_ni31_01,343.794,627.221,283.427,5,i31,Vowel,i,Lax,Oral,31.0,2.0,Mid,31,Unaspirated,Nasal,225.11,225.1,226.829,226.335,450.274,106.052,2679.394,93.275,3228.392,464.604,4152.095,467.663,474.497,2713.987,3395.2,4288.169,18.233,15.677,22.061,2.093,-0.433,7.916,22.06,2.056,9.435,12.335,2.97,1.557,-3.827,13.584,22.494,-5.823,-3.826,13.622,8.799,3.342,15.263,14.12,4.001,36.081,42.056,45.446,40.321,26.056,0.834,low,0.6,0.568,0.709,0.485,-401.083,486.149,1160.704,483.994,0.322,1.212,0.103,Bo-Lax,0.265676567656766,-9115113046648529253
Bo_F1,1,F,Bo,Village 1,F1_ni31_02,365.858,623.507,257.649,5,i31,Vowel,i,Lax,Oral,31.0,2.0,Mid,31,Unaspirated,Nasal,231.008,231.276,232.714,233.252,445.599,118.846,2762.141,86.587,3385.82,311.872,4187.35,362.135,478.856,2790.792,3474.366,4315.753,20.011,17.133,22.648,6.415,0.573,10.102,22.645,3.106,12.04,16.173,6.427,7.336,-2.637,10.718,22.074,-3.687,-2.635,14.028,7.971,0.96,13.584,9.797,5.031,41.238,46.444,49.338,43.949,26.253,0.909,low,0.584,0.567,0.577,0.517,-344.034,495.358,962.34,493.121,0.462,1.105,0.101,Bo-Lax,0.418099547511312,-6322542346336298575
Bo_F1,1,F,Bo,Village 1,F1_no33_02,343.007,589.223,246.216,5,o33,Vowel,o,Lax,Oral,33.0,1.0,Mid,33,Unaspirated,Nasal,221.426,221.494,221.891,222.363,595.371,150.236,1166.603,192.143,2745.983,548.203,3648.882,625.408,665.312,1184.974,3529.309,5007.869,14.814,13.171,21.768,13.283,12.404,6.393,22.957,-1.37,15.024,-3.013,-10.72,0.45,-6.955,-0.112,9.365,6.89,-8.144,14.575,-0.21,16.184,25.534,12.721,6.534,41.698,34.838,40.407,40.094,24.027,0.0,mid,0.643,0.582,0.637,0.517,-295.409,466.762,992.396,464.424,0.344,1.411,0.118,Bo-Lax,0.243798724309001,-8808515257858879185
Bo_F1,1,F,Bo,Village 1,F1_no33bo33_02,567.933,689.638,121.705,5,o33,Vowel,o,Lax,Oral,33.0,1.0,Mid,33,Unaspirated,Nasal,232.128,231.986,232.496,233.837,430.835,242.619,1168.009,699.279,2717.127,646.112,3775.349,413.876,674.734,1008.848,3897.618,4294.288,21.793,18.805,23.633,5.082,14.5,14.157,23.633,2.374,10.14,-2.387,-10.66,4.67,-1.84,13.723,9.133,-9.075,-1.84,16.449,11.653,21.192,32.453,14.135,8.599,46.853,44.243,48.022,48.465,26.097,0.0,mid,0.49,0.478,0.564,0.356,-321.279,629.259,715.88,627.741,0.548,0.75,0.308,Bo-Lax,0.730666666666667,-7564705676713016478
Bo_F1,1,F,Bo,Village 1,F1_pie33_02,103.719,204.666,100.947,5,a33,Vowel,a,Lax,Oral,33.0,1.0,Mid,33,Unaspirated,Oral,208.24,208.062,208.805,206.198,508.378,541.792,1876.388,162.769,2736.568,835.1,3657.499,730.138,800.394,1900.284,3557.966,4231.757,21.057,19.424,25.914,16.649,28.251,30.113,16.887,-4.88,18.908,11.105,3.659,3.503,-4.857,2.776,-2.337,-13.464,4.17,24.306,2.148,8.319,17.397,15.922,24.359,29.045,24.908,24.578,25.343,23.27,0.661,mid,0.69,0.502,0.48,0.359,-305.715,154.653,547.779,152.888,1.344,1.991,0.676,Bo-Lax,0.675037669512808,322802423765919708
Bo_F1,1,F,Bo,Village 1,F1_sa_31_01,293.089,529.28,236.191,5,a_31,Vowel,a,Tense,Oral,31.0,2.0,Mid,31,Unaspirated,Oral,209.788,211.245,215.206,211.585,865.009,183.469,1543.196,135.257,2544.903,1263.116,3649.755,566.941,897.401,1566.942,3598.558,5573.889,15.275,14.555,15.664,12.525,26.298,0.049,26.297,-1.751,20.342,-1.706,-2.529,-11.222,-0.389,2.03,-10.635,12.476,-11.023,16.319,-5.067,16.26,17.804,25.777,9.633,44.16,35.591,35.907,36.868,27.354,0.78,low,0.624,0.488,0.39,0.373,-173.325,411.812,497.735,410.89,0.478,1.224,0.288,Bo-Tense,0.390522875816993,-1907881524342355092
Bo_F1,1,F,Bo,Village 1,F1_sa31_01,310.197,557.594,247.397,5,a31,Vowel,a,Lax,Oral,31.0,2.0,Mid,31,Unaspirated,Oral,202.243,202.496,204.157,203.006,967.447,190.007,1552.845,203.297,2757.864,1003.604,3405.099,350.241,875.782,1479.704,3281.307,5132.666,20.346,19.791,20.602,18.246,23.519,9.8,23.897,-6.17,16.498,-8.495,-4.557,-10.723,-0.256,1.545,-2.916,8.446,-3.551,25.992,3.848,28.287,24.903,30.514,11.079,41.947,34.604,35.17,34.74,25.952,0.0,low,0.512,0.476,0.585,0.382,-234.602,434.859,624.846,432.96,0.842,1.08,0.198,Bo-Lax,0.77962962962963,-2572144755331566548
Bo_F1,1,F,Bo,Village 1,F1_tcjhi_31_01,285.326,418.258,132.932,5,i_31,Vowel,i,Tense,Oral,31.0,2.0,Mid,31,Aspirated,Oral,220.865,220.164,225.583,222.204,435.151,32.97,1967.159,80.451,3491.203,129.061,4515.102,993.443,462.267,1966.518,3526.302,5518.319,18.094,15.4,25.537,6.029,3.668,11.339,25.536,5.552,6.328,2.731,-4.426,9.362,-7.443,9.372,21.869,-5.311,-7.442,9.852,11.766,12.669,22.519,6.038,8.085,47.075,50.398,49.05,47.033,26.514,0.488,low,0.595,0.543,0.728,0.426,-363.883,352.139,1275.199,350.192,0.399,1.442,0.12,Bo-Tense,0.276699029126214,4526295360719226587
Bo_F1,1,F,Bo,Village 1,F1_thuu_33_01,253.279,536.884,283.605,5,u_33,Vowel,u,Tense,Oral,33.0,1.0,Mid,33,Aspirated,Oral,218.549,218.892,217.248,218.918,445.873,47.055,1522.381,68.685,3311.985,222.89,4296.49,395.05,470.64,1560.758,3407.486,4785.615,23.122,20.528,31.751,11.655,9.985,15.601,31.75,11.378,15.026,6.993,-0.646,17.49,-8.629,8.873,21.766,-3.946,-8.628,9.16,8.097,13.535,23.769,3.038,26.727,30.692,32.475,35.967,35.409,24.184,0.579,mid,0.483,0.461,0.568,0.393,-508.726,395.614,1385.766,393.819,0.611,1.097,0.243,Bo-Tense,0.55697356426618,-6178019245033799580
Bo_F1,1,F,Bo,Village 1,F1_vi_33_02,298.964,587.32,288.356,5,i_33,Vowel,i,Tense,Oral,33.0,1.0,Mid,33,Unaspirated,Oral,222.779,222.904,225.153,223.064,443.92,39.677,2821.32,218.845,3589.986,204.676,4428.381,250.683,453.86,2802.664,3579.137,4512.98,15.84,13.265,21.161,1.46,-2.81,5.755,21.161,1.305,6.071,10.167,3.234,7.048,-5.322,11.805,23.971,-4.294,-5.321,11.961,9.769,3.098,12.605,6.217,3.038,44.16,52.061,55.252,49.638,28.394,0.626,mid,0.638,0.561,0.691,0.503,-246.806,444.12,742.669,441.859,0.709,1.543,0.226,Bo-Tense,0.45949449125081,-7591817926106276138
Bo_F1,1,F,Bo,Village 1,F1_zji_33_01,377.32,568.366,191.046,5,i_33,Vowel,i,Tense,Oral,33.0,1.0,Mid,33,Unaspirated,Oral,227.122,227.438,229.783,228.946,455.327,49.956,2029.266,71.487,3303.456,1143.899,3672.85,1364.594,476.466,2027.609,3375.339,5172.746,14.346,11.72,20.844,0.767,1.155,8.678,20.843,0.607,1.158,-2.051,-7.606,2.514,-6.498,10.953,19.689,-7.911,-6.498,11.115,13.188,13.771,21.951,9.206,3.063,47.364,52.691,51.884,51.096,26.896,0.56,mid,0.754,0.627,0.749,0.503,-205.178,473.186,764.739,470.958,0.294,1.745,0.074,Bo-Tense,0.168481375358166,-2532168388543976430
Bo_F1,1,F,Bo,Village 1,F1_zji33_02,323.712,546.34,222.628,5,i33,Vowel,i,Lax,Oral,33.0,1.0,Mid,33,Unaspirated,Oral,225.904,225.753,227.267,227.002,444.445,65.332,2022.819,68.278,3384.474,339.102,4204.069,970.824,468.367,2041.719,3504.467,4944.507,19.818,17.118,24.804,5.401,3.8,11.646,24.803,4.798,7.744,4.791,-2.145,9.696,-4.985,11.717,21.004,-6.245,-4.984,12.323,12.074,12.327,21.963,7.421,6.406,46.186,50.1,47.914,45.623,26.081,0.655,mid,0.47,0.438,0.577,0.31,-367.664,435.343,927.902,433.968,0.551,0.756,0.347,Bo-Lax,0.728835978835979,-2421199196293323005
Bo_F2,2,F,Bo,Village 1,F2_hlo_33_01,354.571,883.915,529.344,5,o_33,Vowel,o,Tense,Oral,33.0,1.0,Mid,33,Unaspirated,Oral,168.162,168.294,169.196,168.934,468.95,242.331,959.518,144.395,2792.748,84.701,4441.118,497.4,601.587,934.978,2815.345,4698.583,16.025,14.492,22.685,14.859,20.331,15.097,19.476,-4.017,18.614,2.188,-6.075,12.903,-6.66,-0.367,2.354,-0.237,-3.451,18.546,-2.589,12.304,22.1,1.589,6.677,40.606,38.14,42.867,42.09,24.281,0.772,mid,0.638,0.583,0.672,0.618,-403.703,621.237,1202.932,617.56,0.889,0.899,0.105,Bo-Tense,0.988876529477197,-6130235973708489532
Bo_F2,2,F,Bo,Village 1,F2_me_33_01,464.37,528.959,64.5889999999999,5,e_33,Vowel,e,Tense,Oral,33.0,1.0,Mid,33,Unaspirated,Nasal,210.116,210.649,209.898,211.451,427.848,50.225,2298.883,176.232,2737.06,607.682,3213.314,358.088,490.396,2343.973,3069.644,4987.659,22.504,20.111,32.828,14.055,19.36,26.715,32.827,12.962,17.917,17.156,15.663,11.65,-10.324,6.056,13.468,-12.659,-10.323,7.149,4.587,2.955,6.841,8.461,40.231,40.18,42.644,40.217,37.938,29.631,0.43,mid,0.628,0.398,0.444,0.457,-696.467,498.594,1528.927,496.437,1.581,1.73,0.915,Bo-Tense,0.913872832369942,-7420789030134713703
Bo_F2,2,F,Bo,Village 1,F2_me_33_02,331.668,410.325,78.657,5,e_33,Vowel,e,Tense,Oral,33.0,1.0,Mid,33,Unaspirated,Nasal,192.184,192.136,191.841,192.284,377.346,111.624,2349.914,164.834,3264.113,164.758,4519.689,573.47,548.78,2340.25,3254.446,5003.006,19.529,16.952,25.982,7.977,18.211,26.813,25.981,7.787,9.874,11.899,1.368,8.967,-6.453,8.975,7.771,-18.836,-6.452,9.166,9.655,5.053,18.16,7.985,8.274,41.11,44.363,41.142,36.367,25.103,0.414,mid,0.487,0.455,0.562,0.274,-387.219,371.126,1135.649,369.7,0.202,1.824,0.111,Bo-Tense,0.110745614035088,6054581979449470535
Bo_F3,3,F,Bo,Village 2,F3_be=_31_02,277.405,557.223,279.818,5,e=_31,Vowel,e,Tense,Oral,31.0,2.0,Mid,31,Unaspirated,Oral,233.681,233.144,237.1,235.053,665.422,95.702,1229.174,176.334,3219.231,133.134,4219.017,129.736,731.847,1281.053,3246.281,4233.721,9.273,7.765,16.359,8.878,10.395,2.374,21.819,-3.477,15.576,-4.094,-2.418,11.991,-7.087,-1.112,5.964,6.504,-12.547,11.323,-6.303,11.859,11.69,-4.226,3.765,49.069,40.81,44.456,43.524,27.629,0.0,low,0.6,0.507,0.579,0.412,-255.505,416.755,683.683,414.991,0.32,1.069,0.121,Bo-Tense,0.299345182413471,-2087772394919439158
Bo_F3,3,F,Bo,Village 2,F3_bi_31_01,263.482,772.094,508.612,5,i_31,Vowel,i,Tense,Oral,31.0,2.0,Mid,31,Unaspirated,Oral,234.687,234.4,236.943,235.722,297.597,167.649,2356.796,74.358,3333.47,216.599,4351.282,209.768,393.976,2426.116,3382.658,4474.384,14.319,6.624,7.173,10.553,-8.472,8.934,11.926,-0.919,0.133,7.73,0.011,13.559,7.146,-3.928,15.645,1.619,2.393,7.544,14.185,-1.106,14.307,-6.935,0.559,45.283,52.132,51.403,48.065,26.713,0.0,low,0.577,0.523,0.568,0.436,-273.574,518.238,719.981,516.376,0.314,1.053,0.131,Bo-Tense,0.298195631528965,-6247725314284887335
Bo_F3,3,F,Bo,Village 2,F3_bi31_01,258.129,679.675,421.546,5,ie_33,Vowel,ie,Lax,Oral,31.0,2.0,Mid,31,Unaspirated,Oral,224.208,223.988,225.916,224.958,447.617,84.822,2211.569,101.957,3173.895,140.543,4352.749,380.676,492.968,2235.419,3192.375,4482.973,13.176,10.594,19.379,-0.704,0.847,8.672,19.378,-0.72,5.558,4.264,2.118,7.869,-6.203,11.298,18.533,-9.376,-6.202,11.315,7.618,6.33,11.059,2.725,1.7,53.166,57.858,56.78,53.466,30.087,0.691,low,0.513,0.426,0.463,0.255,-222.052,468.307,612.104,467.167,0.398,1.054,0.143,Bo-Lax,0.377609108159393,8557228489884676952
Bo_F3,3,F,Bo,Village 2,F3_bu_33_01,266.93,678.956,412.026,5,u_33,Vowel,u,Tense,Oral,33.0,1.0,Mid,33,Unaspirated,Oral,282.511,282.302,283.399,283.155,478.87,214.006,1194.75,219.793,3095.99,126.316,4197.064,213.266,848.994,2588.948,3959.46,4226.009,14.209,9.925,14.381,4.812,8.568,1.238,10.701,-10.009,8.567,-3.158,-2.228,18.22,-0.171,5.113,5.813,3.573,3.509,19.97,5.642,13.083,16.437,-8.295,1.234,52.879,55.819,59.185,58.852,27.648,0.0,mid,0.487,0.438,0.398,0.295,-349.759,472.476,777.602,471.73,0.326,0.578,0.19,Bo-Tense,0.56401384083045,7828619898779716108
Bo_F3,3,F,Bo,Village 2,F3_bu_33_02,271.647,632.562,360.915,5,u_33,Vowel,u,Tense,Oral,33.0,1.0,Mid,33,Unaspirated,Oral,268.556,268.734,268.366,268.621,451.566,203.094,1179.709,210.118,3030.065,258.51,4070.257,388.102,956.431,3097.559,4173.566,4268.336,13.551,9.299,12.149,2.983,3.621,1.292,8.316,-11.945,3.507,-7.429,-11.531,8.742,1.403,6.316,8.528,1.691,5.236,21.271,10.044,16.728,25.082,0.557,0.811,49.931,51.756,55.038,53.064,24.883,0.0,mid,0.553,0.485,0.476,0.301,-308.508,452.204,767.121,451.086,0.381,0.486,0.147,Bo-Tense,0.783950617283951,1587998639028535778
Bo_F3,3,F,Bo,Village 2,F3_bu33_01,527.214,907.25,380.036,5,u33,Vowel,u,Lax,Oral,33.0,1.0,Mid,33,Unaspirated,Oral,267.796,267.684,267.452,268.538,530.357,109.815,1332.42,40.791,2971.996,178.818,4264.458,217.265,545.759,1316.123,3109.514,4277.037,9.037,6.133,13.679,-7.694,1.561,2.097,13.678,-7.869,8.878,-3.731,-8.353,5.576,-4.642,13.827,12.117,-9.792,-4.641,14.022,0.159,9.863,17.39,0.557,0.807,55.549,55.369,59.765,58.084,26.866,0.0,mid,0.556,0.515,0.472,0.365,-238.824,717.501,666.561,716.138,0.333,0.768,0.115,Bo-Lax,0.43359375,5856812763330927814
Bo_F3,3,F,Bo,Village 2,F3_buu_33_02,576.277,943.664,367.387,5,uu_33,Vowel,uu,Tense,Oral,33.0,1.0,Mid,33,Unaspirated,Oral,294.948,294.946,295.053,296.967,342.357,119.75,1786.263,160.998,2930.089,296.85,4198.309,266.56,426.747,1831.468,3162.614,4189.569,18.048,7.685,9.63,14.465,-7.273,8.103,17.781,3.265,-2.01,-1.438,-10.098,4.277,8.418,-6.779,16.903,6.362,0.268,4.422,20.058,9.123,28.146,3.408,1.514,44.795,51.055,52.0,50.747,28.169,0.0,mid,0.6,0.481,0.347,0.236,-209.249,759.271,555.374,758.471,0.389,0.48,0.118,Bo-Tense,0.810416666666667,-3949795150003027375
Bo_F3,3,F,Bo,Village 2,F3_buu33_01,613.785,1045.089,431.304,5,uu33,Vowel,uu,Lax,Oral,33.0,1.0,Mid,33,Unaspirated,Oral,306.119,306.21,305.694,307.837,462.632,180.528,851.391,154.991,3111.878,186.224,4166.659,457.708,773.386,3140.104,4120.807,4156.285,16.44,10.428,19.107,9.984,-1.625,14.071,6.158,-15.422,14.168,-1.539,-2.731,25.039,-2.667,0.444,20.731,-4.087,10.282,26.039,2.271,11.967,19.171,-14.611,3.076,40.086,37.291,42.856,41.604,25.437,0.0,mid,0.5,0.429,0.526,0.246,-226.141,828.798,494.833,827.993,0.367,0.905,0.222,Bo-Lax,0.405524861878453,3826753854450662405
Bo_F3,3,F,Bo,Village 2,F3_buu55_01,363.254,428.556,65.302,5,uu55,Vowel,uu,Lax,Oral,55.0,1.0,High,55,Unaspirated,Oral,378.114,377.296,367.194,377.671,420.098,107.649,1224.279,295.755,3010.977,51.184,4162.493,268.65,1140.142,2997.827,4311.194,,15.883,3.136,7.73,11.167,4.12,10.977,15.853,-1.221,4.829,-1.232,1.549,21.209,8.153,-8.031,3.61,0.19,0.03,4.374,11.055,4.368,14.334,-18.072,1.39,34.83,36.192,40.106,40.944,27.051,0.0,high,0.583,0.532,0.469,0.326,-428.653,395.452,698.328,394.59,0.272,0.888,0.313,Bo-Lax,0.306306306306306,1873227464796619270
Bo_F3,3,F,Bo,Village 2,F3_buu55_02,600.065,678.625,78.56,5,uu55,Vowel,uu,Lax,Oral,55.0,1.0,High,55,Unaspirated,Oral,411.632,410.618,402.335,409.795,421.24,42.797,1666.437,94.086,2904.002,55.076,4289.95,283.571,558.979,1592.883,3043.936,4384.039,16.992,1.393,7.141,13.131,1.081,-0.759,16.992,0.436,1.081,-1.833,-5.972,7.822,9.851,-11.738,6.061,13.89,0.0,0.963,15.912,3.225,22.964,-6.429,1.727,26.597,28.825,33.943,35.414,25.89,0.004,high,0.606,0.489,0.565,0.291,-341.88,639.002,584.547,638.201,0.353,0.993,0.366,Bo-Lax,0.355488418932528,2422232033828460846
Bo_F3,3,F,Bo,Village 2,F3_cji_31_02,488.869,915.422,426.553,5,i_31,Vowel,i,Tense,Oral,31.0,2.0,Mid,31,Unaspirated,Oral,221.279,221.101,222.539,221.978,460.242,137.925,2179.369,98.489,3293.84,119.585,4317.88,217.012,540.644,2219.343,3315.03,4391.56,9.441,7.027,14.494,-4.601,-2.679,4.415,14.494,-5.874,5.073,3.041,3.691,11.538,-5.053,11.628,17.174,-9.016,-5.052,12.903,4.368,3.986,5.75,-4.511,0.727,41.314,44.399,44.28,42.039,28.98,0.61,low,0.572,0.498,0.468,0.358,-232.05,701.637,743.021,700.016,0.379,1.074,0.12,Bo-Tense,0.352886405959032,4672153644669115037
Bo_F3,3,F,Bo,Village 2,F3_de_33_02,370.725,830.238,459.513,5,e_33,Vowel,e,Tense,Oral,33.0,1.0,Mid,33,Unaspirated,Oral,282.998,282.747,283.709,283.563,845.591,24.108,2144.546,294.608,3192.709,216.995,3859.497,1050.48,863.388,2108.054,3196.458,4958.298,10.595,9.39,13.351,7.498,9.327,4.127,25.52,0.675,14.397,1.064,6.346,3.557,-2.756,1.892,4.024,3.371,-14.925,8.726,-3.802,8.326,4.249,5.833,8.406,46.152,42.588,39.026,38.922,28.038,0.0,mid,0.553,0.496,0.364,0.347,-219.436,600.452,485.344,599.222,0.383,0.401,0.122,Bo-Tense,0.955112219451371,-4813992290207215893
Bo_F3,3,F,Bo,Village 2,F3_dze_33_02,502.734,905.247,402.513,5,e_33,Vowel,e,Tense,Oral,33.0,1.0,Mid,33,Unaspirated,Oral,265.538,265.394,266.579,266.897,805.892,64.56,1346.546,778.775,2103.8,169.573,3256.486,196.266,834.625,2032.317,3234.009,4985.65,7.698,6.371,8.762,2.427,11.594,1.755,21.674,-4.999,4.699,-16.245,9.211,-2.442,-1.064,3.944,-2.833,0.671,-13.977,11.388,2.999,22.616,-1.513,8.813,3.06,45.688,41.063,39.272,38.094,25.813,0.0,mid,0.596,0.52,0.491,0.341,-215.787,703.842,503.364,702.558,0.431,0.862,0.208,Bo-Tense,0.5,1918347548965023115
Bo_F3,3,F,Bo,Village 2,F3_dzrii_33_01,513.06,939.736,426.676,5,ii_33,Vowel,ii,Tense,Oral,33.0,1.0,Mid,33,Unaspirated,Oral,306.781,306.792,306.73,308.388,367.994,152.398,1835.18,70.453,3409.457,235.069,4385.008,391.466,501.542,1842.714,3471.308,4577.089,17.4,7.666,11.43,15.479,-3.472,11.196,16.649,1.108,3.339,3.391,-2.228,17.3,5.97,-7.814,14.902,4.284,0.751,6.562,14.062,4.275,19.629,-9.635,1.517,45.61,49.08,50.555,50.082,29.206,0.0,mid,0.535,0.459,0.475,0.276,-316.72,725.898,701.547,724.997,0.423,0.744,0.217,Bo-Tense,0.568548387096774,8651574341768562196
Bo_F3,3,F,Bo,Village 2,F3_dzrii33_01,615.728,933.103,317.375,5,ii33,Vowel,ii,Lax,Oral,33.0,1.0,Mid,33,Unaspirated,Oral,280.512,280.382,280.274,282.395,419.092,177.118,1705.849,126.075,3371.003,115.598,4334.647,628.237,482.519,1745.66,3365.525,4397.62,13.635,7.54,7.526,6.305,-8.429,3.252,3.504,-13.955,0.927,-2.111,-7.05,11.724,6.109,1.235,15.956,3.053,10.131,21.501,12.708,9.651,20.685,-4.184,0.627,59.696,69.612,69.659,69.582,30.301,0.0,mid,0.547,0.494,0.528,0.347,-364.509,774.612,793.792,773.374,0.368,0.697,0.19,Bo-Lax,0.527977044476327,1992368685545986239
Bo_F3,3,F,Bo,Village 2,F3_dzro33_01,124.887,231.245,106.358,5,o33,Vowel,o,Lax,Oral,33.0,1.0,Mid,33,Unaspirated,Oral,336.207,336.451,332.303,336.773,382.024,121.241,1012.63,108.837,3325.018,112.206,4030.736,133.482,982.084,3374.291,4056.717,,17.56,5.107,10.924,12.665,1.674,19.455,17.532,1.14,11.531,3.551,-3.301,27.413,6.636,-7.557,9.249,-6.79,0.028,4.026,6.029,1.556,20.861,-22.305,1.952,38.411,37.043,43.121,43.286,24.948,0.0,mid,0.596,0.452,0.43,0.252,-334.915,177.691,651.147,176.941,0.338,0.87,0.153,Bo-Lax,0.388505747126437,8023178037973910774
Bo_F3,3,F,Bo,Village 2,F3_dzu_31_02,246.469,396.301,149.832,5,u_31,Vowel,u,Tense,Oral,31.0,2.0,Mid,31,Unaspirated,Oral,254.735,254.885,255.379,256.438,493.086,74.512,1580.038,293.061,3042.461,70.474,4298.856,98.249,579.067,1619.251,3075.447,4342.647,9.105,6.116,15.096,-2.676,-1.564,4.58,15.095,-5.608,-0.994,-8.932,-1.871,9.563,-5.991,8.792,16.66,-7.256,-5.991,11.731,10.099,15.048,10.976,-3.447,0.851,47.284,47.48,49.837,49.936,26.788,0.596,low,0.58,0.534,0.457,0.431,-357.332,321.587,794.942,319.895,0.343,0.641,0.157,Bo-Tense,0.535101404056162,616444827338047515
Bo_F3,3,F,Bo,Village 2,F3_dzu31_02,373.072,829.321,456.249,5,u31,Vowel,u,Lax,Oral,31.0,2.0,Mid,31,Unaspirated,Oral,233.804,233.561,235.189,234.81,466.938,104.548,1684.231,407.224,3296.61,157.86,4265.472,234.131,572.41,1659.876,3361.812,4361.568,11.814,9.14,18.235,-2.37,3.581,9.727,18.235,-2.425,0.889,-6.358,-3.153,11.573,-6.421,11.51,14.654,-12.096,-6.42,11.572,10.926,15.498,14.967,-2.433,1.427,53.23,53.132,54.365,53.977,30.099,0.766,low,0.464,0.407,0.506,0.244,-346.16,600.301,798.488,599.256,0.423,0.686,0.15,Bo-Lax,0.616618075801749,-6228932499503526864
Bo_F3,3,F,Bo,Village 1,F3_ha_33_02,280.692,559.053,278.361,5,a_33,Vowel,a,Tense,Oral,33.0,1.0,Mid,33,Aspirated,Oral,207.958,207.781,209.746,206.198,417.49,255.396,1135.028,240.739,3440.795,292.437,4451.855,168.769,899.321,1413.911,3122.34,4450.764,20.397,17.588,24.458,4.354,18.721,21.194,24.457,4.162,23.709,12.636,-2.529,23.753,-4.061,13.234,5.736,-16.84,-4.06,13.46,-3.312,4.952,22.926,-6.166,14.58,48.557,42.241,41.01,41.854,27.268,0.835,mid,0.51,0.449,0.545,0.334,-375.504,420.541,933.59,418.934,0.768,1.034,0.387,Bo-Tense,0.742746615087041,-6593200631308083012
Bo_F3,3,F,Bo,Village 2,F3_hlo_33_02,263.109,652.244,389.135,5,o_33,Vowel,o,Tense,Oral,33.0,1.0,Mid,33,Unaspirated,Oral,266.483,266.38,266.629,268.538,562.926,196.515,1053.221,83.697,3307.947,178.021,4213.452,149.839,738.367,1066.981,3349.026,4225.363,10.592,7.835,16.148,-3.336,17.453,1.437,16.147,-7.237,17.453,-0.157,-7.471,14.201,-5.556,11.172,-1.306,-4.773,-5.555,15.198,-6.861,7.992,18.063,-6.366,2.61,51.514,45.857,51.698,51.356,25.316,0.0,mid,0.575,0.466,0.379,0.278,-241.907,457.339,600.677,456.612,0.36,0.503,0.121,Bo-Tense,0.715705765407555,1993596421793143453
Bo_F3,3,F,Bo,Village 1,F3_hlo33_02,229.407,481.204,251.797,5,o33,Vowel,o,Lax,Oral,33.0,1.0,Mid,33,Unaspirated,Oral,220.688,220.817,219.635,219.871,663.716,353.484,1293.234,219.687,3220.781,288.53,4467.686,846.817,650.924,1230.974,3245.376,5255.154,17.172,15.695,19.585,12.136,15.237,8.288,20.917,-3.755,11.401,-6.916,-12.621,2.917,-2.412,3.559,4.348,3.848,-3.745,19.512,5.771,22.611,29.794,12.778,5.339,50.204,43.213,47.206,46.238,25.211,0.0,mid,0.536,0.491,0.58,0.426,-281.872,356.19,685.116,354.26,0.65,0.797,0.345,Bo-Lax,0.81555834378921,4192255507926053348
Bo_F3,3,F,Bo,Village 2,F3_hlu_21_02,425.681,829.111,403.43,5,u_21,Vowel,u,Tense,Oral,21.0,2.0,Low,21,Unaspirated,Oral,223.37,223.089,226.028,224.28,539.669,190.743,1573.893,123.744,2964.09,135.838,4195.743,289.386,607.344,1568.407,3062.152,4320.564,8.2,6.304,12.687,1.175,0.478,2.308,10.105,-11.823,4.767,-6.08,-6.43,2.453,-4.487,5.129,12.208,-1.134,-1.905,18.135,3.433,12.384,14.63,3.851,0.551,44.424,42.279,43.561,42.556,26.469,0.022,low,0.582,0.517,0.457,0.425,-237.359,627.1,751.417,625.194,0.376,1.036,0.118,Bo-Tense,0.362934362934363,6006555347578699882
Bo_F3,3,F,Bo,Village 1,F3_ku_31_01,373.768,690.05,316.282,5,u_31,Vowel,u,Tense,Oral,31.0,2.0,Mid,31,Unaspirated,Oral,200.916,148.802,211.239,204.767,440.383,153.498,1082.233,153.429,3423.583,483.274,4554.256,725.915,544.369,1088.817,3279.527,5018.049,17.636,15.032,21.525,2.578,11.896,12.184,21.284,0.16,15.652,3.145,-14.669,11.586,-3.89,12.455,9.629,-9.606,-3.649,14.92,1.984,11.887,32.305,3.447,4.778,32.708,30.968,36.341,37.387,21.583,0.0,low,0.573,0.519,0.605,0.453,-476.25,533.107,1278.16,530.8,0.952,1.244,0.314,Bo-Tense,0.765273311897106,6130303678730694022
Bo_F3,3,F,Bo,Village 1,F3_li33_02,637.92,886.759,248.839,5,i33,Vowel,i,Lax,Oral,33.0,1.0,Mid,33,Unaspirated,Oral,205.774,205.92,208.354,206.217,405.183,39.868,2536.304,1275.755,2733.468,250.693,3336.496,139.773,409.774,2702.811,3308.604,4786.577,16.106,13.459,20.298,1.933,-3.709,5.147,20.297,1.338,-2.795,0.42,-2.665,-15.299,-4.192,11.526,24.007,-3.214,-4.191,12.121,18.901,13.039,18.771,28.758,2.083,37.446,48.892,49.517,43.034,22.844,0.652,mid,0.508,0.454,0.508,0.321,-307.606,762.54,896.353,760.969,0.382,0.86,0.167,Bo-Lax,0.444186046511628,7317232666167464744
Bo_F3,3,F,Bo,Village 2,F3_lu_21_01,287.821,416.685,128.864,5,u_21,Vowel,u,Tense,Oral,21.0,2.0,Low,21,Unaspirated,Oral,275.018,274.757,274.928,275.379,509.853,171.474,1284.509,229.75,2989.148,112.606,4253.82,209.829,743.687,1134.125,3027.938,4302.41,14.662,11.393,16.731,-0.286,5.679,6.002,16.73,-4.451,3.117,-8.938,0.026,15.074,-2.069,11.679,11.052,-6.288,-2.068,15.865,11.545,20.331,14.636,-3.681,1.543,45.961,46.899,48.634,46.405,27.62,0.0,low,0.58,0.55,0.461,0.454,-396.526,352.877,918.914,351.234,0.256,0.761,0.142,Bo-Tense,0.336399474375821,-5166573560274767596
Bo_F3,3,F,Bo,Village 2,F3_lu_21_02,468.861,553.75,84.889,5,u_21,Vowel,u,Tense,Oral,21.0,2.0,Low,21,Unaspirated,Oral,268.025,268.082,269.15,268.538,532.009,31.399,2045.639,461.227,3032.767,252.605,4285.04,159.265,554.237,2265.043,3071.961,4296.087,14.044,11.367,23.446,2.848,1.171,7.862,23.445,2.744,1.5,-3.664,3.759,8.226,-9.402,8.519,22.275,-5.013,-9.402,8.626,12.544,15.03,10.285,3.141,4.618,52.731,60.053,61.209,59.022,28.95,0.0,low,0.546,0.515,0.634,0.359,-384.949,511.973,745.032,510.639,0.308,1.143,0.272,Bo-Tense,0.269466316710411,4439429170913732981
Bo_F3,3,F,Bo,Village 2,F3_lu31_02,373.858,824.588,450.73,5,u31,Vowel,u,Lax,Oral,31.0,2.0,Mid,31,Unaspirated,Oral,225.751,225.359,227.482,226.866,468.863,310.958,2074.748,765.203,2927.849,158.546,4056.24,306.136,633.3,2264.868,3643.468,4201.035,10.531,8.097,9.668,-9.586,-2.604,4.292,9.658,-10.865,-16.189,-19.27,-13.638,-10.995,0.862,17.683,12.272,-13.878,0.873,18.963,26.72,27.367,24.168,19.092,0.358,51.144,53.627,55.799,54.083,26.409,0.0,low,0.503,0.437,0.414,0.287,-192.459,599.093,540.88,597.821,0.488,0.575,0.147,Bo-Lax,0.848695652173913,-7012189698096769081
Bo_F3,3,F,Bo,Village 2,F3_me_33_01,323.577,445.214,121.637,5,e_33,Vowel,e,Tense,Oral,33.0,1.0,Mid,33,Unaspirated,Nasal,384.693,384.595,380.767,385.022,760.867,113.837,2054.009,264.845,3098.209,244.014,3689.826,854.592,823.427,2116.477,3206.321,5042.073,10.516,7.645,18.039,-3.926,0.446,2.641,18.039,-4.113,5.652,-4.615,3.558,3.602,-7.523,11.571,17.592,-6.567,-7.523,11.769,4.864,12.26,6.958,4.043,2.375,39.212,30.342,30.872,31.444,26.18,0.011,mid,0.548,0.529,0.569,0.364,-246.893,384.47,383.273,383.528,0.334,0.564,0.407,Bo-Tense,0.592198581560284,-5532585368457544500
Bo_F3,3,F,Bo,Village 2,F3_me_33_02,633.044,724.974,91.9300000000001,5,e_33,Vowel,e,Tense,Oral,33.0,1.0,Mid,33,Unaspirated,Nasal,393.007,392.978,385.899,392.546,779.523,136.479,2043.226,325.925,3117.955,308.468,3587.602,686.714,842.383,2194.951,3279.197,4859.751,11.892,9.028,18.082,-4.235,0.699,1.8,18.082,-4.283,6.531,-4.621,3.427,3.353,-6.19,13.262,17.383,-6.034,-6.19,13.324,5.361,13.649,8.464,5.675,2.604,41.536,34.513,35.477,34.8,26.685,0.008,mid,0.495,0.498,0.292,0.331,-328.722,679.246,437.551,678.404,0.322,0.656,0.5,Bo-Tense,0.490853658536585,-2583778858520167733
Bo_F3,3,F,Bo,Village 2,F3_me=_33_01,277.117,661.608,384.491,5,e=_33,Vowel,e,Tense,Oral,33.0,1.0,Mid,33,Unaspirated,Nasal,321.773,321.79,321.508,323.473,367.096,80.709,1666.49,208.273,3224.037,33.162,4435.121,249.031,407.838,1662.487,3219.583,4651.743,21.15,9.665,10.556,15.38,-0.341,11.009,21.059,5.704,5.402,3.405,-1.154,19.742,10.594,-5.715,10.897,4.372,0.091,3.968,15.747,6.26,22.304,-10.077,3.268,41.779,44.297,45.557,46.549,26.37,0.0,mid,0.617,0.477,0.139,0.428,-329.512,469.167,808.617,469.502,0.246,0.275,0.117,Bo-Tense,0.894545454545454,3022228461136867023
Bo_F3,3,F,Bo,Village 2,F3_me=_33_02,266.938,609.951,343.013,5,e=_33,Vowel,e,Tense,Oral,33.0,1.0,Mid,33,Unaspirated,Nasal,320.193,320.215,320.781,320.653,383.302,107.362,1518.948,252.142,3216.275,65.475,4293.544,513.372,442.001,1659.832,3229.608,4638.373,19.311,9.163,9.967,13.442,-1.02,7.818,18.663,2.466,2.79,-0.77,-4.243,17.051,9.344,-4.279,10.987,5.624,0.648,6.707,16.521,9.934,23.553,-7.887,2.12,44.169,45.198,45.634,45.985,24.536,0.005,mid,0.612,0.52,0.331,0.413,-301.669,438.185,734.972,437.919,0.304,0.687,0.149,Bo-Tense,0.442503639010189,1999295838570719054
Bo_F3,3,F,Bo,Village 2,F3_me=31_01,371.406,804.284,432.878,5,e=31,Vowel,e,Lax,Oral,31.0,2.0,Mid,31,Unaspirated,Nasal,234.102,233.838,235.478,234.924,290.799,180.029,1671.087,363.817,2608.539,692.772,4337.213,539.73,725.034,2039.795,3217.479,4353.539,15.62,7.387,4.705,8.479,-6.691,9.487,14.149,1.733,-2.84,-1.229,-11.051,-0.181,10.916,-1.092,11.396,-1.008,1.471,5.655,18.46,8.617,26.671,7.568,0.643,46.558,51.31,49.218,48.587,23.731,0.0,low,0.526,0.456,0.515,0.326,-162.983,587.407,433.27,586.012,0.389,1.038,0.176,Bo-Lax,0.3747591522158,-5613617503720711470
Bo_F3,3,F,Bo,Village 2,F3_me=31_02,251.153,675.362,424.209,5,e=31,Vowel,e,Lax,Oral,31.0,2.0,Mid,31,Unaspirated,Nasal,229.376,229.188,231.1,230.741,278.57,155.289,1733.742,410.135,3134.077,577.901,4410.291,613.825,634.265,1981.751,3248.92,4486.916,15.978,7.701,6.276,10.339,-6.468,10.141,14.756,2.755,-2.201,0.104,-16.349,4.968,9.702,-2.638,12.744,0.198,1.223,4.947,18.179,7.596,32.328,2.733,0.713,49.362,51.614,49.342,48.503,23.761,0.0,low,0.552,0.429,0.459,0.293,-150.032,462.506,401.813,461.224,0.425,0.758,0.16,Bo-Lax,0.560686015831135,5500439043032554858
Bo_F3,3,F,Bo,Village 2,F3_me=33_02,259.12,673.296,414.176,5,e=33,Vowel,e,Lax,Oral,33.0,1.0,Mid,33,Unaspirated,Nasal,286.327,286.193,286.196,287.28,324.63,102.609,2137.194,560.042,3191.626,194.311,4329.342,132.44,426.464,1714.701,2998.624,4271.257,20.75,10.127,11.58,17.288,-5.099,12.729,20.646,6.998,-7.059,-2.242,-10.13,3.873,9.17,-7.161,16.68,4.559,0.104,3.13,27.809,12.369,30.88,6.254,2.647,48.941,55.013,53.122,51.965,25.103,0.0,mid,0.592,0.481,0.296,0.406,-173.842,466.192,524.79,465.306,0.348,0.425,0.087,Bo-Lax,0.818823529411765,1327056539094972842
Bo_F3,3,F,Bo,Village 2,F3_nga33no_33_01,207.824,331.081,123.257,5,a33,Vowel,a,Tense,Oral,33.0,1.0,Mid,33,Unaspirated,Nasal,311.859,311.824,311.954,312.291,942.749,137.156,1836.954,243.249,3157.245,281.998,4384.766,537.133,1019.007,1654.372,3139.243,4716.041,13.739,12.461,12.254,6.141,19.999,11.891,23.604,-2.735,12.065,-6.377,-5.01,-5.871,1.485,6.321,-7.745,-5.75,-9.865,15.23,1.674,18.839,18.748,18.332,9.813,36.737,26.635,27.837,30.763,26.254,0.002,mid,0.545,0.477,0.479,0.28,-244.666,269.158,482.243,268.196,0.366,0.833,0.238,Bo-Tense,0.43937575030012,3417414942583153373
Bo_F3,3,F,Bo,Village 2,F3_ni_33_02,298.027,434.585,136.558,5,i_33,Vowel,i,Tense,Oral,33.0,1.0,Mid,33,Unaspirated,Nasal,315.899,315.407,315.072,312.291,322.594,13.936,2526.888,21.535,3398.021,304.221,4324.697,305.679,368.016,2552.715,3482.886,4497.131,24.558,11.708,10.248,18.684,-2.769,17.462,24.558,11.681,7.437,16.466,4.209,16.864,14.31,-6.976,13.017,1.222,0.0,0.028,17.121,-4.758,20.348,-5.156,6.401,51.105,59.209,65.614,62.889,31.169,0.0,mid,0.511,0.445,0.303,0.342,-408.563,365.478,805.719,364.789,0.266,0.378,0.153,Bo-Tense,0.703703703703704,7890311932876634013
Bo_F3,3,F,Bo,Village 2,F3_no33_02,247.844,329.828,81.984,5,o33,Vowel,o,Lax,Oral,33.0,1.0,Mid,33,Unaspirated,Nasal,288.299,288.215,282.913,288.503,553.442,87.091,1192.528,139.69,3260.823,221.587,4251.029,190.164,616.005,1238.94,3352.522,4300.324,14.539,11.415,19.833,-0.461,7.427,2.982,19.833,-1.957,6.611,-7.115,-8.311,10.31,-5.294,11.875,12.406,-3.443,-5.294,13.42,7.928,18.529,22.85,1.104,3.086,44.772,45.866,50.702,51.629,26.212,0.0,mid,0.556,0.523,0.438,0.416,-269.43,288.546,546.37,287.12,0.388,1.068,0.369,Bo-Lax,0.363295880149813,-2790038614992057075
Bo_F3,3,F,Bo,Village 2,F3_nu~33_02,284.982,765.242,480.26,5,u~33,Vowel,u,Lax,Oral,33.0,1.0,Mid,33,Unaspirated,Nasal,294.234,294.176,294.495,296.967,355.442,114.154,1249.368,404.05,3246.305,96.569,4344.388,322.947,443.81,1581.762,3199.565,4363.573,21.206,11.754,12.908,15.386,1.041,2.52,20.014,4.329,1.04,-4.199,-6.84,19.414,8.298,-3.631,11.868,12.866,1.192,7.442,20.166,15.954,28.045,-7.66,3.056,32.719,36.267,38.246,39.004,25.45,0.0,mid,0.504,0.453,0.488,0.253,-294.149,524.331,677.292,523.472,0.383,0.682,0.205,Bo-Lax,0.56158357771261,4961328335235980751
Bo_F3,3,F,Bo,Village 2,F3_nu53_02,203.35,282.935,79.585,5,u53,Vowel,u,Lax,Oral,53.0,2.0,High,53,Unaspirated,Nasal,330.254,331.354,324.478,328.406,354.916,66.43,2167.746,265.325,2985.238,352.441,4308.986,424.87,451.128,2267.714,3094.901,4329.415,18.114,5.691,9.364,15.849,-5.999,11.657,18.105,3.472,-2.448,1.965,-6.365,3.5,8.75,-10.158,15.363,4.192,0.009,2.22,20.562,3.726,24.479,2.191,1.883,50.867,57.356,58.053,56.772,27.669,0.0,high,0.565,0.57,0.456,0.43,-269.914,242.766,476.42,241.466,0.317,0.922,0.344,Bo-Lax,0.343817787418655,7092484042347460430
Bo_F3,3,F,Bo,Village 2,F3_pie_33_01,144.706,664.172,519.466,5,ie_33,Vowel,ie,Tense,Oral,33.0,1.0,Mid,33,Unaspirated,Oral,281.409,281.373,281.618,282.395,669.502,281.818,2149.278,215.459,3276.856,232.798,4346.456,750.049,726.979,2157.212,3298.708,4548.18,11.843,9.733,18.156,3.5,3.466,7.132,17.946,-3.922,6.051,-0.942,1.275,3.881,-6.313,6.232,14.69,-3.632,-6.103,13.66,5.792,10.675,10.568,5.852,2.222,44.833,43.114,39.697,37.666,28.1,0.0,mid,0.555,0.452,0.336,0.325,-259.975,404.122,579.543,403.587,0.417,0.554,0.161,Bo-Tense,0.752707581227437,-8881441075895264765
Bo_F3,3,F,Bo,Village 2,F3_pie33_02,362.255,816.97,454.715,5,ie33,Vowel,ie,Lax,Oral,33.0,1.0,Mid,33,Unaspirated,Oral,273.948,273.724,274.829,275.193,321.095,109.511,2276.093,316.943,3420.265,205.174,4377.927,518.151,410.733,2306.406,3383.327,4442.655,15.394,5.242,5.771,11.383,-8.125,10.114,15.008,1.795,-6.537,-0.342,-6.402,9.971,9.623,-6.141,13.896,1.269,0.386,3.449,21.931,5.584,21.796,-4.729,0.701,53.133,66.131,65.39,62.286,29.739,0.0,mid,0.534,0.472,0.505,0.267,-270.25,589.014,656.004,588.037,0.4,0.61,0.145,Bo-Lax,0.655737704918033,-6714895762859476835
Bo_F3,3,F,Bo,Village 2,F3_sa_31_02,326.257,664.563,338.306,5,a_31,Vowel,a,Tense,Oral,31.0,2.0,Mid,31,Unaspirated,Oral,224.203,224.044,226.703,225.122,884.187,235.872,1349.141,222.888,2913.472,307.719,4326.617,328.213,1096.761,1417.823,3122.158,4537.118,6.054,5.208,8.147,4.435,21.401,-5.55,21.401,-7.949,22.861,-2.318,-2.644,-0.047,-2.093,0.774,-13.254,9.985,-15.347,13.235,-16.807,7.527,8.698,5.256,7.988,43.477,28.766,29.666,30.921,26.912,0.103,low,0.56,0.496,0.459,0.441,-157.676,495.729,431.346,493.757,0.504,0.714,0.156,Bo-Tense,0.705882352941177,-2391627379924150228
Bo_F3,3,F,Bo,Village 2,F3_sa31_01,294.845,829.153,534.308,5,a31,Vowel,a,Lax,Oral,31.0,2.0,Mid,31,Unaspirated,Oral,212.589,212.297,213.712,212.699,737.232,417.61,1183.087,222.654,3149.506,174.304,4036.547,852.326,911.474,1198.852,3205.805,4892.801,8.477,7.445,5.345,0.685,9.784,-6.454,7.847,-19.904,8.413,-15.006,-11.236,0.138,3.132,6.76,-4.439,7.139,0.63,27.461,0.064,22.451,19.713,7.307,0.559,58.792,50.804,51.762,49.634,26.768,0.0,low,0.504,0.433,0.386,0.358,-119.062,561.912,340.27,560.23,0.441,0.786,0.1,Bo-Lax,0.561068702290076,1768467716367567449
Bo_F3,3,F,Bo,Village 2,F3_srii33_02,317.43,455.875,138.445,5,ii33,Vowel,ii,Lax,Oral,33.0,1.0,Mid,33,Unaspirated,Oral,439.302,439.163,434.416,438.589,447.526,22.114,1002.601,148.691,1749.862,24.826,3529.397,99.635,538.517,1704.787,3547.376,5285.605,16.288,-1.512,5.449,3.219,2.262,30.333,16.288,-1.753,2.261,-7.713,2.262,4.947,10.839,-4.731,3.187,-27.114,0.0,0.247,14.027,6.201,14.026,-6.459,1.544,53.449,52.787,54.813,57.905,26.212,0.006,mid,0.559,0.534,0.462,0.322,-389.034,386.205,678.345,385.473,0.323,0.592,0.281,Bo-Lax,0.545608108108108,-2790038614992057075
Bo_F3,3,F,Bo,Village 2,F3_tcjhi_31_01,251.812,736.887,485.075,5,i_31,Vowel,i,Tense,Oral,31.0,2.0,Mid,31,Aspirated,Oral,247.397,246.918,248.727,247.887,421.046,227.068,2328.772,239.759,3459.848,97.805,4333.664,398.624,506.314,2412.091,3483.701,4639.751,13.912,9.893,11.284,4.222,-6.339,5.339,6.795,-11.557,-0.737,0.91,2.768,13.632,2.628,5.671,17.623,-1.118,7.117,21.451,14.649,8.983,11.144,-3.739,0.78,46.095,50.298,49.324,46.262,28.449,0.0,low,0.546,0.478,0.434,0.372,-261.648,494.618,675.163,493.109,0.349,0.79,0.062,Bo-Tense,0.441772151898734,-6167510022416720791
Bo_F3,3,F,Bo,Village 2,F3_tcjhi_31_02,249.695,672.268,422.573,5,i_31,Vowel,i,Tense,Oral,31.0,2.0,Mid,31,Aspirated,Oral,252.188,251.806,254.443,252.392,466.772,180.994,2357.785,236.875,3386.778,190.64,4350.074,362.244,536.563,2428.822,3405.48,4460.926,11.833,8.617,11.441,-1.64,-6.698,2.954,11.134,-8.66,0.079,0.115,2.27,9.384,0.392,10.257,18.138,-4.594,0.699,17.279,11.754,8.502,9.563,-0.767,0.637,55.178,59.261,58.436,54.68,30.075,0.0,low,0.591,0.513,0.552,0.388,-225.375,461.101,637.147,459.561,0.274,1.346,0.117,Bo-Tense,0.203566121842496,7258558490541787368
Bo_F3,3,F,Bo,Village 2,F3_thuu33_01,495.632,896.772,401.14,5,uu33,Vowel,uu,Lax,Oral,33.0,1.0,Mid,33,Aspirated,Oral,312.781,312.938,312.404,312.291,355.519,117.792,1943.968,197.258,2850.358,134.442,4273.007,517.264,443.767,2049.066,2940.337,4284.643,15.794,4.632,6.893,12.289,-10.068,5.995,15.691,0.833,-1.959,-0.244,-3.279,7.025,8.901,-7.657,16.961,6.294,0.103,3.801,17.753,4.876,19.073,-2.393,0.95,53.105,58.25,58.71,56.475,27.433,0.0,mid,0.593,0.514,0.493,0.263,-232.584,695.409,558.891,694.568,0.384,0.411,0.119,Bo-Lax,0.934306569343066,-5999869493074379376
Bo_F3,3,F,Bo,Village 2,F3_va_31_02,292.861,708.399,415.538,5,a_31,Vowel,a,Tense,Oral,31.0,2.0,Mid,31,Unaspirated,Oral,233.213,232.418,235.739,234.239,875.77,189.625,1404.211,138.445,3032.705,114.87,4381.904,401.284,910.64,1394.967,3009.466,4416.928,7.561,6.648,7.307,3.246,22.062,1.719,21.612,-6.83,17.875,-5.741,-1.695,2.364,0.254,3.402,-14.755,1.526,-14.051,13.549,-10.314,12.39,9.256,4.284,6.087,55.383,45.492,49.12,50.091,28.219,0.0,low,0.561,0.496,0.595,0.335,-165.575,500.288,463.406,498.849,0.464,0.751,0.096,Bo-Tense,0.617842876165113,-1460842810082806913
Bo_F3,3,F,Bo,Village 2,F3_vie33_01,471.33,888.263,416.933,5,ie33,Vowel,ie,Lax,Oral,33.0,1.0,Mid,33,Unaspirated,Oral,297.64,297.408,297.298,296.967,310.771,33.783,2376.007,54.966,3258.383,148.724,4314.503,310.459,333.255,2422.349,3327.089,4499.555,20.947,8.693,7.252,15.145,-6.966,12.851,20.947,8.404,5.197,13.212,3.009,15.593,13.695,-6.452,14.219,2.294,0.001,0.29,15.751,-4.519,17.939,-6.9,2.712,47.561,58.064,57.902,53.054,28.247,0.0,mid,0.551,0.433,0.37,0.248,-346.025,678.809,712.01,677.975,0.401,0.639,0.151,Bo-Lax,0.62754303599374,7414566926269409499
Bo_F3,3,F,Bo,Village 2,F3_Xe=_31_02,301.043,684.875,383.832,5,e=_31,Vowel,e,Tense,Oral,31.0,2.0,Mid,31,Unaspirated,Oral,244.983,244.663,248.235,245.708,704.591,74.637,1237.096,54.58,3181.506,97.492,4203.704,116.282,781.07,1248.964,3209.678,4227.034,10.072,8.586,15.699,8.408,9.571,0.297,21.964,-3.912,19.389,-1.256,2.329,14.998,-5.627,0.178,6.127,8.111,-11.892,12.587,-9.317,9.842,7.743,-6.412,4.9,46.918,37.776,42.323,40.856,25.689,0.0,low,0.568,0.493,0.459,0.336,-301.358,492.839,709.103,491.461,0.379,0.742,0.125,Bo-Tense,0.51078167115903,-5170516006611892860
Bo_F3,3,F,Bo,Village 2,F3_zji_33_01,374.597,531.145,156.548,5,i_33,Vowel,i,Tense,Oral,33.0,1.0,Mid,33,Unaspirated,Oral,333.082,331.897,337.008,334.355,355.834,60.264,2321.404,27.264,3596.065,248.093,4317.46,520.937,1396.48,3063.457,4175.283,4492.085,17.474,3.943,4.929,12.331,-4.956,13.609,17.474,3.058,15.464,21.457,4.695,20.77,12.546,-8.388,9.884,-1.278,0.001,0.886,2.01,-17.515,12.779,-16.828,2.421,48.445,51.533,49.658,48.113,27.577,0.0,mid,0.557,0.48,0.255,0.365,-415.395,452.498,815.473,451.935,0.283,0.656,0.212,Bo-Tense,0.43140243902439,5858451097785194138
Bo_M1,1,M,Bo,Village 1,M1_bi_31_01,252.885,481.454,228.569,5,i_31,Vowel,i,Tense,Oral,31.0,2.0,Mid,31,Unaspirated,Oral,135.994,137.545,140.616,279.556,277.058,10.533,2464.977,66.493,3336.828,132.525,4124.367,106.798,1143.221,3121.025,4144.056,4665.514,20.07,17.742,31.129,17.317,8.847,17.433,31.126,17.239,5.492,12.917,6.669,17.859,-11.059,0.425,22.281,-0.116,-11.057,0.503,14.578,4.825,13.401,-0.117,12.828,20.545,35.029,35.376,30.584,22.254,0.231,low,0.542,0.491,0.564,0.519,-363.108,369.261,863.341,365.462,0.834,2.407,0.346,Bo-Tense,0.34648940589946,-5622648374376225157
Bo_M1,1,M,Bo,Village 1,M1_bi_31_02,155.011,410.687,255.676,5,i_31,Vowel,i,Tense,Oral,31.0,2.0,Mid,31,Unaspirated,Oral,153.648,152.729,158.336,155.167,300.589,24.324,2571.835,97.055,3396.533,167.503,4148.29,347.309,306.187,2743.306,3835.604,5393.644,23.871,21.255,27.557,13.116,2.686,12.209,27.555,12.542,3.403,10.546,0.393,9.901,-3.685,8.139,24.871,0.907,-3.683,8.714,20.469,10.709,23.478,11.354,9.412,10.455,25.908,29.175,26.745,20.036,0.673,low,0.546,0.51,0.555,0.504,-436.017,284.84,922.341,281.514,1.071,2.2,0.488,Bo-Tense,0.486818181818182,-4596648729058121584
Bo_M1,1,M,Bo,Village 1,M1_bi31_01,246.598,580.661,334.063,5,i31,Vowel,i,Lax,Oral,31.0,2.0,Mid,31,Unaspirated,Oral,131.161,131.178,134.384,132.941,306.877,65.147,2248.413,168.374,3103.981,144.053,4198.197,349.312,1594.622,3252.471,3849.381,5332.144,23.637,21.813,27.537,16.448,7.373,13.031,26.581,11.004,4.46,8.435,5.87,14.551,-3.9,5.366,20.163,3.416,-2.944,10.81,19.177,13.379,17.767,7.263,8.077,12.664,28.739,28.479,25.67,21.154,0.209,low,0.534,0.424,0.415,0.4,-529.372,415.445,1025.32,412.367,1.446,2.888,0.501,Bo-Lax,0.500692520775623,-413990208198762453
Bo_M1,1,M,Bo,Village 1,M1_bi31_02,342.992,651.62,308.628,5,i31,Vowel,i,Lax,Oral,31.0,2.0,Mid,31,Unaspirated,Oral,124.05,123.899,126.857,125.773,302.187,84.744,2234.174,177.802,3022.732,96.747,4213.997,305.002,2135.102,3334.748,4198.308,4926.134,21.348,19.614,25.357,15.154,4.288,9.375,22.493,7.341,1.674,5.717,5.338,13.387,-4.009,4.46,21.069,5.779,-1.145,12.274,19.674,13.897,16.01,6.227,4.863,23.99,36.787,34.586,30.463,23.389,0.028,low,0.508,0.432,0.442,0.417,-557.098,499.346,1236.921,495.956,1.614,2.905,0.556,Bo-Lax,0.555593803786575,3419903445521748602
Bo_M1,1,M,Bo,Village 1,M1_bu_33_01,321.816,651.8,329.984,5,u_33,Vowel,u,Tense,Oral,33.0,1.0,Mid,33,Unaspirated,Oral,166.619,166.697,170.144,168.304,340.26,86.346,805.617,243.33,2823.92,732.915,3739.774,313.511,584.089,2465.084,3835.584,4399.109,5.161,2.395,13.984,-4.192,4.411,3.089,13.982,-4.324,-0.004,-12.062,-22.145,5.629,-8.823,6.587,9.572,-7.281,-8.821,6.755,5.165,14.457,27.306,-3.234,0.353,36.559,40.922,43.604,43.779,21.416,0.471,mid,0.562,0.53,0.604,0.538,-493.236,488.75,1213.298,485.517,0.619,2.113,0.293,Bo-Tense,0.292948414576432,-7696817663839351547
Bo_M1,1,M,Bo,Village 1,M1_bu_33_02,302.767,583.645,280.878,5,u_33,Vowel,u,Tense,Oral,33.0,1.0,Mid,33,Unaspirated,Oral,141.252,140.682,143.812,141.682,350.129,154.472,764.996,539.022,2844.557,96.458,3708.127,198.366,676.732,2872.318,3870.643,5325.756,22.555,20.62,28.714,17.723,20.31,18.174,24.749,5.494,16.689,3.281,0.887,29.002,-6.159,2.896,8.404,-0.45,-2.194,15.166,5.866,17.339,21.668,-8.383,13.89,25.318,28.538,32.156,30.539,23.878,0.889,mid,0.565,0.51,0.581,0.535,-430.782,445.125,1162.386,441.321,0.9,2.725,0.33,Bo-Tense,0.330275229357798,7028107950642375000
Bo_M1,1,M,Bo,Village 1,M1_bu33_01,245.058,608.355,363.297,5,u33,Vowel,u,Lax,Oral,33.0,1.0,Mid,33,Unaspirated,Oral,157.831,157.728,157.933,156.351,317.818,102.701,771.724,159.389,2843.011,150.989,3735.282,319.601,639.4,2936.985,4101.845,4734.461,17.515,14.725,21.105,4.143,8.066,8.053,21.103,4.116,13.667,2.489,-5.268,24.717,-3.59,10.582,13.039,-3.91,-3.589,10.643,3.848,12.236,22.783,-9.992,2.884,36.333,40.064,41.505,39.654,23.195,0.0,mid,0.534,0.472,0.494,0.432,-809.953,427.981,1608.463,425.239,1.181,2.323,0.509,Bo-Lax,0.508394317692639,1652663058044480313
Bo_M1,1,M,Bo,Village 1,M1_bu33_02,226.288,538.616,312.328,5,u33,Vowel,u,Lax,Oral,33.0,1.0,Mid,33,Unaspirated,Oral,133.774,133.998,133.207,133.793,325.158,90.456,859.936,231.517,2749.392,365.043,3645.909,181.761,679.07,2800.182,3702.74,5428.814,12.668,10.851,16.435,6.201,3.834,4.451,11.89,-5.688,4.663,-6.108,-9.184,16.89,-3.767,4.65,12.601,1.75,0.778,16.556,8.005,16.96,21.853,-6.038,1.02,28.876,36.247,39.663,39.884,24.61,0.0,mid,0.551,0.467,0.479,0.439,-656.421,384.044,1400.387,380.768,1.51,2.849,0.53,Bo-Lax,0.53001053001053,4530602242417275910
Bo_M1,1,M,Bo,Village 1,M1_cji_31_01,392.301,602.094,209.793,5,i_31,Vowel,i,Tense,Oral,31.0,2.0,Mid,31,Unaspirated,Oral,158.925,158.495,167.491,161.949,320.995,37.649,2145.65,91.411,3087.532,93.931,4529.788,397.018,1454.374,2815.464,4463.408,5631.831,17.843,15.253,25.117,9.726,3.954,12.85,25.116,9.107,2.651,4.838,2.25,12.674,-7.273,5.527,21.162,-3.124,-7.272,6.146,15.192,10.415,15.593,2.579,4.664,17.162,27.004,27.178,25.902,19.481,0.503,low,0.574,0.536,0.611,0.535,-354.201,498.547,893.92,495.126,0.708,2.297,0.312,Bo-Tense,0.30822812363953,9107771446440494270
Bo_M1,1,M,Bo,Village 1,M1_cji_31_02,306.802,514.649,207.847,5,i_31,Vowel,i,Tense,Oral,31.0,2.0,Mid,31,Unaspirated,Oral,140.277,139.639,144.098,141.926,327.184,70.383,1964.418,61.82,2965.873,54.882,4417.473,142.049,1755.051,2935.151,4522.517,4690.638,19.69,17.808,27.827,16.085,13.499,19.084,27.312,10.737,7.146,7.34,6.992,17.237,-8.137,1.723,14.328,-2.999,-7.622,7.071,12.544,10.468,12.698,0.571,7.386,19.429,32.349,31.689,29.224,23.056,0.614,low,0.526,0.483,0.541,0.491,-405.255,413.231,830.018,409.664,0.972,2.323,0.417,Bo-Tense,0.418424451140766,-6760662815823435003
Bo_M1,1,M,Bo,Village 1,M1_cji31_01,429.54,721.067,291.527,5,i31,Vowel,i,Lax,Oral,31.0,2.0,Mid,31,Unaspirated,Oral,125.698,125.782,127.522,126.456,286.936,49.002,2098.36,87.0,3004.528,84.772,4443.583,244.807,1974.179,2983.485,4478.204,4746.943,17.835,15.982,23.714,12.572,0.978,6.901,23.517,8.848,5.002,8.294,7.21,17.807,-5.879,3.41,22.736,5.67,-5.682,7.134,12.833,7.688,10.625,-1.825,3.463,15.59,26.93,25.359,22.978,18.277,0.0,low,0.545,0.443,0.433,0.41,-587.98,576.882,1074.845,573.611,1.437,3.03,0.476,Bo-Lax,0.474257425742574,-7412063722130743138
Bo_M1,1,M,Bo,Village 1,M1_cji31_02,338.293,647.926,309.633,5,i31,Vowel,i,Lax,Oral,31.0,2.0,Mid,31,Unaspirated,Oral,124.802,124.169,125.678,125.078,313.863,65.234,1990.237,74.123,3071.741,129.872,4325.636,279.302,1937.801,3216.875,4940.493,4734.862,17.323,15.799,24.611,16.117,5.641,8.946,15.599,-0.697,9.673,10.486,3.444,14.858,-7.289,-0.318,18.97,7.17,1.724,16.496,7.649,5.313,13.879,0.941,4.345,23.104,35.784,34.244,31.435,23.543,0.0,low,0.546,0.459,0.471,0.442,-621.807,494.9,1097.752,491.329,1.572,2.935,0.536,Bo-Lax,0.535604770017036,4005959864744671026
Bo_M1,1,M,Bo,Village 1,M1_de_33_01,394.002,726.756,332.754,5,e_33,Vowel,e,Tense,Oral,33.0,1.0,Mid,33,Unaspirated,Oral,161.659,161.927,164.029,197.274,637.042,37.403,1868.015,134.569,2716.173,383.65,4066.135,328.055,644.447,1991.54,3406.824,4189.475,19.471,18.804,24.85,21.889,34.975,13.141,34.933,10.448,15.244,2.822,4.857,0.093,-5.38,-3.085,-10.124,8.748,-15.462,8.359,4.226,15.982,14.613,18.711,58.488,39.545,38.114,35.176,33.679,26.32,0.524,mid,0.59,0.548,0.63,0.572,-417.228,561.657,1102.031,558.106,0.634,2.545,0.249,Bo-Tense,0.249115913555992,3044696325918047138
Bo_M1,1,M,Bo,Village 1,M1_de_33_02,269.889,602.26,332.371,5,e_33,Vowel,e,Tense,Oral,33.0,1.0,Mid,33,Unaspirated,Oral,140.883,141.945,145.369,213.362,579.376,44.88,1885.292,67.184,2794.622,232.12,4081.757,107.112,613.787,2019.999,3141.699,4124.376,16.95,16.357,21.382,18.775,32.933,9.973,32.932,8.774,18.574,7.466,8.711,6.736,-4.432,-2.418,-11.551,8.803,-15.982,7.585,-1.624,8.891,8.24,9.621,22.415,29.026,28.566,25.128,23.067,25.082,0.44,mid,0.54,0.479,0.564,0.523,-371.977,437.98,973.781,434.266,0.846,2.621,0.323,Bo-Tense,0.322777565814575,989084721287359267
Bo_M1,1,M,Bo,Village 1,M1_de33_01,222.219,622.445,400.226,5,e33,Vowel,e,Lax,Oral,33.0,1.0,Mid,33,Unaspirated,Oral,149.426,149.136,150.196,149.909,495.757,85.546,1966.626,126.74,2916.307,197.764,3889.488,279.929,518.346,2055.15,3046.327,4054.061,25.213,24.322,26.268,22.085,27.335,20.003,31.39,8.629,16.744,9.566,11.73,13.657,-1.056,2.237,-1.067,2.082,-6.177,15.695,8.469,14.756,13.483,10.666,27.484,36.9,39.457,35.529,31.97,28.327,0.0,mid,0.504,0.456,0.486,0.421,-899.884,423.722,1925.845,420.902,1.227,2.496,0.492,Bo-Lax,0.491586538461538,-385703956544222467
Bo_M1,1,M,Bo,Village 1,M1_de33_02,226.553,588.614,362.061,5,e33,Vowel,e,Lax,Oral,33.0,1.0,Mid,33,Unaspirated,Oral,137.02,136.852,138.454,137.634,484.911,105.361,1928.877,87.084,2810.09,198.654,3864.31,176.596,500.597,2016.13,2955.53,3927.35,22.013,21.217,23.643,19.979,25.105,14.604,25.208,2.405,18.617,11.456,11.458,12.384,-1.63,1.238,-1.463,5.375,-3.195,18.813,3.395,9.761,10.554,8.833,12.18,34.239,39.571,35.821,31.97,29.146,0.0,mid,0.524,0.457,0.486,0.418,-745.455,409.104,1766.998,406.045,1.256,2.896,0.434,Bo-Lax,0.433701657458564,159805477265294923
Bo_M1,1,M,Bo,Village 1,M1_dle_33_01,254.642,583.198,328.556,5,e_33,Vowel,e,Tense,Oral,33.0,1.0,Mid,33,Unaspirated,Oral,141.687,142.093,144.633,288.856,570.968,26.521,1941.348,113.595,2784.817,214.901,3794.444,221.451,590.422,2085.219,2887.399,3829.297,16.875,16.263,21.41,18.705,33.199,9.655,33.198,9.24,17.139,6.891,16.454,13.193,-4.535,-2.442,-11.79,9.05,-16.323,7.025,-0.263,9.372,0.421,3.07,25.175,35.481,35.684,30.797,25.861,26.99,0.341,mid,0.544,0.475,0.552,0.517,-364.825,421.304,925.389,417.64,0.994,2.619,0.379,Bo-Tense,0.379534173348606,-4458559519133245329
Bo_M1,1,M,Bo,Village 1,M1_dle_33_02,407.085,744.829,337.744,5,e_33,Vowel,e,Tense,Oral,33.0,1.0,Mid,33,Unaspirated,Oral,155.152,154.898,157.685,191.808,609.942,25.368,1938.003,161.093,2830.232,241.869,3873.706,163.965,627.205,2120.122,2932.331,3922.85,11.084,10.429,16.169,13.259,26.004,4.174,26.001,1.782,10.814,-0.43,7.521,4.649,-5.085,-2.83,-9.835,9.085,-14.917,8.649,0.27,10.859,3.563,5.78,6.956,43.39,43.412,39.949,35.678,27.29,0.51,mid,0.571,0.507,0.578,0.542,-366.633,578.067,915.093,574.559,0.936,2.395,0.391,Bo-Tense,0.390814196242171,7553646967181101015
Bo_M1,1,M,Bo,Village 1,M1_dle33_01,266.161,635.854,369.693,5,e33,Vowel,e,Lax,Oral,33.0,1.0,Mid,33,Unaspirated,Oral,159.203,159.229,159.956,159.636,489.488,65.542,1809.21,220.545,2626.36,503.126,3861.29,293.197,519.417,2031.002,2876.033,3931.312,27.854,26.804,28.585,23.489,25.199,21.067,34.947,12.422,15.674,7.54,13.14,12.326,-0.731,3.316,3.386,2.422,-7.093,14.383,12.181,19.264,14.714,14.478,50.226,38.229,40.919,35.437,32.023,26.222,0.0,mid,0.495,0.431,0.443,0.39,-1065.833,452.346,1722.341,449.889,1.393,1.947,0.715,Bo-Lax,0.715459681561377,-1971529462994012456
Bo_M1,1,M,Bo,Village 1,M1_dle33_02,308.479,649.522,341.043,5,e33,Vowel,e,Lax,Oral,33.0,1.0,Mid,33,Unaspirated,Oral,131.668,131.719,132.471,132.339,480.124,111.746,1864.98,96.649,2720.911,181.513,3663.486,336.817,477.464,2028.68,2986.864,3842.607,22.026,21.254,22.831,19.284,23.544,11.802,23.646,0.98,13.896,6.417,8.245,8.998,-0.804,1.969,-0.713,7.482,-1.619,20.275,8.13,14.836,13.781,12.255,8.565,33.775,42.247,38.447,34.593,28.582,0.0,mid,0.496,0.433,0.458,0.409,-748.885,480.704,1649.65,477.595,1.607,2.765,0.581,Bo-Lax,0.58119349005425,8378199632548195008
Bo_M1,1,M,Bo,Village 1,M1_dze_33_01,486.037,777.082,291.045,5,e_33,Vowel,e,Tense,Oral,33.0,1.0,Mid,33,Unaspirated,Oral,129.796,130.204,128.944,129.374,701.136,86.259,1914.837,107.154,2849.313,185.98,3754.31,970.885,713.269,1968.132,2939.437,4053.015,14.813,14.469,13.257,11.812,10.616,3.082,21.679,-4.531,12.103,-2.721,5.405,0.069,1.556,2.657,2.641,8.73,-6.866,19.003,2.71,17.19,9.408,14.4,3.174,36.773,35.702,32.903,29.999,25.944,0.0,mid,0.493,0.422,0.44,0.393,-581.273,632.883,1312.86,629.865,1.366,2.696,0.508,Bo-Tense,0.506676557863502,-2195607614993111954
Bo_M1,1,M,Bo,Village 1,M1_dze_33_02,270.625,523.031,252.406,5,e_33,Vowel,e,Tense,Oral,33.0,1.0,Mid,33,Unaspirated,Oral,129.336,129.556,128.804,129.187,662.251,67.209,1829.876,185.132,2833.926,217.581,4038.07,714.888,692.179,1998.778,2933.614,4263.303,14.512,14.131,13.945,12.338,11.854,3.084,21.976,-3.821,9.051,-5.593,4.117,1.079,0.566,1.794,2.091,9.253,-7.465,17.956,5.461,19.725,10.395,13.053,2.558,39.793,39.818,38.289,36.029,28.403,0.0,mid,0.512,0.426,0.452,0.402,-485.312,397.849,1306.439,394.744,1.482,2.872,0.516,Bo-Tense,0.516016713091922,-5601382128130032574
Bo_M1,1,M,Bo,Village 1,M1_dze33_01,147.481,396.584,249.103,5,e33,Vowel,e,Lax,Oral,33.0,1.0,Mid,33,Unaspirated,Oral,161.268,161.198,164.236,162.377,689.415,82.347,1925.743,112.486,2822.275,134.971,3832.755,259.429,723.953,2087.378,3163.77,4177.095,20.858,20.279,24.094,21.567,34.889,14.091,34.887,9.697,20.443,6.868,13.667,8.888,-3.236,-1.288,-10.795,7.476,-14.029,10.585,0.415,13.41,7.191,11.39,46.913,36.649,32.174,29.652,27.395,27.379,0.704,mid,0.554,0.507,0.575,0.515,-375.064,273.802,1019.341,270.597,0.68,2.353,0.289,Bo-Lax,0.28899277518062,-201310535259564342
Bo_M1,1,M,Bo,Village 1,M1_dze33_02,237.335,507.797,270.462,5,e33,Vowel,e,Lax,Oral,33.0,1.0,Mid,33,Unaspirated,Oral,142.723,142.697,145.434,143.826,694.213,77.106,1898.552,86.22,2785.811,121.875,3829.961,677.065,700.408,1933.489,2869.515,4154.342,19.605,19.152,22.91,20.972,28.762,16.83,30.829,5.195,20.261,6.168,10.93,5.552,-3.305,-1.82,-5.851,4.142,-11.223,13.96,-0.655,12.984,8.675,13.6,25.495,32.742,29.5,26.528,24.233,25.501,0.062,mid,0.564,0.495,0.553,0.517,-373.962,374.531,1006.274,370.898,0.96,2.72,0.353,Bo-Lax,0.352941176470588,-6196115499764587088
Bo_M1,1,M,Bo,Village 1,M1_dzro31_01,200.13,560.072,359.942,5,o31,Vowel,o,Lax,Oral,31.0,2.0,Mid,31,Unaspirated,Oral,157.536,157.211,158.933,157.613,423.71,87.438,817.443,272.451,2856.407,129.41,3570.397,202.732,555.628,2920.871,3632.861,5121.938,17.71,15.946,25.707,16.251,17.658,11.61,23.837,1.371,11.792,-4.651,-4.45,20.555,-7.997,-0.304,8.049,4.64,-6.127,14.638,5.918,20.597,22.16,-4.608,8.928,41.714,46.783,52.84,49.784,26.877,0.295,low,0.566,0.512,0.575,0.531,-551.46,382.171,1244.904,378.787,0.891,2.365,0.377,Bo-Lax,0.376744186046512,-6681940090043227717
Bo_M1,1,M,Bo,Village 1,M1_dzro31_02,348.068,640.633,292.565,5,o31,Vowel,o,Lax,Oral,31.0,2.0,Mid,31,Unaspirated,Oral,142.459,142.125,145.187,143.617,418.565,50.138,830.165,75.385,2785.182,97.051,3602.663,329.086,621.195,2813.583,3595.991,,16.801,15.409,22.593,15.723,16.279,10.0,26.436,3.608,13.896,-2.506,-7.02,15.766,-5.792,-0.315,6.314,5.723,-9.635,11.845,2.905,17.915,23.821,-0.357,7.614,29.942,37.602,43.013,39.882,22.931,0.0,low,0.546,0.467,0.523,0.488,-489.883,496.327,1105.967,492.878,1.29,2.632,0.491,Bo-Lax,0.490121580547112,-6817980953381679670
Bo_M1,1,M,Bo,Village 1,M1_dzu_31_01,268.525,523.995,255.47,5,u_31,Vowel,u,Tense,Oral,31.0,2.0,Mid,31,Unaspirated,Oral,152.479,151.769,155.475,153.352,347.445,72.389,1137.787,439.782,2839.808,233.057,3796.402,443.149,665.302,2153.93,3745.511,4126.313,23.136,21.032,30.879,17.443,17.991,21.587,30.624,12.675,16.175,7.443,-1.739,19.713,-7.743,3.588,12.888,-4.144,-7.488,8.364,6.96,13.588,24.875,1.319,19.944,21.831,24.526,29.13,29.497,22.358,0.841,low,0.582,0.551,0.611,0.552,-449.937,398.743,1009.52,395.091,0.774,2.331,0.333,Bo-Tense,0.332046332046332,2874049311378138558
Bo_M1,1,M,Bo,Village 1,M1_dzu_31_02,186.808,360.742,173.934,5,u_31,Vowel,u,Tense,Oral,31.0,2.0,Mid,31,Unaspirated,Oral,145.749,145.193,148.053,146.919,310.353,62.498,834.762,416.341,2836.948,158.453,3647.89,370.646,587.737,2898.523,3923.596,4836.759,20.443,18.019,27.648,12.235,13.169,16.091,27.646,11.142,8.641,-0.946,-2.982,24.841,-7.205,5.784,14.478,-3.856,-7.203,6.895,11.801,18.965,23.424,-6.821,8.106,23.106,28.482,32.233,32.36,23.395,0.722,low,0.569,0.526,0.59,0.544,-395.486,275.806,895.252,272.056,0.876,2.387,0.367,Bo-Tense,0.366987850858819,-7909241759144791042
Bo_M1,1,M,Bo,Village 1,M1_dzu31_01,433.972,700.019,266.047,5,u31,Vowel,u,Lax,Oral,31.0,2.0,Mid,31,Unaspirated,Oral,135.447,135.152,138.361,136.223,401.148,189.283,923.35,427.542,2795.64,132.827,3573.065,186.837,714.167,2804.891,3624.883,4560.304,24.82,23.339,27.249,19.481,23.807,21.019,24.854,4.445,15.891,2.894,1.616,24.467,-2.428,3.858,3.441,-1.538,-0.034,18.915,8.93,20.445,23.204,-1.128,15.056,15.022,19.818,25.424,25.35,22.777,0.274,low,0.552,0.462,0.485,0.456,-568.591,568.911,1062.126,565.527,1.445,2.569,0.563,Bo-Lax,0.562475671467497,-8419872944211405307
Bo_M1,1,M,Bo,Village 1,M1_dzu31_02,378.058,610.925,232.867,5,u31,Vowel,u,Lax,Oral,31.0,2.0,Mid,31,Unaspirated,Oral,127.923,127.352,130.119,128.853,408.278,183.115,1053.111,140.911,2842.888,127.968,3641.724,162.315,882.303,2841.907,3658.686,,22.079,20.942,24.894,19.368,21.82,16.708,24.15,2.949,15.407,2.959,-0.402,19.171,-2.815,1.574,3.074,2.66,-2.071,18.005,6.672,17.982,22.481,1.771,8.388,18.415,24.177,29.827,28.74,23.884,0.0,low,0.532,0.438,0.445,0.427,-623.188,496.035,1121.941,492.669,1.486,2.793,0.532,Bo-Lax,0.532044396706051,-7923675826308458250
Bo_M1,1,M,Bo,Village 1,M1_hlo33_01,243.899,580.234,336.335,5,o33,Vowel,o,Lax,Oral,33.0,1.0,Mid,33,Unaspirated,Oral,142.742,142.77,143.041,142.989,483.324,96.359,842.802,186.887,2764.31,131.437,3616.862,314.905,629.275,2855.717,3760.532,5534.747,14.31,13.231,18.258,13.303,21.822,9.144,22.383,-3.069,12.198,-7.631,-8.663,11.174,-3.948,-0.072,-3.564,4.159,-8.073,16.366,2.112,20.862,22.974,2.057,4.431,45.732,50.006,57.642,55.942,29.154,0.831,mid,0.546,0.427,0.455,0.395,-129.766,413.167,354.594,410.399,1.566,2.556,0.619,Bo-Lax,0.612676056338028,-1738461550024945118
Bo_M1,1,M,Bo,Village 1,M1_hlu_33_01,356.368,694.005,337.637,5,u_33,Vowel,u,Tense,Oral,33.0,1.0,Mid,33,Unaspirated,Oral,150.906,151.736,148.518,150.643,366.275,146.719,732.464,202.205,2822.96,336.711,3801.158,599.127,610.069,1410.315,3354.626,3947.361,17.758,15.868,23.144,12.76,18.639,13.543,18.808,-1.959,17.626,2.252,-10.36,17.661,-5.385,3.108,4.505,-0.783,-1.05,17.89,0.132,13.616,28.119,-1.792,7.682,27.451,30.073,34.624,35.61,24.104,0.0,mid,0.517,0.452,0.56,0.351,-221.433,525.457,859.489,523.144,0.677,1.559,0.154,Bo-Tense,0.434252726106479,-2753900164609385932
Bo_M1,1,M,Bo,Village 1,M1_hlu_33_02,309.455,593.811,284.356,5,u_33,Vowel,u,Tense,Oral,33.0,1.0,Mid,33,Unaspirated,Oral,141.836,142.185,140.254,141.559,380.662,98.909,742.449,245.112,2883.101,95.323,3800.795,593.192,647.932,2904.89,4214.164,4341.628,18.438,16.866,24.185,16.199,21.897,15.952,26.532,4.812,15.359,-0.864,-4.492,23.14,-5.747,0.667,2.288,0.247,-8.094,12.122,3.079,17.73,22.93,-6.274,10.018,33.973,37.406,42.317,41.429,27.631,0.0,mid,0.53,0.479,0.544,0.492,-273.787,453.321,878.158,449.863,0.903,2.582,0.349,Bo-Tense,0.349728892331526,2733796565654691286
Bo_M1,1,M,Bo,Village 1,M1_hlu33_02,336.803,603.482,266.679,5,u33,Vowel,u,Lax,Oral,33.0,1.0,Mid,33,Unaspirated,Oral,160.209,159.663,163.322,160.753,371.101,99.236,967.732,507.067,2764.889,192.61,3830.249,333.964,759.18,2786.968,3986.581,3779.284,25.426,23.324,32.364,19.3,21.853,22.848,31.731,12.231,19.975,8.396,3.444,25.613,-6.938,4.024,10.511,-3.549,-6.305,11.11,5.451,14.927,21.982,-2.29,32.206,26.994,28.672,31.44,30.462,24.237,0.777,mid,0.547,0.511,0.56,0.502,-574.643,471.49,1288.306,468.34,0.985,2.269,0.434,Bo-Lax,0.434111943587483,-8364018800814607219
Bo_M1,1,M,Bo,Village 1,M1_ku_31_01,507.885,775.865,267.98,5,u_31,Vowel,u,Tense,Oral,31.0,2.0,Mid,31,Unaspirated,Oral,138.058,137.432,141.104,138.96,760.434,270.137,1618.035,1144.061,2844.697,218.951,3738.185,194.13,592.23,2965.89,3868.503,4909.374,21.159,20.78,26.956,25.363,19.751,11.367,12.1,-15.114,-3.313,-22.088,-4.098,-6.273,-5.797,-4.583,7.205,13.996,9.059,35.901,24.471,42.867,25.257,27.053,10.711,19.78,26.674,30.98,29.975,20.913,0.872,low,0.533,0.474,0.535,0.496,-394.211,643.705,889.348,640.088,1.097,2.579,0.426,Bo-Tense,0.42535866614967,-1767712076959721882
Bo_M1,1,M,Bo,Village 1,M1_ku_31_02,283.58,529.496,245.916,5,u_31,Vowel,u,Tense,Oral,31.0,2.0,Mid,31,Unaspirated,Oral,144.74,144.275,146.878,145.385,362.548,73.072,831.999,207.919,2805.854,124.337,3876.586,325.734,698.752,2826.277,4009.549,4773.24,23.981,22.149,29.908,19.694,20.599,18.983,23.704,3.93,21.232,8.042,-1.546,23.905,-5.927,2.455,9.309,0.711,0.277,18.248,2.749,14.107,25.526,-1.757,24.301,24.005,28.891,33.19,32.76,22.821,0.416,low,0.556,0.485,0.52,0.486,-519.342,408.356,1012.296,404.977,1.327,2.438,0.545,Bo-Tense,0.544298605414274,8811977248822858989
Bo_M1,1,M,Bo,Village 1,M1_la_31_01,238.768,482.367,243.599,5,a_31,Vowel,a,Tense,Oral,31.0,2.0,Mid,31,Unaspirated,Oral,122.674,32.051,129.903,159.764,737.446,87.401,1222.84,64.311,2655.565,108.821,3791.057,147.325,987.5,1258.765,2913.71,3788.945,11.297,10.943,14.752,13.28,14.06,6.917,24.57,-4.921,18.751,-6.086,7.458,9.667,-3.454,-2.337,0.691,6.363,-13.273,15.894,-7.454,17.029,3.84,1.276,5.861,19.458,12.724,19.239,19.546,21.904,0.542,low,0.551,0.427,0.513,0.52,-300.83,363.732,1008.415,359.417,1.466,3.406,0.431,Bo-Tense,0.430416911332942,-7728423703889532230
Bo_M1,1,M,Bo,Village 1,M1_la_31_02,374.666,609.633,234.967,5,a_31,Vowel,a,Tense,Oral,31.0,2.0,Mid,31,Unaspirated,Oral,126.365,29.157,131.966,128.375,776.425,104.615,1219.741,77.698,2688.683,267.669,3748.689,161.847,1009.846,1261.081,3170.993,3735.113,11.997,11.645,15.23,13.769,14.916,7.898,24.844,-5.441,19.015,-7.098,3.272,5.542,-3.232,-2.124,0.314,5.871,-12.847,17.127,-7.018,18.744,8.725,6.104,6.442,21.636,14.312,20.577,20.085,22.996,0.658,low,0.552,0.429,0.511,0.518,-289.318,494.935,899.346,490.783,1.333,3.265,0.408,Bo-Tense,0.408269525267994,-208740735651151170
Bo_M1,1,M,Bo,Village 1,M1_lu_31_01,296.302,546.421,250.119,5,u_31,Vowel,u,Tense,Oral,31.0,2.0,Mid,31,Unaspirated,Oral,144.801,143.569,150.685,146.189,320.333,82.282,812.019,306.375,2904.18,233.629,3601.411,414.541,649.722,3132.008,4081.163,4607.053,22.215,19.901,29.354,14.611,18.201,19.924,29.302,11.921,13.801,3.179,-3.413,25.008,-7.139,5.29,11.153,-5.313,-7.087,8.004,8.414,16.721,25.627,-5.107,11.821,10.67,15.141,22.046,23.727,21.188,0.819,low,0.578,0.538,0.616,0.554,-406.077,423.337,1109.267,419.44,0.863,2.648,0.326,Bo-Tense,0.325906344410876,-5694936457685158674
Bo_M1,1,M,Bo,Village 1,M1_lu_31_02,329.054,562.753,233.699,5,u_31,Vowel,u,Tense,Oral,31.0,2.0,Mid,31,Unaspirated,Oral,127.811,126.744,131.488,128.536,387.091,122.569,1048.949,384.563,2805.956,102.973,3523.655,235.083,695.097,2904.754,3840.663,4120.679,20.139,18.933,26.389,20.45,23.902,20.099,26.494,5.747,12.048,0.083,0.252,19.64,-6.25,-1.516,2.487,0.351,-6.355,13.198,8.091,18.85,19.887,-0.706,10.226,8.393,15.749,23.157,23.37,19.079,0.643,low,0.544,0.472,0.535,0.506,-372.524,448.102,837.702,444.101,1.361,2.735,0.498,Bo-Tense,0.497623400365631,6425781966176533530
Bo_M1,1,M,Bo,Village 1,M1_lu31_01,359.261,656.461,297.2,5,u31,Vowel,u,Lax,Oral,31.0,2.0,Mid,31,Unaspirated,Oral,131.819,131.348,135.506,132.963,316.642,91.768,915.051,211.805,2785.68,162.325,3565.498,176.216,777.213,2901.295,3721.678,5093.129,23.331,21.526,27.768,17.487,14.976,16.484,23.643,6.176,15.821,6.023,-1.236,23.121,-4.437,4.039,12.792,1.002,-0.312,15.362,7.51,15.503,24.567,-1.595,10.752,12.934,18.68,24.315,24.074,18.32,0.0,low,0.524,0.454,0.478,0.441,-560.889,509.722,1073.797,506.335,1.403,2.82,0.498,Bo-Lax,0.497517730496454,-2370118442108117435
Bo_M1,1,M,Bo,Village 1,M1_lu31_02,320.081,563.836,243.755,5,u31,Vowel,u,Lax,Oral,31.0,2.0,Mid,31,Unaspirated,Oral,125.811,125.216,127.427,126.531,326.969,79.25,892.336,159.276,2847.056,167.718,3641.925,188.963,807.92,2956.159,3774.914,4715.301,23.842,22.317,26.374,18.35,19.314,18.483,26.103,7.745,18.122,7.044,-2.458,22.828,-2.532,3.967,7.059,-0.134,-2.261,14.587,5.72,15.273,26.3,-0.511,12.05,17.695,22.22,26.196,25.674,21.377,0.0,low,0.52,0.43,0.439,0.413,-660.47,443.477,1344.937,440.171,1.517,3.075,0.494,Bo-Lax,0.493333333333333,8252815310862508951
Bo_M1,1,M,Bo,Village 1,M1_me_33_01,332.343,488.327,155.984,5,e_33,Vowel,e,Tense,Oral,33.0,1.0,Mid,33,Unaspirated,Nasal,177.313,177.28,178.792,177.309,596.572,161.211,1965.699,63.986,2917.215,230.356,3990.822,116.486,701.556,2165.014,3473.308,3976.771,24.101,23.175,29.919,25.563,28.443,20.972,27.845,4.529,25.498,15.836,14.681,14.583,-5.817,-2.388,1.476,4.591,-3.743,18.648,-1.396,7.339,9.42,8.592,36.854,41.845,44.043,40.155,36.591,29.813,0.706,mid,0.565,0.538,0.592,0.521,-599.454,411.905,1381.43,408.964,0.801,2.182,0.368,Bo-Tense,0.367094408799267,1036487213884722437
Bo_M1,1,M,Bo,Village 1,M1_me_33_01,589.84,812.78,222.94,5,e33,Vowel,e,Tense,Oral,33.0,1.0,Mid,33,Unaspirated,Nasal,115.0,115.682,119.043,116.863,599.55,213.499,1961.005,166.013,2898.799,133.829,4016.413,273.866,856.074,2275.386,3209.3,4485.431,16.834,16.448,17.313,15.673,14.48,5.149,13.842,-10.973,5.725,-5.4,0.787,-1.877,-0.479,0.775,2.833,10.524,2.992,27.423,11.109,21.848,16.047,18.325,1.434,21.234,25.063,24.068,24.102,21.077,0.347,mid,0.495,0.384,0.426,0.417,-306.423,702.34,993.987,698.714,1.529,3.441,0.446,Bo-Tense,0.444347573379831,-1893776579304650281
Bo_M1,1,M,Bo,Village 1,M1_me_33_02,313.382,444.987,131.605,5,e_33,Vowel,e,Tense,Oral,33.0,1.0,Mid,33,Unaspirated,Nasal,186.133,186.24,186.574,186.615,540.099,186.0,2027.393,66.499,2903.298,231.55,3896.737,258.211,1895.866,2174.136,3743.563,3993.753,25.693,24.498,31.057,25.052,25.941,23.972,30.777,8.409,26.733,19.359,17.918,18.622,-5.364,-0.553,5.116,1.08,-5.084,16.091,-1.04,5.139,7.775,5.876,51.1,44.363,44.038,39.935,35.031,30.449,0.722,mid,0.55,0.521,0.578,0.479,-692.478,379.894,1575.495,377.324,0.798,2.132,0.375,Bo-Tense,0.374296435272045,-3500847112017179290
Bo_M1,1,M,Bo,Village 1,M1_me_33_02,572.0,797.491,225.491,5,e33,Vowel,e,Tense,Oral,33.0,1.0,Mid,33,Unaspirated,Nasal,120.659,120.725,124.58,121.714,557.394,158.986,1977.185,245.239,2889.954,280.038,3995.453,213.735,588.161,2304.329,3459.076,4048.224,16.849,16.399,16.647,14.718,13.949,1.74,16.223,-8.229,4.519,-6.156,0.388,-2.562,0.201,1.681,2.698,12.978,0.625,24.63,12.33,22.555,16.461,18.961,1.562,21.572,25.878,24.868,24.291,20.731,0.0,mid,0.488,0.353,0.376,0.409,-285.641,686.743,847.882,683.311,1.713,2.95,0.583,Bo-Tense,0.580677966101695,1427333153557494244
Bo_M1,1,M,Bo,Village 1,M1_me31_01,388.973,698.693,309.72,5,e31,Vowel,e,Lax,Oral,31.0,2.0,Mid,31,Unaspirated,Nasal,140.681,140.64,142.117,141.648,409.494,43.406,1529.0,92.073,2461.856,112.789,3686.722,198.855,560.479,2061.436,3075.241,3793.505,27.299,26.13,31.378,25.547,19.29,17.044,35.752,14.747,16.541,8.187,9.755,13.828,-4.079,0.583,12.088,8.503,-8.453,11.385,10.758,17.943,17.544,12.302,51.775,26.6,32.811,30.827,29.094,24.465,0.0,low,0.583,0.461,0.469,0.424,-622.836,545.248,1497.222,542.212,1.349,2.843,0.475,Bo-Lax,0.474498768906085,-5484495635546259891
Bo_M1,1,M,Bo,Village 1,M1_me31_02,333.035,627.545,294.51,5,e31,Vowel,e,Lax,Oral,31.0,2.0,Mid,31,Unaspirated,Nasal,136.464,136.431,137.966,137.161,396.713,47.361,1490.96,176.571,2450.342,245.403,3664.564,185.995,464.053,2091.591,3652.232,3674.662,27.327,26.165,30.865,25.075,18.585,16.298,35.227,14.562,12.439,4.176,4.393,9.208,-3.538,1.09,12.279,8.777,-7.9,11.604,14.888,21.989,22.935,16.957,45.65,28.649,36.828,36.437,34.491,25.429,0.0,low,0.549,0.454,0.449,0.428,-778.122,481.809,1551.961,478.653,1.4,2.911,0.481,Bo-Lax,0.480934386808657,-3809347078222258761
Bo_M1,1,M,Bo,Village 1,M1_me33_01,370.251,657.209,286.958,5,e33,Vowel,e,Lax,Oral,33.0,1.0,Mid,33,Unaspirated,Nasal,138.071,137.995,139.23,138.721,495.289,201.178,1938.733,83.004,2844.712,123.642,3944.202,247.892,999.526,2350.959,3388.604,4114.914,20.264,19.526,20.673,17.319,18.191,4.882,17.892,-5.152,11.715,3.897,6.142,6.434,-0.409,2.207,2.481,12.436,2.371,24.679,8.549,15.629,14.121,13.092,4.483,38.757,42.51,39.502,36.469,28.022,0.0,mid,0.455,0.416,0.453,0.377,-853.333,515.153,1808.65,512.412,1.192,2.428,0.491,Bo-Lax,0.490939044481054,7489406076164802015
Bo_M1,1,M,Bo,Village 1,M1_me33_02,291.328,581.602,290.274,5,e33,Vowel,e,Lax,Oral,33.0,1.0,Mid,33,Unaspirated,Nasal,119.842,119.816,121.404,120.691,588.242,259.979,1910.422,145.679,2877.368,106.978,3875.21,191.667,583.057,2064.795,2915.709,3986.03,16.438,16.009,15.513,13.677,6.509,-4.77,10.082,-14.537,1.865,-9.608,-0.731,-1.898,0.925,2.332,9.004,18.447,6.356,30.548,14.573,25.616,17.169,17.906,1.038,34.569,39.647,36.524,33.402,23.692,0.0,mid,0.49,0.404,0.407,0.373,-603.648,438.129,1260.452,435.009,1.723,2.951,0.584,Bo-Lax,0.583869874618773,-8257911532839837106
Bo_M1,1,M,Bo,Village 1,M1_na_33_02,260.905,507.728,246.823,5,a_33,Vowel,a,Tense,Oral,33.0,1.0,Mid,33,Unaspirated,Nasal,122.306,122.32,122.096,122.289,779.443,100.626,1213.411,68.608,2689.085,386.587,3819.275,92.354,1026.162,3176.063,3756.97,3792.192,7.947,7.639,11.927,10.654,9.892,3.967,21.098,-9.603,19.419,-7.252,0.014,1.499,-3.98,-3.016,2.035,6.687,-13.151,17.281,-11.473,14.89,7.933,6.139,4.284,46.256,38.279,42.342,39.82,29.685,0.769,mid,0.543,0.435,0.559,0.339,-98.971,384.755,380.857,381.963,0.977,3.641,0.268,Bo-Tense,0.268332875583631,5706054282423805055
Bo_M1,1,M,Bo,Village 1,M1_na33_01,448.69,781.43,332.74,5,a33,Vowel,a,Lax,Oral,33.0,1.0,Mid,33,Unaspirated,Nasal,146.729,146.673,148.285,147.459,696.013,94.136,1210.888,116.576,3456.127,352.556,3963.625,134.62,847.317,1189.902,3458.766,3982.23,13.946,13.41,18.109,15.831,20.723,7.289,26.635,-1.269,18.412,-4.376,5.578,20.29,-4.163,-2.42,-2.614,8.542,-12.689,14.766,-4.466,17.786,8.368,-6.88,8.363,46.452,40.049,43.261,40.736,27.32,0.0,mid,0.555,0.504,0.569,0.525,-426.832,616.702,1079.459,613.119,0.825,2.621,0.315,Bo-Lax,0.314765356734071,-4533687784143462042
Bo_M1,1,M,Bo,Village 1,M1_na33_02,315.951,621.614,305.663,5,a33,Vowel,a,Lax,Oral,33.0,1.0,Mid,33,Unaspirated,Nasal,130.197,130.189,132.466,131.307,682.205,533.346,1239.844,172.346,3275.543,634.248,3766.043,220.48,732.836,1162.878,3526.614,3803.911,12.644,12.079,16.127,13.653,10.475,-1.922,11.097,-15.321,11.776,-7.894,-0.691,14.73,-3.483,-1.574,5.652,15.575,1.547,27.444,0.868,19.973,13.335,-2.651,1.558,35.313,32.543,35.052,33.961,24.428,0.627,mid,0.551,0.44,0.481,0.494,-388.954,470.703,913.819,466.904,1.274,2.821,0.452,Bo-Lax,0.451612903225806,3337344606878041922
Bo_M1,1,M,Bo,Village 1,M1_na55_01,409.372,683.473,274.101,5,a55,Vowel,a,Lax,Oral,55.0,1.0,High,55,Unaspirated,Nasal,164.792,165.192,166.828,165.396,822.704,456.693,1363.009,126.824,2990.174,197.635,3772.783,129.848,1108.627,2479.904,3732.944,3939.825,16.042,15.469,17.866,15.405,18.159,0.859,17.544,-10.498,14.394,-8.013,-2.816,3.164,-1.824,0.064,-0.293,14.546,-1.502,26.008,1.647,23.482,18.858,12.305,2.81,49.167,44.478,46.763,46.107,26.969,0.446,high,0.482,0.45,0.49,0.441,-863.983,548.252,1489.782,545.574,1.292,1.717,0.756,Bo-Lax,0.752475247524752,8426407314478047081
Bo_M1,1,M,Bo,Village 1,M1_na55_02,348.935,583.057,234.122,5,a55,Vowel,a,Lax,Oral,55.0,1.0,High,55,Unaspirated,Nasal,146.423,146.504,148.639,147.374,640.729,397.413,1334.098,129.808,2925.075,183.962,3839.747,141.762,766.003,1230.399,3150.922,3912.351,13.523,12.937,16.404,13.873,16.459,-1.616,16.789,-9.312,15.1,-3.902,-0.006,7.397,-2.881,-0.936,-0.055,15.489,-3.266,22.267,-1.576,16.839,13.53,5.54,2.731,46.083,39.904,42.448,41.289,28.579,0.0,high,0.536,0.486,0.519,0.462,-561.616,467.606,1357.364,464.443,1.208,2.53,0.478,Bo-Lax,0.477470355731225,2899155067687830914
Bo_M1,1,M,Bo,Village 1,M1_ni_33_01,312.527,600.864,288.337,5,i_33,Vowel,i,Tense,Oral,33.0,1.0,Mid,33,Unaspirated,Nasal,137.613,137.559,140.153,278.267,278.018,11.178,1006.771,278.366,2570.302,57.742,4109.617,177.384,298.458,2655.404,3856.093,4914.054,19.184,16.653,31.179,16.695,11.04,16.971,31.177,16.688,4.472,-2.009,10.393,33.101,-11.995,-0.042,20.14,-0.276,-11.993,-0.03,14.712,18.662,8.791,-16.448,12.725,32.165,42.639,44.3,37.521,26.183,0.293,mid,0.542,0.475,0.536,0.493,-416.854,458.468,995.013,454.86,1.183,2.62,0.452,Bo-Tense,0.451526717557252,8697439300705254303
Bo_M1,1,M,Bo,Village 1,M1_ni_33_02,152.879,308.384,155.505,5,a33,Vowel,a,Tense,Oral,33.0,1.0,Mid,33,Unaspirated,Nasal,155.453,155.497,156.869,156.351,443.556,314.824,1413.668,239.899,3017.532,237.51,3857.664,348.636,614.484,1362.284,3220.883,4061.602,23.959,22.65,27.978,21.284,26.442,24.88,19.94,-1.748,19.617,9.137,4.971,20.113,-4.019,1.366,1.536,-3.596,4.019,24.405,4.342,13.513,18.988,2.537,17.609,33.041,31.268,35.209,33.549,26.789,0.465,mid,0.551,0.505,0.54,0.479,-447.314,231.98,1042.446,228.896,0.967,2.321,0.417,Bo-Tense,0.416630762602327,1166365814781828203
Bo_M1,1,M,Bo,Village 1,M1_ni_33_02,474.03,761.377,287.347,5,i_33,Vowel,i,Tense,Oral,33.0,1.0,Mid,33,Unaspirated,Nasal,165.781,166.234,168.88,330.765,323.201,9.455,2656.193,45.413,3651.685,211.151,4218.362,352.639,390.245,2698.29,3868.641,5368.24,24.45,21.797,33.389,18.283,11.057,20.618,33.388,17.52,10.996,18.263,3.392,14.328,-8.939,3.514,22.331,-2.335,-8.938,4.278,13.454,3.535,21.057,7.469,29.618,33.687,43.297,47.003,41.45,25.507,0.358,mid,0.538,0.496,0.542,0.484,-517.545,618.902,1098.383,615.975,0.984,2.028,0.485,Bo-Tense,0.485207100591716,-4193375706901812249
Bo_M1,1,M,Bo,Village 1,M1_ni31_01,321.94,694.776,372.836,5,i31,Vowel,i,Lax,Oral,31.0,2.0,Mid,31,Unaspirated,Nasal,131.38,131.229,135.202,133.304,273.753,73.32,2596.158,68.435,3489.404,579.864,4046.819,738.66,309.47,2609.016,3704.091,5456.387,24.776,22.55,25.943,12.581,6.097,14.298,25.94,12.097,2.213,10.924,-3.813,8.396,-1.167,9.969,19.846,-1.717,-1.164,10.453,22.563,11.626,28.588,14.154,7.052,16.893,31.412,35.468,32.004,18.657,0.0,low,0.45,0.39,0.4,0.351,-819.729,510.219,1110.695,507.516,1.853,2.284,0.811,Bo-Lax,0.811295971978984,-594796591574834318
Bo_M1,1,M,Bo,Village 1,M1_ni31_02,389.415,756.118,366.703,5,i31,Vowel,i,Lax,Oral,31.0,2.0,Mid,31,Unaspirated,Nasal,133.221,132.876,134.95,134.339,276.655,59.32,2583.05,72.793,3415.917,254.958,4207.851,791.734,324.517,2616.528,3556.864,5459.998,25.948,23.751,29.403,15.987,8.885,16.92,29.401,15.392,3.846,12.089,-1.481,9.82,-3.455,7.765,20.518,-0.933,-3.453,8.36,22.102,11.662,27.429,13.931,12.999,24.46,38.645,40.211,34.461,22.672,0.212,low,0.503,0.401,0.376,0.359,-777.248,574.317,984.29,571.601,1.682,2.429,0.695,Bo-Lax,0.692466035405517,-2668571667781355246
Bo_M1,1,M,Bo,Village 1,M1_ni33_01,346.486,638.779,292.293,5,i33,Vowel,i,Lax,Oral,33.0,1.0,Mid,33,Unaspirated,Nasal,154.888,154.856,153.235,155.55,302.272,18.542,2548.332,46.976,3625.753,524.757,3969.734,333.058,329.597,2590.657,3792.283,5574.46,26.106,23.521,34.729,20.433,13.74,23.207,34.727,20.026,10.577,17.873,3.277,15.695,-8.622,3.088,20.988,-2.774,-8.62,3.495,15.529,5.648,22.83,7.826,38.122,30.608,41.403,43.411,37.747,24.871,0.459,mid,0.532,0.467,0.488,0.426,-648.728,493.699,1222.043,490.954,1.227,2.483,0.494,Bo-Lax,0.494160289971808,2436712366520056005
Bo_M1,1,M,Bo,Village 1,M1_ni33_02,321.188,588.222,267.034,5,i33,Vowel,i,Lax,Oral,33.0,1.0,Mid,33,Unaspirated,Nasal,144.775,145.292,143.516,144.759,291.112,26.268,2492.474,37.533,3362.685,446.687,3960.23,210.811,264.619,2592.83,3750.584,4505.325,22.711,20.307,31.551,17.308,12.414,21.258,31.549,17.314,11.858,19.119,10.235,22.01,-8.84,2.999,19.137,-3.95,-8.838,2.993,10.853,1.188,12.477,-1.703,18.43,34.602,46.042,47.126,39.798,26.758,0.512,mid,0.541,0.464,0.49,0.445,-561.693,455.994,1237.791,452.931,1.371,2.674,0.513,Bo-Lax,0.512715033657442,-3664371335688457646
Bo_M1,1,M,Bo,Village 1,M1_no33_01,291.633,618.292,326.659,5,o33,Vowel,o,Lax,Oral,33.0,1.0,Mid,33,Unaspirated,Nasal,164.427,164.294,165.713,164.926,381.86,133.287,792.327,204.055,2512.554,380.28,3605.913,38.768,645.675,2475.561,3610.608,5564.772,16.701,14.473,24.779,11.213,18.849,14.446,24.084,3.437,11.551,-3.052,-8.13,14.082,-8.078,3.26,5.93,-3.233,-7.383,11.068,5.15,17.525,24.831,0.391,5.436,47.3,53.072,58.774,57.736,30.054,0.658,mid,0.585,0.494,0.525,0.508,-536.631,456.959,1178.411,453.859,1.389,2.377,0.585,Bo-Lax,0.584350021034918,3943404780395684605
Bo_M1,1,M,Bo,Village 1,M1_no33_02,333.57,626.94,293.37,5,o33,Vowel,o,Lax,Oral,33.0,1.0,Mid,33,Unaspirated,Nasal,148.022,147.652,149.659,148.742,423.378,98.508,786.377,176.609,2481.713,305.19,3691.098,278.444,604.099,2721.341,3608.322,5493.55,13.502,11.945,21.655,13.751,18.198,11.493,21.816,-1.049,13.542,-3.448,-10.116,10.497,-8.153,-1.806,3.457,2.258,-8.313,13.034,-0.04,15.393,23.619,1.448,4.797,42.837,46.679,51.282,49.927,28.45,0.219,mid,0.59,0.515,0.56,0.543,-337.841,482.199,772.644,478.514,1.373,1.516,0.305,Bo-Lax,0.905672823218997,3513905432028656901
Bo_M1,1,M,Bo,Village 1,M1_no33bo33_01,255.451,423.076,167.625,5,o33,Vowel,o,Lax,Oral,33.0,1.0,Mid,33,Unaspirated,Nasal,157.641,157.329,158.417,157.143,378.35,129.609,852.019,107.474,3122.966,378.313,3796.328,351.172,729.848,3061.52,3596.118,4744.077,19.675,17.726,25.781,14.576,19.01,17.328,22.359,1.916,14.995,1.449,-7.538,20.967,-6.106,3.15,6.771,-2.752,-2.684,15.86,4.68,16.277,27.213,-3.241,7.597,45.433,50.671,54.2,52.709,27.743,0.772,mid,0.614,0.497,0.497,0.478,-221.543,340.79,358.661,337.747,1.58,2.466,0.642,Bo-Lax,0.640713706407137,-7113604964820861580
Bo_M1,1,M,Bo,Village 1,M1_no33bo33_01,520.59,819.55,298.96,5,o33,Vowel,o,Lax,Oral,33.0,1.0,Mid,33,Unaspirated,Oral,139.711,139.576,140.942,140.227,827.588,89.765,2729.836,116.103,3435.911,276.315,3727.729,959.485,640.777,2840.689,3563.507,5085.23,17.441,17.158,22.01,20.828,13.781,7.919,14.474,-12.39,-6.161,-15.873,-8.289,-18.814,-4.569,-3.67,8.229,12.91,2.967,29.549,23.602,33.031,25.731,35.972,6.232,40.493,50.198,56.937,53.447,29.141,0.0,mid,0.574,0.444,0.44,0.44,-190.547,672.077,314.444,668.919,1.674,2.577,0.65,Bo-Lax,0.649592549476135,2206707680201746890
Bo_M1,1,M,Bo,Village 1,M1_no33bo33_02,196.414,334.237,137.823,5,o33,Vowel,o,Lax,Oral,33.0,1.0,Mid,33,Unaspirated,Nasal,150.515,149.704,150.381,150.208,354.964,106.436,872.918,90.68,2503.997,756.283,3308.118,287.116,786.18,3081.44,3409.391,4961.321,16.93,14.937,22.585,10.82,15.113,15.256,20.986,1.94,15.396,3.442,-11.426,9.046,-5.655,4.116,7.472,-4.435,-4.056,13.01,1.534,11.495,28.355,5.891,3.819,51.93,55.15,58.947,56.582,31.691,0.733,mid,0.589,0.486,0.483,0.454,-206.395,266.906,332.73,263.9,1.645,2.543,0.65,Bo-Lax,0.646873771136453,4395759447381322130
Bo_M1,1,M,Bo,Village 1,M1_nu_33_01,344.403,629.09,284.687,5,u_33,Vowel,u,Tense,Oral,33.0,1.0,Mid,33,Unaspirated,Nasal,155.911,156.603,152.467,154.664,334.712,69.317,1103.187,84.374,2308.843,226.529,3139.839,85.863,1024.134,2964.788,4298.745,5620.399,15.039,12.944,23.59,10.291,12.509,16.188,22.58,4.846,11.166,2.687,-3.931,8.905,-8.551,2.653,11.081,-5.897,-7.54,8.1,3.873,10.257,18.97,4.039,4.396,26.07,28.54,31.433,31.01,23.766,0.655,mid,0.507,0.459,0.578,0.377,-190.659,489.03,733.231,486.626,0.499,2.354,0.211,Bo-Tense,0.211979609175871,-3579912776355928272
Bo_M1,1,M,Bo,Village 1,M1_nu_33_02,306.863,550.308,243.445,5,u_33,Vowel,u,Tense,Oral,33.0,1.0,Mid,33,Unaspirated,Nasal,160.545,161.378,156.188,159.437,398.07,131.243,1014.617,183.925,2194.254,318.482,3103.43,83.627,603.313,986.116,3078.411,5586.552,16.982,15.312,25.964,16.811,18.868,18.211,17.095,-3.739,11.846,-0.502,-5.65,3.708,-8.982,-1.5,7.096,-1.399,-0.113,19.055,5.137,15.814,22.632,11.604,7.173,29.864,31.122,34.024,33.5,23.731,0.621,mid,0.575,0.537,0.635,0.535,-220.083,430.342,781.577,427.024,0.576,2.538,0.227,Bo-Tense,0.226950354609929,8787070520319607972
Bo_M1,1,M,Bo,Village 1,M1_nu33_01,276.2,563.555,287.355,5,u33,Vowel,u,Lax,Oral,33.0,1.0,Mid,33,Unaspirated,Nasal,151.0,151.465,149.596,150.567,377.871,164.325,1014.042,188.941,2285.107,313.649,3181.877,339.868,797.158,2549.716,3754.78,5407.296,27.184,25.544,30.264,21.334,19.678,19.206,21.794,1.554,17.198,5.317,0.071,11.891,-3.08,4.21,10.586,2.128,5.39,23.995,9.986,20.227,27.114,13.653,26.032,30.934,34.052,36.291,35.164,24.407,0.0,mid,0.54,0.465,0.473,0.421,-748.841,420.692,1365.003,417.919,1.22,2.337,0.523,Bo-Lax,0.522036799315362,6008511196473480388
Bo_M1,1,M,Bo,Village 1,M1_nu33_02,389.867,607.261,217.394,5,u33,Vowel,u,Lax,Oral,33.0,1.0,Mid,33,Unaspirated,Nasal,141.09,141.349,139.686,141.048,370.294,118.974,1139.789,206.361,2320.154,424.642,3203.478,143.106,623.167,1657.991,3512.843,4305.682,23.574,22.123,27.525,19.879,16.338,16.053,26.046,6.399,11.815,1.757,-0.954,9.726,-3.951,2.244,11.187,3.826,-2.472,15.727,11.759,20.366,24.528,12.397,13.379,30.72,35.602,39.164,37.939,27.228,0.0,mid,0.525,0.451,0.476,0.423,-703.072,499.25,1778.643,496.245,1.141,2.74,0.417,Bo-Lax,0.416423357664234,8106162333519277219
Bo_M1,1,M,Bo,Village 1,M1_nu53_01,344.826,548.08,203.254,5,u53,Vowel,u,Lax,Oral,53.0,2.0,High,53,Unaspirated,Nasal,196.92,196.625,201.339,198.166,375.479,130.081,1133.679,173.922,2331.009,343.653,3727.436,465.931,661.367,1933.805,3608.68,5624.534,29.464,26.272,28.416,13.469,7.023,11.796,28.359,9.893,13.936,4.832,-1.355,10.92,1.047,12.803,21.393,1.673,1.105,16.383,15.527,21.44,30.819,15.353,22.25,32.696,36.382,38.896,38.094,23.622,0.0,low,0.411,0.422,0.449,0.369,-1783.687,447.815,2392.843,445.929,0.917,1.156,0.794,Bo-Lax,0.79325259515571,3777325174319469993
Bo_M1,1,M,Bo,Village 1,M1_nu53_02,255.245,422.142,166.897,5,u53,Vowel,u,Lax,Oral,53.0,2.0,High,53,Unaspirated,Nasal,168.847,168.708,169.433,168.821,339.002,56.261,1111.565,179.245,2294.753,455.54,3169.436,279.64,451.57,1140.759,3200.229,5012.435,24.323,21.696,30.952,13.56,15.171,20.212,30.951,13.546,11.977,3.62,-2.471,9.931,-6.629,8.136,15.781,-6.652,-6.628,8.154,12.346,18.076,26.794,11.766,17.184,35.498,37.548,39.038,37.707,24.094,0.655,low,0.468,0.455,0.495,0.424,-1114.186,339.672,2148.157,337.15,1.101,1.799,0.618,Bo-Lax,0.612006670372429,5407214274389706713
Bo_M1,1,M,Bo,Village 1,M1_pie33_01,318.578,456.475,137.897,5,a33,Vowel,a,Lax,Oral,33.0,1.0,Mid,33,Unaspirated,Oral,145.315,144.422,145.765,145.1,729.736,134.819,1459.608,88.371,2799.897,62.815,3784.505,200.451,834.362,1802.971,3228.108,4020.337,24.033,23.604,21.838,20.031,11.036,1.296,24.393,-3.297,13.3,-7.683,6.854,7.245,2.195,3.574,10.802,18.734,-0.36,26.916,10.733,31.287,17.179,16.359,10.474,18.276,14.689,18.643,19.424,19.441,0.0,mid,0.492,0.371,0.351,0.324,-370.2,388.472,560.377,386.25,1.533,1.874,0.823,Bo-Lax,0.81803628601921,6953186483776520086
Bo_M1,1,M,Bo,Village 1,M1_sa_31_01,486.41,662.731,176.321,5,a_31,Vowel,a,Tense,Oral,31.0,2.0,Mid,31,Unaspirated,Oral,130.253,,136.841,132.545,775.34,104.656,1239.497,99.678,2664.191,184.884,3569.591,495.562,1018.862,2771.915,3704.424,3713.548,13.265,12.876,13.886,12.259,12.147,3.988,20.891,-8.548,15.449,-9.318,3.093,4.815,-0.621,0.617,1.739,8.271,-7.626,21.454,-2.183,22.193,10.173,8.061,3.642,18.419,13.981,20.327,21.33,23.424,0.775,low,0.534,0.45,0.483,0.446,-117.822,575.76,344.18,572.299,1.268,3.088,0.412,Bo-Tense,0.410621761658031,7674340122674878140
Bo_M1,1,M,Bo,Village 1,M1_sa31_01,255.736,596.619,340.883,5,a31,Vowel,a,Lax,Oral,31.0,2.0,Mid,31,Unaspirated,Oral,151.949,152.031,155.265,153.082,734.204,73.068,1201.245,61.879,2737.841,297.782,3650.56,290.704,969.695,1084.025,3155.35,3738.331,15.331,14.787,18.082,15.768,26.429,12.851,28.921,0.32,24.312,0.424,5.184,10.186,-2.751,-0.981,-8.347,2.917,-13.59,14.507,-8.981,14.363,10.147,4.6,18.844,38.364,28.362,33.185,30.597,26.606,0.845,low,0.53,0.479,0.555,0.504,-414.196,428.246,1099.438,424.912,0.789,2.448,0.322,Bo-Lax,0.322303921568627,60071656182854127
Bo_M1,1,M,Bo,Village 1,M1_sa31_02,242.878,534.694,291.816,5,a31,Vowel,a,Lax,Oral,31.0,2.0,Mid,31,Unaspirated,Oral,140.567,140.493,143.107,141.139,734.311,100.629,1258.7,186.723,2709.577,343.201,3515.482,207.436,879.433,1537.634,3173.281,3575.93,13.852,13.391,16.062,14.121,20.011,9.534,25.125,-3.356,15.389,-7.983,1.282,4.491,-2.21,-0.73,-3.949,4.587,-11.273,16.775,-1.537,21.374,12.57,8.9,7.353,39.272,31.555,33.681,31.175,26.104,0.627,low,0.538,0.449,0.495,0.475,-437.055,390.734,982.755,387.344,1.339,2.501,0.536,Bo-Lax,0.535385845661735,-5630061331135093278
Bo_M1,1,M,Bo,Village 1,M1_tcjhi_31_01,468.812,648.837,180.025,5,i_31,Vowel,i,Tense,Oral,31.0,2.0,Mid,31,Aspirated,Oral,148.119,148.352,157.5,303.165,298.445,23.708,2228.916,78.143,3148.793,93.479,4420.843,272.305,299.378,2561.573,3366.314,5231.184,20.325,17.79,30.244,15.34,11.519,20.518,30.242,15.044,3.562,7.687,2.929,13.148,-9.918,2.45,18.724,-5.179,-9.916,2.746,16.764,10.103,17.396,4.642,10.876,11.591,20.779,23.765,23.062,19.838,0.302,low,0.535,0.482,0.595,0.539,-262.631,558.949,809.304,555.273,0.616,2.406,0.256,Bo-Tense,0.256026600166251,-6631964517491422767
Bo_M1,1,M,Bo,Village 1,M1_tcjhi_31_02,321.134,506.468,185.334,5,i_31,Vowel,i,Tense,Oral,31.0,2.0,Mid,31,Aspirated,Oral,145.063,144.55,151.238,147.203,329.396,88.375,1999.624,58.279,2930.118,79.741,4470.133,443.269,358.149,2228.513,3099.399,4851.841,23.153,21.103,30.593,17.153,17.472,23.988,30.357,13.881,4.976,5.743,3.694,12.493,-7.44,3.949,13.121,-6.835,-7.204,7.222,18.177,15.359,19.459,8.609,14.051,9.645,21.41,22.181,22.281,20.109,0.653,low,0.549,0.486,0.536,0.494,-437.96,415.616,982.569,412.171,1.026,2.68,0.384,Bo-Tense,0.382835820895522,1171322166322036098
Bo_M1,1,M,Bo,Village 1,M1_tcjhi31_01,422.473,664.084,241.611,5,i31,Vowel,i,Lax,Oral,31.0,2.0,Mid,31,Aspirated,Oral,133.26,132.98,135.841,134.461,371.947,61.722,1941.899,106.505,2913.133,135.142,4124.735,387.82,478.038,2456.663,3424.965,4712.9,24.774,23.558,27.752,21.528,9.32,8.9,29.476,9.94,6.389,3.52,2.515,8.964,-2.979,2.031,18.433,12.628,-4.703,13.619,18.384,20.038,22.258,14.594,14.208,12.372,26.506,26.459,25.473,21.424,0.0,low,0.533,0.432,0.432,0.399,-644.533,544.214,1178.943,541.184,1.451,3.156,0.462,Bo-Lax,0.459759188846641,3141773643899723818
Bo_M1,1,M,Bo,Village 1,M1_tcjhi31_02,205.926,472.721,266.795,5,i31,Vowel,i,Lax,Oral,31.0,2.0,Mid,31,Aspirated,Oral,132.039,132.034,135.302,133.68,331.097,86.913,2017.323,121.653,2880.217,128.824,4321.24,226.716,2189.902,3010.163,4472.261,4664.875,21.965,20.399,25.808,16.933,4.571,8.041,17.66,0.523,6.269,6.346,4.079,11.195,-3.843,3.466,21.238,8.892,4.305,19.876,15.696,14.053,17.886,9.204,6.254,19.835,30.311,27.912,25.558,21.698,0.0,low,0.524,0.429,0.452,0.403,-475.061,340.653,1133.989,337.563,1.249,3.094,0.404,Bo-Lax,0.403684550743374,-5631605983376151895
Bo_M1,1,M,Bo,Village 1,M1_va_31_01,333.13,612.887,279.757,5,a_31,Vowel,a,Tense,Oral,31.0,2.0,Mid,31,Unaspirated,Oral,127.162,28.417,134.671,129.178,700.748,78.578,1102.165,81.121,2582.676,272.389,3744.068,239.227,869.651,1089.241,3195.423,3713.345,14.26,13.795,16.676,14.719,19.859,9.305,25.177,-3.738,19.448,-5.041,-1.052,3.941,-2.416,-0.924,-3.183,5.414,-10.917,17.57,-5.188,18.836,15.312,9.855,7.917,16.862,12.527,20.197,21.649,21.229,0.729,low,0.491,0.411,0.488,0.47,-346.158,470.583,921.582,466.906,1.055,2.667,0.396,Bo-Tense,0.395575553055868,-4061696097817700443
Bo_M1,1,M,Bo,Village 1,M1_va_31_02,289.977,532.003,242.026,5,a_31,Vowel,a,Tense,Oral,31.0,2.0,Mid,31,Unaspirated,Oral,122.909,123.655,127.992,125.521,725.238,92.738,1110.269,70.186,2563.535,133.208,3725.681,129.62,925.346,1190.799,3019.606,3706.555,12.108,11.717,15.345,13.716,15.5,7.465,24.324,-5.822,20.591,-5.685,1.913,5.336,-3.237,-1.999,-0.155,6.251,-12.215,17.584,-8.483,17.402,10.195,6.381,6.378,21.412,15.703,21.842,22.381,22.741,0.661,low,0.551,0.437,0.503,0.518,-312.041,413.354,904.224,409.116,1.312,3.2,0.41,Bo-Tense,0.41,3153574134272897704
Bo_M1,1,M,Bo,Village 1,M1_vi_33_01,753.853,1085.761,331.908,5,i_33,Vowel,i,Tense,Oral,33.0,1.0,Mid,33,Unaspirated,Oral,159.676,159.309,162.666,160.048,309.39,42.629,2664.277,58.327,3655.486,205.792,3989.207,216.839,261.648,2714.942,3825.193,5425.427,22.712,20.081,24.289,9.555,3.984,13.556,24.288,8.931,9.351,17.058,7.207,18.78,-1.578,10.526,20.305,-4.001,-1.576,11.151,13.361,3.023,15.505,1.301,5.238,33.237,47.712,47.879,41.719,26.595,0.864,mid,0.525,0.49,0.535,0.472,-452.211,921.641,980.345,918.66,0.897,2.011,0.446,Bo-Tense,0.446046742913973,6743019440831049620
Bo_M1,1,M,Bo,Village 1,M1_vi_33_02,305.906,579.72,273.814,5,i_33,Vowel,i,Tense,Oral,33.0,1.0,Mid,33,Unaspirated,Oral,137.447,138.182,140.631,278.682,281.586,19.234,2476.285,56.596,3330.858,210.555,4035.632,93.68,2536.869,3811.647,4857.472,5493.374,21.02,18.697,32.298,18.306,12.717,21.257,32.295,18.22,11.904,19.301,10.296,20.938,-11.278,0.39,19.58,-2.95,-11.276,0.477,9.116,-0.604,10.723,-2.241,16.562,30.678,43.338,41.222,34.082,25.582,0.311,mid,0.544,0.457,0.515,0.494,-355.766,445.141,1013.194,441.526,1.121,2.613,0.427,Bo-Tense,0.42900880214313,4712876809881154900
Bo_M1,1,M,Bo,Village 1,M1_zji_33_01,573.491,902.793,329.302,5,i_33,Vowel,i,Tense,Oral,33.0,1.0,Mid,33,Unaspirated,Oral,168.688,167.751,169.817,282.116,335.283,25.874,2126.888,92.513,3171.469,57.881,4416.761,268.336,410.046,2413.332,3304.644,5224.252,20.466,17.919,29.766,13.315,10.08,18.75,29.765,13.217,7.217,9.003,7.603,18.965,-9.3,4.604,19.686,-5.435,-9.299,4.703,13.249,8.917,12.863,-1.046,14.547,35.537,44.79,43.867,40.755,27.242,0.383,mid,0.549,0.521,0.581,0.523,-474.688,739.564,1089.499,736.433,0.644,2.013,0.32,Bo-Tense,0.319920516641828,-5985407173692226262
Bo_M1,1,M,Bo,Village 1,M1_zji_33_02,340.515,636.776,296.261,5,i_33,Vowel,i,Tense,Oral,33.0,1.0,Mid,33,Unaspirated,Oral,150.801,150.014,152.309,151.526,355.921,76.038,1931.985,48.829,3087.468,80.934,4227.024,160.052,1027.014,2567.122,3771.331,4381.787,20.949,19.025,30.158,17.876,16.52,22.072,28.855,11.476,13.326,12.52,9.089,20.827,-9.209,1.149,13.637,-4.196,-7.907,7.55,7.622,6.505,11.86,-1.803,14.807,32.678,42.699,41.76,38.299,28.161,0.648,mid,0.561,0.505,0.565,0.516,-409.88,490.798,1104.255,487.346,1.022,2.507,0.408,Bo-Tense,0.407658556043079,8096995694349252943
Bo_M1,1,M,Bo,Village 1,M1_zji33_01,386.493,618.345,231.852,5,i33,Vowel,i,Lax,Oral,33.0,1.0,Mid,33,Unaspirated,Oral,136.024,135.625,136.496,136.545,371.093,66.936,1940.129,103.447,3035.742,117.63,4141.901,140.91,1049.062,2516.202,3639.017,4245.243,20.659,19.305,26.902,19.681,13.085,14.317,25.048,6.283,11.154,8.982,8.263,17.596,-6.242,-0.377,13.817,5.364,-4.388,13.022,9.505,10.323,12.397,1.709,10.272,30.073,44.052,43.11,40.078,30.853,0.0,mid,0.546,0.46,0.492,0.46,-488.99,504.499,1147.006,501.087,1.554,2.672,0.582,Bo-Lax,0.581586826347305,7628268963737971068
Bo_M1,1,M,Bo,Village 1,M1_zji33_02,357.37,615.051,257.681,5,i33,Vowel,i,Lax,Oral,33.0,1.0,Mid,33,Unaspirated,Oral,135.54,134.804,136.718,136.157,354.393,77.481,1990.695,80.214,3021.853,205.833,4222.358,175.457,2101.842,2934.061,4157.228,4565.742,22.025,20.536,27.832,19.563,13.311,15.982,21.697,3.795,11.865,11.168,5.794,15.019,-5.807,0.973,14.521,3.582,0.328,16.742,10.159,9.368,16.231,5.517,11.353,22.197,35.605,34.13,31.622,27.196,0.0,mid,0.555,0.466,0.486,0.453,-571.058,487.599,1273.938,484.219,1.528,2.829,0.54,Bo-Lax,0.540120183810534,4873099484121409195
Bo_M2,2,M,Bo,Village 1,M2_bi_31_01,576.102,837.057,260.955,5,i_31,Vowel,i,Tense,Oral,31.0,2.0,Mid,31,Unaspirated,Oral,92.775,92.321,94.029,93.903,250.52,53.327,2443.021,221.658,3069.942,341.398,4170.166,207.45,2758.248,3695.822,4343.841,4883.852,21.561,20.312,20.929,14.554,9.403,10.914,21.132,7.928,0.432,8.23,1.737,9.589,0.632,5.759,11.526,3.64,0.429,12.384,21.13,12.082,19.825,10.723,2.61,13.188,27.957,29.081,25.322,20.045,0.0,low,0.45,0.309,0.25,0.349,-165.431,710.923,367.851,707.09,1.995,3.204,0.623,Bo-Tense,0.622659176029963,4379853567520802642
Bo_M2,2,M,Bo,Village 1,M2_bu_33_01,487.564,833.684,346.12,5,u_33,Vowel,u,Tense,Oral,33.0,1.0,Mid,33,Unaspirated,Oral,95.149,94.793,96.241,96.072,316.006,266.155,872.309,202.76,2852.586,499.649,3968.275,337.414,795.76,2909.239,4165.178,4727.166,18.058,17.124,17.121,12.788,10.319,2.224,18.061,-0.185,11.015,-0.339,-13.125,11.063,0.937,4.336,6.803,10.564,-0.003,17.321,7.043,17.462,31.183,6.06,1.72,14.077,19.307,24.952,27.435,20.107,0.0,mid,0.448,0.344,0.289,0.374,-263.634,661.096,401.363,657.137,1.462,2.83,0.516,Bo-Tense,0.51660777385159,4697325149052239118
Bo_M2,2,M,Bo,Village 1,M2_bu_33_02,389.494,794.738,405.244,5,u_33,Vowel,u,Tense,Oral,33.0,1.0,Mid,33,Unaspirated,Oral,93.251,93.187,93.297,93.352,338.579,99.688,884.275,232.151,2850.242,684.86,3776.167,446.046,641.272,2123.312,3820.248,5110.438,19.67,18.902,13.965,10.514,21.386,7.159,21.33,1.596,12.158,-0.432,-11.161,12.54,5.706,8.388,-7.421,3.355,-1.66,17.321,7.513,19.334,30.832,6.362,3.606,13.173,19.256,22.482,24.683,19.958,0.0,mid,0.471,0.352,0.341,0.334,-427.115,595.658,850.06,592.082,2.289,3.166,0.723,Bo-Tense,0.722994314592546,-8148840056682313394
Bo_M2,2,M,Bo,Village 1,M2_bu33_01,458.119,802.32,344.201,5,u33,Vowel,u,Lax,Oral,33.0,1.0,Mid,33,Unaspirated,Oral,92.899,92.525,93.18,93.293,413.474,293.871,1150.187,845.287,2626.768,679.236,3996.365,644.643,707.119,2420.883,3767.91,4986.282,14.818,14.259,10.637,8.207,16.775,-0.51,15.855,-6.621,3.096,-10.544,-5.299,5.687,4.181,6.052,-6.138,8.717,-1.037,20.885,11.722,24.803,20.118,8.572,1.475,10.397,14.533,17.938,20.027,19.755,0.0,mid,0.472,0.316,0.294,0.278,-345.125,633.148,765.349,630.131,2.541,3.159,0.804,Bo-Lax,0.804368471035138,6090323117493508278
Bo_M2,2,M,Bo,Village 1,M2_bu33_02,408.851,778.841,369.99,5,u33,Vowel,u,Lax,Oral,33.0,1.0,Mid,33,Unaspirated,Oral,95.566,95.255,95.432,95.616,359.636,117.364,931.061,233.606,2159.962,521.496,3687.552,400.444,682.422,2002.604,3706.805,5515.809,18.562,17.83,15.454,12.183,24.294,7.901,24.288,3.711,16.14,3.198,-1.644,6.849,3.108,5.646,-8.839,4.282,-5.726,14.121,2.422,14.631,20.206,10.98,6.274,9.774,13.615,17.439,20.069,20.999,0.0,mid,0.379,0.346,0.376,0.333,-591.042,597.717,1203.673,594.227,2.028,2.692,0.752,Bo-Lax,0.75334323922734,5470601930226017526
Bo_M2,2,M,Bo,Village 1,M2_de_33_01,405.627,695.296,289.669,5,e_33,Vowel,e,Tense,Oral,33.0,1.0,Mid,33,Unaspirated,Oral,94.681,94.688,97.425,95.964,671.0,67.982,1824.735,128.356,2909.532,307.64,4129.963,266.034,734.333,1962.653,3204.602,4485.903,17.002,16.792,10.459,9.593,8.625,4.644,22.886,-3.836,12.604,-3.072,2.56,-0.731,6.543,7.199,1.834,4.948,-5.883,20.631,4.398,19.864,14.443,17.523,3.236,16.871,15.238,14.514,16.07,19.484,0.0,mid,0.39,0.284,0.269,0.307,-177.546,551.864,465.751,548.59,1.594,3.092,0.53,Bo-Tense,0.515523932729625,-7982778123871929744
Bo_M2,2,M,Bo,Village 1,M2_de_33_02,198.183,517.51,319.327,5,e_33,Vowel,e,Tense,Oral,33.0,1.0,Mid,33,Unaspirated,Oral,99.454,99.29,100.605,100.332,692.667,96.405,1797.491,129.792,2659.279,520.375,4194.42,487.185,748.664,1981.05,3205.236,4481.635,26.445,26.233,19.616,18.744,13.472,9.483,25.016,-2.08,14.742,-1.94,6.303,-0.428,6.829,7.488,6.144,9.262,1.429,28.315,11.702,28.173,20.142,26.661,9.82,13.046,14.196,12.934,13.284,21.845,0.0,mid,0.401,0.292,0.261,0.294,-319.66,361.572,499.795,358.599,1.964,2.3,0.854,Bo-Tense,0.853913043478261,8731731906535566597
Bo_M2,2,M,Bo,Village 1,M2_dze_33_01,374.702,659.838,285.136,5,e_33,Vowel,e,Tense,Oral,33.0,1.0,Mid,33,Unaspirated,Oral,100.5,100.74,100.465,100.67,724.802,109.86,1572.089,389.793,2493.313,350.571,3686.877,1025.101,754.096,1958.633,3077.874,5834.799,32.072,31.865,24.964,24.116,23.266,19.441,30.628,2.684,14.012,-5.755,6.983,-0.491,7.108,7.75,1.698,4.675,1.444,29.185,18.06,37.62,25.089,32.356,37.529,13.932,12.555,13.918,16.188,23.987,0.0,mid,0.389,0.305,0.285,0.274,-487.157,516.783,754.225,514.059,1.528,2.423,0.631,Bo-Tense,0.630623194387123,-332534716919135213
Bo_M2,2,M,Bo,Village 1,M2_dze_33_02,302.718,563.426,260.708,5,e_33,Vowel,e,Tense,Oral,33.0,1.0,Mid,33,Unaspirated,Oral,101.455,62.456,50.825,101.786,772.726,112.751,1571.568,208.713,2473.19,341.377,4286.172,463.958,950.927,2176.332,3475.344,4520.68,28.812,28.623,20.788,20.012,18.833,15.396,27.195,-1.724,17.509,-4.212,9.502,0.828,8.024,8.61,1.956,4.617,1.617,30.351,11.303,32.834,19.31,27.794,21.203,3.082,0.44,2.47,5.795,19.426,0.0,mid,0.414,0.311,0.283,0.297,-297.536,434.198,526.663,431.302,2.064,2.516,0.823,Bo-Tense,0.820349761526232,734361075849713303
Bo_M2,2,M,Bo,Village 1,M2_dze33_01,402.6,678.589,275.989,5,e33,Vowel,e,Lax,Oral,33.0,1.0,Mid,33,Unaspirated,Oral,94.482,94.59,97.111,95.861,671.126,147.738,1741.97,217.538,2896.789,209.627,4036.031,329.437,898.723,2159.97,3176.439,5187.096,27.235,27.027,23.506,22.648,9.385,5.463,25.284,-1.614,15.027,-1.518,11.691,9.293,3.73,4.379,14.121,17.185,1.951,28.645,12.208,28.545,15.544,17.734,13.558,11.652,10.788,10.345,11.356,20.569,0.0,mid,0.42,0.301,0.274,0.344,-208.579,543.383,485.154,539.719,1.769,2.93,0.605,Bo-Lax,0.603754266211604,-6327205141892609244
Bo_M2,2,M,Bo,Village 1,M2_dze33_02,414.426,682.565,268.139,5,e33,Vowel,e,Lax,Oral,33.0,1.0,Mid,33,Unaspirated,Oral,100.302,99.711,102.687,100.9,654.868,236.861,1725.35,181.353,2653.49,589.276,4256.14,277.763,732.11,2029.219,3737.311,4294.739,29.223,28.967,25.035,23.974,16.379,11.314,25.189,-1.124,18.451,2.752,6.443,0.23,4.188,4.993,8.656,12.66,4.033,30.093,10.772,26.215,22.779,28.736,16.24,3.079,4.706,5.984,8.273,20.553,0.0,mid,0.432,0.318,0.289,0.33,-252.037,549.175,489.819,545.849,1.873,3.036,0.62,Bo-Lax,0.616930171277997,4560084386079300205
Bo_M2,2,M,Bo,Village 1,M2_dzre33_01,522.038,797.409,275.371,5,e33,Vowel,e,Lax,Oral,33.0,1.0,Mid,33,Unaspirated,Oral,96.51,96.662,98.284,97.6,669.397,47.203,1779.695,109.576,2515.018,573.119,4177.134,315.644,718.785,1970.232,3294.44,4458.414,18.007,17.79,10.541,9.648,10.552,6.437,21.637,-5.077,10.244,-5.653,0.892,-8.729,7.466,8.142,-0.012,3.211,-3.63,22.868,7.762,23.443,17.115,26.519,2.618,25.242,24.839,21.613,20.813,20.774,0.0,mid,0.404,0.275,0.241,0.293,-212.94,663.82,390.519,660.756,1.94,2.559,0.762,Bo-Lax,0.75810863618601,-1142463286383558178
Bo_M2,2,M,Bo,Village 1,M2_dzre33_02,507.047,836.22,329.173,5,e33,Vowel,e,Lax,Oral,33.0,1.0,Mid,33,Unaspirated,Oral,94.048,93.593,95.485,94.96,689.779,46.061,1742.103,144.872,2932.052,702.917,4064.745,405.27,742.984,2005.326,3426.627,4742.756,17.459,17.257,10.045,9.216,12.236,8.465,21.762,-5.25,8.297,-8.399,-2.167,-5.713,7.414,8.041,-2.191,0.751,-4.303,22.511,9.162,25.656,19.626,22.97,2.758,16.842,16.405,16.374,17.53,18.664,0.756,mid,0.352,0.252,0.254,0.259,-188.772,674.963,442.301,672.166,1.702,2.29,0.746,Bo-Lax,0.743231441048035,4328654673205316709
Bo_M2,2,M,Bo,Village 1,M2_dzro_33_01,268.411,630.448,362.037,5,o_33,Vowel,o,Tense,Oral,33.0,1.0,Mid,33,Unaspirated,Oral,102.162,101.952,102.61,102.683,730.869,101.054,2709.271,270.635,3272.698,653.266,4207.791,252.917,595.865,2914.051,4307.991,4327.691,27.467,27.28,27.538,26.769,28.069,24.561,21.111,-5.59,-9.094,-17.586,-11.721,-23.195,-0.071,0.511,-0.531,2.208,6.356,32.871,36.561,44.866,39.188,50.475,16.428,11.837,23.386,31.955,31.961,20.781,0.0,mid,0.498,0.424,0.44,0.419,-248.517,450.672,617.659,446.563,1.307,3.324,0.394,Bo-Tense,0.393200962695548,-1569007860106156934
Bo_M2,2,M,Bo,Village 1,M2_dzro_33_02,222.899,545.649,322.75,5,o_33,Vowel,o,Tense,Oral,33.0,1.0,Mid,33,Unaspirated,Oral,100.571,100.163,101.375,101.086,712.036,82.229,2766.162,131.579,3425.519,203.773,4428.037,396.046,645.243,3116.853,4441.929,4297.404,26.624,26.432,27.386,26.594,23.942,20.306,23.602,-2.84,-6.657,-14.178,-7.267,-16.918,-0.761,-0.162,3.443,6.288,3.022,29.274,33.282,40.61,33.891,43.35,11.837,11.46,22.124,31.256,30.262,20.555,0.0,mid,0.517,0.384,0.315,0.397,-163.915,386.019,444.581,382.046,1.731,3.762,0.46,Bo-Tense,0.460127591706539,-173680444450220935
Bo_M2,2,M,Bo,Village 1,M2_dzro33_01,350.475,658.749,308.274,5,o33,Vowel,o,Lax,Oral,33.0,1.0,Mid,33,Unaspirated,Oral,97.542,97.467,97.588,98.067,456.368,122.31,809.109,73.501,2697.885,127.547,3695.653,492.352,686.304,2717.224,4074.473,4430.854,29.381,28.837,25.173,22.853,24.521,10.485,26.636,0.72,21.34,1.189,-7.942,11.315,4.208,5.984,0.652,12.368,2.744,28.161,8.041,27.648,37.322,17.522,17.366,9.779,20.03,29.745,31.347,21.668,0.0,mid,0.421,0.368,0.385,0.364,-350.37,504.306,552.981,500.575,1.677,2.604,0.647,Bo-Lax,0.644009216589862,-3173710482387302406
Bo_M2,2,M,Bo,Village 1,M2_dzro33_02,271.784,538.642,266.858,5,o33,Vowel,o,Lax,Oral,33.0,1.0,Mid,33,Unaspirated,Oral,96.611,96.511,97.312,97.457,480.826,171.703,821.325,270.687,2599.58,161.556,3488.857,287.781,594.574,2729.887,4026.976,4306.395,30.508,30.02,25.573,23.51,24.398,12.805,26.738,0.179,15.437,-5.358,-4.635,11.475,4.935,6.511,1.176,10.705,3.77,29.879,15.071,35.378,35.143,18.546,18.843,5.467,13.282,22.504,23.741,18.604,0.0,mid,0.486,0.334,0.29,0.305,-316.18,406.162,452.56,402.969,2.308,3.427,0.673,Bo-Lax,0.67347534286548,-257162238881411960
Bo_M2,2,M,Bo,Village 1,M2_dzu_31_01,350.815,686.244,335.429,5,u_31,Vowel,u,Tense,Oral,31.0,2.0,Mid,31,Unaspirated,Oral,87.868,88.033,88.625,89.155,284.093,76.288,832.431,387.926,2733.458,554.348,3785.675,432.232,557.053,2579.947,3897.579,4351.721,20.287,19.331,14.098,9.655,18.709,11.517,20.376,3.705,1.927,-8.753,-17.925,9.903,6.189,9.675,-4.611,-1.861,-0.089,15.64,18.36,28.084,38.212,9.428,2.195,12.352,22.603,29.628,32.932,19.133,0.0,low,0.405,0.276,0.194,0.298,-268.631,523.166,276.209,519.795,2.084,2.556,0.816,Bo-Tense,0.815336463223787,6190605639560331192
Bo_M2,2,M,Bo,Village 1,M2_dzu31_01,415.191,669.796,254.605,5,u31,Vowel,u,Lax,Oral,31.0,2.0,Mid,31,Unaspirated,Oral,81.628,81.414,82.628,82.322,280.465,96.786,993.596,290.254,2713.93,615.287,4010.77,474.233,809.402,2642.717,4054.223,4495.658,27.598,26.804,15.098,11.478,23.165,13.275,23.756,7.323,6.107,-2.192,-6.877,9.763,12.5,15.326,-8.067,-1.797,3.842,19.484,21.491,28.996,34.475,17.041,7.344,2.326,10.589,16.232,19.34,19.2,0.0,low,0.381,0.337,0.382,0.333,-443.111,543.844,599.877,539.704,1.45,2.624,0.551,Bo-Lax,0.552591463414634,-8110303990014209109
Bo_M2,2,M,Bo,Village 1,M2_ha_33_01,331.359,697.748,366.389,5,a_33,Vowel,a,Tense,Oral,33.0,1.0,Mid,33,Aspirated,Oral,93.915,93.665,95.354,94.662,856.064,139.517,1129.246,201.375,2804.1,147.516,3987.519,209.587,966.534,2844.614,4058.955,5415.848,26.275,26.105,21.721,21.027,14.101,11.13,32.755,-1.843,28.69,-3.355,13.071,15.369,4.555,5.078,7.62,9.897,-6.479,28.054,-2.414,29.459,13.205,10.736,43.029,12.937,5.854,11.818,11.716,23.088,0.068,mid,0.433,0.305,0.28,0.328,-177.147,514.724,485.377,511.214,1.956,3.454,0.568,Bo-Tense,0.56629994209612,-4676124665895525924
Bo_M2,2,M,Bo,Village 1,M2_ha_33_02,247.6,605.558,357.958,5,a_33,Vowel,a,Tense,Oral,33.0,1.0,Mid,33,Aspirated,Oral,93.987,93.567,94.729,94.093,787.098,173.103,1147.873,196.929,2802.501,127.731,3984.559,294.633,943.933,2852.423,4068.948,5460.924,27.191,27.0,22.955,22.18,18.014,14.646,28.282,-3.94,22.666,-6.11,5.863,9.763,4.235,4.821,4.941,7.534,-1.092,31.002,4.525,33.11,21.328,17.237,18.778,18.18,13.242,19.119,18.732,23.496,0.0,mid,0.412,0.311,0.296,0.291,-228.687,428.43,448.19,425.305,1.82,3.024,0.604,Bo-Tense,0.601851851851852,5638143929192659022
Bo_M2,2,M,Bo,Village 1,M2_ha33_01,312.6,632.594,319.994,5,a33,Vowel,a,Lax,Oral,33.0,1.0,Mid,33,Aspirated,Oral,101.266,100.946,102.126,101.773,714.535,259.343,1155.722,334.348,2631.249,220.238,3813.086,696.519,857.053,2434.892,4796.211,5545.934,30.464,30.23,23.806,22.849,23.435,19.147,29.046,-1.393,20.101,-5.946,5.661,7.319,6.657,7.381,0.371,3.702,1.418,31.652,10.363,36.177,24.802,22.911,31.244,19.119,13.966,17.365,18.0,23.043,0.163,mid,0.457,0.321,0.285,0.304,-432.998,473.19,612.319,470.186,1.815,3.056,0.596,Bo-Lax,0.593913612565445,8598050038940958528
Bo_M2,2,M,Bo,Village 1,M2_ha33_02,299.894,575.692,275.798,5,a33,Vowel,a,Lax,Oral,33.0,1.0,Mid,33,Aspirated,Oral,97.214,97.156,97.468,97.862,675.502,211.39,1044.563,235.852,2674.636,150.986,3877.726,274.333,836.666,2786.41,4305.422,,29.111,28.849,21.995,20.919,21.709,16.844,28.095,-2.495,24.364,-2.442,5.13,12.099,7.116,7.93,0.286,4.075,1.016,31.401,4.747,31.291,23.981,16.75,20.143,22.932,18.69,21.96,20.259,22.548,0.0,mid,0.44,0.319,0.281,0.3,-390.572,437.567,532.797,434.457,1.829,2.686,0.682,Bo-Lax,0.680938198064036,-4683144191529167922
Bo_M2,2,M,Bo,Village 1,M2_hlo_33_01,282.247,632.159,349.912,5,o_33,Vowel,o,Tense,Oral,33.0,1.0,Mid,33,Unaspirated,Oral,98.228,97.985,98.835,98.606,678.958,93.794,2686.21,312.332,3472.924,866.406,3993.983,292.512,558.088,2752.188,3925.455,,29.727,29.527,28.667,27.84,32.145,28.315,23.637,-2.473,-8.288,-15.664,-9.983,-16.278,1.061,1.687,-3.479,-0.475,6.091,32.001,38.016,45.191,39.71,45.804,33.282,12.707,25.878,35.552,36.566,26.327,0.0,mid,0.44,0.391,0.434,0.391,-308.808,457.385,884.193,453.387,1.275,3.329,0.378,Bo-Tense,0.382997897266446,-2634002867977476409
Bo_M2,2,M,Bo,Village 1,M2_hlo_33_02,386.835,714.701,327.866,5,o_33,Vowel,o,Tense,Oral,33.0,1.0,Mid,33,Unaspirated,Oral,97.554,97.504,98.766,98.242,726.238,113.126,2619.867,190.909,3409.098,201.982,4089.361,568.231,570.852,2956.207,3659.316,4892.919,30.199,30.02,30.212,29.477,28.979,25.649,23.362,-3.335,-6.245,-15.403,-6.4,-14.006,-0.013,0.543,1.233,3.828,6.837,33.357,36.444,45.423,36.599,44.026,30.95,11.499,22.531,30.351,29.968,21.116,0.0,mid,0.454,0.386,0.377,0.384,-257.679,550.319,532.706,546.361,1.143,3.075,0.372,Bo-Tense,0.371707317073171,-7620439803666805413
Bo_M2,2,M,Bo,Village 1,M2_hlo33_01,330.201,581.016,250.815,5,o33,Vowel,o,Lax,Oral,33.0,1.0,Mid,33,Unaspirated,Oral,110.238,110.408,110.864,110.848,570.094,158.831,2773.25,146.175,3422.335,164.674,4563.089,737.21,643.006,2976.477,4384.858,4579.393,25.74,25.373,20.018,18.457,15.388,6.444,25.574,1.441,-5.754,-8.454,-8.135,-13.298,5.722,6.917,4.629,12.013,0.166,23.932,31.494,33.827,33.875,38.671,9.948,10.133,19.09,28.396,27.939,20.439,0.0,mid,0.431,0.433,0.598,0.392,-205.883,454.626,174.919,451.072,2.054,3.12,0.743,Bo-Lax,0.658333333333333,-8035589793729261317
Bo_M2,2,M,Bo,Village 1,M2_hlo33_02,329.705,619.974,290.269,5,o33,Vowel,o,Lax,Oral,33.0,1.0,Mid,33,Unaspirated,Oral,120.102,121.26,120.285,121.345,294.905,352.185,770.825,123.348,2739.916,103.358,3400.443,186.929,658.468,2757.778,4121.698,4269.555,25.103,22.97,22.891,11.124,17.243,19.281,22.333,7.848,16.223,7.148,-2.505,29.072,2.212,11.846,5.647,-8.156,2.769,15.142,8.88,15.823,27.608,-6.102,7.343,10.912,18.175,26.495,25.605,18.924,0.0,mid,0.511,0.343,0.31,0.287,-170.656,474.692,275.413,472.295,1.487,3.45,0.439,Bo-Lax,0.431014492753623,-5096867058223601329
Bo_M2,2,M,Bo,Village 1,M2_hlu_33_01,361.761,674.184,312.423,5,u_33,Vowel,u,Tense,Oral,33.0,1.0,Mid,33,Unaspirated,Oral,98.864,99.278,97.462,98.253,795.539,55.306,2687.033,147.962,3586.594,268.79,4328.102,474.525,731.295,2886.694,3963.654,3890.755,18.835,18.685,9.518,8.905,22.633,19.927,19.482,-8.009,-11.464,-21.592,-15.061,-22.669,9.317,9.78,-13.115,-11.022,-0.648,26.696,30.299,40.277,33.896,41.354,3.597,14.972,21.68,31.237,32.313,20.225,0.388,mid,0.401,0.275,0.252,0.24,-142.28,517.854,295.977,515.435,1.927,3.23,0.598,Bo-Tense,0.596594427244582,-6434165288209991128
Bo_M2,2,M,Bo,Village 1,M2_hlu_33_02,351.087,705.404,354.317,5,u_33,Vowel,u,Tense,Oral,33.0,1.0,Mid,33,Unaspirated,Oral,95.272,94.773,95.722,95.435,350.271,195.248,776.004,186.895,2615.242,164.683,3577.186,337.322,638.151,2884.747,4000.258,5183.567,21.549,20.709,16.376,12.579,19.846,5.875,19.494,-0.752,8.762,-5.479,-10.827,12.585,5.172,8.13,-3.469,6.704,2.055,21.481,12.787,26.188,32.375,8.124,2.743,13.249,22.54,31.283,32.596,20.573,0.0,mid,0.37,0.291,0.268,0.306,-168.738,529.462,323.423,526.221,1.309,2.391,0.548,Bo-Tense,0.547469677959013,28910908608781820
Bo_M2,2,M,Bo,Village 1,M2_hlu33_01,351.741,742.809,391.068,5,u33,Vowel,u,Lax,Oral,33.0,1.0,Mid,33,Unaspirated,Oral,97.843,97.593,98.549,98.256,317.735,76.293,843.716,279.62,3025.151,828.524,3947.853,617.051,544.159,2148.865,3880.601,4867.8,24.238,23.279,15.848,11.395,24.495,16.583,25.244,6.653,10.016,-1.893,-13.738,13.86,8.389,11.884,-8.647,-5.188,-1.007,16.645,14.222,25.172,37.976,9.419,6.244,9.007,17.135,23.292,26.834,21.028,0.0,mid,0.441,0.338,0.34,0.295,-306.208,547.798,797.674,544.772,1.859,3.225,0.578,Bo-Lax,0.576434108527132,6363644808912076034
Bo_M2,2,M,Bo,Village 1,M2_hlu33_02,394.632,752.129,357.497,5,u33,Vowel,u,Lax,Oral,33.0,1.0,Mid,33,Unaspirated,Oral,95.596,95.361,96.262,96.128,316.081,103.979,882.462,225.342,2190.896,533.808,3719.211,743.585,703.608,2336.509,4096.972,4315.02,23.713,22.791,14.795,10.529,22.715,14.474,23.47,5.14,11.529,0.277,-11.354,5.376,8.918,12.262,-7.92,-3.944,0.243,17.656,12.184,22.514,35.067,17.415,4.663,11.434,18.109,24.173,28.249,20.448,0.0,mid,0.398,0.313,0.308,0.306,-307.809,577.437,726.903,574.22,1.667,2.664,0.626,Bo-Lax,0.625750750750751,-2361483581334926521
Bo_M2,2,M,Bo,Village 1,M2_ku_33_01,450.242,629.465,179.223,5,u_33,Vowel,u,Tense,Oral,33.0,1.0,Mid,33,Unaspirated,Oral,93.194,92.51,93.944,93.746,232.606,130.988,828.644,113.181,2875.449,435.558,4418.005,508.994,805.885,3002.582,4504.062,4510.332,24.471,22.935,18.673,10.732,12.641,14.632,13.419,0.8,12.208,6.239,-11.587,20.681,5.798,12.203,6.032,-3.9,11.052,22.142,12.263,16.696,36.058,2.254,2.894,7.261,16.909,25.74,28.152,21.017,0.0,mid,0.432,0.303,0.244,0.316,-188.349,539.95,338.949,536.542,2.111,3.578,0.591,Bo-Tense,0.589994410285076,-7482618888953026574
Bo_M2,2,M,Bo,Village 1,M2_ku_33_02,264.314,461.899,197.585,5,u_33,Vowel,u,Tense,Oral,33.0,1.0,Mid,33,Unaspirated,Oral,92.067,91.466,93.639,93.048,827.426,123.637,2783.673,168.09,3649.684,376.791,4274.612,538.723,760.556,2937.315,4010.997,4071.559,26.356,26.23,20.906,20.392,17.654,15.428,12.973,-15.049,-10.304,-21.073,-12.506,-20.322,5.45,5.838,3.252,4.964,13.383,41.282,36.66,47.303,38.862,46.552,4.548,5.981,16.678,25.001,27.452,21.108,0.0,mid,0.401,0.289,0.256,0.299,-167.908,363.855,368.53,360.59,1.95,3.968,0.507,Bo-Tense,0.491431451612903,-1191948831188633396
Bo_M2,2,M,Bo,Village 1,M2_la_31_01,399.672,586.838,187.166,5,a_31,Vowel,a,Tense,Oral,31.0,2.0,Mid,31,Unaspirated,Oral,104.618,103.948,106.269,109.774,820.027,134.67,1248.018,134.758,2851.481,113.432,3828.885,345.366,970.147,1704.695,3243.951,5525.935,24.862,24.658,24.737,23.905,20.105,16.466,30.094,-2.125,25.909,-2.565,9.062,10.234,0.125,0.752,4.632,7.44,-5.232,26.834,-1.048,27.223,15.799,14.424,38.326,8.255,0.955,7.397,9.45,19.904,0.721,low,0.536,0.378,0.368,0.445,-165.461,495.376,550.164,491.102,2.103,3.598,0.585,Bo-Tense,0.584491384102279,5118163333926240011
Bo_M2,2,M,Bo,Village 1,M2_la_31_02,372.241,539.711,167.47,5,a_31,Vowel,a,Tense,Oral,31.0,2.0,Mid,31,Unaspirated,Oral,105.529,5.671,108.238,106.936,803.723,122.935,1196.376,155.298,2797.949,104.884,3900.711,258.292,959.321,2885.727,4833.404,5357.047,24.121,23.891,22.385,21.443,15.994,11.814,27.631,-4.117,22.052,-5.994,8.256,10.859,1.737,2.448,6.391,9.629,-3.51,28.061,2.07,29.886,15.865,13.032,21.4,11.912,6.306,12.814,13.787,21.308,0.0,low,0.515,0.378,0.379,0.409,-152.623,457.692,559.988,453.794,1.795,3.764,0.477,Bo-Tense,0.476886291179596,6004205485209271437
Bo_M2,2,M,Bo,Village 1,M2_li_33_01,422.307,821.609,399.302,5,i_33,Vowel,i,Tense,Oral,33.0,1.0,Mid,33,Unaspirated,Oral,93.113,92.798,93.583,93.746,261.099,48.808,2674.627,389.839,3334.441,297.565,4012.782,384.743,255.184,2891.233,3719.329,4886.586,20.423,19.29,20.621,14.962,10.54,10.493,23.671,9.654,-3.392,5.53,-0.326,7.116,-0.199,4.329,10.081,4.469,-3.248,9.637,23.815,13.76,20.749,12.175,2.965,17.862,29.631,30.889,28.054,21.655,0.0,mid,0.438,0.347,0.35,0.393,-313.023,622.673,818.246,618.442,1.416,3.031,0.467,Bo-Tense,0.467172550313428,6159570089730707757
Bo_M2,2,M,Bo,Village 1,M2_li_33_02,307.315,671.292,363.977,5,i_33,Vowel,i,Tense,Oral,33.0,1.0,Mid,33,Unaspirated,Oral,88.577,88.266,89.083,89.468,261.178,73.039,2551.508,443.909,3268.131,354.171,3940.431,206.762,273.242,2813.392,3791.546,4672.906,21.889,20.856,19.733,14.687,13.042,11.547,22.085,8.071,-9.54,-1.272,-6.494,1.511,2.156,6.169,6.691,3.14,-0.195,12.785,31.429,22.127,28.383,19.345,2.545,13.829,27.585,30.863,29.621,20.87,0.0,mid,0.417,0.327,0.32,0.362,-291.522,491.885,733.967,487.778,1.607,3.075,0.522,Bo-Tense,0.52260162601626,3756126437570447519
Bo_M2,2,M,Bo,Village 1,M2_lu_33_01,418.823,679.353,260.53,5,u_33,Vowel,u,Tense,Oral,33.0,1.0,Mid,33,Unaspirated,Oral,94.392,93.655,96.196,95.506,255.689,107.047,788.584,358.784,2764.648,239.931,3741.563,347.074,627.472,2801.276,3989.373,3725.287,24.223,22.839,23.211,16.21,15.048,14.752,22.665,8.398,5.961,-2.175,-11.071,18.87,1.012,6.629,8.163,1.458,1.558,14.451,18.262,25.014,35.294,3.969,4.499,6.644,17.704,25.361,27.992,19.595,0.0,mid,0.438,0.334,0.305,0.39,-210.506,549.047,456.774,544.871,1.214,3.031,0.401,Bo-Tense,0.400527878587925,5192978850101458114
Bo_M2,2,M,Bo,Village 1,M2_lu_33_02,388.365,587.35,198.985,5,u_33,Vowel,u,Tense,Oral,33.0,1.0,Mid,33,Unaspirated,Oral,89.392,89.212,89.731,89.7,236.011,169.703,905.421,885.607,2752.78,479.697,3765.435,548.079,961.662,2813.521,3965.746,4142.456,27.368,26.02,22.786,15.993,18.51,19.324,20.417,7.539,5.259,0.014,-11.567,16.294,4.581,10.027,4.277,-3.331,6.95,18.486,22.109,26.007,38.935,9.726,5.743,4.175,13.383,20.202,23.799,18.743,0.0,mid,0.415,0.292,0.234,0.299,-245.876,491.338,375.139,487.992,2.115,2.834,0.747,Bo-Tense,0.746294989414256,-2126918959073754009
Bo_M2,2,M,Bo,Village 1,M2_lu33_02,372.801,651.423,278.622,5,u33,Vowel,u,Lax,Oral,33.0,1.0,Mid,33,Unaspirated,Oral,81.988,82.191,82.849,83.067,307.795,140.428,905.764,289.043,2447.1,668.096,3762.62,543.914,692.642,2371.3,3776.132,4471.516,23.095,22.391,11.606,8.464,21.447,6.201,21.442,3.36,10.906,0.084,-6.762,7.092,11.489,13.926,-9.841,2.264,1.653,19.034,12.189,22.306,29.857,15.299,3.957,6.411,13.261,17.878,21.203,19.486,0.0,mid,0.386,0.27,0.224,0.269,-456.313,510.884,602.998,507.625,1.889,2.532,0.746,Bo-Lax,0.746050552922591,-948427316653207863
Bo_M2,2,M,Bo,Village 1,M2_me_33_01,291.946,447.699,155.753,5,e_33,Vowel,e,Tense,Oral,33.0,1.0,Mid,33,Unaspirated,Nasal,115.961,115.809,116.556,116.178,344.297,414.911,2041.61,186.244,2829.535,223.951,3816.627,602.815,530.682,2347.12,3377.188,4255.856,31.548,30.519,29.147,24.113,26.057,23.199,29.455,10.842,15.553,14.403,9.689,13.81,2.401,6.407,3.09,0.914,2.093,19.678,15.995,16.116,21.858,16.709,31.112,33.246,35.922,31.411,27.419,27.788,0.0,mid,0.475,0.399,0.409,0.374,-437.962,372.01,1041.893,368.785,1.734,2.932,0.592,Bo-Tense,0.591405184174625,8284374697584549608
Bo_M2,2,M,Bo,Village 1,M2_me_33_01,581.298,802.029,220.731,5,e33,Vowel,e,Tense,Oral,33.0,1.0,Mid,33,Unaspirated,Nasal,83.782,83.765,84.677,84.788,710.732,187.615,1879.983,249.401,2824.337,248.358,4126.597,299.729,921.398,2332.612,3354.214,4332.902,25.267,25.132,17.02,16.468,16.613,14.223,18.637,-9.266,11.458,-5.619,9.215,1.962,8.247,8.663,0.407,2.245,6.63,34.4,13.809,30.751,16.052,23.17,5.403,14.922,15.879,16.005,16.069,22.024,0.0,mid,0.383,0.246,0.243,0.272,-199.658,696.48,428.683,693.209,2.608,2.67,0.976,Bo-Tense,0.976779026217229,3227307095752287185
Bo_M2,2,M,Bo,Village 1,M2_me_33_02,259.533,374.325,114.792,5,e_33,Vowel,e,Tense,Oral,33.0,1.0,Mid,33,Unaspirated,Nasal,110.753,110.596,111.311,111.328,347.722,196.287,1935.762,244.691,2931.761,236.585,3714.542,504.018,498.724,2067.768,3267.514,5435.439,33.179,32.231,29.079,24.532,33.494,29.005,31.044,12.389,9.007,6.818,6.874,14.562,4.1,7.7,-4.414,-4.474,2.135,19.843,24.173,25.413,26.305,17.669,50.789,23.998,30.201,29.488,27.276,27.212,0.0,mid,0.405,0.358,0.382,0.322,-535.351,319.871,1119.396,316.961,1.455,2.735,0.532,Bo-Tense,0.53199268738574,-3479891982343310522
Bo_M2,2,M,Bo,Village 1,M2_me_33_02,496.726,689.916,193.19,5,e33,Vowel,e,Tense,Oral,33.0,1.0,Mid,33,Unaspirated,Nasal,82.545,81.694,83.199,82.706,743.485,106.456,1815.523,159.989,2763.362,272.608,4055.864,348.61,865.711,2190.526,3803.889,4542.125,24.794,24.667,17.97,17.454,13.179,10.96,21.434,-6.926,9.998,-8.298,5.639,-1.947,6.823,7.213,4.791,6.494,3.359,31.596,14.796,32.964,19.155,26.614,5.055,9.488,10.585,11.918,14.367,21.746,0.0,mid,0.373,0.244,0.243,0.287,-175.38,597.943,483.595,594.393,2.239,2.713,0.828,Bo-Tense,0.825285661629193,2278957589734176862
Bo_M2,2,M,Bo,Village 1,M2_na_33_01,421.24,753.105,331.865,5,a_33,Vowel,a,Tense,Oral,33.0,1.0,Mid,33,Unaspirated,Nasal,108.942,108.732,110.111,109.47,889.914,102.715,1225.685,131.459,2839.089,136.034,3906.845,164.6,1036.265,2771.93,3927.001,4848.879,22.589,22.384,20.374,19.539,13.766,10.129,32.403,-1.432,28.368,-2.512,12.354,13.011,2.215,2.845,6.608,9.41,-9.815,23.899,-5.78,24.896,10.235,9.373,39.591,26.769,15.864,19.594,18.103,24.208,0.497,mid,0.463,0.358,0.379,0.376,-167.155,588.314,564.277,584.851,1.489,3.471,0.434,Bo-Tense,0.42898300201671,1937252176398656620
Bo_M2,2,M,Bo,Village 1,M2_na_33_02,236.03,547.942,311.912,5,a_33,Vowel,a,Tense,Oral,33.0,1.0,Mid,33,Unaspirated,Nasal,101.556,101.194,101.657,101.507,902.426,177.447,1207.179,147.415,2769.285,135.362,3883.565,262.551,1072.336,2721.172,4001.824,5721.75,24.033,23.857,19.222,18.506,16.593,13.516,30.034,-4.473,28.966,-2.777,12.659,12.296,4.811,5.351,2.629,4.99,-6.0,28.414,-4.933,26.634,11.374,11.561,38.848,30.85,21.318,23.056,20.97,25.94,0.827,mid,0.439,0.314,0.314,0.334,-183.703,394.167,587.635,390.871,2.068,3.224,0.638,Bo-Tense,0.641439205955335,3111880101403859931
Bo_M2,2,M,Bo,Village 1,M2_na33_01,514.313,839.514,325.201,5,a33,Vowel,a,Lax,Oral,33.0,1.0,Mid,33,Unaspirated,Nasal,105.593,105.292,106.754,106.23,852.379,324.736,1292.195,475.594,2738.2,142.264,3673.525,326.666,944.044,2824.781,3913.277,5324.961,26.457,26.244,24.228,23.358,18.644,14.812,24.956,-7.306,17.183,-11.277,5.938,6.061,2.229,2.886,5.584,8.546,1.502,33.605,9.274,37.521,20.519,20.184,15.127,16.23,12.502,18.085,19.128,22.263,0.0,mid,0.495,0.367,0.341,0.334,-236.622,677.48,599.303,674.303,1.834,3.241,0.567,Bo-Lax,0.565874730021598,-2153362940060369211
Bo_M2,2,M,Bo,Village 1,M2_na33_02,158.603,436.752,278.149,5,a33,Vowel,a,Lax,Oral,33.0,1.0,Mid,33,Unaspirated,Nasal,97.438,97.04,98.296,97.79,768.983,221.119,1249.779,148.168,2680.242,218.191,3808.778,470.09,1005.631,1769.947,3282.072,5458.226,23.561,23.359,19.648,18.821,9.799,6.157,19.97,-10.413,17.359,-8.312,-1.116,-0.654,3.913,4.537,9.849,12.664,3.591,33.795,6.202,31.671,24.677,24.012,5.241,23.023,17.905,21.68,22.117,22.413,0.0,mid,0.424,0.322,0.309,0.315,-201.679,301.35,490.573,298.092,2.041,2.834,0.723,Bo-Lax,0.720183486238532,4042813129428900034
Bo_M2,2,M,Bo,Village 1,M2_ni_33_01,521.043,832.368,311.325,5,i_33,Vowel,i,Tense,Oral,33.0,1.0,Mid,33,Unaspirated,Nasal,93.858,93.06,93.978,93.844,294.136,106.927,2662.737,179.19,2996.845,184.088,3786.624,384.201,331.857,2829.772,3558.1,5162.225,18.924,17.946,15.796,11.055,15.808,12.921,18.287,2.811,0.522,8.022,0.761,-1.673,3.128,6.891,-0.012,-1.866,0.637,15.135,18.403,9.924,18.164,19.619,1.332,27.335,40.69,43.609,36.966,23.094,0.0,mid,0.396,0.3,0.292,0.302,-301.154,680.924,639.828,677.655,1.809,2.636,0.688,Bo-Tense,0.686267071320182,-1445552932701709757
Bo_M2,2,M,Bo,Village 1,M2_ni_33_02,319.431,675.854,356.423,5,i_33,Vowel,i,Tense,Oral,33.0,1.0,Mid,33,Unaspirated,Nasal,100.385,100.128,100.614,101.371,295.927,95.522,2676.818,319.235,3106.139,207.069,3768.647,461.018,353.141,2950.334,3652.851,5347.793,22.723,21.669,17.442,12.242,18.82,17.278,22.451,6.639,0.618,8.002,2.249,2.086,5.281,9.428,-1.378,-5.037,0.272,15.031,22.105,13.667,20.474,19.583,3.265,31.126,42.016,44.41,37.188,23.751,0.0,mid,0.392,0.305,0.282,0.289,-469.878,496.658,775.255,493.768,1.329,2.425,0.548,Bo-Tense,0.548041237113402,-1405392033020148821
Bo_M2,2,M,Bo,Village 1,M2_no33_01,359.385,709.852,350.467,5,o33,Vowel,o,Lax,Oral,33.0,1.0,Mid,33,Unaspirated,Nasal,105.782,105.584,106.038,105.898,360.344,150.043,766.917,57.958,2620.167,567.872,3491.131,186.459,626.592,3116.204,4503.775,5821.602,25.949,24.994,25.699,21.33,26.435,15.517,24.659,3.523,23.22,7.895,-11.481,11.49,0.249,3.664,-0.735,5.813,1.29,21.496,2.729,17.1,37.43,13.504,12.901,21.329,31.461,38.725,38.394,24.991,0.074,mid,0.497,0.41,0.409,0.408,-273.08,536.294,669.423,532.427,1.609,3.322,0.485,Bo-Lax,0.484346779048766,5263266966363885754
Bo_M2,2,M,Bo,Village 1,M2_no33_02,312.98,678.638,365.658,5,o33,Vowel,o,Lax,Oral,33.0,1.0,Mid,33,Unaspirated,Nasal,102.871,102.758,103.314,103.269,383.375,175.998,760.427,78.655,3016.068,465.533,3853.218,762.915,682.359,3299.467,3337.978,5504.709,28.034,27.261,28.589,25.167,30.624,11.528,30.558,7.324,25.711,8.237,-8.063,19.008,-0.555,2.094,-2.035,13.639,-2.525,19.999,2.323,19.024,36.096,8.253,24.312,5.585,14.545,24.672,26.65,20.3,0.744,mid,0.51,0.427,0.414,0.437,-304.536,497.889,623.431,493.622,1.543,3.555,0.432,Bo-Lax,0.434036568213783,7232007910645050538
Bo_M2,2,M,Bo,Village 1,M2_no33bo33_01,255.155,413.93,158.775,5,o33,Vowel,o,Lax,Oral,33.0,1.0,Mid,33,Unaspirated,Nasal,109.788,109.358,109.803,109.936,1251.113,801.2,2039.677,769.767,2811.353,855.776,3627.441,915.0,682.177,2543.026,4069.444,5576.565,35.795,35.377,32.177,30.289,31.633,26.554,22.228,-6.071,8.08,-12.357,-3.856,-7.064,3.619,5.087,0.544,3.735,13.567,41.459,27.715,47.733,39.651,42.441,80.972,17.852,24.352,30.329,30.604,23.459,0.11,mid,0.433,0.4,0.431,0.383,-596.77,337.743,1007.199,334.248,2.028,2.507,0.807,Bo-Lax,0.808934982050259,5162300633513548619
Bo_M2,2,M,Bo,Village 1,M2_no33bo33_01,534.448,842.246,307.798,5,o33,Vowel,o,Lax,Oral,33.0,1.0,Mid,33,Unaspirated,Oral,92.852,92.733,93.636,93.689,408.895,237.765,820.111,88.129,2964.17,995.767,3873.63,276.601,495.125,1438.836,3760.928,5691.616,32.7,32.087,28.868,26.215,25.159,6.121,25.255,1.735,24.008,6.599,-11.985,11.651,3.831,5.872,3.71,20.094,7.445,30.392,8.691,25.488,44.684,20.435,25.932,12.368,21.36,29.795,32.173,22.146,0.0,mid,0.452,0.346,0.305,0.374,-384.782,692.442,786.573,688.383,2.093,3.187,0.657,Bo-Lax,0.656730467524318,456343072432402490
Bo_M2,2,M,Bo,Village 1,M2_no33bo33_02,372.614,492.697,120.083,5,o33,Vowel,o,Lax,Oral,33.0,1.0,Mid,33,Unaspirated,Nasal,105.83,103.942,105.736,105.108,355.314,322.894,898.26,133.776,2964.748,614.003,3819.838,208.225,458.539,873.118,3780.112,5734.572,33.292,32.318,29.377,24.797,30.254,21.48,29.84,10.022,20.919,8.534,-8.397,17.299,3.915,7.521,-0.878,3.316,3.452,22.315,12.373,23.784,41.689,15.019,41.201,8.299,14.828,24.739,28.422,21.725,0.0,mid,0.402,0.373,0.426,0.363,-502.839,436.281,1114.544,432.789,1.412,2.689,0.525,Bo-Lax,0.525102268501302,2879715236635783943
Bo_M2,2,M,Bo,Village 1,M2_no33bo33_02,604.295,943.167,338.872,5,o33,Vowel,o,Lax,Oral,33.0,1.0,Mid,33,Unaspirated,Oral,98.161,98.375,98.772,98.902,863.818,49.005,2785.65,665.312,3650.692,649.919,4211.779,1045.293,491.63,1922.677,3639.411,,30.112,29.985,24.151,23.631,25.985,23.729,22.715,-5.568,-12.43,-23.334,-9.187,-18.754,5.961,6.354,-1.834,-0.098,7.397,35.555,42.542,53.319,39.3,48.738,17.444,20.198,27.448,36.776,38.157,26.714,0.0,mid,0.446,0.349,0.356,0.349,-382.103,776.788,988.838,773.231,1.794,2.963,0.605,Bo-Lax,0.605467431657104,-4867683747651423456
Bo_M2,2,M,Bo,Village 1,M2_nu_33_02,314.74,615.212,300.472,5,u_33,Vowel,u,Tense,Oral,33.0,1.0,Mid,33,Unaspirated,Nasal,97.365,99.614,98.768,99.17,663.573,238.579,2153.474,973.639,3198.415,290.047,4026.69,613.534,629.666,3100.081,4505.198,5060.368,18.443,18.036,12.477,10.698,18.036,8.326,13.817,-10.342,-11.389,-23.649,-14.018,-8.301,5.966,7.338,-5.559,2.373,4.627,28.383,29.832,41.685,32.461,26.337,2.251,6.284,15.673,25.544,28.018,17.485,0.621,mid,0.429,0.237,0.197,0.191,-191.759,464.424,243.666,462.52,1.972,3.142,0.639,Bo-Tense,0.627625716104392,-2207962469950652594
Bo_M2,2,M,Bo,Village 1,M2_nu_53_01,468.875,677.475,208.6,5,u_53,Vowel,u,Tense,Oral,53.0,2.0,High,53,Unaspirated,Nasal,105.662,104.906,106.995,105.981,297.62,169.516,912.257,149.685,2934.974,356.326,3938.128,831.507,866.792,2998.331,5453.538,5461.499,28.265,26.995,19.816,13.451,22.896,21.354,25.146,8.528,15.776,6.882,-8.089,18.756,8.449,13.544,-3.08,-7.903,3.12,18.477,12.489,20.113,36.355,8.239,9.18,13.07,20.335,27.426,29.69,25.417,0.0,low,0.297,0.278,0.318,0.256,-581.265,575.952,1420.676,573.497,1.826,2.009,0.909,Bo-Tense,0.908909905425585,-7407809092666517162
Bo_M2,2,M,Bo,Village 1,M2_nu_53_02,276.917,483.138,206.221,5,u_53,Vowel,u,Tense,Oral,53.0,2.0,High,53,Unaspirated,Nasal,103.659,103.218,105.018,104.091,371.444,144.122,1000.647,115.661,2663.515,791.053,3784.67,567.267,417.541,952.367,3283.605,5483.823,30.234,29.434,23.388,19.762,27.001,14.342,25.715,4.742,14.845,2.386,-9.157,7.288,6.846,9.673,-3.613,5.42,4.519,24.7,15.39,27.049,39.392,22.146,14.552,8.235,16.829,25.356,29.093,22.611,0.0,low,0.338,0.309,0.354,0.294,-515.178,383.656,1196.241,380.785,1.85,2.147,0.861,Bo-Tense,0.861667442943642,802482120838868891
Bo_M2,2,M,Bo,Village 1,M2_nu33_01,485.091,823.809,338.718,5,u33,Vowel,u,Lax,Oral,33.0,1.0,Mid,33,Unaspirated,Nasal,98.417,98.604,98.272,98.594,307.978,120.856,794.384,128.332,2815.694,588.591,3718.053,593.914,684.687,2968.536,5399.412,5474.565,30.138,29.097,16.567,11.665,28.032,21.68,24.69,6.81,21.545,9.787,-7.565,20.361,13.571,17.432,-11.465,-10.015,5.448,22.305,8.593,19.31,37.702,8.736,15.012,27.204,32.44,34.895,34.121,25.281,0.0,mid,0.305,0.292,0.35,0.267,-559.796,658.074,1075.934,655.363,0.864,1.939,0.445,Bo-Lax,0.44559051057246,7506325907172564598
Bo_M2,2,M,Bo,Village 1,M2_nu33_02,318.728,628.817,310.089,5,u33,Vowel,u,Lax,Oral,33.0,1.0,Mid,33,Unaspirated,Nasal,97.332,97.412,97.297,98.099,379.062,234.053,925.946,91.145,2694.534,644.625,3642.279,311.778,835.83,2615.115,3470.436,5814.763,31.027,30.337,24.021,20.97,27.731,7.642,27.726,6.046,18.555,4.42,-8.653,11.183,7.006,9.367,-3.71,13.328,3.3,24.304,12.471,25.916,39.68,19.154,18.264,19.478,25.973,32.589,33.146,25.487,0.0,mid,0.388,0.336,0.357,0.31,-459.33,475.329,805.809,472.153,1.475,2.766,0.529,Bo-Lax,0.533261026753435,3402139129809088585
Bo_M2,2,M,Bo,Village 1,M2_pie33_02,129.981,204.082,74.101,5,a33,Vowel,a,Lax,Oral,33.0,1.0,Mid,33,Unaspirated,Oral,108.389,105.621,107.684,108.264,687.839,59.356,1358.044,168.518,2453.715,75.128,3472.574,553.493,782.358,2395.826,3681.263,5576.473,27.045,26.774,23.06,21.941,9.433,4.236,26.96,-1.771,16.312,-6.526,10.124,6.814,3.985,4.833,13.627,17.704,0.085,28.555,10.733,33.3,16.921,19.96,20.672,1.189,-1.346,4.81,8.193,18.908,0.0,mid,0.384,0.355,0.378,0.339,-358.512,170.129,693.595,166.924,1.179,2.252,0.52,Bo-Lax,0.523534635879219,-3721488826373445042
Bo_M2,2,M,Bo,Village 1,M2_sa_31_02,319.988,545.231,225.243,5,a_31,Vowel,a,Tense,Oral,31.0,2.0,Mid,31,Unaspirated,Oral,96.652,11.537,100.565,102.121,763.589,110.35,1151.353,155.675,2786.433,132.914,3869.073,329.135,919.721,2811.724,4154.214,5808.687,25.607,25.39,24.667,23.777,16.713,12.776,28.65,-2.466,22.889,-4.269,5.364,9.508,0.94,1.612,7.955,11.001,-3.042,27.902,2.718,29.658,20.243,15.881,23.385,6.158,3.303,11.066,12.341,20.2,0.734,low,0.47,0.351,0.352,0.399,-139.076,434.721,504.654,430.545,1.486,3.744,0.395,Bo-Tense,0.396901709401709,7179693543343547946
Bo_M2,2,M,Bo,Village 1,M2_sa31_02,299.251,575.906,276.655,5,a31,Vowel,a,Lax,Oral,31.0,2.0,Mid,31,Unaspirated,Oral,91.228,90.761,93.276,91.667,720.082,465.775,1058.288,198.851,2729.13,147.73,3925.034,215.719,971.555,2691.901,3926.201,5644.759,30.059,29.845,19.645,18.767,22.83,18.964,26.486,-4.998,26.065,-1.884,10.528,16.244,10.415,11.078,-3.185,-0.198,3.574,34.902,3.994,31.728,19.532,13.6,22.302,2.757,0.023,6.938,9.138,18.929,0.0,low,0.456,0.274,0.242,0.248,-401.383,437.935,567.952,435.187,2.605,2.922,0.897,Bo-Lax,0.89151266255989,1067569817570867928
Bo_M2,2,M,Bo,Village 1,M2_sa55_01,283.001,646.082,363.081,5,a55,Vowel,a,Lax,Oral,55.0,1.0,High,55,Unaspirated,Oral,99.843,99.469,100.59,100.405,771.383,216.668,1132.036,148.015,2764.785,145.643,3902.498,238.701,989.717,2769.573,4000.865,5752.627,23.87,23.649,19.91,19.008,11.502,7.518,24.056,-7.7,21.528,-6.67,4.801,8.74,3.96,4.642,8.409,11.49,-0.186,31.407,2.342,30.319,19.069,14.909,9.038,21.725,15.99,21.37,21.776,22.571,0.825,high,0.418,0.308,0.282,0.297,-203.859,468.014,427.777,465.018,1.803,2.705,0.669,Bo-Lax,0.666543438077634,1296376435684760570
Bo_M2,2,M,Bo,Village 1,M2_tcjhi_31_01,473.913,643.257,169.344,5,i_31,Vowel,i,Tense,Oral,31.0,2.0,Mid,31,Aspirated,Oral,90.028,90.98,92.872,92.601,390.738,119.612,1827.263,110.395,2998.477,75.992,4130.341,445.597,1750.83,3079.994,4833.881,4941.726,17.554,17.021,8.876,6.535,17.751,-0.19,17.747,-3.236,2.451,-2.868,3.854,12.053,8.678,10.485,-8.875,6.726,-0.193,20.258,15.103,19.888,13.7,4.968,1.163,13.577,21.689,22.869,21.73,18.279,0.0,low,0.401,0.282,0.24,0.288,-140.182,556.463,370.119,553.288,1.574,3.876,0.441,Bo-Tense,0.40608875128999,-2156631880307396764
Bo_M2,2,M,Bo,Village 1,M2_va_31_01,389.667,550.773,161.106,5,a_31,Vowel,a,Tense,Oral,31.0,2.0,Mid,31,Unaspirated,Oral,102.402,20.681,109.363,109.966,819.533,123.209,1191.448,248.664,2813.53,121.591,3974.867,154.552,943.782,2777.298,4023.748,4950.972,21.383,21.167,20.037,19.157,11.489,7.628,29.424,-3.391,24.695,-4.923,8.746,11.466,1.346,2.01,8.548,11.529,-8.041,24.632,-3.312,26.091,12.637,9.701,21.597,6.942,0.845,8.421,10.742,20.457,0.59,low,0.53,0.361,0.368,0.41,-116.672,469.534,444.557,465.439,1.989,4.033,0.494,Bo-Tense,0.493181254649145,-4729249937573475241
Bo_M2,2,M,Bo,Village 1,M2_va_31_02,254.819,427.525,172.706,5,a_31,Vowel,a,Tense,Oral,31.0,2.0,Mid,31,Unaspirated,Oral,94.341,,99.594,145.122,792.844,146.774,1146.213,111.483,2842.342,127.208,4005.915,168.828,1001.635,2879.768,4066.922,4826.158,20.704,20.506,20.011,19.202,12.497,8.975,29.16,-3.228,24.062,-4.977,5.392,9.469,0.693,1.303,7.514,10.227,-8.456,23.802,-3.358,25.483,15.312,11.036,18.46,7.805,2.981,11.047,13.057,21.375,0.478,low,0.455,0.34,0.366,0.196,-106.589,339.413,474.018,337.319,1.327,3.907,0.342,Bo-Tense,0.339646787816739,-5547808801105480587
Bo_M2,2,M,Bo,Village 1,M2_vi33_01,489.973,910.262,420.289,5,i33,Vowel,i,Lax,Oral,33.0,1.0,Mid,33,Unaspirated,Oral,96.169,95.988,96.768,97.139,255.293,52.586,2663.944,235.561,3487.207,240.028,4015.855,250.671,264.149,2838.38,3771.327,4746.453,21.22,19.921,22.34,15.622,8.025,10.114,20.224,6.907,-6.752,2.909,-2.771,8.365,-1.12,4.299,14.315,5.508,0.996,13.014,27.972,17.012,23.991,11.556,2.896,20.098,34.037,37.971,35.609,23.283,0.0,mid,0.438,0.35,0.368,0.406,-255.296,700.253,673.501,696.012,0.976,2.968,0.329,Bo-Lax,0.328840970350404,-6008831120423685755
Bo_M2,2,M,Bo,Village 1,M2_vi33_02,357.512,718.314,360.802,5,i33,Vowel,i,Lax,Oral,33.0,1.0,Mid,33,Unaspirated,Oral,94.53,94.299,94.932,94.679,250.615,47.868,2574.066,272.113,3435.771,257.261,4044.88,200.563,530.518,2944.649,3822.03,4445.995,22.234,20.929,24.064,17.32,3.716,5.931,21.206,8.203,-3.676,5.623,-0.667,11.029,-1.83,3.608,20.348,11.389,1.029,12.726,25.91,15.305,22.901,9.9,3.947,18.356,35.005,38.084,34.708,24.62,0.0,mid,0.435,0.355,0.377,0.409,-254.062,537.85,693.873,533.512,0.969,2.965,0.327,Bo-Lax,0.32681281618887,2470434844008471259
Bo_M2,2,M,Bo,Village 1,M2_zji_33_01,565.085,777.734,212.649,5,i_33,Vowel,i,Tense,Oral,33.0,1.0,Mid,33,Unaspirated,Oral,89.275,89.23,90.349,90.511,364.779,119.05,1729.415,176.818,2937.161,116.928,4290.526,471.654,1710.628,2918.918,4356.719,4670.958,20.514,19.914,10.465,7.794,19.25,1.085,19.244,-0.366,3.04,-1.87,10.628,20.872,10.05,12.12,-8.786,6.708,1.27,20.281,17.475,21.784,9.887,-0.958,2.22,11.776,21.714,21.345,19.398,18.061,0.0,mid,0.374,0.268,0.241,0.3,-173.226,675.773,397.244,672.388,1.582,2.689,0.588,Bo-Tense,0.588322796578654,-3096739608280825462
Bo_M2,2,M,Bo,Village 1,M2_zji_33_02,605.339,800.752,195.413,5,i_33,Vowel,i,Tense,Oral,33.0,1.0,Mid,33,Unaspirated,Oral,87.817,87.422,88.259,88.192,340.392,173.666,1739.441,170.02,2824.167,245.375,4372.378,526.083,1793.612,2856.681,4564.062,5116.083,21.325,20.678,15.69,12.786,16.118,0.612,16.089,-2.427,1.985,-1.727,-2.683,6.75,5.635,7.892,-0.428,12.174,5.236,23.106,19.34,22.405,24.008,13.929,2.024,11.664,22.972,24.692,24.174,21.27,0.0,mid,0.41,0.298,0.269,0.333,-228.191,707.572,451.907,703.738,1.756,2.848,0.616,Bo-Tense,0.616573033707865,-5841206099011716912
Bo_M2,2,M,Bo,Village 1,M2_zji33_01,550.699,749.53,198.831,5,i33,Vowel,i,Lax,Oral,33.0,1.0,Mid,33,Unaspirated,Oral,92.917,92.807,92.875,93.352,420.632,261.885,1849.242,168.829,2966.956,137.679,4126.076,574.92,1448.246,2852.48,4321.834,5084.473,28.327,27.807,18.263,15.983,22.627,6.204,22.229,0.943,7.033,1.561,3.936,11.152,10.064,11.824,-4.364,9.779,6.098,26.865,21.294,26.246,24.391,16.654,7.883,13.837,23.273,24.672,24.798,23.784,0.0,mid,0.421,0.298,0.291,0.302,-405.487,654.558,804.169,651.293,2.086,2.494,0.835,Bo-Lax,0.836407377706495,-3499330535467616390
Bo_M2,2,M,Bo,Village 1,M2_zji33_02,514.012,710.68,196.668,5,i33,Vowel,i,Lax,Oral,33.0,1.0,Mid,33,Unaspirated,Oral,91.63,91.559,91.943,93.352,341.615,180.304,1929.094,131.835,3050.985,196.408,4204.704,574.036,1037.832,2673.573,4115.423,4622.634,26.784,26.076,16.855,13.627,22.824,10.718,22.549,4.369,3.005,1.509,-1.265,9.069,9.929,12.448,-5.969,2.909,4.235,21.708,23.778,24.567,28.049,17.007,5.894,8.45,19.946,21.901,22.114,20.444,0.0,mid,0.443,0.308,0.298,0.319,-449.867,617.087,876.281,613.599,2.241,2.672,0.839,Bo-Lax,0.838697604790419,-5379605268931662198
Bo_M3,3,M,Bo,Village 2,M3_be=_33_01,285.62,665.195,379.575,5,e=_33,Vowel,e,Tense,Oral,33.0,1.0,Mid,33,Unaspirated,Oral,121.669,121.638,121.773,121.575,504.101,91.614,1319.846,111.977,2888.842,92.725,3873.401,155.545,629.696,1213.402,3105.102,4170.674,13.874,13.274,11.007,8.383,21.554,-0.263,21.551,-2.599,7.894,-6.84,-5.803,5.097,2.867,4.891,-10.546,8.646,-7.676,15.881,5.98,20.114,19.677,8.177,2.294,47.046,44.559,47.726,46.59,28.664,0.89,mid,0.515,0.352,0.366,0.331,-181.288,477.389,439.065,474.666,2.596,2.63,0.995,Bo-Tense,0.987072243346008,-636669193973088542
Bo_M3,3,M,Bo,Village 2,M3_be=33_02,232.86,511.368,278.508,5,e=33,Vowel,e,Lax,Oral,33.0,1.0,Mid,33,Unaspirated,Oral,140.147,140.147,141.128,139.627,508.456,112.744,1253.976,89.149,2914.768,68.749,3803.954,209.192,1018.658,2896.063,3778.026,,18.892,18.075,19.498,15.804,24.33,10.518,23.906,-0.006,15.769,0.722,6.586,19.004,-0.607,2.271,-4.832,5.286,-5.014,18.093,3.123,17.353,12.306,-0.929,7.485,31.698,31.393,37.346,36.726,28.952,0.0,mid,0.504,0.441,0.471,0.407,-514.411,373.684,1300.578,370.778,1.44,2.522,0.57,Bo-Lax,0.570975416336241,295033466560212741
Bo_M3,3,M,Bo,Village 2,M3_bi_31_02,240.333,532.846,292.513,5,i_31,Vowel,i,Tense,Oral,31.0,2.0,Mid,31,Unaspirated,Oral,118.587,117.802,122.054,120.017,327.312,55.089,2665.846,134.529,3407.996,176.625,4080.064,326.117,240.704,2745.551,3653.847,5122.075,18.732,17.501,20.087,13.708,7.861,8.485,22.145,4.664,5.898,11.498,4.864,10.731,-1.355,3.793,12.226,5.223,-3.412,12.838,12.835,6.004,13.869,6.77,2.704,9.915,23.325,25.571,22.134,19.222,0.0,low,0.604,0.401,0.4,0.405,-569.781,389.177,1508.596,385.66,2.741,2.999,0.915,Bo-Tense,0.913971323774592,8889329708056354394
Bo_M3,3,M,Bo,Village 2,M3_bu_33_01,246.946,550.578,303.632,5,u_33,Vowel,u,Tense,Oral,33.0,1.0,Mid,33,Unaspirated,Oral,185.62,185.428,186.481,186.059,934.285,183.272,2440.887,1149.763,3061.054,755.36,4166.337,684.916,795.403,2902.247,4444.184,4816.024,15.319,14.887,18.229,16.4,7.805,-2.378,6.358,-21.554,-12.878,-29.617,-15.651,-27.763,-2.909,-1.513,10.424,18.778,8.961,36.449,28.197,44.505,30.97,42.65,1.329,34.176,37.956,40.821,40.472,23.353,0.76,mid,0.613,0.574,0.622,0.545,-402.343,399.821,838.129,396.885,0.854,1.841,0.464,Bo-Tense,0.463878326996198,-6653864044703669999
Bo_M3,3,M,Bo,Village 2,M3_bu_33_02,176.029,479.838,303.809,5,u_33,Vowel,u,Tense,Oral,33.0,1.0,Mid,33,Unaspirated,Oral,172.738,172.544,174.376,172.785,321.694,81.713,872.336,159.976,2957.103,834.139,4012.047,860.942,763.706,3131.449,4644.445,4679.468,10.649,7.326,14.249,1.022,4.516,7.088,14.189,-2.288,2.698,-6.857,-20.784,8.801,-3.6,6.305,9.732,-6.066,-3.54,9.641,7.951,14.183,31.433,-1.475,0.515,35.024,40.279,43.276,43.286,21.801,0.708,mid,0.626,0.568,0.637,0.582,-296.082,329.744,716.396,326.368,0.906,2.189,0.414,Bo-Tense,0.413887619917771,-3361724929344345605
Bo_M3,3,M,Bo,Village 2,M3_bu33_02,182.425,537.856,355.431,5,u33,Vowel,u,Lax,Oral,33.0,1.0,Mid,33,Unaspirated,Oral,148.665,148.496,149.078,148.817,917.69,189.939,2115.747,792.391,3002.664,533.524,3855.156,475.063,788.947,3008.41,4346.856,4327.357,21.614,21.333,19.776,18.609,6.327,0.743,10.495,-18.005,-8.41,-26.233,-7.388,-18.179,1.838,2.724,13.449,17.866,11.12,39.343,30.025,47.566,29.002,39.512,2.945,26.68,31.555,32.512,31.606,21.273,0.0,mid,0.569,0.471,0.504,0.488,-949.428,362.372,2108.527,359.085,1.709,2.368,0.722,Bo-Lax,0.721706081081081,6253963379502421930
Bo_M3,3,M,Bo,Village 2,M3_buu33_01,275.641,654.931,379.29,5,uu33,Vowel,uu,Lax,Oral,33.0,1.0,Mid,33,Unaspirated,Oral,121.669,121.638,121.773,121.575,504.129,91.708,1319.697,112.032,2890.074,94.571,3871.745,158.917,635.681,1204.765,3106.507,4166.749,13.876,13.276,11.009,8.385,21.553,-0.26,21.55,-2.601,7.894,-6.842,-5.86,5.061,2.867,4.891,-10.544,8.645,-7.674,15.885,5.982,20.117,19.736,8.215,2.294,46.585,44.269,47.702,46.572,28.662,0.89,mid,0.515,0.352,0.366,0.331,-181.288,467.412,439.065,464.688,2.596,2.63,0.995,Bo-Lax,0.987072243346008,5922289413782516378
Bo_M3,3,M,Bo,Village 2,M3_cji_31_01,333.986,565.814,231.828,5,i_31,Vowel,i,Tense,Oral,31.0,2.0,Mid,31,Unaspirated,Oral,150.833,149.726,155.731,152.223,331.532,102.933,2380.715,363.371,3264.243,423.946,3934.2,429.327,2657.134,3571.14,4440.28,4804.285,16.914,14.748,19.777,5.278,7.641,15.01,19.715,3.299,6.402,10.866,7.14,15.231,-2.863,9.47,12.137,-9.732,-2.802,11.449,10.512,3.883,9.774,-0.482,2.061,19.831,28.396,26.257,21.376,19.284,0.923,low,0.644,0.554,0.547,0.518,-506.144,451.73,760.982,448.25,1.33,2.42,0.551,Bo-Tense,0.549586776859504,5653344298872559418
Bo_M3,3,M,Bo,Village 2,M3_cji_31_02,279.715,515.344,235.629,5,i_31,Vowel,i,Tense,Oral,31.0,2.0,Mid,31,Unaspirated,Oral,146.896,145.558,150.948,148.067,309.131,98.674,2544.915,211.637,3253.039,172.115,3897.053,410.302,2700.058,3417.328,4596.97,4901.574,16.604,14.338,18.377,3.445,3.842,11.918,18.375,2.807,7.23,13.9,10.928,17.709,-1.773,10.893,14.535,-8.473,-1.771,11.531,9.374,0.438,5.675,-3.371,1.851,18.419,27.081,26.145,21.328,19.094,0.0,low,0.57,0.481,0.53,0.503,-554.415,399.595,1588.041,396.121,1.226,2.613,0.471,Bo-Tense,0.469192499043245,-4074938501420556243
Bo_M3,3,M,Bo,Village 2,M3_de_33_01,211.345,526.237,314.892,5,e_33,Vowel,e,Tense,Oral,33.0,1.0,Mid,33,Unaspirated,Oral,178.805,179.329,181.107,347.066,717.733,39.137,2443.37,204.727,2716.629,1291.435,4192.602,248.247,730.208,2418.534,4243.414,4667.482,12.865,12.248,16.91,14.186,30.65,6.036,30.649,5.821,11.684,2.815,8.883,-11.589,-4.045,-1.938,-13.741,8.15,-17.784,6.428,1.181,9.433,3.982,23.838,15.697,46.437,45.058,43.323,40.646,29.745,0.33,mid,0.573,0.54,0.603,0.537,-242.839,370.37,569.181,367.359,0.728,1.986,0.368,Bo-Tense,0.366565961732125,-7068797026544548785
Bo_M3,3,M,Bo,Village 2,M3_de_33_02,185.071,474.682,289.611,5,e_33,Vowel,e,Tense,Oral,33.0,1.0,Mid,33,Unaspirated,Oral,158.72,158.852,160.703,158.944,656.13,61.5,2344.143,230.553,3387.129,855.029,4449.427,357.757,678.761,2335.044,4037.735,4614.743,10.44,9.864,13.833,11.299,27.148,4.58,27.146,2.681,6.797,-1.411,-2.919,-5.788,-3.393,-1.435,-13.315,6.719,-16.706,7.184,3.644,11.274,13.359,15.651,5.954,46.985,43.155,41.607,39.792,28.664,0.559,mid,0.543,0.503,0.567,0.501,-210.641,331.084,552.493,327.912,0.862,2.225,0.387,Bo-Tense,0.387415730337079,-636669193973088542
Bo_M3,3,M,Bo,Village 2,M3_dle_33_01,225.608,534.468,308.86,5,e_33,Vowel,e,Tense,Oral,33.0,1.0,Mid,33,Unaspirated,Oral,166.618,166.636,167.58,167.468,686.964,82.384,2394.091,213.522,2800.725,829.185,4324.259,281.961,715.885,2437.94,4322.742,4631.066,13.305,12.723,16.19,13.633,28.381,5.425,28.379,3.713,11.796,3.292,8.427,-6.028,-2.885,-0.909,-12.19,8.208,-15.074,9.011,1.509,9.431,4.878,18.751,9.181,48.335,44.449,42.175,39.482,29.198,0.501,mid,0.532,0.502,0.557,0.484,-281.216,381.582,726.555,378.669,0.866,2.076,0.418,Bo-Tense,0.417148362235067,-7417667806455503580
Bo_M3,3,M,Bo,Village 2,M3_dle_33_02,221.062,506.688,285.626,5,e_33,Vowel,e,Tense,Oral,33.0,1.0,Mid,33,Unaspirated,Oral,159.223,159.422,161.267,160.037,661.255,96.449,2359.811,310.594,2515.65,607.12,4283.244,256.176,689.792,2376.981,4435.284,5116.887,11.288,10.714,14.293,11.773,27.022,4.803,27.021,2.501,9.829,1.392,9.802,-17.451,-3.005,-1.059,-12.729,6.97,-15.732,8.214,1.459,9.323,1.486,28.165,6.149,46.789,44.195,42.522,41.529,29.026,0.588,mid,0.536,0.492,0.558,0.487,-234.411,365.733,627.468,362.666,0.929,2.3,0.407,Bo-Tense,0.403913043478261,-2922383259111617475
Bo_M3,3,M,Bo,Village 2,M3_dle33_01,214.673,594.48,379.807,5,e33,Vowel,e,Lax,Oral,33.0,1.0,Mid,33,Unaspirated,Oral,132.784,132.811,132.991,132.765,645.163,95.754,2109.768,195.537,2929.251,171.441,4318.043,290.826,711.383,2471.405,3219.762,4729.715,15.301,14.886,14.15,12.381,18.681,8.271,21.966,-3.174,10.241,-0.925,8.256,2.774,1.151,2.505,-4.531,4.11,-6.665,18.062,5.06,15.811,7.045,12.112,3.074,41.16,42.44,39.675,38.115,31.975,0.0,mid,0.485,0.403,0.427,0.379,-516.754,406.476,1145.845,403.622,1.886,2.177,0.865,Bo-Lax,0.866329811667432,1917825733603348027
Bo_M3,3,M,Bo,Village 2,M3_dle33_02,196.263,536.752,340.489,5,e33,Vowel,e,Lax,Oral,33.0,1.0,Mid,33,Unaspirated,Oral,137.891,137.917,138.155,137.871,635.875,79.639,2093.323,88.707,2959.285,197.304,4332.826,414.265,665.319,2166.954,3201.439,4699.449,15.988,15.523,15.663,13.665,22.536,9.62,22.527,-2.321,15.385,4.596,4.727,0.715,0.325,1.858,-6.873,4.045,-6.54,17.846,0.602,10.927,11.261,14.808,5.126,47.214,44.264,40.153,37.466,28.293,0.0,mid,0.479,0.413,0.447,0.392,-455.228,368.297,1019.24,365.453,1.608,2.155,0.746,Bo-Lax,0.746171693735499,8185243938798838164
Bo_M3,3,M,Bo,Village 2,M3_dze_33_01,342.304,663.885,321.581,5,e_33,Vowel,e,Tense,Oral,33.0,1.0,Mid,33,Unaspirated,Oral,159.65,159.594,160.539,159.793,704.172,102.371,2325.921,148.161,2774.809,819.699,4254.378,222.203,724.987,2370.088,4274.613,4432.993,13.761,13.239,14.893,12.627,26.075,9.114,26.036,1.018,13.74,4.021,4.63,-8.61,-1.132,0.613,-11.182,3.513,-12.275,12.222,0.021,9.218,9.131,21.849,6.915,48.885,45.779,44.09,43.5,32.118,0.794,mid,0.492,0.467,0.515,0.446,-315.724,504.499,763.59,501.7,0.923,2.01,0.458,Bo-Tense,0.459203980099503,3813152385830678876
Bo_M3,3,M,Bo,Village 2,M3_dze_33_02,269.654,564.066,294.412,5,e_33,Vowel,e,Tense,Oral,33.0,1.0,Mid,33,Unaspirated,Oral,158.113,158.287,160.415,163.675,663.815,68.284,2270.279,95.997,2934.517,402.949,4327.525,185.64,689.954,2305.894,3401.524,4474.961,12.417,11.849,14.98,12.49,27.411,6.041,27.409,2.796,14.659,5.338,2.212,-5.242,-2.563,-0.642,-12.431,6.449,-14.993,9.054,-2.242,6.511,10.205,17.09,6.812,46.612,43.38,40.87,39.28,29.276,0.561,mid,0.517,0.479,0.534,0.466,-272.756,418.553,730.783,415.595,0.95,2.141,0.443,Bo-Tense,0.443717888836992,4563306740037820409
Bo_M3,3,M,Bo,Village 2,M3_dze33_01,274.962,626.264,351.302,5,e33,Vowel,e,Lax,Oral,33.0,1.0,Mid,33,Unaspirated,Oral,155.777,155.902,156.687,156.351,629.227,67.54,2028.97,301.493,2971.481,152.347,4303.095,196.153,683.277,2708.205,3648.466,4484.787,22.048,21.435,19.024,16.318,29.194,5.252,29.192,4.806,12.447,1.613,11.651,9.286,3.025,5.117,-10.17,11.066,-7.144,16.631,9.602,19.822,10.397,12.149,13.814,34.953,32.775,30.616,28.477,29.022,0.895,mid,0.437,0.383,0.406,0.359,-889.771,452.391,1295.061,450.088,1.436,1.494,0.961,Bo-Lax,0.961178045515395,-3267316890253398205
Bo_M3,3,M,Bo,Village 2,M3_dze33_02,258.143,619.64,361.497,5,e33,Vowel,e,Lax,Oral,33.0,1.0,Mid,33,Unaspirated,Oral,147.21,147.307,147.711,147.863,630.669,83.86,2085.249,175.188,2944.563,140.904,4293.126,203.641,693.974,2468.345,3477.942,4594.868,17.319,16.781,16.77,14.426,26.69,8.515,26.688,2.117,12.789,2.306,10.801,7.029,0.549,2.355,-9.921,5.911,-9.369,14.666,4.53,14.475,6.518,9.752,7.807,36.478,35.624,33.269,31.517,30.216,0.861,mid,0.516,0.433,0.46,0.434,-665.685,440.548,1232.575,437.599,1.711,1.944,0.88,Bo-Lax,0.880144032921811,-7813537612383622405
Bo_M3,3,M,Bo,Village 2,M3_dzrii_33_01,249.816,563.538,313.722,5,ii_33,Vowel,ii,Tense,Oral,33.0,1.0,Mid,33,Unaspirated,Oral,165.042,164.744,164.729,164.477,394.102,117.727,1773.711,114.088,3133.044,273.931,3578.782,254.036,664.241,2217.661,3709.468,4600.411,17.843,16.079,22.405,11.771,6.795,10.726,19.831,0.388,8.688,4.228,3.75,16.572,-4.562,4.308,15.61,1.045,-1.988,15.694,9.155,11.851,14.093,-0.493,4.118,44.954,45.403,40.366,34.554,25.184,0.0,mid,0.582,0.518,0.562,0.513,-148.128,408.227,357.889,405.114,1.018,2.363,0.431,Bo-Tense,0.430808294540838,-825762242973905470
Bo_M3,3,M,Bo,Village 2,M3_dzrii_33_02,204.602,507.214,302.612,5,ii_33,Vowel,ii,Tense,Oral,33.0,1.0,Mid,33,Unaspirated,Oral,166.301,165.962,166.875,166.626,411.241,135.821,1746.372,119.836,3094.494,224.333,3385.669,514.032,487.556,1831.598,3230.617,4586.372,16.941,15.237,22.724,12.64,12.376,15.774,18.086,-1.816,4.372,-0.585,2.972,14.205,-5.783,2.597,10.348,-3.134,-1.145,17.055,12.569,15.822,13.969,1.032,3.831,35.214,36.596,35.547,33.157,24.077,0.0,mid,0.589,0.522,0.57,0.522,-129.023,357.381,292.198,354.235,1.046,2.273,0.46,Bo-Tense,0.460184777826661,-7593025545639091076
Bo_M3,3,M,Bo,Village 2,M3_dzrii33_02,183.779,524.134,340.355,5,ii33,Vowel,ii,Lax,Oral,33.0,1.0,Mid,33,Unaspirated,Oral,152.745,152.479,153.407,153.018,417.749,151.249,1753.032,85.68,2879.324,439.258,3475.419,478.097,1738.875,3294.244,4255.266,5117.296,19.301,17.973,18.398,11.429,9.501,9.654,21.27,0.521,12.511,6.505,5.613,12.97,0.902,6.544,8.898,1.776,-1.969,17.453,6.79,11.468,13.688,5.003,3.907,25.603,29.546,26.714,22.646,21.727,0.0,mid,0.545,0.438,0.45,0.435,-333.373,356.161,548.056,353.306,1.761,1.992,0.885,Bo-Lax,0.884036144578313,5272029288382841023
Bo_M3,3,M,Bo,Village 2,M3_dzro_33_01,198.477,506.933,308.456,5,o_33,Vowel,o,Tense,Oral,33.0,1.0,Mid,33,Unaspirated,Oral,158.847,158.675,159.343,158.906,466.265,89.527,847.024,154.607,3041.332,121.949,4209.132,409.318,576.679,1482.625,3714.441,4715.31,19.029,17.636,23.364,16.594,21.179,12.797,28.577,4.095,18.66,0.17,-4.831,19.206,-4.335,1.042,2.185,3.797,-9.548,13.631,0.369,17.466,23.86,-1.57,12.152,37.032,40.02,47.467,48.384,28.514,0.0,mid,0.542,0.479,0.53,0.477,-455.091,354.32,1139.913,351.303,1.142,2.25,0.51,Bo-Tense,0.507555555555556,8135042740304683056
Bo_M3,3,M,Bo,Village 2,M3_dzro_33_02,206.585,497.25,290.665,5,o_33,Vowel,o,Tense,Oral,33.0,1.0,Mid,33,Unaspirated,Oral,151.882,151.421,153.174,152.066,462.175,101.131,864.436,119.843,3047.25,160.743,3731.492,1015.81,679.837,3188.117,4925.2,4636.454,17.267,15.966,20.402,14.155,19.512,11.19,25.25,0.945,14.609,-3.456,-7.657,16.249,-3.135,1.81,0.889,2.965,-7.984,15.098,2.658,19.422,24.924,-0.283,5.865,37.468,41.618,50.014,49.844,29.212,0.0,mid,0.525,0.473,0.524,0.466,-425.206,353.894,1101.191,350.807,1.152,2.351,0.49,Bo-Tense,0.490004253509145,-10263639418977869
Bo_M3,3,M,Bo,Village 2,M3_dzu_31_01,234.563,403.657,169.094,5,u_31,Vowel,u,Tense,Oral,31.0,2.0,Mid,31,Unaspirated,Oral,138.193,137.578,138.925,137.958,259.672,118.137,1445.664,411.705,2424.021,204.978,3482.167,294.256,680.699,2476.492,3689.181,4997.887,24.852,22.188,23.186,11.092,5.85,14.949,23.184,9.97,1.656,1.49,0.248,9.668,1.666,11.096,17.336,-3.857,1.668,12.219,23.196,20.698,24.604,12.52,6.687,4.259,15.911,17.999,19.575,20.364,0.0,low,0.535,0.456,0.502,0.446,-615.41,320.869,1822.754,317.632,1.372,2.762,0.497,Bo-Tense,0.496741491672701,3266355890418423077
Bo_M3,3,M,Bo,Village 2,M3_dzu_31_02,331.836,491.002,159.166,5,u_31,Vowel,u,Tense,Oral,31.0,2.0,Mid,31,Unaspirated,Oral,142.111,141.065,143.427,143.192,377.478,153.675,1444.143,452.923,2701.016,106.091,3453.027,461.161,546.274,2028.646,3228.361,4036.9,20.228,18.905,18.103,11.207,11.253,10.933,19.991,-0.169,-0.28,-7.854,1.91,10.961,2.125,7.698,6.85,0.274,0.237,19.075,20.507,26.759,18.317,7.944,2.679,4.329,16.248,22.297,23.46,19.775,0.0,low,0.57,0.5,0.542,0.49,-587.531,414.026,1651.307,410.532,1.182,2.797,0.422,Bo-Tense,0.422595638183768,4344138074358184214
Bo_M3,3,M,Bo,Village 2,M3_ha_33_01,212.332,475.717,263.385,5,a_33,Vowel,a,Tense,Oral,33.0,1.0,Mid,33,Aspirated,Oral,160.909,160.624,162.598,159.513,1160.16,344.558,1372.422,101.836,2704.011,177.283,3954.782,271.863,995.825,1652.491,3333.23,4093.547,11.899,11.599,13.16,11.926,15.072,9.499,17.991,-20.519,21.963,-14.91,-3.657,-11.123,-1.261,-0.327,-1.911,2.427,-6.092,32.345,-10.064,26.509,15.556,22.721,4.013,44.895,34.913,34.443,32.815,23.024,0.717,mid,0.539,0.483,0.545,0.467,-220.941,345.22,646.307,342.307,1.046,2.504,0.419,Bo-Tense,0.417731629392971,-5101734692576698134
Bo_M3,3,M,Bo,Village 2,M3_ha_33_02,276.33,554.813,278.483,5,a_33,Vowel,a,Tense,Oral,33.0,1.0,Mid,33,Aspirated,Oral,157.776,157.641,158.549,156.351,984.933,275.01,1346.667,83.206,2734.648,169.302,3971.964,266.577,1108.806,1264.535,4033.587,4512.664,14.156,13.8,14.671,13.199,18.823,11.882,20.028,-13.48,20.707,-9.74,-5.212,-8.767,-0.515,0.601,-4.151,1.316,-5.872,27.358,-6.551,23.541,19.368,22.567,4.648,35.751,28.738,33.747,35.818,24.771,0.572,mid,0.508,0.46,0.516,0.446,-302.36,417.582,844.658,414.751,0.952,2.32,0.41,Bo-Tense,0.410344827586207,-1375957778599815386
Bo_M3,3,M,Bo,Village 2,M3_hle=_31_01,386.172,618.735,232.563,5,e=_31,Vowel,e,Tense,Oral,31.0,2.0,Mid,31,Unaspirated,Oral,128.475,128.399,133.739,129.449,556.122,80.492,1291.549,86.025,3014.065,172.145,3813.163,509.779,584.402,1307.174,3231.924,4513.991,16.574,15.973,17.331,14.718,27.163,6.41,27.147,2.243,12.499,-4.082,-5.076,6.108,-0.757,1.255,-9.833,8.309,-10.573,13.745,4.075,20.056,21.65,9.866,6.489,16.242,15.284,23.469,26.559,22.114,0.574,low,0.526,0.412,0.444,0.418,-352.515,504.462,929.058,501.144,1.605,2.793,0.581,Bo-Tense,0.574650912996778,1857721810150738724
Bo_M3,3,M,Bo,Village 2,M3_hle=_31_02,456.404,708.751,252.347,5,e=_31,Vowel,e,Tense,Oral,31.0,2.0,Mid,31,Unaspirated,Oral,136.764,136.473,141.962,138.041,565.064,79.868,1394.84,124.299,3061.662,184.698,4355.36,605.716,593.612,1421.218,3352.829,5197.059,18.359,17.714,19.305,16.472,28.89,6.002,28.888,4.163,11.345,-4.609,-6.657,3.729,-0.946,1.241,-9.586,10.47,-10.53,13.563,7.014,22.323,25.015,13.985,10.784,15.128,14.288,21.831,25.489,22.516,0.676,low,0.542,0.417,0.447,0.439,-377.144,584.406,954.967,581.142,1.638,2.096,0.647,Bo-Tense,0.78148854961832,7648059028539452595
Bo_M3,3,M,Bo,Village 2,M3_hle=_33_01,655.855,879.261,223.406,5,e=_33,Vowel,e,Tense,Oral,33.0,1.0,Mid,33,Unaspirated,Oral,167.216,167.449,166.38,167.878,355.522,88.391,2183.892,205.84,3016.368,226.316,4224.818,119.621,1250.068,2839.936,3920.352,4306.082,18.52,16.482,23.688,9.98,8.739,15.028,23.459,5.365,5.479,6.381,0.812,6.018,-5.168,6.502,14.95,-5.049,-4.938,11.118,13.042,10.1,17.708,10.463,3.784,42.995,51.199,49.677,47.102,29.962,0.822,mid,0.517,0.492,0.529,0.464,-350.845,768.849,781.25,766.083,1.156,2.12,0.545,Bo-Tense,0.545283018867924,-1892682058371555972
Bo_M3,3,M,Bo,Village 2,M3_hle=_33_02,660.601,895.99,235.389,5,e=_33,Vowel,e,Tense,Oral,33.0,1.0,Mid,33,Unaspirated,Oral,151.569,151.387,151.812,151.902,326.134,97.117,2230.356,228.258,2959.267,87.267,4324.516,87.955,395.713,2454.624,2973.219,4375.582,13.586,11.53,19.347,5.756,6.528,13.286,19.343,2.782,-3.48,-0.624,-0.601,4.469,-5.761,5.773,12.819,-7.53,-5.756,8.748,17.066,12.153,14.187,7.061,1.207,52.18,58.453,58.04,54.824,29.734,0.736,mid,0.657,0.562,0.567,0.513,-451.258,780.359,744.008,776.96,1.357,1.926,0.584,Bo-Tense,0.704569055036345,-4569501979320159617
Bo_M3,3,M,Bo,Village 2,M3_hlo_33_01,468.253,744.257,276.004,5,o_33,Vowel,o,Tense,Oral,33.0,1.0,Mid,33,Unaspirated,Oral,135.24,134.545,135.856,134.981,426.67,140.139,793.56,105.503,3008.773,217.423,4135.788,946.449,490.096,1659.27,3827.386,4872.669,14.812,13.583,17.24,11.395,19.497,10.892,20.6,-2.792,17.067,-0.344,-14.772,11.25,-2.427,2.188,-2.257,0.503,-5.788,16.448,-2.255,13.927,29.584,2.333,3.386,28.226,31.171,38.629,39.882,21.933,0.817,mid,0.58,0.464,0.508,0.521,-216.876,608.46,651.92,604.582,1.447,2.718,0.533,Bo-Tense,0.532376747608536,1426604135674662313
Bo_M3,3,M,Bo,Village 2,M3_hlo_33_02,488.077,693.524,205.447,5,o_33,Vowel,o,Tense,Oral,33.0,1.0,Mid,33,Unaspirated,Oral,133.348,133.314,133.653,255.964,481.296,142.157,827.677,128.932,2964.576,299.986,3793.165,191.223,561.472,753.905,3693.828,5132.444,13.579,12.613,17.261,12.904,24.608,9.033,21.855,-3.796,21.029,0.871,-13.523,9.556,-3.682,-0.291,-7.347,3.871,-8.276,16.503,-7.45,11.742,27.102,3.057,4.941,26.535,28.298,37.219,38.464,20.547,0.374,mid,0.604,0.488,0.528,0.541,-241.864,593.509,652.012,589.459,1.516,2.741,0.554,Bo-Tense,0.553082816490332,679050121781810854
Bo_M3,3,M,Bo,Village 2,M3_hlo31_01,234.28,426.346,192.066,5,o31,Vowel,o,Lax,Oral,31.0,2.0,Mid,31,Unaspirated,Oral,132.244,131.167,135.678,132.559,455.13,163.4,761.857,190.562,2709.801,169.293,3717.421,144.553,627.026,3211.045,3959.682,5016.932,17.092,15.984,19.044,13.923,21.386,8.904,21.691,-3.346,15.242,-4.345,-11.337,10.309,-1.952,2.061,-2.343,5.018,-4.598,19.402,1.85,20.329,28.43,5.675,4.233,17.901,24.073,32.484,33.008,21.048,0.615,low,0.582,0.435,0.444,0.465,-254.046,332.353,682.148,328.792,1.685,2.736,0.615,Bo-Lax,0.615862573099415,-4140665842091625557
Bo_M3,3,M,Bo,Village 2,M3_hlo31_02,190.655,381.561,190.906,5,o31,Vowel,o,Lax,Oral,31.0,2.0,Mid,31,Unaspirated,Oral,126.508,125.509,129.602,126.699,441.681,132.836,758.192,104.917,2783.916,219.94,3610.719,205.79,473.759,1727.632,3919.304,4636.631,14.674,13.648,17.223,12.545,21.653,8.256,18.972,-5.916,18.083,-1.234,-15.908,6.618,-2.549,1.103,-4.43,4.289,-4.298,19.635,-3.408,14.883,30.582,7.031,3.09,16.537,22.6,33.331,35.207,19.009,0.514,low,0.537,0.429,0.467,0.484,-192.938,288.196,583.233,284.336,1.46,2.946,0.497,Bo-Lax,0.495587236931432,-4868497866663029056
Bo_M3,3,M,Bo,Village 2,M3_hlu_21_01,533.379,679.92,146.541,5,u_21,Vowel,u,Tense,Oral,21.0,2.0,Low,21,Unaspirated,Oral,139.61,138.403,142.827,139.941,384.523,73.629,1314.41,174.93,2793.585,188.277,4237.208,327.8,666.411,1803.353,3675.963,4572.784,14.281,12.898,20.857,13.593,10.661,10.624,20.973,1.055,3.816,-4.755,-10.957,3.921,-6.576,-0.695,10.197,2.969,-6.692,11.846,10.465,17.653,25.238,8.976,2.62,12.035,19.913,26.817,29.546,20.881,0.0,low,0.545,0.463,0.5,0.455,-509.391,607.752,1337.701,604.453,1.375,2.664,0.516,Bo-Tense,0.516141141141141,-4938528937806719796
Bo_M3,3,M,Bo,Village 2,M3_hlu_21_02,529.334,720.763,191.429,5,u_21,Vowel,u,Tense,Oral,21.0,2.0,Low,21,Unaspirated,Oral,133.386,131.885,137.412,133.671,338.809,81.436,1359.132,483.713,2871.701,170.025,4463.682,337.562,749.257,2224.054,3942.441,4609.771,7.252,5.665,17.204,8.331,5.193,7.588,9.5,-8.384,-1.209,-7.539,-13.37,3.504,-9.952,-2.666,12.011,0.743,-2.248,14.053,8.461,13.204,20.623,2.161,0.831,11.053,19.616,27.839,31.139,19.028,0.845,low,0.565,0.478,0.522,0.479,-441.374,627.094,1194.489,623.423,1.432,2.769,0.518,Bo-Tense,0.517154207295052,8532931446599729812
Bo_M3,3,M,Bo,Village 2,M3_hlu33_01,297.285,434.964,137.679,5,u33,Vowel,u,Lax,Oral,33.0,1.0,Mid,33,Unaspirated,Oral,160.769,160.905,160.817,160.334,361.749,128.63,1252.026,271.323,2721.788,103.791,3863.602,555.546,862.064,2650.568,4157.081,4412.895,24.069,22.06,28.588,15.881,17.745,21.525,28.239,9.601,11.681,3.49,-0.393,15.463,-4.519,6.179,10.843,-5.645,-4.17,12.463,12.388,18.569,24.462,6.597,14.118,18.509,22.144,27.259,29.375,24.42,0.959,mid,0.639,0.489,0.478,0.448,-714.552,367.673,976.047,364.901,1.696,2.156,0.787,Bo-Lax,0.786641929499072,-5384732566251219876
Bo_M3,3,M,Bo,Village 2,M3_hlu33_02,321.015,458.312,137.297,5,u33,Vowel,u,Lax,Oral,33.0,1.0,Mid,33,Unaspirated,Oral,162.005,161.955,161.97,162.364,373.919,108.79,1324.375,187.27,2806.671,161.775,4211.054,477.721,1058.303,2882.918,4396.545,4463.666,24.142,22.155,29.203,16.602,16.877,21.018,28.877,10.226,12.896,5.505,0.116,15.643,-5.061,5.553,12.326,-4.415,-4.735,11.932,11.246,16.65,24.026,6.512,15.672,19.496,27.652,32.038,31.935,25.49,0.547,mid,0.521,0.459,0.495,0.441,-852.006,391.495,2132.496,388.771,1.291,2.28,0.566,Bo-Lax,0.566228070175439,-3813720880454085586
Bo_M3,3,M,Bo,Village 2,M3_le=_33_01,214.167,489.686,275.519,5,e=_33,Vowel,e,Tense,Oral,33.0,1.0,Mid,33,Unaspirated,Oral,152.96,153.055,153.228,303.358,606.999,48.62,1369.404,68.341,3324.398,164.954,4595.244,81.276,624.912,1392.422,4238.749,4776.077,14.769,14.086,18.624,15.621,30.774,5.795,30.772,5.539,14.87,-2.511,-6.652,6.375,-3.855,-1.534,-12.15,9.826,-16.003,8.572,-0.1,16.597,21.422,7.711,15.516,43.169,38.625,45.091,45.884,27.737,0.382,mid,0.552,0.505,0.562,0.501,-300.332,353.698,745.078,350.416,1.055,2.215,0.477,Bo-Tense,0.476297968397291,6694187107815536508
Bo_M3,3,M,Bo,Village 2,M3_le=_33_02,234.788,491.122,256.334,5,e=_33,Vowel,e,Tense,Oral,33.0,1.0,Mid,33,Unaspirated,Oral,149.468,149.411,150.23,299.958,590.311,39.607,1386.164,128.503,3301.719,115.419,4600.695,224.651,604.397,1398.825,3528.827,4818.416,12.801,12.118,16.668,13.657,28.292,4.096,28.29,3.335,11.164,-5.515,-6.587,6.529,-3.866,-1.539,-11.624,9.561,-15.488,8.805,1.637,17.633,19.388,5.589,7.896,41.748,39.047,44.05,45.65,27.847,0.385,mid,0.551,0.488,0.549,0.502,-295.068,364.987,743.223,361.622,1.137,2.261,0.503,Bo-Tense,0.502874834144184,9192835756363897284
Bo_M3,3,M,Bo,Village 2,M3_lu_21_01,305.668,556.776,251.108,5,u_21,Vowel,u,Tense,Oral,21.0,2.0,Low,21,Unaspirated,Oral,152.46,151.663,155.278,153.75,403.774,146.245,1185.697,287.733,2938.693,131.961,4106.237,258.862,515.344,1114.958,3054.266,4457.219,24.524,23.034,27.597,19.692,19.306,18.765,25.456,4.444,12.299,1.119,-2.717,15.597,-3.073,3.341,8.292,0.927,-0.932,18.6,12.226,21.915,27.241,7.437,14.312,8.973,13.458,20.563,23.064,18.922,0.0,low,0.524,0.496,0.528,0.455,-711.593,433.147,1629.871,430.128,1.15,2.153,0.534,Bo-Tense,0.534138411518811,-4694980676820024840
Bo_M3,3,M,Bo,Village 2,M3_lu_21_02,199.026,427.621,228.595,5,u_21,Vowel,u,Tense,Oral,21.0,2.0,Low,21,Unaspirated,Oral,140.647,139.777,144.695,141.481,374.755,101.283,1254.988,194.88,2866.745,105.224,4158.329,479.975,535.488,1603.106,3364.269,4472.872,18.603,17.131,24.014,16.124,15.858,16.368,20.405,0.727,6.837,-2.095,-5.149,11.493,-5.411,1.008,8.156,-0.244,-1.802,16.41,11.767,19.227,23.752,5.638,4.664,12.863,18.857,24.896,27.081,19.716,0.944,low,0.546,0.478,0.518,0.467,-615.178,315.262,1648.088,311.905,1.251,2.714,0.46,Bo-Tense,0.460943257184967,-59801420835978199
Bo_M3,3,M,Bo,Village 2,M3_me_33_01,204.101,386.046,181.945,5,e_33,Vowel,e,Tense,Oral,33.0,1.0,Mid,33,Unaspirated,Nasal,175.932,176.081,175.867,175.831,759.638,275.226,2105.292,157.206,2596.547,469.632,3892.775,271.317,764.321,2217.654,4065.869,5524.315,23.385,22.829,21.762,19.35,26.684,8.326,26.683,1.002,18.651,5.335,9.474,-4.44,1.623,3.48,-4.923,11.023,-3.298,21.828,4.734,17.494,13.911,27.269,17.991,34.982,33.801,30.509,29.615,28.638,0.0,mid,0.412,0.388,0.42,0.353,-827.638,295.99,1267.26,293.983,1.19,1.302,0.915,Bo-Tense,0.913978494623656,-8480651965956222810
Bo_M3,3,M,Bo,Village 2,M3_me_33_02,166.267,354.205,187.938,5,e_33,Vowel,e,Tense,Oral,33.0,1.0,Mid,33,Unaspirated,Nasal,176.58,176.803,175.721,176.805,581.134,243.734,2099.559,108.494,2593.238,361.303,3954.766,200.559,707.037,2178.52,3847.444,4101.006,20.517,19.617,22.081,17.862,25.976,18.344,26.865,3.654,21.989,13.711,12.88,3.194,-1.564,1.755,-3.895,-0.482,-6.348,15.964,-1.472,5.906,7.638,16.423,18.541,42.923,41.5,37.428,35.868,28.165,0.0,mid,0.477,0.473,0.543,0.423,-529.065,261.054,1259.443,258.661,0.525,1.952,0.269,Bo-Tense,0.268954918032787,2511539998834269335
Bo_M3,3,M,Bo,Village 2,M3_me=_33_01,318.269,531.768,213.499,5,e=_33,Vowel,e,Tense,Oral,33.0,1.0,Mid,33,Unaspirated,Nasal,179.155,178.95,180.201,179.553,358.075,23.964,1798.142,335.586,3080.029,229.115,4351.045,89.628,427.166,2700.349,4372.929,4879.364,17.629,15.085,28.864,11.235,11.384,19.271,28.863,11.232,-3.757,-6.131,-8.312,5.178,-11.236,3.85,17.48,-8.037,-11.235,3.854,21.386,21.216,25.94,9.907,9.329,33.703,43.767,46.676,46.559,25.488,0.426,mid,0.59,0.545,0.579,0.519,-329.109,426.331,672.809,423.427,0.982,2.114,0.465,Bo-Tense,0.464522232734153,-8464678334011282392
Bo_M3,3,M,Bo,Village 2,M3_me=_33_02,463.888,665.994,202.106,5,e=_33,Vowel,e,Tense,Oral,33.0,1.0,Mid,33,Unaspirated,Nasal,171.976,171.436,175.352,172.726,355.142,42.435,741.769,207.594,3061.914,172.515,4442.609,186.278,490.44,1851.971,3648.518,4536.667,14.776,11.928,24.886,5.786,10.202,0.297,24.884,5.438,10.198,-3.866,-10.247,21.521,-10.109,6.143,14.684,5.488,-10.108,6.578,4.579,15.794,25.023,-9.593,3.696,34.741,42.784,45.495,45.035,25.072,0.624,mid,0.571,0.526,0.579,0.521,-231.624,566.773,536.764,563.719,0.956,2.311,0.415,Bo-Tense,0.41367373431415,4983776009260464570
Bo_M3,3,M,Bo,Village 2,M3_me=33_02,309.148,548.598,239.45,5,e=33,Vowel,e,Lax,Oral,33.0,1.0,Mid,33,Unaspirated,Nasal,143.033,143.015,143.714,142.909,410.847,55.773,1372.687,294.263,2915.644,143.817,3329.734,414.12,478.209,1489.906,3059.877,5217.861,21.843,20.634,23.807,17.765,11.962,9.645,31.089,9.905,6.858,-2.96,2.612,16.88,-1.964,2.87,11.845,8.12,-9.247,10.735,14.984,23.595,19.23,3.754,14.521,26.415,32.591,37.747,36.415,26.831,0.0,mid,0.511,0.41,0.423,0.402,-715.396,431.422,1183.499,428.608,1.848,2.031,0.911,Bo-Lax,0.909896602658789,-1868957277253840021
Bo_M3,3,M,Bo,Village 2,M3_me=55_01,588.765,772.074,183.309,5,e=55,Vowel,e,Lax,Oral,55.0,1.0,High,55,Unaspirated,Nasal,153.944,154.28,153.096,154.138,446.609,134.156,1188.414,237.495,3072.603,139.377,4205.34,332.522,753.241,3297.096,4372.052,4449.337,17.703,16.493,18.066,12.127,12.428,8.196,24.125,1.493,7.135,-6.133,-7.205,11.224,-0.363,4.366,5.639,3.931,-6.422,15.015,10.568,22.625,24.909,5.269,3.949,27.761,27.924,38.051,39.463,27.041,0.0,high,0.547,0.424,0.438,0.424,-576.917,682.499,907.853,679.753,1.884,1.887,0.999,Bo-Lax,0.998410174880763,239649172256462072
Bo_M3,3,M,Bo,Village 2,M3_me=55_02,607.132,752.545,145.413,5,e=55,Vowel,e,Lax,Oral,55.0,1.0,High,55,Unaspirated,Nasal,146.712,147.05,146.099,147.15,450.384,238.77,1160.87,114.089,3025.971,143.332,4358.809,195.811,994.14,3131.987,4422.265,,15.977,14.965,17.392,12.647,16.25,8.01,20.544,-2.933,13.285,-1.394,-3.722,13.693,-1.415,2.318,1.142,4.637,-4.567,17.917,2.693,16.36,19.699,1.272,2.454,32.874,32.663,39.196,38.998,28.34,0.734,high,0.579,0.452,0.474,0.455,-446.623,682.075,866.324,678.968,1.84,2.2,0.837,Bo-Lax,0.836363636363636,5247825441362356102
Bo_M3,3,M,Bo,Village 2,M3_na33_01,182.575,325.369,142.794,5,a33,Vowel,a,Lax,Oral,33.0,1.0,Mid,33,Unaspirated,Nasal,157.324,157.288,157.991,156.351,917.057,196.812,1405.201,105.903,2747.232,213.158,4392.734,315.947,1002.137,1430.032,3887.902,4321.983,16.25,15.873,16.485,14.916,20.12,12.469,21.878,-9.127,17.277,-9.329,-3.188,-6.754,-0.235,0.957,-3.636,2.447,-5.628,25.035,-1.027,25.201,19.438,22.627,7.404,46.723,38.25,41.356,41.134,28.21,0.861,mid,0.479,0.444,0.515,0.428,-300.95,254.884,940.706,252.163,0.753,2.186,0.344,Bo-Lax,0.344464775846295,-1534194720639067889
Bo_M3,3,M,Bo,Village 2,M3_na33_01_sandhi,182.331,375.721,193.39,5,a33(sandhi) ,Vowel,a,Tense,Oral,33.0,1.0,Mid,33,Unaspirated,Nasal,155.15,154.825,156.208,155.501,951.628,183.704,1460.883,99.573,2771.715,274.523,3791.902,270.651,978.372,1461.312,3645.928,4167.762,17.046,16.704,16.577,15.157,21.026,14.286,26.245,-5.298,22.847,-4.33,1.463,-2.869,0.47,1.547,-4.45,0.871,-9.198,22.04,-5.801,21.034,15.583,19.573,12.678,50.006,39.277,39.63,37.38,28.268,0.751,mid,0.445,0.424,0.51,0.401,-371.12,280.527,1160.424,277.94,0.492,2.015,0.244,Bo-Tense,0.244168734491315,-7389727653107344157
Bo_M3,3,M,Bo,Village 2,M3_na33_02,193.259,359.421,166.162,5,a33,Vowel,a,Lax,Oral,33.0,1.0,Mid,33,Unaspirated,Nasal,154.583,154.194,155.602,155.375,870.648,161.723,1251.999,138.858,2847.932,252.202,3883.256,89.431,981.362,1238.485,3905.539,5367.327,13.918,13.491,16.314,14.534,20.705,11.839,25.128,-6.613,20.116,-8.28,-4.508,-2.652,-2.397,-1.043,-4.391,2.695,-11.21,20.185,-6.198,21.771,18.426,16.143,9.412,43.053,35.109,40.557,40.042,27.151,0.545,mid,0.543,0.465,0.533,0.5,-194.958,278.065,632.414,274.815,1.088,2.389,0.456,Bo-Lax,0.455420678107995,2892222718345770108
Bo_M3,3,M,Bo,Village 2,M3_na55_01,259.803,530.469,270.666,5,a55,Vowel,a,Lax,Oral,55.0,1.0,High,55,Unaspirated,Nasal,154.652,154.411,155.784,154.778,974.298,224.864,1382.762,82.085,2800.477,320.356,4333.407,345.562,962.943,1358.138,3761.234,4288.352,13.516,13.179,12.797,11.404,17.453,10.938,21.803,-11.174,19.913,-9.617,-4.758,-7.749,0.719,1.775,-4.656,0.466,-8.287,24.421,-6.397,22.796,18.274,20.928,5.83,41.829,31.646,34.78,34.708,26.228,0.587,high,0.468,0.437,0.509,0.442,-289.752,397.388,824.248,394.525,0.5,2.104,0.236,Bo-Lax,0.237642585551331,3698724269531090961
Bo_M3,3,M,Bo,Village 2,M3_na55_02,217.872,479.117,261.245,5,a55,Vowel,a,Lax,Oral,55.0,1.0,High,55,Unaspirated,Nasal,152.018,151.694,154.277,157.487,942.916,137.876,1377.313,73.827,2719.801,528.351,3982.627,286.4,889.303,1355.402,4141.067,4331.467,11.258,10.913,12.605,11.177,15.677,8.939,21.197,-11.157,15.686,-12.982,-11.992,-15.682,-1.347,-0.264,-3.072,2.238,-9.938,22.123,-4.428,23.895,23.251,26.595,3.188,40.788,31.724,35.404,36.952,24.623,0.5,high,0.529,0.471,0.545,0.488,-175.673,350.206,561.426,346.987,1.045,2.509,0.418,Bo-Lax,0.416500597847748,8598396380874035609
Bo_M3,3,M,Bo,Village 2,M3_ni_33_01,251.094,503.36,252.266,5,i_33,Vowel,i,Tense,Oral,33.0,1.0,Mid,33,Unaspirated,Nasal,180.668,180.362,182.228,180.729,358.763,23.535,1073.562,40.311,2902.71,116.588,4506.887,152.757,484.445,1874.548,4583.553,5048.527,18.513,15.753,25.575,7.394,4.502,8.867,25.574,7.297,6.696,-2.587,-12.57,10.111,-7.062,8.359,21.073,-1.474,-7.061,8.469,11.817,18.34,31.082,5.642,5.352,38.921,50.286,57.795,57.648,26.639,0.463,mid,0.542,0.51,0.561,0.479,-440.708,378.482,1078.183,375.818,0.831,2.13,0.39,Bo-Tense,0.390140845070423,-6718695881030653124
Bo_M3,3,M,Bo,Village 2,M3_ni_33_02,201.678,469.583,267.905,5,i_33,Vowel,i,Tense,Oral,33.0,1.0,Mid,33,Unaspirated,Nasal,171.939,171.696,174.35,348.346,343.209,13.163,1037.754,76.188,3034.705,220.871,4559.12,148.759,477.459,3381.854,4661.063,4928.942,15.427,12.704,26.804,9.163,5.657,10.172,26.803,9.121,7.175,-1.813,-11.958,13.465,-11.377,3.541,21.147,-1.009,-11.376,3.598,8.251,14.516,27.385,-0.761,5.732,37.528,46.349,53.651,52.688,24.907,0.31,mid,0.587,0.519,0.572,0.524,-304.695,337.093,730.231,334.032,1.048,2.345,0.448,Bo-Tense,0.446908315565032,7144379075101575543
Bo_M3,3,M,Bo,Village 2,M3_no_33_02,246.85,562.31,315.46,5,o_33,Vowel,o,Tense,Oral,33.0,1.0,Mid,33,Unaspirated,Nasal,141.779,141.646,142.691,141.93,431.298,148.082,776.853,382.219,2850.533,93.075,3557.909,252.924,615.76,2954.259,3916.543,,20.134,18.833,23.116,16.908,22.28,12.978,28.775,4.649,21.039,2.509,0.531,24.663,-2.982,1.925,0.836,3.93,-8.642,14.263,-0.906,16.323,19.603,-5.831,11.47,30.623,34.573,40.816,38.781,26.99,0.0,mid,0.583,0.465,0.484,0.446,-579.938,407.006,1354.843,403.848,1.846,2.472,0.747,Bo-Tense,0.746763754045307,8884184700033728032
Bo_M3,3,M,Bo,Village 2,M3_no33_02,178.574,336.591,158.017,5,o33,Vowel,o,Lax,Oral,33.0,1.0,Mid,33,Unaspirated,Nasal,150.287,149.826,150.507,150.561,439.474,109.73,846.946,254.83,2900.798,100.35,3467.588,335.254,652.055,2979.558,3856.589,3937.703,22.755,21.43,24.594,18.143,22.022,15.373,31.197,7.702,18.807,2.129,4.104,25.994,-1.839,3.287,2.572,2.771,-8.442,13.774,3.948,19.301,18.651,-4.564,23.021,31.178,33.067,38.961,36.927,26.064,0.0,mid,0.55,0.44,0.456,0.426,-875.0,259.289,1509.44,256.447,1.905,2.101,0.906,Bo-Lax,0.906711089957163,-2543906344507556870
Bo_M3,3,M,Bo,Village 2,M3_nu_33_02,228.618,475.292,246.674,5,u_33,Vowel,u,Tense,Oral,33.0,1.0,Mid,33,Unaspirated,Nasal,186.755,186.778,186.657,186.946,357.166,37.923,924.885,351.838,2993.797,78.029,4197.46,145.854,559.97,2751.336,4211.299,4058.734,21.025,17.987,28.055,10.697,6.981,8.121,28.054,9.55,9.147,-1.819,-0.438,26.53,-7.031,7.29,21.074,2.577,-7.03,8.467,11.877,19.806,21.462,-8.543,8.647,31.577,39.22,44.777,46.628,28.224,0.675,mid,0.563,0.487,0.497,0.444,-915.243,353.419,1128.11,351.041,1.45,1.643,0.884,Bo-Tense,0.882531953743153,7186040941299022541
Bo_M3,3,M,Bo,Village 2,M3_nu~_33_02,186.044,480.901,294.857,5,u~_33,Vowel,u,Tense,Oral,33.0,1.0,Mid,33,Unaspirated,Nasal,168.579,168.431,169.188,168.608,357.382,70.83,823.201,399.8,3261.208,219.848,4583.799,143.997,489.788,1036.586,3225.735,4667.733,17.132,14.659,25.872,9.22,15.045,14.744,25.871,6.803,6.121,-5.935,-7.227,23.255,-8.74,5.439,10.827,-5.524,-8.739,7.908,11.011,20.594,24.358,-8.597,5.668,42.828,47.144,52.56,52.908,28.581,0.635,mid,0.566,0.521,0.565,0.5,-408.185,335.479,918.045,332.509,1.029,2.202,0.467,Bo-Tense,0.467302452316076,-5832677419666638574
Bo_M3,3,M,Bo,Village 2,M3_nu33_02,266.572,527.016,260.444,5,u33,Vowel,u,Lax,Oral,33.0,1.0,Mid,33,Unaspirated,Nasal,177.891,178.003,177.898,177.309,349.256,49.413,917.194,440.422,2897.724,222.689,4189.271,139.249,571.733,2596.455,4181.954,4506.229,20.523,17.656,27.175,9.024,11.196,12.384,27.174,8.874,5.872,-5.148,-2.671,23.752,-6.652,8.632,15.98,-3.359,-6.651,8.809,14.652,22.804,23.194,-6.096,7.477,41.886,50.64,54.002,54.657,32.864,0.66,mid,0.529,0.489,0.518,0.463,-845.911,398.391,1541.203,395.792,1.074,1.744,0.616,Bo-Lax,0.615825688073395,851566287266126942
Bo_M3,3,M,Bo,Village 2,M3_nuN_33_01,334.356,632.315,297.959,5,u~_33,Vowel,u,Tense,Oral,33.0,1.0,Mid,33,Unaspirated,Nasal,173.297,173.042,174.62,173.225,360.732,61.217,988.838,529.237,3006.604,236.128,4482.723,164.021,481.71,837.38,3139.59,4609.93,19.602,17.099,28.634,11.102,15.975,19.129,28.633,9.974,11.026,0.938,-5.378,19.253,-9.033,5.996,12.66,-8.027,-9.031,7.143,8.576,16.16,24.98,-2.154,9.93,32.806,40.677,46.704,46.301,27.154,0.567,mid,0.557,0.5,0.535,0.474,-458.043,484.385,981.705,481.645,1.128,2.103,0.537,Bo-Tense,0.536376604850214,70295672151264667
Bo_M3,3,M,Bo,Village 2,M3_pie_33_01,100.033,415.698,315.665,5,ie_33,Vowel,ie,Tense,Oral,33.0,1.0,Mid,33,Unaspirated,Oral,175.353,175.43,176.491,176.204,520.323,43.135,2640.879,100.2,3712.515,323.935,4681.936,503.088,528.845,2643.265,4127.995,5135.074,17.341,16.24,22.813,17.334,14.007,11.784,29.059,6.982,11.5,10.554,-1.133,3.059,-5.472,-1.094,8.806,5.55,-11.717,9.259,5.842,5.687,18.474,13.182,14.62,32.388,36.026,36.348,32.559,23.378,0.0,mid,0.544,0.497,0.54,0.476,-264.529,259.339,602.108,256.612,0.989,2.075,0.479,Bo-Tense,0.476626506024096,-7082386890540114619
Bo_M3,3,M,Bo,Village 2,M3_pie_33_02,90.942,404.577,313.635,5,ie_33,Vowel,ie,Tense,Oral,33.0,1.0,Mid,33,Unaspirated,Oral,163.573,163.513,165.996,164.551,524.801,71.712,2604.564,205.989,3051.484,972.76,4555.706,334.174,554.585,2673.916,4588.368,5491.12,14.703,13.728,18.813,14.098,19.522,14.95,27.85,5.566,8.536,7.072,3.824,-4.653,-4.109,-0.371,-0.71,-0.852,-13.146,8.162,6.167,6.655,10.88,18.381,8.109,37.17,38.935,39.306,35.59,26.57,0.0,mid,0.536,0.49,0.549,0.481,-230.748,249.227,596.004,246.27,0.952,2.189,0.436,Bo-Tense,0.43490178163545,3218401927717554666
Bo_M3,3,M,Bo,Village 2,M3_sa_31_01,303.907,555.376,251.469,5,a_31,Vowel,a,Tense,Oral,31.0,2.0,Mid,31,Unaspirated,Oral,122.585,121.903,126.568,123.199,755.167,129.518,1150.226,94.63,2617.957,327.511,3942.751,249.424,978.659,1746.554,3991.778,4200.925,12.689,12.332,8.996,7.517,9.111,1.982,20.954,-9.293,19.347,-6.865,-6.652,-3.68,3.692,4.815,-0.115,5.535,-8.265,21.668,-6.658,19.197,19.341,16.012,3.395,21.688,15.234,22.625,25.666,22.529,0.0,low,0.48,0.362,0.39,0.322,-248.853,420.091,751.453,417.506,1.678,2.54,0.661,Bo-Tense,0.660629921259842,-621511157208498482
Bo_M3,3,M,Bo,Village 2,M3_sa_31_02,283.375,518.033,234.658,5,a_31,Vowel,a,Tense,Oral,31.0,2.0,Mid,31,Unaspirated,Oral,127.488,126.95,132.261,128.194,765.259,134.204,1193.639,82.521,2677.056,158.589,4081.565,132.409,896.493,1319.37,4125.379,4683.735,12.27,11.894,12.8,11.231,14.24,6.512,23.469,-6.305,20.065,-5.335,-6.917,-3.657,-0.529,0.663,-1.441,4.719,-11.199,18.238,-7.794,17.228,19.187,15.551,5.482,19.644,12.614,21.508,25.595,21.688,0.738,low,0.554,0.428,0.476,0.443,-170.336,402.763,653.172,399.236,1.545,3.077,0.508,Bo-Tense,0.50211244718882,-917616083577799206
Bo_M3,3,M,Bo,Village 2,M3_sa55_01,290.55,566.154,275.604,5,a55,Vowel,a,Lax,Oral,55.0,1.0,High,55,Unaspirated,Oral,161.852,161.546,162.658,161.923,855.374,278.267,1332.941,131.588,2970.516,359.605,4218.348,202.119,879.381,1323.241,4047.13,4326.663,14.969,14.507,14.583,12.646,22.216,12.069,26.716,-3.569,22.184,-3.869,-4.391,-1.592,0.385,1.862,-7.633,0.576,-11.747,18.135,-7.215,18.376,19.36,16.099,11.767,37.731,27.911,33.156,34.996,27.828,0.0,high,0.482,0.446,0.507,0.431,-398.315,430.03,1010.791,427.355,0.986,2.042,0.485,Bo-Lax,0.482859941234084,8575953867941767229
Bo_M3,3,M,Bo,Village 2,M3_sa55_02,256.358,526.685,270.327,5,a55,Vowel,a,Lax,Oral,55.0,1.0,High,55,Unaspirated,Oral,148.824,148.751,150.45,149.108,856.599,120.033,1353.579,89.617,2840.142,810.674,4222.093,247.073,831.798,1329.841,4127.744,4388.665,9.877,9.492,11.125,9.525,15.743,7.879,23.105,-7.405,14.67,-11.457,-12.853,-12.987,-1.248,-0.033,-4.618,1.647,-13.229,16.938,-4.793,20.95,22.73,22.479,4.45,52.182,42.207,46.34,47.262,28.07,0.714,high,0.539,0.479,0.544,0.495,-194.224,393.324,644.506,389.983,1.025,2.512,0.409,Bo-Lax,0.408041401273885,716790600654864242
Bo_M3,3,M,Bo,Village 2,M3_srii_33_01,354.437,586.701,232.264,5,ii_33,Vowel,ii,Tense,Oral,33.0,1.0,Mid,33,Unaspirated,Oral,188.245,188.046,187.531,188.818,518.396,319.034,1569.074,152.584,2838.877,291.991,3286.349,697.998,1450.285,3015.16,4090.585,5327.329,19.669,18.293,17.906,10.765,10.034,8.912,17.625,-4.735,12.668,1.806,8.457,15.435,1.763,7.528,7.872,1.852,2.044,23.032,7.0,16.486,11.211,2.858,3.834,28.645,31.831,29.62,24.667,22.645,0.0,mid,0.483,0.437,0.464,0.401,-311.855,471.805,450.085,469.674,1.116,1.362,0.82,Bo-Tense,0.819383259911894,8572815357509391640
Bo_M3,3,M,Bo,Village 2,M3_srii_33_02,316.029,551.855,235.826,5,ii_33,Vowel,ii,Tense,Oral,33.0,1.0,Mid,33,Unaspirated,Oral,181.863,181.498,182.312,181.911,468.181,172.128,1497.815,121.3,2916.111,176.984,3685.201,825.116,1409.552,3002.374,4102.012,4423.273,17.191,15.616,19.657,10.99,6.788,7.601,14.301,-7.54,13.496,3.517,7.378,18.465,-2.467,4.626,12.869,3.389,2.89,23.162,3.695,12.099,9.812,-2.849,3.247,29.692,31.917,31.288,28.545,23.902,0.0,mid,0.527,0.507,0.543,0.477,-232.626,435.154,423.706,432.522,0.902,1.745,0.517,Bo-Tense,0.516905444126075,5158493981715113528
Bo_M3,3,M,Bo,Village 2,M3_srii33_01,273.887,538.137,264.25,5,ii33,Vowel,ii,Lax,Oral,33.0,1.0,Mid,33,Unaspirated,Oral,180.158,180.335,179.734,179.408,508.19,126.901,1552.245,118.929,2872.345,433.835,3255.09,309.351,1243.066,3015.864,4013.053,4356.852,20.942,19.657,22.815,16.301,12.152,10.12,25.024,2.572,14.221,3.149,9.902,17.748,-1.873,3.356,10.663,6.181,-4.082,17.089,6.722,16.508,11.041,1.909,8.853,28.833,32.221,31.585,26.37,23.594,0.0,mid,0.506,0.474,0.511,0.442,-238.644,407.167,498.453,404.718,1.11,1.859,0.597,Bo-Lax,0.597095212479828,6098713532659348323
Bo_M3,3,M,Bo,Village 2,M3_srii33_02,293.651,545.183,251.532,5,ii33,Vowel,ii,Lax,Oral,33.0,1.0,Mid,33,Unaspirated,Oral,176.316,176.387,175.96,177.079,481.758,151.475,1485.814,87.15,2825.457,179.101,3750.258,739.913,1385.877,2926.338,4096.264,4044.667,17.895,16.485,21.105,13.719,13.055,12.307,21.52,-0.696,15.074,4.342,6.502,16.255,-3.21,2.766,8.049,1.412,-3.626,17.186,2.821,12.143,11.393,0.23,4.847,27.881,27.784,28.322,26.065,23.979,0.0,mid,0.552,0.531,0.578,0.512,-208.71,420.768,438.525,417.865,0.86,1.957,0.44,Bo-Lax,0.439448134900358,-7540442527457442393
Bo_M3,3,M,Bo,Village 2,M3_tcjhi_31_01,236.338,450.384,214.046,5,i_31,Vowel,i,Tense,Oral,31.0,2.0,Mid,31,Aspirated,Oral,147.891,146.925,153.78,149.113,302.95,73.86,2559.902,234.681,3409.074,270.761,4072.037,293.248,1033.89,2998.717,3957.574,4615.501,16.438,14.043,20.974,5.779,6.699,15.345,20.972,5.657,2.253,9.073,2.674,12.67,-4.536,8.264,14.275,-9.566,-4.534,8.386,14.185,4.97,13.764,1.373,1.783,16.789,26.282,26.74,23.854,19.597,0.689,low,0.58,0.488,0.541,0.514,-380.223,345.229,1070.494,341.678,1.202,2.8,0.429,Bo-Tense,0.429285714285714,5925680178592337047
Bo_M3,3,M,Bo,Village 2,M3_tcjhi_31_02,230.213,477.406,247.193,5,i_31,Vowel,i,Tense,Oral,31.0,2.0,Mid,31,Aspirated,Oral,154.776,153.575,160.967,155.471,296.078,33.985,2559.585,269.999,3275.056,370.173,4264.972,594.854,347.621,2803.12,3555.007,4780.801,16.664,13.865,22.017,9.178,3.333,13.508,22.015,7.375,0.014,7.327,0.627,8.716,-5.353,4.687,18.684,-4.33,-5.351,6.491,16.65,6.538,16.037,5.15,2.123,22.263,30.141,31.832,27.515,19.942,0.583,low,0.57,0.503,0.548,0.497,-429.974,355.683,1131.83,352.42,1.06,2.694,0.395,Bo-Tense,0.393466963622866,-509602121963415824
Bo_M3,3,M,Bo,Village 2,M3_thuu_33_02,271.735,516.379,244.644,5,uu_33,Vowel,uu,Tense,Oral,33.0,1.0,Mid,33,Aspirated,Oral,138.477,138.492,138.409,137.871,406.39,45.909,1793.367,78.561,2808.679,245.698,4208.677,179.779,606.131,2269.328,4043.994,4958.314,16.973,15.851,19.426,13.848,12.737,10.532,24.224,3.542,5.852,0.172,-0.196,5.65,-2.454,2.003,6.69,3.316,-7.252,12.31,11.121,15.679,17.168,10.201,3.545,28.653,38.862,39.731,40.181,26.486,0.0,mid,0.609,0.447,0.458,0.467,-629.435,396.627,1238.73,393.258,2.313,2.486,0.932,Bo-Tense,0.930410297666935,9158776060418428971
Bo_M3,3,M,Bo,Village 2,M3_thuu33_02,251.823,514.558,262.735,5,uu33,Vowel,uu,Lax,Oral,33.0,1.0,Mid,33,Aspirated,Oral,132.25,132.119,132.528,132.599,372.395,71.161,1666.026,190.816,2853.4,136.168,4097.046,395.547,400.992,2100.567,3208.481,5368.527,17.27,16.075,18.794,12.739,8.429,7.329,22.788,3.186,-0.881,-6.438,-6.042,3.843,-1.524,3.335,10.366,5.411,-5.518,12.89,18.152,22.513,23.312,12.232,2.564,26.31,34.529,35.794,37.421,25.918,0.0,mid,0.647,0.433,0.406,0.463,-373.57,385.832,699.662,382.33,2.633,2.726,0.968,Bo-Lax,0.965884079236977,7638183893957501483
Bo_M3,3,M,Bo,Village 2,M3_va_31_02,247.828,471.194,223.366,5,a_31,Vowel,a,Tense,Oral,31.0,2.0,Mid,31,Unaspirated,Oral,132.941,132.345,138.438,134.02,719.033,120.95,1146.418,172.831,2759.826,169.082,3972.241,142.089,900.09,2113.609,3993.168,4757.374,14.725,14.264,13.856,11.919,18.213,8.012,27.402,-1.954,21.077,-4.081,-2.397,4.314,0.869,2.345,-4.357,3.907,-12.677,16.274,-6.352,18.345,17.123,9.95,10.306,20.368,13.422,20.078,22.716,20.879,0.276,low,0.421,0.383,0.444,0.364,-255.579,347.982,789.209,345.306,0.907,1.996,0.455,Bo-Tense,0.454408817635271,6805704408322386199
Bo_M3,3,M,Bo,Village 2,M3_vi_33_01,262.692,552.633,289.941,5,i_33,Vowel,i,Tense,Oral,33.0,1.0,Mid,33,Unaspirated,Oral,188.585,188.183,190.709,189.114,347.56,95.582,2857.599,103.364,3833.724,380.16,4551.213,70.885,365.336,2888.994,4522.473,5865.67,18.286,15.13,15.924,4.625,-3.145,7.898,15.514,-0.818,-5.693,2.483,-9.493,1.066,2.362,10.505,19.07,-3.273,2.772,15.948,23.979,12.647,27.779,14.064,1.327,29.952,42.018,44.125,41.544,23.521,0.0,mid,0.573,0.522,0.587,0.521,-130.918,408.639,303.414,405.866,0.806,1.878,0.43,Bo-Tense,0.429179978700746,4271251205903553826
Bo_M3,3,M,Bo,Village 2,M3_vi_33_02,240.091,525.672,285.581,5,i_33,Vowel,i,Tense,Oral,33.0,1.0,Mid,33,Unaspirated,Oral,182.736,182.683,183.388,183.362,360.547,54.857,2764.532,219.706,3501.457,884.254,4436.639,121.329,376.912,2835.676,4441.741,5272.474,15.801,13.222,17.867,0.722,-3.233,5.868,17.866,0.462,-5.274,1.276,-10.726,-4.629,-2.067,12.5,21.1,-5.146,-2.066,12.76,21.074,11.947,26.526,17.851,1.28,33.169,45.759,47.595,45.643,25.959,0.818,mid,0.587,0.525,0.591,0.529,-111.86,384.392,272.702,381.497,0.901,2.077,0.434,Bo-Tense,0.433798748194511,-5974099847710896725
Bo_M3,3,M,Bo,Village 2,M3_vi33_01,193.342,489.547,296.205,5,i33,Vowel,i,Lax,Oral,33.0,1.0,Mid,33,Unaspirated,Oral,152.398,152.371,152.626,153.093,302.435,107.231,2610.882,208.196,3328.491,247.154,4137.686,129.181,2779.814,4010.197,4631.676,4442.753,20.573,18.029,20.945,6.584,5.761,15.094,20.942,6.205,6.54,14.433,4.276,11.494,-0.372,11.445,15.184,-8.511,-0.37,11.825,14.032,3.596,16.297,6.536,2.728,24.373,32.558,33.366,28.682,24.378,0.0,mid,0.551,0.445,0.468,0.454,-887.017,343.12,1845.613,340.133,1.817,2.184,0.832,Bo-Lax,0.831959706959707,1693538253734816913
Bo_M3,3,M,Bo,Village 2,M3_vi33_02,212.128,506.711,294.583,5,i33,Vowel,i,Lax,Oral,33.0,1.0,Mid,33,Unaspirated,Oral,149.667,149.857,149.698,149.675,303.906,106.094,2685.118,119.915,3393.919,227.317,4195.468,93.519,2794.486,4138.431,4350.957,4544.081,19.368,17.037,20.301,5.477,5.38,13.854,20.299,5.153,8.475,16.551,2.722,10.141,-0.933,11.559,14.922,-8.377,-0.931,11.883,10.893,0.486,16.646,6.896,2.233,23.055,33.694,33.743,29.449,23.927,0.145,mid,0.549,0.451,0.471,0.456,-263.669,361.692,535.68,358.648,1.773,2.192,0.809,Bo-Lax,0.808850364963504,-4115990329986763925
Bo_M3,3,M,Bo,Village 2,M3_Xe=_33_02,274.11,481.032,206.922,5,e=_33,Vowel,e,Tense,Oral,33.0,1.0,Mid,33,Unaspirated,Oral,189.092,189.305,187.049,188.72,362.317,103.318,1480.951,290.188,2847.341,195.839,4070.676,134.014,494.711,1555.74,3860.318,4810.338,19.954,17.339,23.458,6.836,8.504,15.41,23.452,5.109,4.014,-1.726,-6.406,7.481,-3.504,10.504,14.954,-8.575,-3.498,12.233,15.94,19.066,26.36,9.858,4.435,23.134,27.732,31.817,33.976,24.191,0.9,mid,0.55,0.459,0.476,0.437,-780.003,379.436,1203.211,377.125,1.518,1.672,0.908,Bo-Tense,0.907894736842105,-1885708332714082134
Bo_M3,3,M,Bo,Village 2,M3_Xe=31_01,261.795,461.942,200.147,5,e=31,Vowel,e,Lax,Oral,31.0,2.0,Mid,31,Unaspirated,Oral,140.839,139.422,144.362,141.257,529.638,96.779,1197.873,138.257,2953.34,96.453,4178.15,711.559,564.996,1206.819,3041.167,4979.882,20.095,19.247,20.806,16.962,25.99,11.652,26.733,2.526,15.943,-0.151,-4.628,9.632,-0.712,2.285,-5.184,5.31,-6.638,16.739,4.152,19.398,24.723,9.615,11.141,16.751,16.144,23.821,25.991,21.627,0.78,low,0.506,0.412,0.449,0.409,-367.583,363.867,926.907,360.917,1.614,2.338,0.69,Bo-Lax,0.690333618477331,7914204510542656105
Bo_M3,3,M,Bo,Village 2,M3_zji_33_01,259.305,466.178,206.873,5,i_33,Vowel,i,Tense,Oral,33.0,1.0,Mid,33,Unaspirated,Oral,172.02,170.982,172.016,172.904,310.377,103.073,2491.912,181.788,3269.773,179.569,4077.047,308.802,2851.808,3533.172,4616.761,4725.977,19.97,16.809,19.998,9.679,3.194,14.351,19.707,4.886,5.175,11.976,10.907,19.55,-0.028,7.13,16.804,-4.672,0.263,11.923,14.795,4.833,9.063,-2.741,2.794,27.912,37.407,35.258,28.421,21.234,0.205,mid,0.573,0.541,0.576,0.496,-681.196,364.143,1417.445,361.252,0.883,1.95,0.453,Bo-Tense,0.452820512820513,-4167518295564283756
Bo_M3,3,M,Bo,Village 2,M3_zji_33_02,175.599,331.806,156.207,5,i_33,Vowel,i,Tense,Oral,33.0,1.0,Mid,33,Unaspirated,Oral,185.965,187.096,183.384,185.817,295.983,136.871,2449.65,517.76,3200.361,207.806,4036.584,240.945,2535.966,3104.559,4048.864,4563.423,17.969,13.754,15.118,11.082,-2.201,11.476,5.052,-8.361,4.463,12.568,8.981,18.462,2.851,2.672,17.32,-0.394,12.917,22.116,13.506,1.187,8.988,-4.707,1.682,23.049,31.851,29.841,24.807,20.097,0.0,mid,0.619,0.58,0.629,0.532,-699.912,255.262,1503.8,252.413,0.806,1.675,0.481,Bo-Tense,0.481194029850746,-2797551671088352044
Bo_M3,3,M,Bo,Village 2,M3_zji33_02,209.762,523.751,313.989,5,i33,Vowel,i,Lax,Oral,33.0,1.0,Mid,33,Unaspirated,Oral,142.151,29.511,70.95,141.383,293.729,140.39,2440.327,366.431,3139.122,192.869,3966.573,382.959,2573.388,3156.488,4020.807,4577.709,15.297,12.962,13.581,-0.576,-5.788,2.739,13.579,-0.803,7.111,14.211,13.91,19.947,1.716,13.538,19.369,-3.315,1.718,13.764,8.186,-1.25,1.386,-6.986,2.158,18.475,26.66,25.183,19.655,19.272,0.0,mid,0.573,0.433,0.442,0.453,-819.128,369.372,1422.319,366.182,1.937,2.22,0.873,Bo-Lax,0.872522522522522,2833874014471196883
