speaker_id,speaker_number,speaker_sex,language,language_variety,filename,segment_start,segment_end,duration,timepoint,textgrid_label,segment_type,vowel_quality,phonation,vowel_nasality,tone_contour,number_of_tone_targets,tone_category,language_specific_tone,consonant_aspiration,consonant_nasality,strF0,sF0,pF0,shrF0,sF1,sB1,sF2,sB2,sF3,sB3,sF4,sB4,pF1,pF2,pF3,pF4,H1u,H1c,H2u,H2c,H4u,H4c,A1u,A1c,A2u,A2c,A3u,A3c,H1H2u,H1H2c,H2H4u,H2H4c,H1A1u,H1A1c,H1A2u,H1A2c,H1A3u,H1A3c,Energy,HNR05,HNR15,HNR25,HNR35,CPP,SHR,tone_misc,CQ,CQ_H,CQ_HT,CQ_PM,min_Vel,min_Vel_Time,peak_Vel,peak_Vel_Time,SQ2_SQ1,SQ4_SQ3,ratio,LPhon,SQ,token_id
Hmong_M14,14,M,Hmong,White Hmong,14e-ca-w_Audio,1019.648,1233.262,213.614,5,a,Vowel,a,Modal,Oral,33.0,1.0,Mid,x,Unaspirated,Oral,130.544,130.168,130.261,129.74,817.444,91.758,1387.044,168.636,2454.948,166.544,3749.234,143.835,908.07,1713.895,3750.974,5185.195,10.098,9.793,14.855,13.594,14.388,8.457,27.979,-1.773,19.528,-4.94,5.782,-0.874,-4.757,-3.801,0.466,5.137,-17.881,11.579,-9.43,14.733,4.316,10.667,11.826,36.627,27.908,28.036,30.63,25.04,0.783,mid,0.641,0.593,0.634,0.583,-179.287,1128.441,435.333,1123.973,0.833,3.739,0.223,Hmong-Modal,0.222786841401444,7339384619267474438
Hmong_M14,14,M,Hmong,White Hmong,14e-cag-w_Audio,852.526,1042.764,190.238,5,a,Vowel,a,Breathy,Oral,53.0,2.0,High,g,Unaspirated,Oral,164.889,165.453,171.227,168.174,777.479,75.101,1474.173,80.484,2561.428,662.77,3507.577,634.099,868.997,1562.715,3550.845,4951.606,20.073,19.525,16.543,14.196,30.335,15.172,31.28,3.846,26.511,5.845,5.509,1.939,3.53,5.329,-13.793,-0.976,-11.207,15.69,-6.438,13.68,14.564,17.586,49.911,15.161,7.856,9.741,11.891,23.03,0.0,high,0.448,0.414,0.536,0.353,-419.591,949.221,1174.66,947.065,0.383,1.74,0.22,Hmong-Breathy,0.220114942528736,8756053336421820751
Hmong_M14,14,M,Hmong,White Hmong,14e-cam-w_Audio,1092.979,1318.643,225.664,5,a,Vowel,a,Creaky,Oral,21.0,2.0,Low,m,Unaspirated,Oral,116.062,116.236,120.057,117.892,830.627,82.16,1410.302,203.48,2519.715,78.868,3782.736,194.908,909.45,2236.76,4056.548,4868.883,9.297,9.051,15.893,14.886,12.499,7.935,28.471,-1.652,15.344,-9.399,5.385,-1.203,-6.597,-5.835,3.394,6.951,-19.175,10.716,-6.047,18.45,3.912,10.255,12.786,20.647,12.612,16.077,20.137,22.059,0.0,low,0.682,0.639,0.678,0.633,-200.637,1208.465,479.621,1202.985,0.864,3.758,0.232,Hmong-Creaky,0.2299095263438,-7618049597886823702
Hmong_M14,14,M,Hmong,White Hmong,14e-cav-w_Audio,993.545,1184.495,190.95,5,a,Vowel,a,Modal,Oral,24.0,2.0,Mid,v,Unaspirated,Oral,126.635,127.123,125.45,126.188,867.357,93.906,1461.539,239.741,2500.278,274.091,3856.349,242.998,907.272,1741.631,3944.643,5140.799,10.525,10.269,16.999,15.944,11.033,6.225,27.458,-2.786,16.837,-7.961,1.688,-6.412,-6.474,-5.676,5.967,9.719,-16.933,13.067,-6.311,18.23,8.838,16.68,10.536,32.168,24.068,24.184,26.504,23.23,0.511,mid,0.678,0.626,0.64,0.616,-233.466,1090.874,407.056,1086.017,1.102,3.227,0.341,Hmong-Modal,0.34149364735048,-7770987712127909661
Hmong_M14,14,M,Hmong,White Hmong,14e-cim-w_Audio,938.256,1107.991,169.735,5,i,Vowel,i,Creaky,Oral,21.0,2.0,Low,m,Unaspirated,Oral,120.685,119.855,123.564,244.738,246.233,13.862,2475.517,73.681,3225.53,677.991,3570.902,488.702,254.6,2563.183,3604.031,4889.649,12.575,10.281,23.042,10.746,2.118,10.868,23.039,10.735,-3.291,5.716,-6.785,4.66,-10.467,-0.466,20.924,-0.122,-10.464,-0.455,15.866,4.565,19.361,5.621,2.044,18.316,34.226,36.195,33.19,20.969,0.304,low,0.649,0.614,0.636,0.595,-299.857,1025.644,483.786,1020.653,1.019,3.624,0.282,Hmong-Creaky,0.281181015452539,-2431404089957059830
Hmong_M14,14,M,Hmong,White Hmong,14e-kab-w_Audio,915.703,1130.431,214.728,5,a,Vowel,a,Modal,Oral,45.0,2.0,High,b,Unaspirated,Oral,167.497,167.434,164.73,166.424,829.247,105.29,1449.098,123.721,2399.347,210.769,3770.075,125.719,926.686,1618.748,3778.388,5392.458,13.322,12.846,17.536,15.527,21.8,10.754,32.16,3.441,23.204,0.223,7.173,-1.092,-4.214,-2.681,-4.264,4.773,-18.839,9.417,-9.882,12.624,6.149,13.938,28.264,42.79,34.34,33.248,35.152,27.011,0.0,high,0.62,0.561,0.618,0.57,-211.87,1024.344,492.571,1020.945,0.733,2.769,0.265,Hmong-Modal,0.264716504153124,-2061835240795149940
Hmong_M14,14,M,Hmong,White Hmong,14e-kam-w_Audio,905.837,1117.362,211.525,5,a,Vowel,a,Creaky,Oral,21.0,2.0,Low,m,Unaspirated,Oral,123.09,123.006,124.362,123.374,832.5,63.495,1477.264,242.019,2442.081,97.764,3729.872,80.268,871.454,2034.433,3746.843,5058.897,10.728,10.463,16.116,15.025,15.118,10.111,29.297,-0.732,16.947,-7.674,6.236,-1.664,-5.389,-4.562,0.999,4.914,-18.569,11.206,-6.22,18.137,4.492,12.126,14.192,28.202,20.107,21.156,24.319,24.067,0.246,low,0.658,0.603,0.651,0.602,-175.766,1013.485,488.562,1008.572,0.837,3.572,0.234,Hmong-Creaky,0.234322508398656,-3458706241081081947
Hmong_M14,14,M,Hmong,White Hmong,14e-kas-w_Audio,928.968,1130.263,201.295,5,a,Vowel,a,Modal,Oral,22.0,1.0,Low,s,Unaspirated,Oral,130.878,130.837,131.143,131.105,851.412,104.92,1399.816,164.286,2428.8,84.34,3724.694,124.303,961.832,1971.072,3804.783,5159.896,10.997,10.705,15.871,14.668,15.449,9.854,27.124,-3.125,19.357,-5.825,8.058,-0.088,-4.875,-3.963,0.422,4.814,-16.128,13.843,-8.36,16.53,2.939,10.793,12.755,39.395,32.335,31.383,33.441,27.377,0.805,low,0.651,0.602,0.654,0.613,-182.474,1031.649,510.479,1026.969,0.756,3.49,0.217,Hmong-Modal,0.216618911174785,6663022450528787136
Hmong_M14,14,M,Hmong,White Hmong,14e-paj-w_Audio,895.506,1086.628,191.122,5,a,Vowel,a,Modal,Oral,53.0,2.0,High,j,Unaspirated,Oral,176.812,176.739,178.676,176.827,873.394,111.39,1384.41,74.74,2536.338,255.171,3618.492,137.451,963.574,1448.747,3553.424,5079.681,12.65,12.133,15.834,13.653,24.56,12.528,32.827,2.722,27.499,1.85,3.736,-1.091,-3.184,-1.519,-8.726,1.125,-20.177,9.441,-14.85,10.283,8.913,13.225,41.124,46.386,37.565,39.288,40.004,28.358,0.0,high,0.62,0.592,0.73,0.585,-204.418,991.991,625.902,988.677,0.504,2.926,0.173,Hmong-Modal,0.172248803827751,-1760139998745234077
Hmong_M14,14,M,Hmong,White Hmong,14e-po-w_Audio,755.53,981.452,225.922,5,o,Vowel,o,Modal,Oral,33.0,1.0,Mid,x,Unaspirated,Oral,154.562,154.641,155.799,306.147,610.652,41.743,927.597,24.946,2695.026,219.486,3278.987,281.385,717.138,825.609,3078.815,4806.595,15.153,14.327,20.336,16.718,34.461,6.833,34.46,6.284,30.951,6.667,2.368,15.059,-5.183,-2.39,-14.125,9.885,-19.306,8.134,-15.797,7.66,12.786,-0.731,48.658,46.463,41.142,46.314,42.557,27.295,0.369,mid,0.621,0.566,0.623,0.546,-236.007,870.016,688.94,866.476,0.705,2.79,0.253,Hmong-Modal,0.252688172043011,-4681338288747726512
Hmong_M14,14,M,Hmong,White Hmong,14e-poj-w_Audio,880.495,1081.217,200.722,5,o,Vowel,o,Modal,Oral,53.0,2.0,High,j,Unaspirated,Oral,182.105,182.242,184.908,183.328,630.462,107.213,930.76,55.968,2577.232,182.444,3381.355,292.029,723.605,870.099,2995.68,5242.518,14.182,13.026,19.676,14.39,30.231,14.078,29.244,1.48,33.014,9.037,1.913,12.883,-5.494,-1.364,-10.555,0.312,-15.062,11.633,-18.832,3.988,12.269,0.142,48.035,41.345,36.296,41.833,40.537,27.81,0.0,high,0.6,0.573,0.701,0.547,-253.834,981.953,693.148,978.939,0.557,2.708,0.206,Hmong-Modal,0.205686853766617,1566406123700231417
Hmong_M14,14,M,Hmong,White Hmong,14e-pom-w_Audio,1149.39,1348.805,199.415,5,o,Vowel,o,Creaky,Oral,21.0,2.0,Low,m,Unaspirated,Oral,112.989,113.675,116.183,114.673,587.922,69.203,834.497,31.342,2882.977,195.862,4329.666,337.286,660.827,2383.95,4058.634,4723.698,9.192,8.672,16.18,13.989,18.208,6.395,30.302,0.677,30.539,4.207,-5.091,12.09,-6.988,-5.316,-2.029,7.594,-21.111,8.157,-21.347,4.465,14.283,-3.418,20.802,18.575,18.379,27.674,28.913,22.493,0.0,low,0.683,0.657,0.687,0.634,-198.334,1251.955,409.339,1246.351,0.864,2.934,0.298,Hmong-Creaky,0.294478527607362,8109868449849699306
Hmong_M14,14,M,Hmong,White Hmong,14e-pos-w_Audio,1083.596,1301.333,217.737,5,o,Vowel,o,Modal,Oral,22.0,1.0,Low,s,Unaspirated,Oral,135.933,136.291,136.324,136.147,612.569,82.274,859.917,101.788,2651.717,156.746,3597.666,392.463,712.703,762.229,3118.614,5174.812,12.502,11.828,17.814,14.928,28.717,10.352,29.167,-0.52,26.768,0.227,-5.75,7.87,-5.313,-3.1,-10.903,4.576,-16.666,12.485,-14.267,11.601,18.252,3.958,21.952,42.819,41.454,47.646,45.906,27.643,0.832,low,0.65,0.62,0.652,0.595,-235.278,1193.852,479.995,1189.481,0.809,3.178,0.255,Hmong-Modal,0.254562617998741,-1535658128615886993
Hmong_M14,14,M,Hmong,White Hmong,14e-pov-w_Audio,1078.729,1297.658,218.929,5,o,Vowel,o,Modal,Oral,24.0,2.0,Mid,v,Unaspirated,Oral,126.36,126.96,124.053,125.5,612.434,101.798,887.94,40.03,2863.349,132.519,3826.153,771.227,662.767,1664.744,3523.205,4579.739,10.982,10.425,17.232,14.874,18.784,5.591,29.817,0.315,31.176,5.049,-5.443,10.435,-6.25,-4.449,-1.552,9.283,-18.835,10.258,-20.194,5.376,16.425,-0.01,24.581,24.009,21.658,30.266,31.198,22.366,0.0,mid,0.68,0.63,0.647,0.593,-208.87,1190.326,391.845,1185.663,0.934,2.816,0.332,Hmong-Modal,0.331676136363636,-5561188807410176911
Hmong_M14,14,M,Hmong,White Hmong,14e-pus-w_Audio,1091.282,1283.011,191.729,5,u,Vowel,u,Modal,Oral,22.0,1.0,Low,s,Unaspirated,Oral,135.785,135.727,136.651,136.297,308.887,75.995,823.113,152.701,2789.031,676.806,3692.877,461.894,405.978,867.281,3619.616,5189.533,13.768,11.774,20.496,8.809,10.064,11.129,19.142,1.919,11.438,0.723,-18.827,7.859,-6.728,2.965,10.431,-2.32,-5.374,9.873,2.329,11.051,32.594,3.915,2.115,37.738,43.822,48.842,49.178,23.298,0.823,low,0.593,0.551,0.584,0.528,-241.106,1188.463,504.126,1184.567,0.926,3.411,0.273,Hmong-Modal,0.271474640867781,5873469710009527544
Hmong_M14,14,M,Hmong,White Hmong,14e-qag-w_Audio,1136.371,1342.221,205.85,5,a,Vowel,a,Breathy,Oral,53.0,2.0,High,g,Unaspirated,Oral,194.55,,172.689,189.942,841.48,243.162,1473.699,160.244,2642.274,146.437,3997.088,255.994,1108.292,2183.606,4137.112,4851.006,14.476,13.632,9.788,6.009,14.649,-0.817,16.382,-11.722,11.805,-10.822,0.716,-2.166,4.688,7.623,-4.861,6.826,-1.905,25.383,2.671,24.454,13.76,15.798,10.765,3.057,0.817,6.991,11.641,14.715,0.093,high,0.433,0.418,0.478,0.396,-475.33,1250.409,1169.458,1248.0,0.364,1.546,0.235,Hmong-Breathy,0.235446313065977,3152925682565189886
Hmong_M14,14,M,Hmong,White Hmong,14e-rau-w_Audio,808.376,1014.133,205.757,5,au,Vowel,au,Modal,Oral,33.0,1.0,Mid,x,Unaspirated,Oral,146.836,145.625,144.059,145.218,687.481,51.493,1094.457,79.538,2613.983,132.135,3454.113,379.789,745.531,1062.816,3005.06,5308.227,12.856,12.317,17.648,15.364,24.634,11.555,32.104,3.303,26.129,1.709,3.795,8.456,-4.793,-3.047,-6.986,3.81,-19.248,9.054,-13.274,10.608,9.06,3.861,26.189,34.336,28.624,33.538,33.355,26.382,0.0,mid,0.646,0.611,0.636,0.593,-253.289,912.526,466.925,908.48,0.8,2.848,0.281,Hmong-Modal,0.280898876404494,-7744114762918654376
Hmong_M14,14,M,Hmong,White Hmong,14e-raum-w_Audio,1184.946,1399.66,214.714,5,au,Vowel,au,Creaky,Oral,21.0,2.0,Low,m,Unaspirated,Oral,121.355,120.094,121.37,121.028,613.125,75.448,985.709,77.648,2465.69,164.453,3399.025,636.293,809.463,2616.178,4915.016,4788.097,11.189,10.738,17.734,15.838,17.871,7.94,28.739,-0.053,22.613,-1.818,0.472,5.507,-6.544,-5.1,-0.138,7.898,-17.55,10.823,-11.424,12.555,10.717,5.231,12.894,32.646,28.478,31.543,31.763,24.969,0.154,low,0.665,0.622,0.651,0.611,-199.561,1295.061,437.349,1290.015,0.879,3.091,0.286,Hmong-Creaky,0.284373989000324,-4857586720614365460
Hmong_M14,14,M,Hmong,White Hmong,14e-rauv-w_Audio,1131.976,1338.971,206.995,5,au,Vowel,au,Modal,Oral,24.0,2.0,Mid,v,Unaspirated,Oral,127.193,126.956,122.556,124.892,668.003,107.917,1063.147,93.651,2479.177,288.967,4226.797,351.966,893.176,2233.823,4206.067,4805.977,10.7,10.299,16.741,15.067,14.316,5.909,25.871,-3.701,19.998,-5.415,-2.317,0.095,-6.041,-4.768,2.425,9.159,-15.171,14.032,-9.298,15.714,13.017,10.205,11.165,18.277,12.226,18.277,20.98,19.971,0.116,mid,0.676,0.629,0.64,0.597,-217.945,1236.992,377.35,1232.296,0.939,2.749,0.343,Hmong-Modal,0.34157875591124,4754525525368213836
Hmong_M14,14,M,Hmong,White Hmong,14e-tag-w_Audio,1020.523,1202.593,182.07,5,a,Vowel,a,Breathy,Oral,53.0,2.0,High,g,Unaspirated,Oral,152.115,152.3,153.167,152.467,837.081,303.363,1407.561,151.112,2652.839,346.972,3888.697,336.915,941.756,1445.4,3529.284,4855.036,18.255,17.846,12.111,10.396,22.753,13.985,25.1,-4.226,22.616,-1.409,0.57,-2.262,6.144,7.449,-10.642,-3.589,-6.845,22.093,-4.36,19.254,17.686,20.107,13.644,35.845,25.172,26.206,27.051,25.108,0.723,high,0.33,0.321,0.399,0.302,-539.9,1112.15,1094.535,1110.166,0.38,1.289,0.295,Hmong-Breathy,0.294802172226532,-5633163600526317913
Hmong_M14,14,M,Hmong,White Hmong,14e-tam-w_Audio,1028.183,1222.222,194.039,5,a,Vowel,a,Creaky,Oral,21.0,2.0,Low,m,Unaspirated,Oral,121.578,121.068,123.439,122.181,870.494,110.652,1357.933,151.684,2560.824,235.545,3855.34,137.771,968.168,1606.458,3895.484,5116.365,10.253,9.999,17.262,16.222,8.638,3.943,27.768,-3.558,20.933,-6.033,0.945,-4.658,-7.009,-6.222,8.625,12.278,-17.515,13.58,-10.68,16.033,9.308,14.658,11.062,32.664,23.517,24.834,26.917,23.829,0.35,low,0.687,0.636,0.656,0.628,-230.37,1127.249,428.32,1122.067,1.045,3.539,0.296,Hmong-Creaky,0.295281152868042,-2829493825126750786
Hmong_M14,14,M,Hmong,White Hmong,14e-tas-w_Audio,1106.873,1323.642,216.769,5,a,Vowel,a,Modal,Oral,22.0,1.0,Low,s,Unaspirated,Oral,135.978,135.797,136.371,136.147,866.837,117.246,1349.96,404.092,2471.733,832.984,3699.996,309.225,901.2,1565.974,3684.401,5180.385,11.995,11.685,15.876,14.596,16.916,10.939,26.111,-4.854,14.787,-11.752,-1.643,-7.702,-3.881,-2.911,-1.04,3.658,-14.116,16.561,-2.792,23.436,13.638,19.387,10.426,40.042,33.228,35.083,36.189,28.249,0.817,low,0.635,0.564,0.608,0.576,-182.308,1217.513,501.799,1213.288,0.85,3.42,0.249,Hmong-Modal,0.248538011695906,7359310180135933899
Hmong_M14,14,M,Hmong,White Hmong,14e-tau-w_Audio,979.235,1199.705,220.47,5,au,Vowel,au,Modal,Oral,33.0,1.0,Mid,x,Unaspirated,Oral,151.099,150.272,149.187,149.909,696.942,63.6,1079.959,51.563,2397.498,576.404,3514.3,87.629,768.978,1109.73,3530.59,5717.719,13.904,13.347,17.978,15.616,26.317,12.666,31.79,2.435,28.88,3.544,-0.923,-0.078,-4.074,-2.269,-8.339,2.95,-17.886,10.946,-14.976,9.803,14.826,13.425,32.095,43.314,34.266,35.975,35.337,25.289,0.0,mid,0.607,0.568,0.613,0.564,-273.944,1091.129,626.966,1087.398,0.686,2.72,0.252,Hmong-Modal,0.252205882352941,-8306076504447119183
Hmong_M14,14,M,Hmong,White Hmong,14e-taub-w_Audio,941.316,1153.055,211.739,5,au,Vowel,au,Modal,Oral,45.0,2.0,High,b,Unaspirated,Oral,159.091,157.474,154.183,156.209,715.967,74.761,1076.018,96.04,2695.03,282.53,3499.615,38.708,825.49,1123.633,3483.899,5832.472,13.33,12.753,17.79,15.336,27.332,12.835,33.724,3.935,27.986,1.91,0.694,6.232,-4.46,-2.583,-9.542,2.501,-20.394,8.886,-14.656,10.843,12.635,6.521,44.226,34.318,24.579,28.97,28.123,23.592,0.268,high,0.63,0.597,0.646,0.583,-222.576,1048.01,537.86,1044.342,0.664,2.54,0.261,Hmong-Modal,0.261417322834646,2250061713882981104
Hmong_M14,14,M,Hmong,White Hmong,14e-tawm-w_Audio,1802.727,2017.897,215.17,5,aw,Vowel,aw,Creaky,Oral,21.0,2.0,Low,m,Unaspirated,Oral,125.646,124.785,126.944,126.133,651.591,64.249,1322.602,152.4,2542.418,67.207,3570.127,692.802,794.663,1712.791,2735.015,4936.797,12.356,11.971,18.655,17.042,18.059,9.759,28.743,0.947,18.4,-3.264,8.75,8.661,-6.299,-5.071,0.596,7.283,-16.387,11.037,-6.044,15.234,3.606,3.309,12.353,19.898,15.173,20.788,22.082,25.011,0.225,low,0.681,0.625,0.651,0.635,-221.112,1912.744,410.56,1907.661,0.97,3.047,0.318,Hmong-Creaky,0.318345914013784,-6303817046379794824
Hmong_M14,14,M,Hmong,White Hmong,14e-to-w_Audio,1081.291,1301.558,220.267,5,o,Vowel,o,Modal,Oral,33.0,1.0,Mid,x,Unaspirated,Oral,134.709,134.665,135.414,135.1,612.072,64.92,937.407,48.962,2730.643,397.997,3489.036,515.305,717.934,900.454,3235.863,4702.232,13.79,13.17,18.221,15.573,28.602,12.149,30.56,2.01,27.417,2.842,-4.934,7.957,-4.431,-2.403,-10.381,3.424,-16.77,11.246,-13.628,10.328,18.724,5.213,24.883,45.873,42.898,47.676,45.915,27.783,0.0,mid,0.607,0.58,0.608,0.562,-299.485,1192.905,616.544,1188.729,0.765,3.155,0.245,Hmong-Modal,0.242472266244057,3440742595960058577
Hmong_M14,14,M,Hmong,White Hmong,14e-toj-w_Audio,1105.923,1313.231,207.308,5,o,Vowel,o,Modal,Oral,53.0,2.0,High,j,Unaspirated,Oral,181.47,181.358,182.698,182.401,578.11,97.968,905.844,55.797,2637.359,355.946,3278.335,120.747,683.306,1419.385,3193.13,5051.949,13.704,12.425,19.424,13.443,27.297,13.967,28.287,1.604,28.759,6.366,-1.218,12.715,-5.72,-1.018,-7.873,-0.525,-14.583,10.905,-15.055,6.059,14.922,-0.29,25.975,46.906,44.548,46.95,43.295,27.739,0.0,high,0.607,0.582,0.692,0.561,-287.378,1211.176,749.134,1208.085,0.609,2.615,0.233,Hmong-Modal,0.232887189292543,-489445845063221426
Hmong_M14,14,M,Hmong,White Hmong,14e-tsau-w_Audio,889.851,1120.706,230.855,5,au,Vowel,au,Modal,Oral,33.0,1.0,Mid,x,Unaspirated,Oral,134.021,132.718,131.514,133.513,682.873,83.919,1059.077,34.22,2550.198,276.765,3449.823,352.092,820.738,1004.063,3616.785,5053.201,11.763,11.313,17.461,15.573,18.786,8.978,30.505,0.782,29.136,3.376,-0.014,3.598,-5.698,-4.26,-1.325,6.595,-18.742,10.573,-17.373,7.938,11.778,7.715,31.091,20.736,14.18,21.091,22.794,22.643,0.458,mid,0.66,0.618,0.66,0.613,-193.632,1006.867,464.203,1002.304,0.804,3.316,0.242,Hmong-Modal,0.242460796139928,9113819913484331620
Hmong_M14,14,M,Hmong,White Hmong,14e-zag-w_Audio,1227.315,1411.928,184.613,5,a,Vowel,a,Breathy,Oral,53.0,2.0,High,g,Unaspirated,Oral,159.86,56.122,170.758,162.729,831.662,173.533,1440.361,79.197,2605.5,281.62,3591.587,460.149,884.749,1474.837,3170.888,4894.615,20.417,19.945,15.166,13.175,23.633,12.68,25.744,-3.119,20.474,-2.826,2.132,-2.213,5.25,6.77,-8.467,0.494,-5.328,23.081,-0.057,22.771,18.285,22.158,23.093,4.213,-1.75,4.882,9.283,16.344,0.05,high,0.529,0.445,0.626,0.342,-451.713,1319.8,1044.722,1317.652,0.7,2.439,0.295,Hmong-Breathy,0.2870028700287,4237968448940246044
Hmong_M14,14,M,Hmong,White Hmong,14e-zam-w_Audio,1381.327,1594.472,213.145,5,a,Vowel,a,Creaky,Oral,21.0,2.0,Low,m,Unaspirated,Oral,115.446,96.369,117.367,116.921,820.604,100.24,1397.192,228.118,2368.072,454.725,3841.789,324.522,866.149,1595.341,3881.898,4779.262,10.683,10.43,18.034,16.991,11.582,6.831,26.069,-4.042,17.162,-7.747,-0.223,-9.142,-7.351,-6.561,6.452,10.16,-15.386,14.481,-6.479,18.176,10.906,19.571,10.488,14.125,7.568,12.312,18.235,21.929,0.303,low,0.692,0.643,0.664,0.63,-217.817,1490.68,401.903,1485.188,1.079,3.425,0.316,Hmong-Creaky,0.315036496350365,-5919295229115745033
Hmong_M14,14,M,Hmong,White Hmong,14e-zas-w_Audio,1318.913,1536.565,217.652,5,a,Vowel,a,Modal,Oral,22.0,1.0,Low,s,Unaspirated,Oral,139.909,139.777,141.061,139.899,851.07,134.209,1363.392,115.339,2429.625,335.443,3696.493,116.69,940.728,1474.269,3628.657,5158.343,11.906,11.561,16.737,15.307,13.733,6.856,26.145,-4.093,21.923,-3.578,1.577,-5.572,-4.831,-3.745,3.004,8.451,-14.239,15.671,-10.017,15.14,10.329,17.133,11.327,32.414,23.612,24.839,27.397,23.972,0.755,low,0.672,0.605,0.619,0.601,-216.868,1429.727,382.894,1425.432,0.968,3.182,0.305,Hmong-Modal,0.304211187932118,6771131859315057857
Hmong_M18,18,M,Hmong,White Hmong,18e-ca-w_Audio,843.029,1210.98,367.951,5,a,Vowel,a,Modal,Oral,33.0,1.0,Mid,x,Unaspirated,Oral,110.065,109.988,110.518,110.309,735.441,457.696,1586.793,246.751,2810.783,587.443,3940.235,221.696,766.424,1609.732,3679.588,5270.848,16.813,16.548,22.332,21.236,13.867,8.689,18.08,-9.397,12.229,-7.127,-6.921,-7.805,-5.519,-4.688,8.465,12.547,-1.267,25.952,4.584,23.675,23.734,24.353,3.618,35.231,34.312,34.266,34.682,26.465,0.786,mid,0.586,0.495,0.6,0.453,-278.177,1027.941,795.075,1023.823,1.226,3.698,0.332,Hmong-Modal,0.331530557057869,-6672996543948682119
Hmong_M18,18,M,Hmong,White Hmong,18e-cab-w_Audio,913.818,1218.322,304.504,5,a,Vowel,a,Modal,Oral,45.0,2.0,High,b,Unaspirated,Oral,144.839,145.243,143.459,144.32,777.139,242.364,1475.734,115.077,2712.321,190.303,3932.326,233.138,795.642,1692.843,3921.558,5622.446,17.592,17.196,21.896,20.236,19.461,10.869,21.681,-6.368,11.86,-9.605,-1.699,-3.813,-4.304,-3.041,2.434,9.368,-4.089,23.576,5.731,26.801,19.291,21.008,5.484,34.96,34.133,37.679,37.957,26.6,0.812,high,0.567,0.52,0.583,0.512,-380.688,1067.384,1180.746,1063.853,0.826,2.72,0.304,Hmong-Modal,0.303676470588235,-4279993060817329305
Hmong_M18,18,M,Hmong,White Hmong,18e-caj-w_Audio,978.955,1239.63,260.675,5,a,Vowel,a,Modal,Oral,53.0,2.0,High,j,Unaspirated,Oral,148.006,147.458,149.824,148.501,706.047,187.73,1526.267,155.973,2838.621,421.429,3930.949,231.722,761.054,1579.583,3617.242,5515.68,19.46,18.976,23.48,21.421,24.819,12.569,27.051,0.388,18.831,-0.053,-1.749,-0.797,-4.02,-2.444,-1.339,8.851,-7.591,18.599,0.629,19.029,21.208,19.773,14.537,38.12,33.788,34.166,34.031,27.32,0.755,high,0.611,0.527,0.606,0.46,-279.295,1109.798,1159.609,1106.683,0.768,3.201,0.24,Hmong-Modal,0.239925023430178,-201170584089520671
Hmong_M18,18,M,Hmong,White Hmong,18e-cas-w_Audio,832.398,1235.369,402.971,5,a,Vowel,a,Modal,Oral,22.0,1.0,Low,s,Unaspirated,Oral,116.877,116.86,116.681,117.072,702.017,185.947,1434.839,124.501,2812.358,685.691,3993.275,243.837,760.145,1476.686,3836.684,5636.856,16.439,16.137,25.101,23.846,16.793,10.757,27.942,0.215,22.018,1.281,-4.662,-3.458,-8.662,-7.709,8.308,13.089,-11.503,15.933,-5.579,14.856,21.101,19.595,14.186,48.754,42.104,42.498,41.808,29.541,0.613,low,0.654,0.574,0.663,0.638,-227.542,1036.632,819.948,1031.173,0.983,3.888,0.253,Hmong-Modal,0.252829218106996,-350952328081374434
Hmong_M18,18,M,Hmong,White Hmong,18e-cug-w_Audio,894.605,1185.163,290.558,5,u,Vowel,u,Breathy,Oral,53.0,2.0,High,g,Unaspirated,Oral,139.185,138.649,141.266,139.58,274.176,106.088,983.919,149.146,2559.764,294.567,3951.999,908.832,830.482,2718.878,5112.635,5367.931,22.194,19.584,20.712,6.437,3.002,9.286,20.71,6.339,9.06,2.796,-11.466,10.344,1.482,13.147,17.71,-2.85,1.484,13.249,13.134,16.788,33.66,9.24,3.415,16.577,26.754,32.322,34.297,20.037,0.0,high,0.474,0.451,0.52,0.431,-511.99,1042.233,1205.34,1039.114,0.822,1.832,0.449,Hmong-Breathy,0.448689956331878,-7150691100184807976
Hmong_M18,18,M,Hmong,White Hmong,18e-kab-w_Audio,1359.716,1703.284,343.568,5,a,Vowel,a,Modal,Oral,45.0,2.0,High,b,Unaspirated,Oral,135.807,135.963,135.233,135.552,797.465,320.999,1482.988,148.695,3282.998,683.072,4029.973,567.504,771.206,1473.54,3674.689,5361.641,17.146,16.814,24.034,22.651,17.018,10.293,22.179,-6.599,17.643,-4.957,-3.17,-0.994,-6.888,-5.837,7.016,12.358,-5.032,23.439,-0.497,21.77,20.316,17.807,9.413,37.055,34.439,37.058,37.949,28.031,0.805,high,0.619,0.55,0.652,0.571,-237.163,1533.111,1131.09,1528.91,0.711,3.37,0.211,Hmong-Modal,0.210979228486647,-1231335144403542062
Hmong_M18,18,M,Hmong,White Hmong,18e-kaj-w_Audio,977.211,1301.276,324.065,5,a,Vowel,a,Modal,Oral,53.0,2.0,High,j,Unaspirated,Oral,142.873,142.685,144.711,143.377,714.661,301.799,1552.218,153.673,2888.056,277.335,4182.67,140.675,725.554,1604.421,4128.136,5024.147,17.542,17.091,24.47,22.559,18.688,7.783,23.072,-3.654,13.62,-5.181,-5.22,-3.745,-6.928,-5.468,5.782,14.776,-5.53,20.756,3.922,22.272,22.761,20.836,6.549,36.371,33.86,34.414,34.924,24.789,0.84,high,0.604,0.547,0.614,0.545,-302.123,1141.27,967.311,1137.439,0.924,2.975,0.311,Hmong-Modal,0.310588235294118,3059454433672823860
Hmong_M18,18,M,Hmong,White Hmong,18e-kam-w_Audio,1041.639,1320.7,279.061,5,a,Vowel,a,Creaky,Oral,21.0,2.0,Low,m,Unaspirated,Oral,108.943,108.67,111.451,109.867,827.451,423.882,1611.187,281.923,2385.09,1034.098,3872.353,186.393,870.027,1685.413,3784.496,5361.285,16.751,16.551,23.688,22.87,15.854,12.208,21.835,-7.574,16.108,-6.124,0.964,-11.662,-6.937,-6.319,7.834,10.662,-5.084,24.13,0.643,22.675,15.787,28.214,7.463,15.57,13.427,15.526,20.363,26.499,0.766,low,0.6,0.536,0.629,0.565,-215.937,1182.846,712.377,1177.658,1.069,4.104,0.261,Hmong-Creaky,0.260477582846004,-7285325995883046877
Hmong_M18,18,M,Hmong,White Hmong,18e-kas-w_Audio,887.189,1291.314,404.125,5,a,Vowel,a,Modal,Oral,22.0,1.0,Low,s,Unaspirated,Oral,118.719,118.658,118.725,118.554,734.799,113.448,1496.808,200.151,3058.939,1050.812,3954.201,195.277,776.596,1563.89,3879.567,5330.848,16.11,15.823,24.523,23.333,17.157,11.505,30.135,2.125,21.974,1.068,-1.538,1.968,-8.413,-7.51,7.366,11.828,-14.025,13.714,-5.864,14.755,17.648,13.855,20.481,43.274,38.981,41.286,42.717,30.995,0.651,low,0.637,0.574,0.674,0.618,-190.85,1091.254,679.513,1086.049,0.885,3.891,0.227,Hmong-Modal,0.227447956823439,-2938698347336465641
Hmong_M18,18,M,Hmong,White Hmong,18e-kos-w_Audio,1114.16,1480.155,365.995,5,o,Vowel,o,Modal,Oral,22.0,1.0,Low,s,Unaspirated,Oral,123.758,123.713,124.609,124.216,624.209,173.676,972.627,145.56,2675.79,531.861,3722.153,367.577,779.94,908.4,3584.496,5178.684,15.711,15.211,23.211,21.103,20.971,9.506,27.355,-1.337,21.796,-2.695,-10.058,-0.517,-7.5,-5.892,2.24,11.597,-11.645,16.602,-6.085,17.907,25.769,15.728,11.505,40.891,38.561,43.594,43.066,26.885,0.819,low,0.592,0.538,0.632,0.525,-189.422,1298.549,661.979,1294.3,0.8,3.523,0.227,Hmong-Modal,0.227079193868862,1698040709703405752
Hmong_M18,18,M,Hmong,White Hmong,18e-kug-w_Audio,932.403,1239.46,307.057,5,u,Vowel,u,Breathy,Oral,53.0,2.0,High,g,Unaspirated,Oral,131.985,131.96,132.363,132.243,250.098,61.593,907.582,238.871,2665.177,154.57,3886.623,536.1,658.48,2725.439,4982.792,5546.236,21.537,18.829,23.517,10.871,4.572,10.921,23.513,10.33,5.126,-0.947,-7.852,19.693,-1.98,7.958,18.945,-0.05,-1.976,8.505,16.411,19.776,29.389,-0.863,3.555,22.08,33.615,38.47,38.886,23.442,0.0,high,0.449,0.423,0.489,0.404,-566.291,1087.287,1510.07,1084.219,1.146,2.079,0.561,Hmong-Breathy,0.551226551226551,1549342089188554619
Hmong_M18,18,M,Hmong,White Hmong,18e-paj-w_Audio,872.945,1240.364,367.419,5,a,Vowel,a,Modal,Oral,53.0,2.0,High,j,Unaspirated,Oral,123.695,123.395,125.914,124.434,722.73,134.043,1558.653,510.144,3122.562,543.865,4015.615,263.031,740.177,1474.312,3713.023,5572.62,14.915,14.593,21.656,20.314,15.608,8.985,24.883,-2.544,7.538,-11.918,-10.468,-6.959,-6.741,-5.721,6.048,11.329,-9.968,17.15,7.377,26.51,25.383,21.551,5.923,30.12,25.455,27.713,29.871,23.19,0.556,high,0.584,0.513,0.597,0.532,-204.499,1058.83,774.03,1054.509,0.974,3.49,0.279,Hmong-Modal,0.279083094555874,-6293377193240797778
Hmong_M18,18,M,Hmong,White Hmong,18e-pim-w_Audio,1077.743,1333.778,256.035,5,i,Vowel,i,Creaky,Oral,21.0,2.0,Low,m,Unaspirated,Oral,106.899,106.447,109.008,213.795,234.477,28.942,2365.01,142.738,3371.571,186.099,3926.14,222.377,243.12,2700.54,3704.451,5434.378,13.73,11.772,25.407,14.664,7.761,14.994,25.404,13.717,-8.747,-0.098,-6.294,8.916,-11.678,-2.892,17.646,-0.33,-11.674,-1.945,22.476,11.87,20.024,2.856,2.853,14.606,33.355,35.678,33.921,18.861,0.294,low,0.579,0.512,0.695,0.544,-103.583,1207.278,434.203,1202.156,0.958,1.091,0.056,Hmong-Creaky,0.878093492208983,6431048572386780633
Hmong_M18,18,M,Hmong,White Hmong,18e-po-w_Audio,982.601,1337.951,355.35,5,o,Vowel,o,Modal,Oral,33.0,1.0,Mid,x,Unaspirated,Oral,117.049,116.904,117.481,117.369,603.256,163.333,949.004,154.813,2533.817,746.259,3759.035,395.389,745.006,933.494,3635.046,5533.625,15.717,15.247,22.487,20.51,19.036,8.581,27.023,-1.628,20.745,-3.667,-9.25,0.178,-6.77,-5.263,3.452,11.929,-11.305,16.924,-5.028,18.914,24.968,15.069,9.617,39.117,36.38,40.732,40.746,26.946,0.935,mid,0.608,0.513,0.596,0.584,-247.639,1162.661,814.156,1157.656,1.06,3.611,0.294,Hmong-Modal,0.293547493769039,7581615343098998587
Hmong_M18,18,M,Hmong,White Hmong,18e-pob-w_Audio,1045.307,1393.708,348.401,5,o,Vowel,o,Modal,Oral,45.0,2.0,High,b,Unaspirated,Oral,141.066,141.249,140.48,140.897,584.963,247.338,966.417,80.595,3266.431,180.3,3730.937,391.069,647.151,909.577,3427.197,5595.596,17.73,17.042,22.52,19.545,24.873,2.805,24.928,-2.545,25.501,2.543,-3.055,16.206,-4.791,-2.503,-2.352,16.739,-7.198,19.714,-7.771,14.499,20.785,0.835,12.238,39.824,39.008,45.214,45.052,27.505,0.895,high,0.604,0.531,0.6,0.511,-286.536,1220.856,1230.771,1217.24,0.908,3.059,0.297,Hmong-Modal,0.296829029094475,4320848460937856596
Hmong_M18,18,M,Hmong,White Hmong,18e-pog-w_Audio,1034.763,1358.894,324.131,5,o,Vowel,o,Breathy,Oral,53.0,2.0,High,g,Unaspirated,Oral,137.423,137.399,138.665,137.733,661.084,702.289,981.782,151.545,2888.587,196.818,3788.03,461.298,923.968,3120.592,4709.927,,22.449,21.864,20.957,18.464,17.757,2.855,23.439,-5.507,24.01,-1.049,-0.468,12.435,1.492,3.4,3.2,15.609,-0.99,27.472,-1.561,22.913,22.917,9.428,8.496,31.26,31.075,36.346,34.726,26.406,0.0,high,0.465,0.447,0.501,0.436,-734.917,1198.376,1614.38,1195.199,0.777,1.854,0.419,Hmong-Breathy,0.419093851132686,-1588676190282657753
Hmong_M18,18,M,Hmong,White Hmong,18e-poj-w_Audio,1006.157,1353.351,347.194,5,o,Vowel,o,Modal,Oral,53.0,2.0,High,j,Unaspirated,Oral,135.348,134.805,139.63,136.391,642.624,151.983,978.543,72.039,3133.533,386.466,3800.481,157.466,684.169,936.47,3721.494,5414.57,15.831,15.233,21.802,19.251,25.86,10.076,28.31,-0.396,24.222,-0.548,-9.592,6.098,-5.972,-4.018,-4.058,9.175,-12.479,15.758,-8.392,15.781,25.423,9.135,16.02,19.919,17.954,27.92,30.576,20.154,0.231,high,0.645,0.562,0.707,0.636,-198.116,1182.171,946.885,1177.418,0.643,3.872,0.167,Hmong-Modal,0.166064049586777,-2332577327540301784
Hmong_M18,18,M,Hmong,White Hmong,18e-pos-w_Audio,946.232,1332.509,386.277,5,o,Vowel,o,Modal,Oral,22.0,1.0,Low,s,Unaspirated,Oral,121.075,120.927,121.249,121.471,629.91,187.263,978.24,85.241,3084.132,212.47,3798.539,149.94,695.4,1779.104,3692.802,5602.204,16.727,16.257,24.013,22.037,22.39,11.961,29.981,1.149,27.268,2.527,-4.278,11.31,-7.286,-5.78,1.624,10.076,-13.253,15.215,-10.541,13.73,21.005,4.948,22.14,30.508,27.397,33.914,33.88,25.728,0.903,low,0.626,0.562,0.658,0.576,-217.786,1140.821,859.866,1136.061,0.915,3.742,0.245,Hmong-Modal,0.244521646178514,-7745306241046252110
Hmong_M18,18,M,Hmong,White Hmong,18e-qag-w_Audio,1136.282,1449.54,313.258,5,a,Vowel,a,Breathy,Oral,53.0,2.0,High,g,Unaspirated,Oral,138.349,138.167,140.218,138.829,799.91,299.77,1387.227,130.804,2461.29,286.227,3357.439,460.297,1222.845,1772.677,3308.372,4761.048,21.834,21.473,22.423,20.919,18.107,10.714,23.64,-5.686,23.326,-0.672,8.665,2.927,-0.589,0.554,4.317,10.205,-1.805,27.172,-1.492,22.145,13.169,18.546,11.146,26.329,21.93,23.0,23.185,26.308,0.587,high,0.527,0.508,0.565,0.496,-793.217,1295.038,1998.582,1291.439,0.879,2.142,0.411,Hmong-Breathy,0.410364145658263,-510529468818825304
Hmong_M18,18,M,Hmong,White Hmong,18e-qias-w_Audio,957.549,1349.276,391.727,5,ia,Vowel,ia,Modal,Oral,22.0,1.0,Low,s,Unaspirated,Oral,117.866,119.957,120.417,162.171,463.365,53.831,2093.423,112.236,2750.389,235.718,4330.492,394.251,478.372,2290.671,3684.742,5309.804,15.075,14.34,21.718,18.313,24.898,11.419,27.899,6.248,5.256,1.819,-0.449,-1.658,-6.644,-3.974,-3.18,6.895,-12.824,8.092,9.819,12.52,15.524,15.998,10.045,25.381,35.176,33.883,32.538,24.243,0.337,low,0.575,0.499,0.622,0.546,-119.207,1155.356,528.129,1150.71,0.856,3.834,0.224,Hmong-Modal,0.223265519040167,-5940371594514744977
Hmong_M18,18,M,Hmong,White Hmong,18e-rauv-w_Audio,1231.688,1638.578,406.89,5,au,Vowel,au,Modal,Oral,24.0,2.0,Mid,v,Unaspirated,Oral,118.194,117.745,116.436,117.304,580.561,128.683,880.214,98.464,2421.322,313.484,3760.82,60.874,709.746,873.854,3766.225,5812.912,14.83,14.332,23.573,21.474,20.32,8.951,29.335,0.372,25.463,0.443,-7.015,0.918,-8.744,-7.142,3.254,12.522,-14.505,14.006,-10.634,13.889,21.845,13.413,17.399,34.749,32.741,36.914,38.558,25.234,0.257,mid,0.633,0.594,0.663,0.593,-170.988,1437.392,494.04,1432.377,0.909,3.578,0.254,Hmong-Modal,0.254052543320291,4559693859513254026
Hmong_M18,18,M,Hmong,White Hmong,18e-tag-w_Audio,1115.065,1462.97,347.905,5,a,Vowel,a,Breathy,Oral,53.0,2.0,High,g,Unaspirated,Oral,140.043,139.511,141.379,139.855,764.14,452.085,1603.427,174.279,2840.277,264.558,4097.456,173.31,1259.58,2078.075,4099.773,5677.89,22.31,21.937,22.697,21.131,13.049,4.994,21.671,-6.003,15.642,-4.465,3.238,1.357,-0.387,0.806,9.648,16.137,0.64,27.95,6.668,26.402,19.072,20.58,6.716,32.012,29.013,29.006,28.287,25.929,0.0,high,0.47,0.447,0.522,0.426,-669.402,1291.136,1853.68,1288.077,0.832,2.089,0.398,Hmong-Breathy,0.398276687410244,-537172535372626054
Hmong_M18,18,M,Hmong,White Hmong,18e-tam-w_Audio,927.751,1222.045,294.294,5,a,Vowel,a,Creaky,Oral,21.0,2.0,Low,m,Unaspirated,Oral,104.841,104.665,105.978,105.347,863.013,310.878,1516.842,178.528,2713.886,368.172,3855.996,377.797,891.977,1562.644,3971.892,5703.888,15.393,15.218,22.995,22.278,14.427,11.305,17.832,-12.842,14.597,-10.329,-1.261,-6.661,-7.602,-7.061,8.568,10.973,-2.438,28.074,0.797,25.547,16.655,21.878,5.591,27.531,24.984,27.389,29.457,26.889,0.913,low,0.573,0.495,0.658,0.549,-145.13,1076.977,571.919,1071.737,0.993,1.886,0.102,Hmong-Creaky,0.526511134676564,-5981240378872257161
Hmong_M18,18,M,Hmong,White Hmong,18e-tas-w_Audio,991.209,1397.822,406.613,5,a,Vowel,a,Modal,Oral,22.0,1.0,Low,s,Unaspirated,Oral,118.602,118.394,119.127,118.623,728.674,152.408,1508.54,184.834,2978.738,1228.459,3921.265,166.589,758.654,1546.443,3853.327,5293.68,15.964,15.672,23.297,22.084,16.834,11.039,26.627,-1.225,18.186,-2.382,-4.82,-2.558,-7.333,-6.412,6.463,11.045,-10.662,16.91,-2.222,18.054,20.785,18.23,10.194,42.416,38.202,40.274,41.275,30.481,0.682,low,0.601,0.539,0.643,0.565,-206.48,1196.053,774.233,1191.284,0.855,3.719,0.23,Hmong-Modal,0.229900510890024,6007044260727065421
Hmong_M18,18,M,Hmong,White Hmong,18e-taug-w_Audio,1423.559,1729.358,305.799,5,au,Vowel,au,Breathy,Oral,53.0,2.0,High,g,Unaspirated,Oral,145.315,145.014,147.132,145.829,486.525,505.886,993.821,118.006,3203.369,517.556,4027.379,498.985,941.102,3080.362,4188.194,4701.824,24.624,23.726,19.103,15.03,18.982,2.739,18.53,-6.763,21.08,1.876,-6.61,13.423,5.521,8.696,0.121,12.291,6.094,30.556,3.545,21.85,31.234,10.303,7.051,27.739,27.897,32.18,32.883,23.678,0.0,high,0.445,0.427,0.49,0.417,-769.654,1578.291,1676.9,1575.408,0.5,1.666,0.3,Hmong-Breathy,0.300120048019208,-1173437855313558203
Hmong_M18,18,M,Hmong,White Hmong,18e-tawg-w_Audio,1111.881,1425.474,313.593,5,aw,Vowel,aw,Breathy,Oral,53.0,2.0,High,g,Unaspirated,Oral,144.325,144.008,146.418,145.255,363.977,302.823,1463.191,128.951,2875.121,64.932,3819.837,139.218,1248.457,2886.734,3964.763,4707.926,24.018,22.559,19.266,11.304,9.749,10.485,17.359,-2.275,9.772,2.272,4.383,18.469,4.753,11.256,9.516,0.818,6.66,24.838,14.246,20.287,19.636,4.09,4.493,27.066,29.855,31.722,29.718,23.261,0.0,high,0.431,0.418,0.464,0.406,-1071.652,1270.836,1808.952,1268.008,0.822,1.471,0.558,Hmong-Breathy,0.558803535010197,4620030827113109392
Hmong_M18,18,M,Hmong,White Hmong,18e-tawm-w_Audio,1037.195,1330.221,293.026,5,aw,Vowel,aw,Creaky,Oral,21.0,2.0,Low,m,Unaspirated,Oral,102.921,102.111,103.713,102.746,509.321,104.862,1325.35,81.592,2718.448,107.877,4019.568,391.267,1045.205,2581.655,4322.132,5025.104,14.331,13.925,22.99,21.27,21.76,12.168,29.25,4.241,18.598,2.639,2.236,8.841,-8.659,-7.345,1.23,9.102,-14.919,9.69,-4.267,11.286,12.095,5.084,12.647,25.267,23.826,26.648,26.227,25.215,0.087,low,0.609,0.518,0.721,0.61,-145.121,1185.447,621.27,1179.5,0.878,4.48,0.197,Hmong-Creaky,0.195982142857143,-2195108105280978853
Hmong_M18,18,M,Hmong,White Hmong,18e-tis-w_Audio,1101.489,1480.74,379.251,5,i,Vowel,i,Modal,Oral,22.0,1.0,Low,s,Unaspirated,Oral,118.08,117.965,118.36,126.597,256.413,33.249,2367.161,117.05,3295.804,151.721,4145.832,364.68,281.128,2911.631,3777.149,5217.673,16.126,14.157,28.545,17.075,11.205,18.242,28.543,15.598,-3.256,4.236,0.722,13.542,-12.419,-2.918,17.34,-1.167,-12.417,-1.441,19.382,9.921,15.404,0.615,6.93,32.978,48.389,51.035,48.134,27.843,0.435,low,0.63,0.534,0.643,0.512,-168.359,1293.044,706.333,1288.703,1.0,3.938,0.254,Hmong-Modal,0.253936008125952,-3927988230318050853
Hmong_M18,18,M,Hmong,White Hmong,18e-tob-w_Audio,1082.822,1429.758,346.936,5,o,Vowel,o,Modal,Oral,45.0,2.0,High,b,Unaspirated,Oral,146.421,146.529,146.251,146.316,635.083,218.814,985.914,142.447,2862.1,1378.158,3746.258,115.209,685.303,1007.077,3722.212,5785.834,17.533,16.865,21.112,18.241,27.07,7.688,27.067,-1.396,24.214,-0.243,-10.273,2.957,-3.579,-1.375,-5.958,10.553,-9.534,18.358,-6.681,17.108,27.806,13.908,14.779,43.079,39.672,44.508,45.243,27.141,0.811,high,0.562,0.509,0.606,0.517,-252.423,1257.585,1040.182,1254.053,0.623,2.895,0.215,Hmong-Modal,0.215198618307427,7406152243665091873
Hmong_M18,18,M,Hmong,White Hmong,18e-tod-w_Audio,1022.587,1334.142,311.555,5,o,Vowel,o,Modal,Oral,214.0,3.0,Low,d,Unaspirated,Oral,111.353,111.67,110.537,111.178,632.665,254.272,1028.576,141.162,2891.483,332.318,3767.192,326.054,833.527,886.675,3569.079,5597.359,14.897,14.529,23.307,21.779,19.482,12.005,27.421,-1.417,24.918,0.582,-6.153,5.098,-8.41,-7.249,3.825,9.774,-12.524,16.003,-10.021,13.947,21.05,9.431,13.524,33.828,30.84,37.501,37.403,27.755,0.816,low,0.581,0.527,0.632,0.57,-208.132,1180.053,644.342,1174.944,0.862,3.59,0.24,Hmong-Modal,0.240111420612813,-4455896337919690137
Hmong_M18,18,M,Hmong,White Hmong,18e-tog-w_Audio,1079.543,1391.401,311.858,5,o,Vowel,o,Breathy,Oral,53.0,2.0,High,g,Unaspirated,Oral,132.412,131.988,133.398,132.497,264.902,598.24,1044.034,153.506,2876.046,191.801,3610.605,314.471,1006.261,3141.827,4012.236,5047.204,21.475,18.904,21.371,8.643,14.164,21.056,21.169,7.668,19.784,14.73,-2.771,24.317,0.104,10.261,7.207,-12.413,0.307,11.241,1.691,4.175,24.246,-5.412,5.117,29.768,29.42,32.578,31.145,24.619,0.0,high,0.488,0.47,0.532,0.452,-608.681,1237.739,1539.64,1234.31,0.975,2.142,0.455,Hmong-Breathy,0.455182072829132,4380126370765078966
Hmong_M18,18,M,Hmong,White Hmong,18e-toj-w_Audio,906.593,1256.959,350.366,5,o,Vowel,o,Modal,Oral,53.0,2.0,High,j,Unaspirated,Oral,145.797,145.766,148.524,146.652,572.211,146.331,1006.588,47.146,3481.214,139.425,3906.907,599.189,623.803,976.756,3559.787,5378.001,16.961,16.198,20.97,17.628,23.493,-2.73,23.491,-3.233,20.847,-0.891,-4.989,16.326,-4.009,-1.43,-2.523,20.358,-6.53,19.563,-3.885,17.088,21.95,-0.128,6.744,35.051,32.528,38.084,38.154,23.021,0.843,high,0.6,0.532,0.614,0.524,-272.462,1083.455,1127.776,1079.844,0.797,2.941,0.271,Hmong-Modal,0.270996259775587,3785385443000143788
Hmong_M18,18,M,Hmong,White Hmong,18e-tom-w_Audio,782.949,1004.143,221.194,5,o,Vowel,o,Creaky,Oral,21.0,2.0,Low,m,Unaspirated,Oral,106.204,106.128,107.946,107.316,654.405,202.791,977.414,110.632,2329.124,640.732,3752.973,156.905,862.147,884.482,3803.897,5548.145,13.647,13.304,22.742,21.32,16.714,9.961,26.527,-3.503,24.796,-1.419,-6.3,-2.183,-9.095,-8.017,6.028,11.359,-12.88,16.844,-11.149,14.723,19.947,15.487,13.138,20.574,19.29,27.216,31.023,27.904,0.78,low,0.594,0.5,0.665,0.589,-165.491,895.813,677.358,890.267,0.968,4.572,0.212,Hmong-Creaky,0.21172353455818,-2082454165692038756
Hmong_M18,18,M,Hmong,White Hmong,18e-tov-w_Audio,1099.178,1485.32,386.142,5,o,Vowel,o,Modal,Oral,24.0,2.0,Mid,v,Unaspirated,Oral,114.206,114.277,113.996,114.164,594.169,113.699,1000.671,71.781,2666.804,327.576,3777.39,122.393,772.747,899.053,3772.371,5677.405,17.082,16.646,23.223,21.391,23.408,13.856,27.848,-0.17,23.402,0.214,-6.166,3.778,-6.141,-4.746,-0.185,7.536,-10.765,16.855,-6.32,16.431,23.248,12.868,15.997,38.448,35.672,40.067,39.193,26.676,0.781,mid,0.557,0.511,0.601,0.508,-223.764,1293.265,685.832,1288.815,0.903,3.6,0.251,Hmong-Modal,0.250833333333333,7827398412000387366
Hmong_M18,18,M,Hmong,White Hmong,18e-tsau-w_Audio,790.773,1149.535,358.762,5,au,Vowel,au,Modal,Oral,33.0,1.0,Mid,x,Unaspirated,Oral,123.876,123.47,123.512,124.482,549.672,197.436,893.183,413.053,2777.298,688.966,3988.109,669.903,626.082,1368.302,4163.629,5264.525,16.017,15.446,20.593,18.153,19.995,4.624,21.95,-5.586,8.756,-13.945,-14.684,-1.658,-4.575,-2.707,0.597,13.53,-5.932,21.09,7.262,29.392,30.702,17.105,4.021,35.4,36.788,40.113,40.592,23.825,0.861,mid,0.59,0.499,0.56,0.467,-211.479,971.609,651.215,967.836,0.947,3.453,0.274,Hmong-Modal,0.274254271647842,-161401176842115426
Hmong_M18,18,M,Hmong,White Hmong,18e-vus-w_Audio,1180.271,1559.114,378.843,5,u,Vowel,u,Modal,Oral,22.0,1.0,Low,s,Unaspirated,Oral,119.989,119.806,120.393,120.48,297.129,51.194,683.248,152.946,2646.837,364.722,3474.275,729.092,488.976,3056.071,4906.999,5255.222,17.097,15.324,26.613,17.061,14.801,13.161,18.02,0.983,12.774,0.425,-13.031,16.648,-9.516,-1.737,11.812,3.9,-0.924,14.371,4.322,14.898,30.128,-1.325,7.285,29.112,40.94,44.935,44.083,22.152,0.854,low,0.616,0.531,0.632,0.555,-142.924,1371.72,616.623,1367.079,1.037,3.847,0.27,Hmong-Modal,0.269560696646738,557925710128103871
Hmong_M18,18,M,Hmong,White Hmong,18e-zam-w_Audio,1426.543,1736.045,309.502,5,a,Vowel,a,Creaky,Oral,21.0,2.0,Low,m,Unaspirated,Oral,105.272,104.465,108.298,106.289,818.94,241.343,1434.711,130.999,2796.092,497.037,3902.755,115.976,839.975,1462.334,3845.483,5474.566,13.711,13.509,22.638,21.81,14.851,11.19,24.728,-5.44,19.398,-5.167,-1.722,-3.645,-8.927,-8.301,7.786,10.62,-11.017,18.967,-5.687,18.676,15.433,17.154,13.068,14.389,8.555,15.053,19.061,23.383,0.746,low,0.631,0.535,0.727,0.638,-165.451,1583.829,727.567,1577.734,0.743,4.406,0.169,Hmong-Creaky,0.168633681343622,1628282061378892858
Hmong_M23,23,M,Hmong,White Hmong,23e-ca-w_Audio,595.409,764.939,169.53,5,a,Vowel,a,Modal,Oral,33.0,1.0,Mid,x,Unaspirated,Oral,119.091,119.378,118.356,119.154,784.069,84.288,1572.425,103.178,3414.47,234.003,3859.413,417.01,1023.906,1953.829,3537.368,4882.897,13.731,13.47,17.698,16.619,16.99,11.949,29.279,1.072,25.704,5.111,15.275,20.691,-3.967,-3.149,0.708,4.67,-15.548,12.418,-11.973,8.358,-1.545,-7.221,25.221,41.704,34.206,29.339,27.29,31.223,0.896,mid,0.618,0.562,0.745,0.529,-152.856,680.902,644.936,676.455,0.5,3.756,0.133,Hmong-Modal,0.133120340788072,730910044562700031
Hmong_M23,23,M,Hmong,White Hmong,23e-cab-w_Audio,531.637,715.964,184.327,5,a,Vowel,a,Modal,Oral,45.0,2.0,High,b,Unaspirated,Oral,159.243,159.737,158.149,158.622,889.264,113.209,1604.774,85.028,2462.508,147.06,3434.86,180.629,1197.582,1988.518,3363.142,5067.407,19.478,19.095,17.677,16.075,23.464,15.31,29.299,0.43,28.927,6.822,21.387,9.431,1.801,3.019,-5.787,0.765,-9.822,18.672,-9.449,12.273,-1.91,9.664,43.533,36.557,30.117,26.619,26.137,30.619,0.718,high,0.549,0.521,0.634,0.489,-244.309,624.857,795.116,621.801,0.39,2.63,0.148,Hmong-Modal,0.14828897338403,-6818433154479521513
Hmong_M23,23,M,Hmong,White Hmong,23e-cag-w_Audio,450.233,636.884,186.651,5,a,Vowel,a,Breathy,Oral,53.0,2.0,High,g,Unaspirated,Oral,128.159,127.769,129.237,128.51,863.939,236.069,1644.021,231.602,2489.256,316.197,3519.8,449.96,1099.705,2069.842,3595.948,4710.248,22.109,21.845,22.673,21.582,18.964,13.896,21.845,-7.287,20.429,-1.615,13.069,0.5,-0.564,0.263,3.709,7.687,0.264,29.138,1.681,23.46,9.04,21.345,11.394,32.436,29.28,25.145,22.392,26.047,0.724,high,0.654,0.52,0.481,0.492,-594.07,544.952,734.695,541.111,1.42,3.041,0.467,Hmong-Breathy,0.466951660637948,-3845571316009764415
Hmong_M23,23,M,Hmong,White Hmong,23e-caj-w_Audio,597.31,791.311,194.001,5,a,Vowel,a,Modal,Oral,53.0,2.0,High,j,Unaspirated,Oral,139.015,138.719,141.608,139.387,786.713,92.137,1572.32,106.497,2435.332,106.171,3586.476,445.257,1093.925,2101.083,2650.357,5137.21,17.028,16.664,18.616,17.096,20.561,12.823,31.324,3.452,27.733,7.323,18.67,8.415,-1.589,-0.432,-1.944,4.274,-14.296,13.216,-10.705,9.341,-1.642,8.249,39.606,31.693,23.649,18.465,17.682,28.25,0.752,high,0.583,0.517,0.622,0.474,-226.864,695.143,732.044,691.729,0.612,3.225,0.19,Hmong-Modal,0.189767441860465,4362502788792449450
Hmong_M23,23,M,Hmong,White Hmong,23e-cam-w_Audio,584.059,783.122,199.063,5,a,Vowel,a,Creaky,Oral,21.0,2.0,Low,m,Unaspirated,Oral,97.233,97.036,98.23,124.258,780.012,122.87,1538.842,83.536,2446.856,163.913,3174.861,231.353,1289.773,2530.926,3558.206,5203.615,15.866,15.691,19.756,19.042,12.799,9.665,24.555,-4.479,20.436,-1.277,13.157,3.319,-3.89,-3.351,6.957,9.378,-8.689,20.175,-4.57,16.969,2.709,12.373,9.001,28.065,20.3,15.845,13.773,23.03,0.626,low,0.605,0.524,0.563,0.473,-153.915,685.217,480.96,680.345,1.151,4.099,0.281,Hmong-Creaky,0.280800195169554,-8947716910090318221
Hmong_M23,23,M,Hmong,White Hmong,23e-cas-w_Audio,483.615,670.756,187.141,5,a,Vowel,a,Modal,Oral,22.0,1.0,Low,s,Unaspirated,Oral,119.616,119.399,120.609,120.262,827.041,94.72,1598.3,82.96,2402.681,176.39,3418.601,217.586,1122.41,1926.913,3427.128,5027.524,16.538,16.29,19.393,18.371,15.755,11.036,31.096,2.361,28.531,7.246,19.667,7.616,-2.855,-2.08,3.638,7.335,-14.558,13.933,-11.993,9.044,-3.128,8.674,38.868,19.08,12.417,9.996,10.7,28.156,0.173,low,0.635,0.576,0.714,0.538,-149.585,578.227,721.987,573.714,0.591,4.115,0.144,Hmong-Modal,0.143620899149453,-6889602740195920815
Hmong_M23,23,M,Hmong,White Hmong,23e-cav-w_Audio,478.515,655.12,176.605,5,a,Vowel,a,Modal,Oral,24.0,2.0,Mid,v,Unaspirated,Oral,144.365,130.593,147.484,145.96,817.63,96.661,1624.341,114.885,2448.487,199.126,3475.4,513.179,1081.436,2083.237,3444.654,3997.354,16.754,16.37,20.076,18.466,24.444,15.985,29.81,2.053,27.012,7.096,18.199,6.683,-3.322,-2.095,-4.368,2.481,-13.056,14.321,-10.259,9.274,-1.445,9.687,37.508,17.538,10.856,9.118,10.226,25.564,0.851,mid,0.593,0.557,0.646,0.522,-225.204,568.411,798.906,564.785,0.529,2.861,0.185,Hmong-Modal,0.184900384480951,-6917684610545353287
Hmong_M23,23,M,Hmong,White Hmong,23e-cig-w_Audio,526.751,746.374,219.623,5,i,Vowel,i,Breathy,Oral,53.0,2.0,High,g,Unaspirated,Oral,134.201,133.946,135.815,135.231,352.169,117.088,2520.044,340.518,3365.813,647.989,4036.66,357.814,1724.685,3337.87,4716.605,5226.159,21.778,20.454,24.313,17.271,9.767,11.18,21.888,3.336,11.246,14.526,8.087,16.181,-2.535,3.183,14.546,6.092,-0.11,17.119,10.531,5.929,13.691,4.274,6.392,25.349,36.559,33.4,27.732,24.667,0.0,high,0.538,0.511,0.548,0.497,-838.288,637.828,1597.765,634.121,0.589,2.261,0.26,Hmong-Breathy,0.260504201680672,-7640002578178452109
Hmong_M23,23,M,Hmong,White Hmong,23e-cim-w_Audio,547.506,716.742,169.236,5,i,Vowel,i,Creaky,Oral,21.0,2.0,Low,m,Unaspirated,Oral,106.374,106.311,108.571,106.737,275.027,73.714,2313.256,191.954,3655.811,297.093,4082.537,303.542,2500.834,3640.717,4159.9,4131.114,15.45,13.983,21.979,14.033,10.107,13.496,13.992,-0.073,2.98,8.576,5.783,23.71,-6.529,-0.049,11.872,0.536,1.458,14.056,12.47,5.407,9.667,-9.726,2.256,23.841,38.222,34.463,29.34,22.553,0.836,low,0.614,0.547,0.629,0.52,-180.164,633.225,621.396,628.316,0.888,4.165,0.213,Hmong-Creaky,0.213205282112845,-748961516089537323
Hmong_M23,23,M,Hmong,White Hmong,23e-cug-w_Audio,478.768,680.234,201.466,5,u,Vowel,u,Breathy,Oral,53.0,2.0,High,g,Unaspirated,Oral,125.349,125.18,126.333,125.198,323.503,145.657,863.192,62.366,2374.142,305.253,3889.885,176.371,824.158,2484.63,3885.632,4034.09,21.287,19.739,24.567,16.412,15.58,14.688,21.58,3.339,19.469,8.218,-7.279,10.974,-3.28,3.328,8.987,1.724,-0.294,16.408,1.818,11.521,28.565,8.765,7.267,29.106,31.778,34.047,34.381,23.98,0.041,high,0.645,0.533,0.532,0.502,-586.148,582.095,1031.906,578.083,1.397,2.905,0.48,Hmong-Breathy,0.480895008605852,-2233804113748086342
Hmong_M23,23,M,Hmong,White Hmong,23e-kab-w_Audio,432.703,617.649,184.946,5,a,Vowel,a,Modal,Oral,45.0,2.0,High,b,Unaspirated,Oral,151.418,151.707,150.835,151.196,845.522,67.838,1578.417,119.056,2362.199,78.776,3265.98,375.45,1044.449,2268.058,2967.82,5042.424,18.549,18.177,19.005,17.45,22.422,14.579,31.531,2.873,26.272,4.319,23.076,10.619,-0.456,0.727,-3.417,2.872,-12.981,15.31,-7.723,13.858,-4.527,7.558,45.761,37.087,29.973,27.356,28.814,31.515,0.854,high,0.599,0.526,0.631,0.471,-215.466,525.526,768.438,522.411,0.545,3.136,0.174,Hmong-Modal,0.173788265306122,6204781169056428058
Hmong_M23,23,M,Hmong,White Hmong,23e-kaj-w_Audio,617.85,783.62,165.77,5,a,Vowel,a,Modal,Oral,53.0,2.0,High,j,Unaspirated,Oral,157.078,156.946,161.43,158.769,784.069,111.22,1545.052,101.636,2405.488,86.173,3384.676,386.199,1147.96,2257.205,2472.936,4998.632,17.937,17.45,19.46,17.388,28.139,15.929,31.135,3.741,26.777,6.56,21.364,12.267,-1.522,0.062,-8.679,1.458,-13.198,13.714,-8.84,10.89,-3.427,5.183,40.938,32.663,23.82,18.946,18.333,28.53,0.0,high,0.576,0.55,0.649,0.512,-255.385,701.295,764.918,698.03,0.417,2.535,0.164,Hmong-Modal,0.164497041420118,6930702864333728544
Hmong_M23,23,M,Hmong,White Hmong,23e-kam-w_Audio,482.77,688.835,206.065,5,a,Vowel,a,Creaky,Oral,21.0,2.0,Low,m,Unaspirated,Oral,97.854,97.606,98.926,98.794,840.541,85.705,1481.672,128.914,2362.567,332.365,3219.938,328.193,981.014,1831.734,3328.551,4695.078,14.976,14.815,19.085,18.43,13.252,10.418,27.607,-2.775,21.554,-2.801,13.125,1.971,-4.109,-3.614,5.833,8.012,-12.631,17.596,-6.577,17.616,1.851,12.844,14.919,25.792,16.37,13.893,12.84,22.748,0.797,low,0.599,0.525,0.575,0.494,-148.131,587.559,509.316,582.506,1.038,4.105,0.253,Hmong-Creaky,0.252862362971985,-4347686701372413647
Hmong_M23,23,M,Hmong,White Hmong,23e-kas-w_Audio,507.708,714.739,207.031,5,a,Vowel,a,Modal,Oral,22.0,1.0,Low,s,Unaspirated,Oral,114.148,114.184,114.545,114.164,846.734,99.97,1540.326,154.986,2372.363,175.706,3252.528,280.691,1011.033,2043.971,3305.197,4499.184,16.159,15.945,20.124,19.248,14.071,10.159,28.376,-1.438,22.966,-0.533,16.364,3.877,-3.965,-3.302,6.052,9.089,-12.217,17.389,-6.807,16.478,-0.205,12.068,18.376,40.085,32.379,28.633,27.374,29.747,0.939,low,0.608,0.536,0.586,0.478,-176.734,612.182,573.441,607.986,0.982,3.709,0.265,Hmong-Modal,0.264761391210569,-1671688744171775512
Hmong_M23,23,M,Hmong,White Hmong,23e-kav-w_Audio,459.784,636.849,177.065,5,a,Vowel,a,Modal,Oral,24.0,2.0,Mid,v,Unaspirated,Oral,127.319,18.11,124.091,126.113,843.044,90.939,1501.491,76.484,2450.16,90.481,3314.539,200.53,1144.243,2114.427,3156.141,5046.602,17.186,16.93,18.671,17.617,15.778,10.952,31.486,1.757,28.492,4.756,21.819,11.828,-1.485,-0.687,2.893,6.665,-14.301,15.181,-11.307,12.174,-4.633,5.101,45.369,21.415,13.248,10.924,10.426,28.362,0.487,mid,0.639,0.582,0.719,0.55,-171.378,549.068,715.491,544.757,0.552,3.945,0.14,Hmong-Modal,0.139923954372624,-6579711673255005947
Hmong_M23,23,M,Hmong,White Hmong,23e-kim-w_Audio,575.316,761.172,185.856,5,i,Vowel,i,Creaky,Oral,21.0,2.0,Low,m,Unaspirated,Oral,99.152,99.124,99.712,100.159,265.633,76.188,2330.502,183.295,3377.659,123.313,3990.31,218.59,2516.382,3457.081,3935.123,5165.59,14.174,12.808,21.16,13.982,11.508,14.105,11.629,-1.871,1.345,8.062,8.049,22.335,-6.987,-1.174,9.653,-0.123,2.545,14.68,12.828,4.746,6.125,-9.527,1.852,22.763,38.17,35.843,29.742,23.182,0.547,low,0.618,0.544,0.568,0.518,-193.461,669.71,478.446,664.446,1.069,4.165,0.257,Hmong-Creaky,0.256662665066026,8589251381160212715
Hmong_M23,23,M,Hmong,White Hmong,23e-kis-w_Audio,537.026,724.54,187.514,5,i,Vowel,i,Modal,Oral,22.0,1.0,Low,s,Unaspirated,Oral,129.972,129.78,129.535,265.181,268.293,39.304,2399.717,75.203,3273.169,479.292,3408.681,170.519,2460.475,3389.84,3971.124,4874.994,14.79,12.593,24.073,11.015,8.2,16.273,24.071,10.61,13.702,21.005,22.513,34.189,-9.283,1.578,15.873,-5.258,-9.281,1.983,1.088,-8.413,-7.723,-21.596,6.49,40.788,53.429,51.539,43.848,28.333,0.352,low,0.613,0.596,0.685,0.576,-249.877,632.465,766.577,628.022,0.519,3.407,0.153,Hmong-Modal,0.152333431171118,8268227414585657005
Hmong_M23,23,M,Hmong,White Hmong,23e-kos-w_Audio,409.636,631.006,221.37,5,o,Vowel,o,Modal,Oral,22.0,1.0,Low,s,Unaspirated,Oral,121.539,121.4,122.685,121.932,734.91,113.067,1144.999,178.103,2509.537,92.946,3331.831,213.261,888.111,2553.081,3481.397,3662.08,17.144,16.797,20.485,19.043,19.135,12.226,31.086,1.11,22.983,-2.79,11.635,11.938,-3.341,-2.246,1.35,6.818,-13.941,15.716,-5.838,19.587,5.509,4.859,23.527,40.7,32.377,33.065,29.673,27.746,0.708,low,0.615,0.532,0.635,0.478,-179.277,521.025,663.98,517.078,0.691,3.915,0.177,Hmong-Modal,0.176500638569604,7252834685937727751
Hmong_M23,23,M,Hmong,White Hmong,23e-kug-w_Audio,475.099,675.137,200.038,5,u,Vowel,u,Breathy,Oral,53.0,2.0,High,g,Unaspirated,Oral,125.153,124.649,125.281,124.672,331.468,109.127,863.878,73.567,2655.086,573.481,4006.602,209.476,820.774,2468.057,4014.158,4659.471,21.363,19.949,22.884,15.671,17.32,14.926,24.47,5.315,22.786,10.634,-9.919,12.552,-1.521,4.278,5.563,0.745,-3.107,14.648,-1.423,9.315,31.282,7.396,8.149,21.719,26.578,32.689,33.635,21.983,0.0,high,0.589,0.522,0.519,0.499,-753.776,576.711,1179.619,572.711,0.872,2.463,0.353,Hmong-Breathy,0.354039788875355,221125113393633804
Hmong_M23,23,M,Hmong,White Hmong,23e-kum-w_Audio,601.255,780.831,179.576,5,u,Vowel,u,Creaky,Oral,21.0,2.0,Low,m,Unaspirated,Oral,103.799,103.957,104.084,104.479,347.336,121.267,708.803,146.673,2491.176,272.331,3681.219,84.657,580.91,3714.11,4231.554,,14.55,13.584,19.646,15.235,22.146,10.856,16.46,-4.605,14.632,-1.177,-14.894,7.668,-5.097,-1.651,-2.5,4.379,-1.91,18.215,-0.082,14.762,29.444,5.916,2.869,25.463,37.017,43.071,44.34,24.57,0.511,low,0.636,0.57,0.646,0.541,-171.863,692.789,535.153,687.586,0.909,4.545,0.2,Hmong-Creaky,0.2,-7085074238695497672
Hmong_M23,23,M,Hmong,White Hmong,23e-paj-w_Audio,532.779,705.818,173.039,5,a,Vowel,a,Modal,Oral,53.0,2.0,High,j,Unaspirated,Oral,154.299,154.083,156.262,155.084,877.699,87.08,1486.19,189.029,2590.86,98.543,3463.104,168.772,1007.236,2367.333,3310.872,5259.179,17.221,16.83,19.627,17.997,22.482,14.336,32.324,2.421,26.12,1.349,21.659,15.988,-2.406,-1.167,-2.855,3.661,-15.103,14.428,-8.899,15.481,-4.439,0.842,48.425,36.756,25.98,25.314,23.185,30.592,0.785,high,0.579,0.548,0.639,0.527,-232.769,620.227,785.623,616.811,0.483,2.797,0.173,Hmong-Modal,0.172685019663926,-3024370779275499115
Hmong_M23,23,M,Hmong,White Hmong,23e-pam_1_-w_Audio,592.657,774.964,182.307,5,a,Vowel,a,Creaky,Oral,21.0,2.0,Low,m,Unaspirated,Oral,102.293,102.137,103.798,102.559,852.003,90.91,1453.011,90.315,2466.703,232.24,3806.132,481.055,1139.145,2146.28,3541.927,5214.805,14.444,14.267,19.411,18.692,13.536,10.412,28.8,-2.121,25.551,-0.114,13.22,5.011,-4.967,-4.425,5.875,8.28,-14.357,16.399,-11.108,14.381,1.224,9.257,19.92,19.359,10.498,11.343,11.472,21.699,0.663,low,0.62,0.556,0.633,0.518,-155.757,685.034,554.111,679.966,0.932,4.189,0.223,Hmong-Creaky,0.222487467175937,-3707484614760153953
Hmong_M23,23,M,Hmong,White Hmong,23e-pam_2_-w_Audio,567.781,769.963,202.182,5,a,Vowel,a,Creaky,Oral,21.0,2.0,Low,m,Unaspirated,Oral,101.691,92.636,103.412,102.176,895.658,167.462,1439.157,143.198,2594.697,151.492,3366.386,283.192,1160.966,2577.993,3414.248,5274.446,13.936,13.77,18.456,17.782,12.891,9.988,25.955,-5.831,24.037,-3.007,16.416,9.521,-4.52,-4.012,5.565,7.794,-12.019,19.618,-10.101,16.777,-2.48,4.249,15.649,21.664,12.965,12.526,10.582,22.855,0.705,low,0.604,0.544,0.646,0.552,-134.473,670.893,533.113,665.457,0.844,4.407,0.191,Hmong-Creaky,0.191513501248015,-3457766986467884807
Hmong_M23,23,M,Hmong,White Hmong,23e-pim-w_Audio,553.608,741.407,187.799,5,i,Vowel,i,Creaky,Oral,21.0,2.0,Low,m,Unaspirated,Oral,100.712,100.715,102.129,101.655,312.133,84.197,2297.726,189.938,3459.777,330.126,3958.296,196.925,2693.525,3680.589,4218.489,4194.979,14.579,13.573,21.927,17.019,15.946,13.289,18.529,2.036,2.965,6.739,7.605,20.164,-7.348,-3.446,5.981,3.73,-3.95,11.538,11.614,6.834,6.974,-6.591,2.537,21.199,36.249,34.191,29.077,22.555,0.652,low,0.615,0.545,0.589,0.515,-178.389,648.959,519.476,643.834,1.018,4.182,0.243,Hmong-Creaky,0.243424198947872,-6387301939828620075
Hmong_M23,23,M,Hmong,White Hmong,23e-po-w_Audio,709.504,914.482,204.978,5,o,Vowel,o,Modal,Oral,33.0,1.0,Mid,x,Unaspirated,Oral,101.209,101.639,101.249,101.723,707.889,274.558,1098.272,168.921,2797.269,146.794,3329.823,284.172,942.526,2975.97,3652.738,3808.698,14.662,14.408,18.238,17.192,12.692,7.969,19.544,-10.806,19.869,-6.392,9.133,15.883,-3.576,-2.785,5.546,9.223,-4.882,25.264,-5.206,20.799,5.529,-1.475,4.678,38.006,30.882,33.357,27.857,24.924,0.577,mid,0.636,0.523,0.513,0.469,-125.142,812.848,319.809,808.221,1.251,4.119,0.305,Hmong-Modal,0.303714493809177,2444242020579886326
Hmong_M23,23,M,Hmong,White Hmong,23e-pob-w_Audio,503.958,731.589,227.631,5,o,Vowel,o,Modal,Oral,45.0,2.0,High,b,Unaspirated,Oral,140.294,140.593,139.25,139.89,763.47,134.114,1013.811,229.923,2755.375,156.1,3381.583,222.437,862.305,2871.984,3409.537,5547.148,16.946,16.478,19.513,17.557,22.989,13.12,33.776,1.109,27.981,-2.306,13.874,21.134,-2.567,-1.079,-3.476,4.437,-16.83,15.539,-11.035,18.785,3.072,-4.655,50.729,43.061,36.141,39.44,34.317,27.954,0.898,high,0.579,0.522,0.616,0.481,-225.217,618.611,726.236,615.189,0.582,3.447,0.169,Hmong-Modal,0.168842471714534,-8642970896588094248
Hmong_M23,23,M,Hmong,White Hmong,23e-pog-w_Audio,504.464,693.591,189.127,5,o,Vowel,o,Breathy,Oral,53.0,2.0,High,g,Unaspirated,Oral,123.553,123.462,125.446,124.32,691.631,318.16,1055.188,189.254,2799.093,254.38,3530.302,334.464,778.243,2116.704,3376.164,3659.996,22.379,21.969,23.679,21.967,23.937,15.401,29.958,0.006,27.657,1.498,9.881,18.286,-1.3,0.002,-0.257,6.565,-7.578,22.034,-5.277,20.471,12.499,3.683,39.482,31.738,24.894,27.052,23.303,25.746,0.087,high,0.549,0.516,0.55,0.486,-594.143,600.439,1142.454,596.496,0.626,2.703,0.231,Hmong-Breathy,0.231594524602294,7101209828369628204
Hmong_M23,23,M,Hmong,White Hmong,23e-poj-w_Audio,462.973,635.546,172.573,5,o,Vowel,o,Modal,Oral,53.0,2.0,High,j,Unaspirated,Oral,155.092,155.077,156.58,156.058,694.701,119.01,1011.205,216.127,2750.602,112.515,3386.139,114.354,802.395,2711.175,3291.736,5834.017,16.824,16.13,20.586,17.607,31.496,11.775,31.8,1.813,27.301,0.471,16.83,27.123,-3.763,-1.477,-10.91,5.832,-14.977,14.444,-10.477,15.659,-0.006,-10.993,46.485,48.732,40.492,43.465,38.601,32.086,0.752,high,0.582,0.557,0.653,0.523,-253.961,549.866,739.772,546.493,0.45,2.816,0.16,Hmong-Modal,0.159801136363636,7263059587531985915
Hmong_M23,23,M,Hmong,White Hmong,23e-pom-w_Audio,405.147,592.389,187.242,5,o,Vowel,o,Creaky,Oral,21.0,2.0,Low,m,Unaspirated,Oral,106.358,106.297,108.378,107.208,676.833,134.129,995.939,124.855,2664.435,96.967,3299.741,116.065,844.386,2773.941,3366.983,3534.288,14.015,13.679,18.918,17.526,16.058,9.515,28.961,-1.984,25.772,-1.874,9.717,18.138,-4.902,-3.847,2.859,8.011,-14.945,15.746,-11.757,15.553,4.299,-4.46,16.667,27.285,21.744,25.136,20.498,23.775,0.804,low,0.648,0.572,0.704,0.525,-135.484,499.937,516.486,494.983,0.742,4.515,0.165,Hmong-Creaky,0.164341085271318,6085378952247544253
Hmong_M23,23,M,Hmong,White Hmong,23e-pos-w_Audio,592.351,760.053,167.702,5,o,Vowel,o,Modal,Oral,22.0,1.0,Low,s,Unaspirated,Oral,127.096,127.294,127.671,127.369,728.755,95.311,1001.17,263.835,2697.23,134.657,3346.877,290.634,799.384,2855.11,3644.321,3646.4,16.722,16.305,20.13,18.391,21.804,13.29,34.469,2.255,26.916,-2.675,12.318,19.543,-3.407,-2.086,-1.674,5.101,-17.747,14.181,-10.194,18.98,4.404,-3.238,43.256,31.48,23.544,26.921,23.262,24.897,0.679,low,0.63,0.553,0.72,0.511,-169.12,676.586,684.601,672.565,0.591,4.175,0.142,Hmong-Modal,0.141556886227545,7644245959780701596
Hmong_M23,23,M,Hmong,White Hmong,23e-pov-w_Audio,504.186,733.768,229.582,5,o,Vowel,o,Modal,Oral,24.0,2.0,Mid,v,Unaspirated,Oral,134.186,134.779,131.122,133.032,755.97,61.912,1055.933,167.444,2817.667,228.742,3444.528,278.167,820.822,2696.752,3664.558,4736.798,17.102,16.691,20.105,18.395,21.252,12.842,33.676,2.33,23.329,-4.905,7.449,14.759,-3.003,-1.704,-1.146,5.553,-16.573,14.467,-6.227,21.596,9.653,1.933,37.324,20.301,15.336,22.012,19.7,22.043,0.579,mid,0.605,0.546,0.654,0.505,-207.028,619.704,655.578,615.955,0.602,3.656,0.165,Hmong-Modal,0.164660831509847,-8804304427427816157
Hmong_M23,23,M,Hmong,White Hmong,23e-pum-w_Audio,515.027,709.104,194.077,5,u,Vowel,u,Creaky,Oral,21.0,2.0,Low,m,Unaspirated,Oral,100.922,101.052,102.073,203.62,360.457,96.047,646.321,207.902,2499.277,423.168,4089.72,493.771,495.979,3265.179,3954.711,5488.853,14.127,13.158,19.405,15.04,24.7,9.908,20.868,-1.558,16.232,-2.464,-15.196,10.32,-5.279,-1.882,-5.294,5.131,-6.742,14.779,-2.106,15.623,29.323,2.839,3.849,22.412,34.694,41.093,42.459,22.98,0.288,low,0.664,0.586,0.719,0.536,-163.797,613.732,556.798,608.422,0.751,4.463,0.168,Hmong-Creaky,0.168272462469191,-6924218443917817949
Hmong_M23,23,M,Hmong,White Hmong,23e-pus-w_Audio,478.431,708.356,229.925,5,u,Vowel,u,Modal,Oral,22.0,1.0,Low,s,Unaspirated,Oral,113.295,113.581,113.663,113.999,334.169,97.806,626.226,91.417,2500.093,654.099,3724.165,242.802,549.109,3629.207,4218.958,,14.753,13.373,20.549,13.879,21.448,13.3,21.003,0.655,15.738,-1.141,-18.06,9.359,-5.796,-0.507,-0.899,0.579,-6.251,12.774,-0.986,14.514,32.813,4.013,3.756,34.737,47.734,51.405,49.18,23.198,0.771,low,0.597,0.524,0.591,0.488,-196.272,594.759,555.727,590.455,0.85,4.15,0.205,Hmong-Modal,0.204819277108434,-3865841356134918538
Hmong_M23,23,M,Hmong,White Hmong,23e-qag-w_Audio,838.585,1017.426,178.841,5,a,Vowel,a,Breathy,Oral,53.0,2.0,High,g,Unaspirated,Oral,134.632,70.731,136.593,135.098,895.25,268.499,1535.702,262.459,2684.595,155.307,3660.621,804.762,1166.079,2097.709,2950.837,4937.389,20.867,20.583,20.21,19.04,17.693,12.28,24.677,-5.787,20.727,-4.393,15.379,9.767,0.656,1.542,2.518,6.761,-3.81,26.389,0.139,24.976,5.487,10.816,16.054,30.013,23.676,23.304,21.605,27.532,0.619,high,0.578,0.491,0.494,0.484,-476.821,929.01,978.87,925.39,0.818,2.818,0.291,Hmong-Breathy,0.2902767920511,1522165984354290590
Hmong_M23,23,M,Hmong,White Hmong,23e-qias-w_Audio,451.833,681.182,229.349,5,ia,Vowel,ia,Modal,Oral,22.0,1.0,Low,s,Unaspirated,Oral,116.376,116.271,116.631,174.125,482.483,58.757,2100.476,119.142,2833.28,349.019,4128.734,292.889,356.582,2431.448,3243.381,4298.935,17.462,16.853,22.15,19.436,27.113,7.831,27.095,4.343,12.668,7.506,10.876,9.812,-4.687,-2.583,-4.963,11.605,-9.633,12.511,4.794,9.347,6.586,7.041,10.176,25.996,32.582,28.731,23.881,22.939,0.417,low,0.62,0.56,0.622,0.532,-215.585,567.857,658.201,563.271,0.818,3.78,0.217,Hmong-Modal,0.216402116402116,2875366959976230275
Hmong_M23,23,M,Hmong,White Hmong,23e-raug-w_Audio,426.231,654.633,228.402,5,au,Vowel,au,Breathy,Oral,53.0,2.0,High,g,Unaspirated,Oral,123.668,123.051,125.132,123.955,520.736,189.294,1045.088,106.797,2687.464,288.769,3436.93,194.565,930.755,3090.154,3624.872,3905.542,21.93,21.331,23.444,20.861,27.955,9.59,27.94,2.213,24.392,5.24,2.267,13.022,-1.515,0.47,-4.511,11.271,-6.011,19.138,-2.462,16.092,19.663,8.309,17.973,23.6,21.029,25.711,24.059,26.589,0.621,high,0.616,0.522,0.511,0.508,-613.527,542.259,1004.021,538.143,1.063,2.787,0.381,Hmong-Breathy,0.381413706494438,-7016301955660225543
Hmong_M23,23,M,Hmong,White Hmong,23e-rauj-w_Audio,378.744,585.007,206.263,5,au,Vowel,au,Modal,Oral,53.0,2.0,High,j,Unaspirated,Oral,149.191,148.267,151.455,149.393,585.361,84.948,1002.442,69.358,2579.813,118.248,3560.763,290.662,883.767,2643.626,3560.244,5768.069,18.717,17.957,23.087,19.76,34.049,8.009,34.048,7.111,28.12,6.223,13.71,22.087,-4.37,-1.803,-10.962,11.752,-15.331,10.88,-9.403,11.734,5.007,-4.13,48.295,27.895,20.071,22.791,19.973,24.701,0.566,high,0.582,0.555,0.647,0.528,-255.698,483.02,837.375,479.472,0.458,2.702,0.17,Hmong-Modal,0.169504071058475,7494104355556375897
Hmong_M23,23,M,Hmong,White Hmong,23e-raum-w_Audio,498.417,697.227,198.81,5,au,Vowel,au,Creaky,Oral,21.0,2.0,Low,m,Unaspirated,Oral,98.352,97.335,100.132,197.821,611.818,154.977,1075.072,284.415,2403.946,224.518,3251.378,129.221,755.066,2102.39,3232.197,3800.284,14.898,14.607,19.568,18.366,17.005,11.359,27.385,-0.761,17.094,-5.487,2.831,4.034,-4.67,-3.759,2.563,7.007,-12.487,15.381,-2.196,20.094,12.067,10.573,8.009,15.325,11.562,15.813,16.579,22.258,0.24,low,0.629,0.536,0.555,0.501,-148.031,598.529,445.015,593.409,1.182,4.417,0.268,Hmong-Creaky,0.267602445098483,5286519269418581798
Hmong_M23,23,M,Hmong,White Hmong,23e-rauv-w_Audio,471.3,645.39,174.09,5,au,Vowel,au,Modal,Oral,24.0,2.0,Mid,v,Unaspirated,Oral,130.823,130.072,130.203,130.04,597.824,60.519,1063.943,141.062,2511.329,148.213,3092.262,234.634,720.069,1766.94,3086.028,3720.699,18.739,18.202,22.307,20.02,26.856,13.06,30.404,3.425,19.567,-1.74,4.313,9.457,-3.568,-1.818,-4.549,6.961,-11.666,14.796,-0.829,19.942,14.426,8.746,18.763,32.081,29.027,32.2,29.786,25.571,0.0,mid,0.615,0.546,0.605,0.515,-191.35,559.845,697.225,555.902,0.757,3.68,0.206,Hmong-Modal,0.20570652173913,-1968772637239621600
Hmong_M23,23,M,Hmong,White Hmong,23e-tag-w_Audio,507.635,682.079,174.444,5,a,Vowel,a,Breathy,Oral,53.0,2.0,High,g,Unaspirated,Oral,137.893,138.229,141.382,139.126,865.617,144.447,1577.457,118.497,2530.725,316.843,3707.129,696.211,1107.229,1811.117,3534.818,5020.429,23.814,23.502,21.418,20.122,23.486,17.302,32.212,2.801,28.344,5.133,13.11,6.038,2.397,3.379,-2.068,2.82,-8.398,20.712,-4.53,18.369,10.704,17.464,62.565,25.798,16.312,13.681,12.631,24.235,0.75,high,0.639,0.542,0.541,0.532,-500.602,596.565,961.886,592.715,1.316,2.947,0.447,Hmong-Breathy,0.446555819477435,4398083661419781478
Hmong_M23,23,M,Hmong,White Hmong,23e-tam-w_Audio,458.853,665.97,207.117,5,a,Vowel,a,Creaky,Oral,21.0,2.0,Low,m,Unaspirated,Oral,100.639,100.496,102.548,101.576,902.726,115.03,1462.676,128.466,2589.954,155.171,3342.917,282.586,1115.531,2245.068,3171.669,5618.767,13.101,12.941,18.153,17.504,13.24,10.451,28.742,-2.927,23.533,-3.127,16.817,9.262,-5.052,-4.563,4.913,7.054,-15.642,15.883,-10.433,16.068,-3.716,3.68,20.261,17.522,8.298,8.953,8.13,23.46,0.286,low,0.623,0.561,0.641,0.539,-154.597,564.296,541.429,558.921,0.943,4.411,0.214,Hmong-Creaky,0.213783722511902,-1537328498097547812
Hmong_M23,23,M,Hmong,White Hmong,23e-tau-w_Audio,684.626,871.681,187.055,5,au,Vowel,au,Modal,Oral,33.0,1.0,Mid,x,Unaspirated,Oral,126.202,125.726,126.012,125.604,652.756,157.103,1009.496,262.267,2593.056,175.237,3347.135,478.424,779.757,2754.746,3553.553,5110.986,17.541,17.103,22.674,20.837,21.845,12.357,28.805,-0.213,21.257,-3.394,8.938,14.262,-5.132,-3.733,0.829,8.48,-11.264,17.355,-3.716,20.497,8.604,2.841,18.108,41.981,35.238,37.131,33.107,28.091,0.861,mid,0.595,0.553,0.606,0.54,-232.014,779.34,685.492,775.065,0.682,3.537,0.193,Hmong-Modal,0.192818772971445,-3080129378046958244
Hmong_M23,23,M,Hmong,White Hmong,23e-taub-w_Audio,890.946,1067.13,176.184,5,au,Vowel,au,Modal,Oral,45.0,2.0,High,b,Unaspirated,Oral,170.792,169.323,168.749,248.687,645.536,64.62,1004.27,155.196,2559.62,149.33,3573.033,309.022,798.907,2622.952,3867.372,5073.332,19.42,18.584,23.132,19.458,37.192,12.556,37.19,9.21,31.848,8.104,17.651,24.31,-3.713,-0.874,-14.059,6.902,-17.77,9.424,-12.428,10.48,1.769,-5.726,100.049,32.597,27.241,30.947,30.165,29.756,0.407,high,0.628,0.608,0.704,0.585,-267.083,980.093,822.983,976.675,0.409,2.431,0.168,Hmong-Modal,0.168243521184698,-8350337129663119404
Hmong_M23,23,M,Hmong,White Hmong,23e-taug-w_Audio,460.024,658.949,198.925,5,au,Vowel,au,Breathy,Oral,53.0,2.0,High,g,Unaspirated,Oral,134.68,133.28,135.841,134.523,538.485,258.491,1067.319,159.467,2648.439,596.428,3852.289,294.192,940.335,2709.586,3831.552,4991.523,22.629,21.944,23.872,20.877,27.643,2.977,27.64,2.148,23.5,4.686,3.748,12.507,-1.243,1.067,-3.771,17.899,-5.011,19.813,-0.871,17.258,18.881,9.437,15.932,30.223,26.576,27.529,25.239,24.582,0.545,high,0.67,0.555,0.559,0.514,-408.947,561.384,921.488,557.55,1.291,3.126,0.413,Hmong-Breathy,0.412987843889955,727671749515535918
Hmong_M23,23,M,Hmong,White Hmong,23e-tauj-w_Audio,432.88,606.409,173.529,5,au,Vowel,au,Modal,Oral,53.0,2.0,High,j,Unaspirated,Oral,152.749,151.856,153.0,152.276,598.853,50.821,1042.094,48.205,2507.268,110.795,3662.499,261.836,879.8,2530.386,3591.234,5547.925,16.995,16.241,22.041,18.746,34.066,7.886,34.064,7.014,27.809,5.766,9.319,16.254,-5.046,-2.505,-12.025,10.86,-17.069,9.258,-10.814,10.476,7.676,-0.012,44.002,37.883,32.832,38.502,36.989,29.704,0.69,high,0.618,0.597,0.681,0.578,-256.91,521.263,762.195,517.483,0.474,2.624,0.18,Hmong-Modal,0.180640243902439,1856285428193480682
Hmong_M23,23,M,Hmong,White Hmong,23e-taum-w_Audio,533.196,752.444,219.248,5,au,Vowel,au,Creaky,Oral,21.0,2.0,Low,m,Unaspirated,Oral,91.603,90.041,92.349,176.61,551.126,143.848,1004.815,202.169,2668.86,136.288,3274.913,161.683,736.707,2168.098,3038.799,3973.413,13.523,13.228,18.145,16.923,14.996,9.219,24.667,-2.986,17.171,-4.789,6.074,14.667,-4.622,-3.695,3.148,7.704,-11.144,16.236,-3.648,18.017,7.449,-1.439,5.859,17.146,13.7,19.799,17.255,20.797,0.261,low,0.614,0.532,0.579,0.507,-135.671,644.895,417.12,639.296,1.18,4.658,0.254,Hmong-Creaky,0.253327608415629,-1977570576979060176
Hmong_M23,23,M,Hmong,White Hmong,23e-tawg-w_Audio,502.747,683.422,180.675,5,aw,Vowel,aw,Breathy,Oral,53.0,2.0,High,g,Unaspirated,Oral,134.075,133.69,135.643,134.128,575.447,130.946,1484.362,117.517,2447.055,650.819,4081.134,235.491,670.003,1586.922,3636.198,4130.718,21.324,20.789,23.105,20.798,26.66,10.591,26.453,1.31,20.085,4.107,2.842,0.363,-1.781,-0.009,-3.555,10.207,-5.13,19.483,1.238,16.682,18.482,20.426,12.336,32.774,30.292,28.82,27.705,26.051,0.761,high,0.599,0.512,0.533,0.503,-289.871,595.914,796.374,592.155,1.307,3.164,0.414,Hmong-Breathy,0.413084702907712,3612495542087441610
Hmong_M23,23,M,Hmong,White Hmong,23e-tawm-w_Audio,535.981,715.787,179.806,5,aw,Vowel,aw,Creaky,Oral,21.0,2.0,Low,m,Unaspirated,Oral,106.839,106.395,108.083,133.579,610.726,109.411,1517.676,147.256,2362.703,140.321,4044.686,249.227,827.868,2118.713,4005.514,4069.959,16.424,16.119,21.227,19.956,16.778,10.502,28.245,1.931,18.445,1.154,10.773,4.674,-4.803,-3.837,4.449,9.454,-11.821,14.19,-2.021,14.965,5.651,11.445,9.448,20.039,18.206,18.275,20.248,25.041,0.471,low,0.632,0.564,0.667,0.516,-143.073,626.786,584.409,621.955,0.791,4.114,0.192,Hmong-Creaky,0.192270296548371,1827449647472972260
Hmong_M23,23,M,Hmong,White Hmong,23e-taws-w_Audio,454.651,631.259,176.608,5,aw,Vowel,aw,Modal,Oral,22.0,1.0,Low,s,Unaspirated,Oral,112.83,112.429,112.948,112.737,626.078,70.655,1469.616,68.552,2386.962,197.971,4088.686,131.086,990.501,1776.46,3309.289,4098.69,16.378,16.05,21.167,19.794,18.931,12.047,28.046,1.502,20.22,1.946,8.45,3.906,-4.789,-3.744,2.236,7.747,-11.667,14.552,-3.841,14.104,7.928,12.143,10.181,39.076,32.335,27.956,24.767,26.443,0.647,low,0.613,0.544,0.605,0.518,-171.118,544.723,592.468,540.132,0.907,4.091,0.222,Hmong-Modal,0.221706184307015,-6975360824167899941
Hmong_M23,23,M,Hmong,White Hmong,23e-tig-w_Audio,478.61,678.28,199.67,5,i,Vowel,i,Breathy,Oral,53.0,2.0,High,g,Unaspirated,Oral,130.852,130.494,132.858,131.869,345.565,102.477,2489.293,227.043,3298.126,306.188,4335.09,466.959,2787.263,3478.296,4908.507,,23.453,22.14,26.818,19.857,13.656,14.997,25.285,6.982,12.263,15.573,16.137,21.851,-3.365,2.283,13.162,4.86,-1.832,15.158,11.19,6.567,7.315,0.289,11.376,26.432,38.419,35.537,28.346,25.67,0.0,high,0.602,0.525,0.516,0.507,-788.321,580.021,1083.255,576.136,0.967,2.554,0.379,Hmong-Breathy,0.378621769772905,-7252938457366730372
Hmong_M23,23,M,Hmong,White Hmong,23e-tim-w_Audio,534.867,771.307,236.44,5,i,Vowel,i,Creaky,Oral,21.0,2.0,Low,m,Unaspirated,Oral,104.679,104.555,106.524,105.817,245.329,55.962,2347.418,136.107,3093.882,633.328,3633.193,373.102,2483.929,3532.967,4818.565,4953.78,14.686,12.973,20.116,10.609,6.84,12.46,18.965,6.562,4.449,12.345,1.556,6.362,-5.431,2.364,13.276,-1.852,-4.279,6.411,10.237,0.627,13.13,6.611,1.473,28.425,43.77,39.51,32.993,24.308,0.771,low,0.634,0.578,0.733,0.55,-182.772,653.975,640.683,648.717,0.665,4.212,0.158,Hmong-Creaky,0.157882241215575,823088163466242974
Hmong_M23,23,M,Hmong,White Hmong,23e-tis-w_Audio,654.791,876.126,221.335,5,i,Vowel,i,Modal,Oral,22.0,1.0,Low,s,Unaspirated,Oral,112.11,112.311,112.346,112.737,283.171,69.874,2418.778,217.338,3184.033,180.415,3486.783,532.335,2789.934,3321.604,4120.119,4174.605,14.778,13.287,22.762,14.593,11.067,14.671,13.657,-0.851,3.935,10.632,11.991,19.802,-7.984,-1.306,11.696,-0.078,1.121,14.138,10.843,2.656,2.787,-6.515,3.014,32.89,45.085,42.369,34.595,25.432,0.737,low,0.607,0.551,0.586,0.531,-233.327,767.051,614.304,762.307,0.909,3.898,0.233,Hmong-Modal,0.233196511031298,5679927690421444997
Hmong_M23,23,M,Hmong,White Hmong,23e-tob-w_Audio,476.527,667.14,190.613,5,o,Vowel,o,Modal,Oral,45.0,2.0,High,b,Unaspirated,Oral,157.528,157.416,154.453,156.087,713.493,84.653,1130.666,160.818,2715.727,115.551,3395.856,224.806,874.074,2749.817,3456.462,5435.327,17.926,17.336,21.589,19.07,30.08,14.778,32.277,3.355,26.681,1.965,14.01,20.025,-3.663,-1.734,-8.491,4.292,-14.351,14.033,-8.754,15.37,3.917,-2.69,43.762,34.423,26.457,29.685,25.191,25.01,0.045,high,0.594,0.566,0.636,0.537,-259.978,573.095,707.12,569.693,0.535,2.654,0.202,Hmong-Modal,0.201582516955539,6080101433562549415
Hmong_M23,23,M,Hmong,White Hmong,23e-tog-w_Audio,456.472,706.187,249.715,5,o,Vowel,o,Breathy,Oral,53.0,2.0,High,g,Unaspirated,Oral,120.71,120.255,123.196,121.486,716.953,267.112,1124.785,187.806,2659.236,208.237,3446.785,341.423,985.832,2596.157,3326.116,5284.661,21.292,20.93,21.511,20.007,21.522,14.265,27.19,-2.917,27.419,1.302,9.176,13.409,-0.218,0.923,-0.012,5.742,-5.898,23.893,-6.127,19.628,12.116,7.521,30.704,20.088,13.398,16.731,15.438,23.846,0.0,high,0.489,0.474,0.617,0.454,-661.504,583.063,1691.567,579.258,0.451,2.683,0.168,Hmong-Breathy,0.168095415579575,7979671698037420681
Hmong_M23,23,M,Hmong,White Hmong,23e-toj-w_Audio,652.579,829.135,176.556,5,o,Vowel,o,Modal,Oral,53.0,2.0,High,j,Unaspirated,Oral,126.552,126.393,127.509,126.935,749.356,123.519,1154.224,153.697,2809.752,317.745,3522.189,364.976,912.198,1332.631,3236.305,5374.815,15.645,15.286,19.275,17.786,20.353,13.185,31.689,1.411,24.673,-1.605,5.002,10.279,-3.63,-2.5,-1.078,4.601,-16.044,13.931,-9.028,16.891,10.643,5.007,27.161,32.38,21.902,24.254,21.889,25.64,0.647,high,0.593,0.538,0.657,0.51,-190.685,742.553,633.01,738.531,0.61,3.758,0.162,Hmong-Modal,0.162320383182544,286584242450730341
Hmong_M23,23,M,Hmong,White Hmong,23e-tom-w_Audio,544.439,733.661,189.222,5,o,Vowel,o,Creaky,Oral,21.0,2.0,Low,m,Unaspirated,Oral,102.366,102.349,104.161,103.241,779.909,74.987,1150.057,158.681,2687.58,118.885,3361.064,144.227,869.15,2837.318,3373.053,5276.216,13.662,13.433,18.685,17.746,15.076,10.913,27.832,-3.868,19.914,-8.16,6.386,8.602,-5.023,-4.314,3.609,6.834,-14.17,17.349,-6.252,21.593,7.276,4.831,12.729,21.462,15.795,21.027,18.753,23.507,0.673,low,0.634,0.565,0.648,0.533,-140.665,639.617,497.032,634.4,0.866,4.184,0.207,Hmong-Creaky,0.20697896749522,2180904189286024812
Hmong_M23,23,M,Hmong,White Hmong,23e-tos-w_Audio,390.007,610.483,220.476,5,o,Vowel,o,Modal,Oral,22.0,1.0,Low,s,Unaspirated,Oral,117.556,117.486,117.797,117.487,714.3,99.019,1150.228,105.93,2738.597,228.992,3889.244,366.959,922.477,2980.271,3877.006,5247.292,16.912,16.58,20.735,19.361,19.255,12.725,30.109,0.369,22.924,-2.469,7.684,12.593,-3.823,-2.78,1.48,6.636,-13.197,16.252,-6.012,19.049,9.228,3.987,18.157,34.921,28.371,32.201,29.418,27.246,0.521,low,0.632,0.561,0.627,0.524,-183.46,501.184,596.56,496.722,0.798,3.98,0.2,Hmong-Modal,0.200502512562814,665581698765084731
Hmong_M23,23,M,Hmong,White Hmong,23e-tov-w_Audio,437.83,656.383,218.553,5,o,Vowel,o,Modal,Oral,24.0,2.0,Mid,v,Unaspirated,Oral,130.84,130.864,127.789,129.414,750.169,105.51,1125.416,109.625,2736.571,119.42,3380.287,482.533,937.877,2896.096,3625.61,4801.454,16.384,16.011,19.421,17.873,19.532,12.037,29.98,-0.607,25.44,-1.416,9.93,14.726,-3.037,-1.862,-0.111,5.837,-13.596,16.678,-9.056,17.427,6.454,1.285,22.476,21.876,15.85,21.068,19.324,22.939,0.579,mid,0.599,0.548,0.615,0.514,-207.131,547.8,598.611,543.875,0.656,3.227,0.204,Hmong-Modal,0.203284784629687,2875366959976230275
Hmong_M23,23,M,Hmong,White Hmong,23e-tsau-w_Audio,449.55,635.149,185.599,5,au,Vowel,au,Modal,Oral,33.0,1.0,Mid,x,Unaspirated,Oral,142.068,141.522,141.658,141.383,569.757,78.835,1014.458,146.684,2497.644,100.852,3449.86,118.02,742.015,2431.309,3434.231,5455.136,17.243,16.544,21.504,18.46,31.706,7.221,31.703,5.242,23.964,3.089,13.345,20.353,-4.26,-1.916,-10.202,11.239,-14.46,11.324,-6.721,13.456,3.898,-3.809,28.749,40.234,35.584,37.286,35.007,29.595,0.715,mid,0.618,0.572,0.732,0.537,-205.187,542.982,738.818,539.195,0.516,3.52,0.147,Hmong-Modal,0.146590909090909,-6238730216833625450
Hmong_M23,23,M,Hmong,White Hmong,23e-tug-w_Audio,665.522,841.325,175.803,5,u,Vowel,u,Breathy,Oral,53.0,2.0,High,g,Unaspirated,Oral,124.352,124.384,125.96,124.83,328.609,153.037,856.974,182.341,2349.121,553.661,3639.622,418.056,741.16,2870.247,3775.398,4823.103,22.059,20.54,23.992,16.037,18.806,17.726,21.743,3.417,14.897,3.606,-8.85,9.66,-1.933,4.504,5.186,-1.69,0.316,17.131,7.162,16.935,30.909,10.88,6.236,22.977,27.802,32.778,33.088,23.527,0.328,high,0.653,0.526,0.501,0.498,-574.359,754.982,843.676,750.991,1.357,2.777,0.489,Hmong-Breathy,0.488656823910695,-1681239154488892513
Hmong_M23,23,M,Hmong,White Hmong,23e-tum-w_Audio,518.963,677.138,158.175,5,u,Vowel,u,Creaky,Oral,21.0,2.0,Low,m,Unaspirated,Oral,101.562,101.521,102.607,102.216,358.707,127.63,758.904,138.706,2483.192,288.741,3721.749,168.319,634.749,3553.212,3946.293,4117.319,15.317,14.392,19.938,15.721,22.551,10.799,18.839,-2.08,15.987,0.763,-14.062,7.788,-4.621,-1.329,-2.613,4.922,-3.522,16.493,-0.67,13.629,29.379,6.604,2.984,20.596,29.948,36.226,37.363,22.069,0.664,low,0.667,0.576,0.737,0.538,-159.055,599.559,548.856,594.267,0.754,5.174,0.146,Hmong-Creaky,0.14572864321608,5527493355197128121
Hmong_M23,23,M,Hmong,White Hmong,23e-tus-w_Audio,615.577,793.822,178.245,5,u,Vowel,u,Modal,Oral,22.0,1.0,Low,s,Unaspirated,Oral,118.477,118.553,118.54,118.554,334.016,107.688,724.407,141.852,2376.725,215.505,3926.847,95.521,560.894,2654.228,3930.071,4357.07,17.627,16.279,21.847,15.209,19.288,14.365,21.566,1.916,13.382,-0.789,-13.347,8.052,-4.221,1.071,2.56,0.844,-3.94,14.381,4.244,17.068,30.973,8.227,3.766,28.843,37.203,42.691,43.867,22.925,0.896,low,0.595,0.542,0.615,0.516,-214.487,705.132,605.789,700.782,0.736,3.807,0.193,Hmong-Modal,0.193328079852903,8658304559571411066
Hmong_M23,23,M,Hmong,White Hmong,23e-vus-w_Audio,596.106,787.473,191.367,5,u,Vowel,u,Modal,Oral,22.0,1.0,Low,s,Unaspirated,Oral,123.005,124.16,120.931,122.774,351.298,95.927,718.509,56.677,2705.356,468.812,3983.418,241.293,640.469,3269.568,3918.383,4873.309,17.518,16.148,22.629,15.913,20.971,14.974,22.347,1.993,18.692,3.311,-13.549,13.872,-5.111,0.235,1.658,0.939,-4.829,14.2,-1.174,12.836,31.067,2.275,5.939,16.705,28.577,37.248,36.024,19.797,0.774,low,0.586,0.52,0.572,0.481,-213.015,692.39,600.119,688.515,0.777,3.55,0.219,Hmong-Modal,0.21887323943662,8969365570010214499
Hmong_M23,23,M,Hmong,White Hmong,23e-zag-w_Audio,372.082,598.127,226.045,5,a,Vowel,a,Breathy,Oral,53.0,2.0,High,g,Unaspirated,Oral,135.378,135.388,136.793,135.889,780.496,263.364,1584.817,148.673,2557.943,271.461,3729.446,1016.648,1299.633,2171.714,3928.067,5032.911,24.443,24.105,22.59,21.177,22.022,14.999,27.15,-0.816,26.473,6.004,15.006,7.184,1.853,2.928,0.568,6.177,-2.706,24.926,-2.029,18.101,9.438,16.92,30.429,28.114,23.424,22.136,22.22,30.282,0.0,high,0.511,0.458,0.525,0.431,-473.106,485.971,1308.74,482.789,0.624,2.891,0.217,Hmong-Breathy,0.215842269111034,2130386496279765213
Hmong_M23,23,M,Hmong,White Hmong,23e-zam-w_Audio,488.263,696.93,208.667,5,a,Vowel,a,Creaky,Oral,21.0,2.0,Low,m,Unaspirated,Oral,104.093,103.725,106.484,105.324,821.323,95.206,1492.16,106.968,2503.442,140.442,3367.163,578.057,1047.076,2054.14,2916.08,5034.51,15.449,15.26,20.424,19.654,13.771,10.39,28.246,-1.962,21.241,-3.092,13.942,5.473,-4.976,-4.394,6.653,9.264,-12.797,17.231,-5.793,18.352,1.507,9.787,17.006,13.56,7.253,8.881,10.266,22.678,0.716,low,0.628,0.567,0.622,0.543,-193.085,594.202,583.175,588.972,0.909,4.032,0.226,Hmong-Creaky,0.225446428571429,7311071574265898095
Hmong_M23,23,M,Hmong,White Hmong,23e-zas-w_Audio,521.991,760.764,238.773,5,a,Vowel,a,Modal,Oral,22.0,1.0,Low,s,Unaspirated,Oral,120.381,120.362,121.228,120.869,831.398,127.986,1454.23,107.213,2533.451,110.81,3356.42,284.029,1077.209,1738.544,2840.655,5164.78,17.158,16.909,20.988,19.965,15.934,11.28,26.97,-2.909,23.964,-0.206,15.57,8.648,-3.83,-3.056,5.054,8.685,-9.812,19.829,-6.806,17.115,1.588,8.261,16.819,32.978,23.478,21.165,18.94,24.734,0.865,low,0.616,0.559,0.626,0.523,-191.477,643.079,676.547,638.734,0.729,3.83,0.191,Hmong-Modal,0.190339425587467,-4737614392812857804
Hmong_M26,26,M,Hmong,White Hmong,26e-cab-w_Audio,576.598,780.19,203.592,5,a,Vowel,a,Modal,Oral,45.0,2.0,High,b,Unaspirated,Oral,144.331,144.463,142.313,143.331,813.32,89.956,1337.012,165.951,2471.8,238.966,4081.583,532.695,950.721,1790.789,2936.433,4090.307,6.132,5.756,8.135,6.567,10.543,2.789,22.433,-7.105,14.927,-9.565,4.575,-0.251,-2.003,-0.812,-2.408,3.779,-16.302,12.878,-8.795,15.321,1.557,6.006,3.993,48.027,38.589,37.579,34.407,28.108,0.662,high,0.556,0.487,0.619,0.566,-257.321,680.876,1031.103,676.961,0.469,2.806,0.167,Hmong-Modal,0.167141838916607,7914445824313064626
Hmong_M26,26,M,Hmong,White Hmong,26e-cag-w_Audio,814.169,1023.413,209.244,5,a,Vowel,a,Breathy,Oral,53.0,2.0,High,g,Unaspirated,Oral,131.795,131.393,131.865,131.451,766.781,188.783,1420.483,213.418,2472.123,221.194,4166.502,582.87,951.533,1792.999,2777.293,4138.346,11.071,10.739,5.249,3.872,8.082,1.397,12.916,-15.802,8.37,-14.257,-0.734,-6.794,5.821,6.867,-2.832,2.475,-1.845,26.55,2.7,24.996,11.805,17.533,1.066,42.213,38.794,37.957,36.575,28.034,0.0,high,0.353,0.31,0.426,0.341,-283.107,920.824,1129.323,918.235,0.298,1.913,0.156,Hmong-Breathy,0.155776267642446,-2709236981442143297
Hmong_M26,26,M,Hmong,White Hmong,26e-cas-w_Audio,605.997,807.489,201.492,5,a,Vowel,a,Modal,Oral,22.0,1.0,Low,s,Unaspirated,Oral,113.085,113.066,113.931,113.357,777.2,99.214,1419.791,205.025,2476.357,164.839,4179.968,446.059,905.132,2213.727,2729.533,4255.094,5.399,5.151,9.193,8.175,5.343,0.686,16.649,-12.419,6.377,-16.507,0.766,-5.497,-3.795,-3.024,3.85,7.489,-11.25,17.578,-0.978,21.658,4.633,10.649,1.013,39.912,34.102,33.816,32.466,25.138,0.212,low,0.595,0.53,0.673,0.601,-256.655,708.236,775.639,702.915,0.717,3.767,0.19,Hmong-Modal,0.190337138306345,-5562193362594881612
Hmong_M26,26,M,Hmong,White Hmong,26e-cav-w_Audio,507.51,719.551,212.041,5,a,Vowel,a,Modal,Oral,24.0,2.0,Mid,v,Unaspirated,Oral,110.824,110.76,110.09,110.284,787.96,131.271,1350.019,247.706,2421.913,126.133,3432.828,516.499,947.693,2221.548,2628.519,4078.528,3.701,3.47,5.834,4.886,1.275,-2.985,15.792,-14.044,7.31,-17.112,-1.767,-8.584,-2.133,-1.416,4.559,7.871,-12.09,17.525,-3.609,20.582,5.468,12.054,0.924,51.718,44.974,42.555,40.689,27.434,0.0,mid,0.608,0.524,0.661,0.623,-195.239,614.951,665.195,609.318,0.727,3.695,0.197,Hmong-Modal,0.196752368064953,5247377058043976115
Hmong_M26,26,M,Hmong,White Hmong,26e-cim-w_Audio,807.151,1022.235,215.084,5,i,Vowel,i,Creaky,Oral,21.0,2.0,Low,m,Unaspirated,Oral,105.784,105.538,106.867,106.348,297.93,44.612,2256.195,130.926,2898.806,169.082,3814.107,376.771,2701.162,3420.297,4241.26,4854.307,4.713,3.532,10.321,4.321,-0.918,-0.797,10.612,-5.213,-7.098,-3.415,-3.679,0.842,-5.608,-0.789,11.238,5.118,-5.899,8.745,11.811,6.947,8.392,2.69,0.402,34.116,50.371,49.349,43.645,24.951,0.0,low,0.561,0.519,0.741,0.549,-254.648,915.898,728.571,910.699,0.954,3.534,0.27,Hmong-Creaky,0.269949066213922,-9053959442963444123
Hmong_M26,26,M,Hmong,White Hmong,26e-kab-w_Audio,715.166,925.907,210.741,5,a,Vowel,a,Modal,Oral,45.0,2.0,High,b,Unaspirated,Oral,140.126,140.253,138.155,138.602,803.511,83.649,1255.927,101.471,2491.067,175.336,3430.135,197.2,961.212,1647.248,3247.525,3957.866,5.309,4.947,6.996,5.494,7.956,0.688,20.184,-10.344,14.208,-12.198,-0.604,-3.052,-1.687,-0.546,-0.96,4.806,-14.875,15.32,-8.899,17.145,5.913,7.999,2.459,31.194,25.967,30.455,30.058,24.868,0.556,high,0.572,0.515,0.613,0.566,-278.606,823.091,866.608,819.055,0.591,2.769,0.214,Hmong-Modal,0.213434452871073,6624505170889612194
Hmong_M26,26,M,Hmong,White Hmong,26e-kam-w_Audio,701.953,903.004,201.051,5,a,Vowel,a,Creaky,Oral,21.0,2.0,Low,m,Unaspirated,Oral,100.811,100.672,102.878,131.34,781.501,75.937,1253.919,115.294,2406.041,131.705,4201.154,317.902,937.761,1801.786,2826.96,4217.035,2.628,2.418,5.356,4.498,3.505,-0.284,19.328,-11.318,12.183,-13.865,1.426,-3.441,-2.728,-2.08,1.851,4.783,-16.7,13.752,-9.555,16.283,1.202,5.859,1.677,33.211,25.106,26.299,26.63,23.847,0.535,low,0.64,0.551,0.727,0.569,-123.349,803.864,653.612,798.19,0.702,4.963,0.141,Hmong-Creaky,0.1414467056216,-9205323704097212753
Hmong_M26,26,M,Hmong,White Hmong,26e-kav-w_Audio,529.746,753.139,223.393,5,a,Vowel,a,Modal,Oral,24.0,2.0,Mid,v,Unaspirated,Oral,105.398,105.488,104.139,183.044,880.466,198.772,1241.762,129.093,2383.803,208.285,3496.32,243.914,1089.461,2186.308,3516.551,3634.429,2.777,2.588,5.418,4.648,1.525,-1.811,12.276,-21.145,12.55,-17.636,-6.836,-13.194,-2.641,-2.06,3.893,6.459,-9.499,23.765,-9.773,20.224,9.613,15.782,0.756,46.038,38.414,37.354,36.005,24.728,0.377,mid,0.654,0.594,0.845,0.583,-162.085,642.513,613.273,636.97,0.907,4.47,0.203,Hmong-Modal,0.202908277404922,-1235615798119039799
Hmong_M26,26,M,Hmong,White Hmong,26e-kis-w_Audio,680.036,900.477,220.441,5,i,Vowel,i,Modal,Oral,22.0,1.0,Low,s,Unaspirated,Oral,120.527,119.951,121.207,121.111,325.82,50.547,2250.099,144.015,2759.859,659.997,3540.97,312.29,300.871,2389.766,3511.59,4018.552,8.426,7.115,14.885,7.968,1.01,2.425,13.481,-3.49,-2.087,0.422,-6.28,-6.186,-6.459,-0.853,13.875,5.542,-5.055,10.605,10.513,6.693,14.707,13.302,0.739,47.053,60.118,55.44,49.025,28.314,0.0,low,0.558,0.515,0.63,0.517,-324.258,793.114,1144.339,788.803,0.742,3.095,0.24,Hmong-Modal,0.239741518578352,-6156679275016883425
Hmong_M26,26,M,Hmong,White Hmong,26e-kos-w_Audio,476.603,698.672,222.069,5,o,Vowel,o,Modal,Oral,22.0,1.0,Low,s,Unaspirated,Oral,117.713,117.573,117.637,117.3,666.941,51.174,965.003,187.902,2522.235,225.317,3925.761,361.553,699.313,2631.302,3656.419,3691.142,6.786,6.383,10.289,8.61,11.731,3.47,22.216,-8.161,6.772,-20.126,-10.313,-4.079,-3.503,-2.227,-1.443,5.14,-15.43,14.604,0.014,26.509,17.099,10.462,2.396,50.927,47.477,52.833,50.03,29.213,0.742,low,0.574,0.525,0.637,0.561,-305.469,590.013,1001.139,585.233,0.652,3.383,0.193,Hmong-Modal,0.192728347620455,8563992106449328941
Hmong_M26,26,M,Hmong,White Hmong,26e-kum-w_Audio,618.76,811.715,192.955,5,u,Vowel,u,Creaky,Oral,21.0,2.0,Low,m,Unaspirated,Oral,100.341,100.438,101.774,185.193,313.042,80.995,777.467,108.432,2764.015,455.042,3633.656,506.026,639.206,3261.699,4356.787,,3.399,2.316,7.658,2.536,8.319,2.112,4.172,-14.139,-0.241,-12.667,-23.332,3.964,-4.259,-0.219,-0.661,0.424,-0.773,16.475,3.64,14.984,26.731,-1.648,0.352,30.34,40.48,46.371,45.175,18.878,0.317,low,0.582,0.543,0.864,0.566,-235.525,715.868,617.882,710.242,1.067,3.89,0.274,Hmong-Creaky,0.274293059125964,2917352819409734720
Hmong_M26,26,M,Hmong,White Hmong,26e-paj-w_Audio,611.676,820.118,208.442,5,a,Vowel,a,Modal,Oral,53.0,2.0,High,j,Unaspirated,Oral,148.808,148.643,151.536,149.467,796.22,130.158,1279.869,136.907,2517.644,625.95,3594.618,405.629,841.967,1313.94,3314.41,4223.078,8.395,7.951,9.655,7.792,16.971,7.341,21.765,-8.129,17.549,-8.009,-7.959,-9.695,-1.26,0.159,-7.316,0.451,-13.37,16.109,-9.154,15.96,16.354,17.646,5.056,47.604,35.263,36.59,36.49,25.78,0.717,high,0.516,0.496,0.563,0.496,-470.976,718.318,1184.213,714.974,0.46,2.221,0.207,Hmong-Modal,0.207113912651959,-4819670728451595908
Hmong_M26,26,M,Hmong,White Hmong,26e-pam_1_-w_Audio,586.826,835.821,248.995,5,a,Vowel,a,Creaky,Oral,21.0,2.0,Low,m,Unaspirated,Oral,100.304,10.941,99.457,123.498,775.462,81.222,1250.439,68.632,2518.985,140.826,3353.477,439.058,1032.147,2648.402,3585.437,5644.646,0.2,0.017,-1.205,-1.951,-5.487,-8.734,7.613,-23.906,2.864,-24.481,-12.255,-15.617,1.405,1.968,4.282,6.783,-7.414,23.946,-2.665,24.498,12.455,15.634,0.344,28.397,23.83,30.266,31.932,19.648,0.468,low,0.655,0.569,0.794,0.511,-65.237,712.64,225.948,707.519,1.292,4.552,0.29,Hmong-Creaky,0.283831282952548,4461270698167830060
Hmong_M26,26,M,Hmong,White Hmong,26e-pim-w_Audio,703.212,925.907,222.695,5,i,Vowel,i,Creaky,Oral,21.0,2.0,Low,m,Unaspirated,Oral,99.178,99.215,99.952,99.944,317.041,65.072,2301.892,166.379,2696.07,350.501,3427.542,241.413,2502.39,3500.255,4654.195,4332.121,3.675,2.775,5.535,1.25,2.566,-2.328,5.903,-11.25,-8.588,-5.755,-7.887,-9.482,-1.859,1.525,2.969,3.579,-2.227,14.026,12.264,8.53,11.563,12.257,0.31,41.422,54.984,51.19,44.572,22.744,0.076,low,0.573,0.524,0.315,0.497,-173.696,814.621,612.501,809.633,1.03,4.545,0.227,Hmong-Creaky,0.226622662266227,-3239689102414497193
Hmong_M26,26,M,Hmong,White Hmong,26e-pog-w_Audio,687.247,936.414,249.167,5,o,Vowel,o,Breathy,Oral,53.0,2.0,High,g,Unaspirated,Oral,126.431,125.877,127.855,126.975,622.578,134.279,942.561,111.227,2485.427,235.325,3284.488,226.937,801.99,3017.897,3847.637,,9.316,8.786,6.798,4.561,12.167,-0.141,13.139,-16.277,9.436,-16.291,-11.885,-3.776,2.517,4.225,-5.369,4.702,-3.823,25.125,-0.121,25.077,21.2,12.562,1.072,41.549,39.804,43.783,42.045,25.842,0.94,high,0.404,0.364,0.46,0.388,-335.863,813.5,1237.549,810.416,0.422,2.292,0.184,Hmong-Breathy,0.184118673647469,8852805051580266390
Hmong_M26,26,M,Hmong,White Hmong,26e-poj-w_Audio,601.313,836.0,234.687,5,o,Vowel,o,Modal,Oral,53.0,2.0,High,j,Unaspirated,Oral,149.924,149.8,152.443,150.638,674.201,102.193,1004.287,105.063,2490.1,381.114,3559.959,343.147,840.724,1107.057,3527.716,3619.824,8.137,7.487,9.516,6.731,21.048,3.365,21.212,-8.231,18.453,-7.399,-8.957,-2.562,-1.379,0.756,-11.532,3.366,-13.075,15.783,-10.316,14.885,17.094,10.049,4.121,49.863,41.064,44.082,41.983,25.042,0.964,high,0.481,0.463,0.533,0.463,-547.551,720.519,1293.554,717.418,0.442,1.998,0.221,Hmong-Modal,0.221221221221221,-3931000657890379131
Hmong_M26,26,M,Hmong,White Hmong,26e-pos-w_Audio,485.38,719.708,234.328,5,o,Vowel,o,Modal,Oral,22.0,1.0,Low,s,Unaspirated,Oral,114.502,114.521,114.883,179.132,652.961,72.589,907.303,229.077,2523.747,110.739,3290.485,335.882,710.061,2698.363,3981.668,3925.27,6.509,6.097,9.741,8.028,10.832,2.422,22.201,-8.898,11.582,-16.505,-7.237,0.602,-3.232,-1.93,-1.091,5.605,-15.692,15.083,-5.073,22.602,13.746,5.496,2.142,52.481,48.684,51.519,48.159,26.96,0.395,low,0.553,0.503,0.646,0.54,-294.257,603.741,989.701,599.026,0.682,3.437,0.198,Hmong-Modal,0.198428862379983,4792036305904643861
Hmong_M26,26,M,Hmong,White Hmong,26e-pus-w_Audio,622.682,861.661,238.979,5,u,Vowel,u,Modal,Oral,22.0,1.0,Low,s,Unaspirated,Oral,112.165,112.009,113.195,112.899,301.753,45.272,755.946,98.242,2810.796,170.769,4054.913,782.303,626.785,2906.597,4596.321,5225.868,6.12,4.669,9.378,1.986,2.583,0.506,11.593,-5.735,0.964,-10.672,-19.519,9.599,-3.258,2.683,6.795,1.481,-5.473,10.427,5.156,15.341,25.639,-4.93,0.431,38.847,49.616,52.851,50.171,20.922,0.0,low,0.528,0.489,0.647,0.488,-301.117,743.157,965.223,738.801,0.741,3.311,0.224,Hmong-Modal,0.223799456357596,-5308431881275532712
Hmong_M26,26,M,Hmong,White Hmong,26e-qias-w_Audio,580.909,830.156,249.247,5,ia,Vowel,ia,Modal,Oral,22.0,1.0,Low,s,Unaspirated,Oral,111.918,112.41,113.555,113.144,510.92,85.771,1951.236,141.385,2683.278,386.419,4143.09,652.658,526.678,2231.607,3415.91,4530.605,5.95,5.445,9.136,6.937,13.076,-3.703,13.064,-10.43,-0.838,-8.157,-5.95,-9.233,-3.186,-1.491,-3.94,10.64,-7.114,15.877,6.788,13.602,11.9,14.679,0.558,42.433,48.053,43.139,38.22,25.132,0.664,low,0.559,0.52,0.654,0.545,-304.062,708.422,796.995,703.562,0.849,3.213,0.264,Hmong-Modal,0.264239028944911,3286797093842565135
Hmong_M26,26,M,Hmong,White Hmong,26e-raug-w_Audio,636.553,863.974,227.421,5,au,Vowel,au,Breathy,Oral,53.0,2.0,High,g,Unaspirated,Oral,128.18,127.409,128.584,127.911,572.632,183.54,972.464,85.928,2563.039,185.768,3304.364,168.565,855.581,3063.147,4032.423,4039.788,10.946,10.373,7.851,5.409,12.702,-2.149,13.237,-14.641,11.153,-12.113,-8.771,0.326,3.095,4.964,-4.851,7.558,-2.291,25.055,-0.207,22.486,19.717,10.047,1.028,38.606,38.409,42.37,40.097,25.447,0.0,high,0.388,0.348,0.451,0.377,-285.449,752.015,1138.001,749.062,0.347,2.129,0.163,Hmong-Breathy,0.162987317989667,-3502269801982519654
Hmong_M26,26,M,Hmong,White Hmong,26e-rauj-w_Audio,685.044,918.319,233.275,5,au,Vowel,au,Modal,Oral,53.0,2.0,High,j,Unaspirated,Oral,157.347,156.718,158.356,157.157,593.684,68.481,965.958,32.064,2686.936,371.699,3307.466,333.949,723.42,1855.166,3488.125,3920.438,9.052,8.224,12.315,8.672,23.919,-0.798,23.918,-3.543,21.433,-1.561,-6.657,4.185,-3.263,-0.448,-11.604,9.47,-14.866,11.827,-12.381,9.785,15.709,4.039,4.554,42.333,39.287,45.017,42.452,25.891,0.423,high,0.546,0.523,0.596,0.521,-444.881,803.573,1202.014,800.253,0.434,2.283,0.19,Hmong-Modal,0.190100744634253,3937526825051769857
Hmong_M26,26,M,Hmong,White Hmong,26e-tas-w_Audio,518.939,747.65,228.711,5,a,Vowel,a,Modal,Oral,22.0,1.0,Low,s,Unaspirated,Oral,114.933,114.75,115.187,114.886,790.037,124.204,1278.907,185.46,2500.073,185.761,4157.043,451.452,944.66,1859.547,2920.897,4100.232,3.74,3.481,6.069,5.003,4.533,-0.305,18.2,-12.312,11.08,-14.908,1.412,-1.825,-2.328,-1.522,1.536,5.308,-14.46,15.813,-7.34,18.389,2.328,5.306,1.428,55.303,46.947,48.575,46.841,30.788,0.114,low,0.583,0.529,0.665,0.575,-225.722,635.713,925.63,630.703,0.58,3.491,0.166,Hmong-Modal,0.166141506731596,-2462562104607826102
Hmong_M26,26,M,Hmong,White Hmong,26e-taug-w_Audio,822.207,1047.056,224.849,5,a,Vowel,a,Breathy,Oral,53.0,2.0,High,g,Unaspirated,Oral,133.688,132.856,134.405,133.737,572.573,149.71,1008.634,85.048,2660.546,150.706,3379.806,195.21,858.704,3079.011,3955.365,4218.965,12.22,11.614,9.109,6.511,13.943,-3.237,13.721,-13.71,9.02,-13.456,-7.807,1.79,3.111,5.103,-4.834,9.748,-1.501,25.364,3.2,25.07,20.027,9.825,1.096,36.925,38.07,44.697,42.827,27.234,0.939,high,0.34,0.305,0.44,0.271,-325.774,936.382,1240.022,934.345,0.356,2.007,0.177,Hmong-Breathy,0.177379172894868,-2700972322884216354
Hmong_M26,26,M,Hmong,White Hmong,26e-tauv-w_Audio,658.88,900.852,241.972,5,au,Vowel,au,Modal,Oral,24.0,2.0,Mid,v,Unaspirated,Oral,107.274,106.152,104.549,105.491,472.728,83.158,766.802,66.42,2609.854,103.003,3256.77,196.451,668.857,2830.587,3775.588,5113.563,2.315,1.758,6.322,3.951,10.515,-3.836,15.45,-12.145,11.002,-12.009,-12.218,4.22,-4.007,-2.193,-4.193,7.787,-13.135,13.969,-8.687,13.767,14.533,-2.462,0.876,35.621,38.917,44.499,41.822,23.723,0.28,mid,0.658,0.587,0.732,0.613,-159.697,781.848,774.373,776.138,0.665,4.502,0.148,Hmong-Modal,0.147712127943136,-7220724468976307041
Hmong_M26,26,M,Hmong,White Hmong,26e-tim-w_Audio,601.18,820.277,219.097,5,i,Vowel,i,Creaky,Oral,21.0,2.0,Low,m,Unaspirated,Oral,103.985,103.567,105.385,104.809,326.62,87.309,2247.41,224.188,2762.086,186.384,3882.601,343.253,2504.229,3200.486,3884.106,3994.968,6.508,5.578,10.446,5.99,6.864,2.446,9.788,-8.022,-6.147,-4.499,-1.807,-2.698,-3.938,-0.412,3.582,3.544,-3.28,13.6,12.655,10.077,8.315,8.276,0.446,32.073,47.38,43.547,37.336,22.111,0.832,low,0.548,0.508,0.834,0.503,-249.619,710.318,921.421,705.481,0.866,3.585,0.241,Hmong-Creaky,0.241562064156206,-7124455980911379451
Hmong_M26,26,M,Hmong,White Hmong,26e-to-w_Audio,998.831,1264.229,265.398,5,o,Vowel,o,Modal,Oral,33.0,1.0,Mid,x,Unaspirated,Oral,123.089,123.008,122.987,123.113,617.502,96.686,933.109,70.684,2577.131,320.587,3889.082,172.562,818.7,3067.106,3832.32,3919.102,6.708,6.205,9.129,7.009,13.981,2.573,19.979,-9.277,17.367,-8.097,-10.425,-0.893,-2.421,-0.804,-4.852,4.436,-13.27,15.547,-10.659,14.303,17.133,7.098,2.25,48.148,45.743,51.703,49.01,28.49,0.0,mid,0.55,0.499,0.608,0.53,-300.815,1134.244,1136.801,1129.941,0.573,3.149,0.182,Hmong-Modal,0.181962527786599,2180926591177626838
Hmong_M26,26,M,Hmong,White Hmong,26e-tog-w_Audio,731.251,993.85,262.599,5,o,Vowel,o,Breathy,Oral,53.0,2.0,High,g,Unaspirated,Oral,125.767,125.297,126.495,125.619,691.298,205.175,1059.575,129.01,2539.588,170.874,3230.828,257.68,915.906,2851.81,4174.359,4322.401,9.326,8.906,5.679,3.926,7.127,-1.685,10.41,-19.39,8.31,-17.576,-8.503,-4.149,3.647,4.98,-1.448,5.612,-1.085,28.341,1.016,26.482,17.829,13.055,0.703,44.793,42.351,44.685,41.879,26.344,0.0,high,0.374,0.331,0.425,0.363,-295.709,865.258,1060.144,862.355,0.498,2.086,0.239,Hmong-Breathy,0.238734419942474,-8486891075175306584
Hmong_M26,26,M,Hmong,White Hmong,26e-toj-w_Audio,698.214,939.611,241.397,5,o,Vowel,o,Modal,Oral,53.0,2.0,High,j,Unaspirated,Oral,152.5,152.512,154.823,153.042,661.982,152.736,961.38,107.803,2531.571,146.385,3306.893,183.228,853.18,2742.056,3486.998,4043.004,6.554,5.839,8.768,5.688,18.841,-2.751,18.839,-10.532,19.647,-6.257,-5.308,2.794,-2.215,0.152,-10.073,8.438,-12.286,16.451,-13.094,12.096,11.861,3.045,2.695,48.691,41.131,43.706,40.095,25.174,0.754,high,0.53,0.508,0.579,0.489,-341.183,820.636,957.685,817.419,0.468,2.522,0.186,Hmong-Modal,0.185567010309278,394654502356552104
Hmong_M26,26,M,Hmong,White Hmong,26e-tug-w_Audio,631.079,851.762,220.683,5,u,Vowel,u,Breathy,Oral,53.0,2.0,High,g,Unaspirated,Oral,132.261,131.827,133.755,132.965,369.397,120.114,1041.81,118.199,2721.114,261.246,3187.891,333.549,808.732,3001.777,4366.015,4448.843,10.725,9.39,8.526,1.755,0.736,-1.327,12.418,-7.628,-2.005,-13.323,-16.51,2.82,2.199,7.635,7.79,3.082,-1.693,17.028,12.73,22.714,27.235,6.57,0.518,28.982,37.045,43.349,41.967,21.795,0.0,high,0.338,0.33,0.369,0.306,-698.144,742.92,1314.606,740.595,0.581,1.453,0.402,Hmong-Breathy,0.39986235375086,8500697032767065959
Hmong_M26,26,M,Hmong,White Hmong,26e-vus-w_Audio,909.074,1185.913,276.839,5,u,Vowel,u,Modal,Oral,22.0,1.0,Low,s,Unaspirated,Oral,113.401,113.234,113.749,113.539,327.42,82.976,752.116,203.649,2716.836,179.181,3166.314,313.556,494.586,2942.021,4332.329,5172.169,4.632,3.366,9.149,2.98,6.962,2.146,10.211,-8.944,-3.061,-16.456,-18.434,8.115,-4.517,0.386,2.187,0.835,-5.579,12.336,7.693,19.823,23.066,-4.748,0.407,35.405,46.977,52.103,49.095,22.14,0.828,low,0.577,0.527,0.617,0.551,-316.429,1049.964,923.979,1045.091,0.773,3.468,0.223,Hmong-Modal,0.222895040369089,8469745740908861215
Hmong_M26,26,M,Hmong,White Hmong,26e-zag-w_Audio,545.459,803.257,257.798,5,a,Vowel,a,Breathy,Oral,53.0,2.0,High,g,Unaspirated,Oral,133.459,133.18,134.39,133.553,832.561,238.496,1337.611,313.636,2448.708,264.93,3672.846,847.568,980.428,1888.589,2820.69,4401.271,11.745,11.421,6.329,4.988,9.736,3.387,13.676,-16.614,8.782,-16.83,-2.685,-8.753,5.415,6.432,-3.406,1.601,-1.932,28.052,2.963,28.251,14.43,20.174,1.232,45.846,39.009,36.738,35.832,26.054,0.0,high,0.31,0.292,0.355,0.284,-396.796,675.386,1038.154,673.25,0.341,1.567,0.218,Hmong-Breathy,0.217613273771538,-6538866117417024946
Hmong_M26,26,M,Hmong,White Hmong,26e-zas-w_Audio,722.812,954.624,231.812,5,a,Vowel,a,Modal,Oral,22.0,1.0,Low,s,Unaspirated,Oral,113.132,113.108,112.671,112.737,763.251,129.032,1216.675,237.271,2498.301,246.66,3236.068,366.529,879.06,1794.3,2980.947,4304.505,5.822,5.557,8.102,7.012,5.824,0.868,16.5,-14.052,7.982,-18.266,-4.503,-6.376,-2.28,-1.456,2.278,6.145,-10.679,19.632,-2.16,23.823,10.324,11.933,1.135,45.839,37.919,38.787,36.321,26.786,0.864,low,0.542,0.479,0.615,0.561,-249.633,839.579,910.229,834.619,0.636,3.399,0.187,Hmong-Modal,0.18711385701677,5412455939300851227
Hmong_M28,28,M,Hmong,White Hmong,28e-ca-w_Audio,393.831,558.081,164.25,5,a,Vowel,a,Modal,Oral,33.0,1.0,Mid,x,Unaspirated,Oral,116.392,116.446,116.977,117.072,770.949,84.574,1464.066,122.983,3158.936,383.621,3866.605,360.183,925.522,1683.389,3484.36,5379.071,14.415,14.152,19.929,18.843,16.898,11.86,27.251,-1.4,21.954,-0.123,3.385,7.923,-5.514,-4.691,3.03,6.983,-12.837,15.574,-7.539,14.274,11.03,6.229,13.149,42.941,35.646,35.402,34.871,30.574,0.793,mid,0.607,0.572,0.716,0.58,-246.739,477.699,1000.937,472.715,0.562,3.297,0.17,Hmong-Modal,0.170457992114043,9198978260594236312
Hmong_M28,28,M,Hmong,White Hmong,28e-cab-w_Audio,452.635,609.805,157.17,5,a,Vowel,a,Modal,Oral,45.0,2.0,High,b,Unaspirated,Oral,132.056,132.231,130.241,131.458,756.882,100.67,1513.144,140.605,2990.166,444.296,3867.642,219.124,893.647,1663.39,3589.555,4466.279,14.538,14.202,18.655,17.257,16.745,9.835,27.9,0.021,20.557,-0.185,2.366,5.113,-4.117,-3.054,1.91,7.421,-13.362,14.198,-6.019,14.387,12.172,9.09,12.451,33.415,28.725,27.472,26.511,27.187,0.684,high,0.582,0.537,0.715,0.496,-243.056,532.342,1072.724,528.591,0.463,2.872,0.161,Hmong-Modal,0.161211699164345,508976565202467234
Hmong_M28,28,M,Hmong,White Hmong,28e-cam-w_Audio,480.737,639.153,158.416,5,a,Vowel,a,Creaky,Oral,21.0,2.0,Low,m,Unaspirated,Oral,107.292,106.991,109.451,107.927,739.623,140.795,1486.104,152.094,3054.13,354.386,3876.199,268.16,908.328,1581.415,3133.955,3973.513,15.474,15.23,21.024,20.017,16.66,12.017,28.497,0.356,22.322,1.44,8.529,12.139,-5.55,-4.787,4.364,8.001,-13.023,14.889,-6.847,13.79,6.945,3.091,16.103,18.336,12.972,14.26,14.859,26.2,0.242,low,0.593,0.558,0.764,0.573,-248.563,562.008,1054.883,556.639,0.519,3.623,0.143,Hmong-Creaky,0.143251449075352,-8969232509569243033
Hmong_M28,28,M,Hmong,White Hmong,28e-cas-w_Audio,482.888,661.68,178.792,5,a,Vowel,a,Modal,Oral,22.0,1.0,Low,s,Unaspirated,Oral,114.42,114.433,115.404,114.99,764.746,94.435,1469.976,122.546,3032.269,426.07,3927.021,239.994,913.917,1621.383,3544.419,4242.928,14.684,14.427,19.137,18.075,16.072,11.159,27.067,-1.527,21.349,-0.567,2.902,6.021,-4.453,-3.649,3.065,6.916,-12.383,15.973,-6.665,14.993,11.782,8.405,11.589,37.801,32.392,32.554,31.841,29.224,0.828,low,0.597,0.551,0.791,0.546,-217.026,573.47,1043.416,568.695,0.545,3.377,0.162,Hmong-Modal,0.161385845424933,-1185787264908275603
Hmong_M28,28,M,Hmong,White Hmong,28e-cav-w_Audio,423.104,577.377,154.273,5,a,Vowel,a,Modal,Oral,24.0,2.0,Mid,v,Unaspirated,Oral,106.014,105.918,106.379,106.758,778.259,129.452,1417.275,143.52,3003.508,427.728,3745.436,285.869,932.446,1479.9,3362.699,3957.745,14.282,14.064,19.985,19.088,15.654,11.632,28.101,-1.137,21.328,-1.826,5.191,8.783,-5.703,-5.025,4.331,7.457,-13.819,15.223,-7.046,15.889,9.091,5.28,13.502,32.287,25.883,27.151,24.904,29.248,0.107,mid,0.628,0.587,0.757,0.594,-214.162,502.283,911.373,496.69,0.663,3.88,0.171,Hmong-Modal,0.170876288659794,-9098497509684680301
Hmong_M28,28,M,Hmong,White Hmong,28e-cig-w_Audio,490.902,664.569,173.667,5,i,Vowel,i,Breathy,Oral,53.0,2.0,High,g,Unaspirated,Oral,125.407,124.975,126.137,125.461,319.423,130.882,2358.22,107.629,3015.572,293.204,3827.228,242.056,2559.478,3754.082,5428.078,,19.951,18.463,21.7,13.454,10.552,13.767,11.634,-4.809,8.915,12.892,7.396,12.036,-1.749,5.009,11.148,-0.313,8.317,23.272,11.035,5.571,12.555,6.427,3.061,37.731,50.245,48.356,43.213,29.081,0.0,high,0.381,0.374,0.455,0.348,-493.712,579.433,1126.752,576.639,0.493,2.022,0.244,Hmong-Breathy,0.243818001978239,2717803614630018967
Hmong_M28,28,M,Hmong,White Hmong,28e-cug-w_Audio,631.244,797.642,166.398,5,u,Vowel,u,Breathy,Oral,53.0,2.0,High,g,Unaspirated,Oral,129.332,128.993,131.506,129.882,367.656,70.931,1056.673,147.869,2310.392,239.348,3839.725,254.974,589.969,2273.652,3556.99,5596.606,19.086,17.831,22.385,16.112,9.395,6.859,25.811,5.684,7.265,-3.665,-6.185,4.674,-3.299,1.719,12.99,9.253,-6.725,12.151,11.821,21.497,25.271,13.157,5.317,22.064,30.745,33.391,34.806,22.885,0.0,high,0.439,0.421,0.498,0.414,-458.188,716.831,1139.804,713.596,0.467,2.025,0.231,Hmong-Breathy,0.230617283950617,-5258413550150047406
Hmong_M28,28,M,Hmong,White Hmong,28e-kav-w_Audio,428.814,584.588,155.774,5,a,Vowel,a,Modal,Oral,24.0,2.0,Mid,v,Unaspirated,Oral,107.016,107.168,106.601,106.386,808.38,112.813,1409.893,127.147,2825.177,441.994,3788.773,336.015,923.761,1500.377,3256.752,3919.614,13.954,13.746,19.34,18.49,15.37,11.596,28.367,-1.518,23.504,-0.711,4.763,4.611,-5.386,-4.744,3.97,6.894,-14.413,15.283,-9.551,14.456,9.19,9.135,16.322,30.902,23.563,25.939,25.515,29.648,0.615,mid,0.602,0.572,0.825,0.575,-247.16,508.492,973.18,503.123,0.562,3.84,0.146,Hmong-Modal,0.146354166666667,1995996479961500438
Hmong_M28,28,M,Hmong,White Hmong,28e-kug-w_Audio,526.226,676.759,150.533,5,u,Vowel,u,Breathy,Oral,53.0,2.0,High,g,Unaspirated,Oral,130.891,130.742,131.337,131.105,340.105,107.153,867.692,110.138,2591.542,92.319,3934.564,121.854,768.953,2581.859,3962.997,,18.191,16.671,22.207,14.27,14.427,12.806,21.451,2.255,14.945,2.863,-5.023,16.363,-4.016,2.401,7.78,1.465,-3.26,14.429,3.245,13.808,23.214,0.308,4.4,28.915,37.891,42.902,43.778,26.775,0.0,high,0.43,0.409,0.521,0.38,-426.791,603.435,1189.205,600.526,0.366,2.136,0.172,Hmong-Breathy,0.171348314606742,-2522929820598461990
Hmong_M28,28,M,Hmong,White Hmong,28e-pas_1_-w_Audio,491.515,651.973,160.458,5,a,Vowel,a,Modal,Oral,22.0,1.0,Low,s,Unaspirated,Oral,110.54,110.365,111.666,111.035,786.502,164.061,1360.673,185.848,2825.501,375.033,3694.845,148.095,1067.074,1566.66,3224.887,3697.066,13.958,13.718,19.609,18.621,15.859,11.395,30.258,0.483,24.606,0.14,8.578,9.77,-5.651,-4.904,3.75,7.226,-16.3,13.258,-10.648,13.578,5.38,3.947,18.982,34.613,24.594,25.329,23.429,28.543,0.0,low,0.607,0.556,0.692,0.615,-235.701,574.606,1031.559,569.046,0.54,3.561,0.152,Hmong-Modal,0.151642796967144,-6758587594008948195
Hmong_M28,28,M,Hmong,White Hmong,28e-pas_2_-w_Audio,413.998,576.799,162.801,5,a,Vowel,a,Modal,Oral,22.0,1.0,Low,s,Unaspirated,Oral,116.909,116.963,117.369,117.072,805.611,159.087,1366.202,160.236,2736.235,333.742,3782.559,268.894,1041.987,1361.237,2972.162,3826.088,14.467,14.213,18.863,17.819,16.563,11.816,29.883,-0.198,25.794,0.805,11.515,10.661,-4.396,-3.606,2.3,6.003,-15.416,14.433,-11.327,13.408,2.952,3.552,20.932,48.387,38.475,40.516,38.451,33.685,0.902,low,0.573,0.544,0.695,0.547,-285.341,497.081,1044.248,492.394,0.429,3.091,0.139,Hmong-Modal,0.138790035587189,7108540288081132563
Hmong_M28,28,M,Hmong,White Hmong,28e-po-w_Audio,657.324,872.455,215.131,5,o,Vowel,o,Modal,Oral,33.0,1.0,Mid,x,Unaspirated,Oral,108.129,108.455,107.692,108.019,540.307,145.47,926.341,134.136,2094.54,486.142,3612.757,208.78,764.695,1202.789,3541.836,5330.493,14.904,14.42,19.111,17.064,20.465,9.135,26.839,-0.211,22.271,0.525,-2.262,1.319,-4.207,-2.644,-1.354,7.929,-11.935,14.644,-7.366,13.895,17.167,13.102,10.749,38.567,36.549,40.769,40.355,29.048,0.358,mid,0.568,0.525,0.713,0.552,-205.048,766.434,892.621,761.331,0.521,3.472,0.15,Hmong-Modal,0.150057603686636,-8579524254716665572
Hmong_M28,28,M,Hmong,White Hmong,28e-pob-w_Audio,379.816,533.417,153.601,5,o,Vowel,o,Modal,Oral,45.0,2.0,High,b,Unaspirated,Oral,131.606,132.04,129.487,130.837,614.461,103.169,969.686,134.958,2122.099,275.588,3618.59,138.182,745.933,1328.205,3611.887,5002.338,16.297,15.727,20.247,17.82,25.849,11.508,30.553,2.234,24.597,0.601,-0.228,1.124,-3.95,-2.093,-5.602,6.311,-14.256,13.512,-8.3,15.126,16.526,14.602,18.769,28.686,25.991,30.108,31.024,25.618,0.0,high,0.61,0.553,0.694,0.62,-204.697,459.778,992.442,455.078,0.452,2.949,0.153,Hmong-Modal,0.153272295693455,-9200043217529580124
Hmong_M28,28,M,Hmong,White Hmong,28e-poj-w_Audio,387.637,549.752,162.115,5,o,Vowel,o,Modal,Oral,53.0,2.0,High,j,Unaspirated,Oral,143.638,143.817,144.157,144.222,571.563,128.521,964.184,107.607,2347.575,619.768,3730.949,66.103,840.367,2176.872,3712.01,,16.583,15.805,22.541,19.13,30.095,3.7,30.093,3.186,26.207,4.197,1.164,7.991,-5.958,-3.326,-7.553,15.43,-13.51,12.645,-9.623,11.608,15.42,7.814,22.571,47.247,40.657,42.592,40.56,28.313,0.698,high,0.606,0.565,0.689,0.54,-268.16,470.033,1064.36,466.273,0.467,2.758,0.169,Hmong-Modal,0.169325598259608,5624172220838539469
Hmong_M28,28,M,Hmong,White Hmong,28e-pos-w_Audio,448.388,609.212,160.824,5,o,Vowel,o,Modal,Oral,22.0,1.0,Low,s,Unaspirated,Oral,120.109,120.362,120.577,120.055,568.123,157.489,943.87,121.618,2213.109,728.665,3693.244,219.862,825.526,1766.482,3647.707,3682.133,16.315,15.744,21.386,18.95,25.969,10.965,28.258,1.105,25.246,3.165,0.098,4.893,-5.071,-3.205,-4.583,7.985,-11.943,14.657,-8.931,12.58,16.217,10.852,17.813,39.073,35.615,41.267,42.011,29.313,0.886,low,0.597,0.56,0.837,0.537,-260.132,529.152,1087.955,524.674,0.545,3.288,0.166,Hmong-Modal,0.165754257907543,4816806634585988705
Hmong_M28,28,M,Hmong,White Hmong,28e-raug-w_Audio,435.726,589.006,153.28,5,au,Vowel,au,Breathy,Oral,53.0,2.0,High,g,Unaspirated,Oral,128.352,128.279,129.424,129.017,588.144,253.624,1177.88,198.8,2244.284,291.787,3466.263,350.868,904.096,1995.301,3464.34,4835.564,20.867,20.363,19.591,17.439,19.792,6.826,19.391,-6.912,14.515,-5.03,0.891,-1.063,1.276,2.924,-0.201,10.613,1.477,27.281,6.352,25.392,19.976,21.426,5.034,39.291,38.652,39.197,38.169,26.294,0.0,high,0.408,0.394,0.486,0.366,-394.733,514.078,985.832,511.219,0.436,1.872,0.233,Hmong-Breathy,0.232905982905983,1220521180690650488
Hmong_M28,28,M,Hmong,White Hmong,28e-rauj-w_Audio,409.062,573.841,164.779,5,au,Vowel,au,Modal,Oral,53.0,2.0,High,j,Unaspirated,Oral,140.023,139.102,138.477,138.748,625.158,99.987,1179.658,108.228,2266.972,338.811,3742.646,204.151,919.796,1991.379,3645.252,5081.856,17.065,16.515,22.806,20.451,27.725,12.878,30.625,3.867,24.625,3.993,7.463,6.511,-5.741,-3.937,-4.919,7.573,-13.56,12.657,-7.56,12.521,9.602,10.004,21.551,38.623,33.577,35.515,34.183,28.587,0.748,high,0.642,0.614,0.724,0.612,-274.248,493.288,1017.15,488.922,0.439,2.773,0.158,Hmong-Modal,0.1583122971511,-6638494232035402532
Hmong_M28,28,M,Hmong,White Hmong,28e-tag-w_Audio,519.173,676.745,157.572,5,a,Vowel,a,Breathy,Oral,53.0,2.0,High,g,Unaspirated,Oral,131.397,131.281,131.961,131.979,783.461,170.462,1433.409,221.464,3179.385,453.039,3898.228,131.873,964.005,1643.208,3253.32,3900.157,20.143,19.816,18.919,17.561,11.915,5.362,23.611,-5.244,16.092,-6.831,4.37,9.368,1.224,2.255,7.004,12.199,-3.468,25.092,4.051,26.647,15.773,10.448,6.589,45.044,40.612,38.152,36.133,27.873,0.727,high,0.377,0.36,0.434,0.333,-408.253,599.644,978.629,597.112,0.591,1.743,0.34,Hmong-Breathy,0.339070567986231,5098459938187484026
Hmong_M28,28,M,Hmong,White Hmong,28e-taub-w_Audio,536.181,689.811,153.63,5,au,Vowel,au,Modal,Oral,45.0,2.0,High,b,Unaspirated,Oral,139.517,138.529,135.326,137.333,653.429,161.714,1077.988,89.503,2723.955,216.35,3636.368,159.86,965.538,2691.126,3612.633,4533.006,17.539,17.058,22.413,20.381,25.067,13.967,30.689,1.34,27.654,2.43,5.79,12.132,-4.873,-3.324,-2.654,6.415,-13.15,15.77,-10.115,14.627,11.75,4.925,32.084,30.295,23.281,25.765,23.194,25.278,0.83,high,0.596,0.571,0.692,0.54,-333.221,613.588,1054.435,609.719,0.5,2.396,0.209,Hmong-Modal,0.208681135225376,-1932158607621761788
Hmong_M28,28,M,Hmong,White Hmong,28e-taug-w_Audio,367.655,522.838,155.183,5,au,Vowel,au,Breathy,Oral,53.0,2.0,High,g,Unaspirated,Oral,133.41,133.044,134.441,133.885,585.645,326.596,1055.391,173.162,2222.435,213.521,3374.261,370.844,893.088,2405.058,3713.19,3784.087,20.006,19.461,19.156,16.831,17.607,3.421,17.924,-9.635,16.465,-5.924,-0.345,-0.396,0.851,2.63,1.548,13.41,2.082,29.11,3.541,25.384,20.351,19.857,4.178,41.821,41.063,40.36,38.685,25.875,0.889,high,0.353,0.353,0.399,0.327,-532.628,446.281,1004.248,443.832,0.377,1.417,0.266,Hmong-Breathy,0.26605504587156,2692810391559438653
Hmong_M28,28,M,Hmong,White Hmong,28e-tauj-w_Audio,455.003,609.106,154.103,5,au,Vowel,au,Modal,Oral,53.0,2.0,High,j,Unaspirated,Oral,154.245,153.269,152.953,152.467,587.166,150.163,1043.211,70.395,2287.476,123.625,3733.734,61.832,932.002,2337.668,3712.964,5415.895,17.923,17.185,22.382,19.159,27.717,4.684,27.741,0.523,24.285,2.042,6.891,9.272,-4.459,-1.973,-5.335,14.474,-9.818,16.682,-6.362,15.143,11.032,7.913,16.257,43.858,40.066,44.36,44.349,30.069,0.905,high,0.549,0.518,0.641,0.457,-266.345,533.088,869.54,530.134,0.366,2.241,0.164,Hmong-Modal,0.163319946452477,-9036514718931522485
Hmong_M28,28,M,Hmong,White Hmong,28e-tawg-w_Audio,481.759,638.278,156.519,5,aw,Vowel,aw,Breathy,Oral,53.0,2.0,High,g,Unaspirated,Oral,134.34,134.266,136.168,135.075,560.679,181.821,1474.492,108.184,2275.928,377.792,3820.049,207.532,851.181,2024.234,3600.11,3639.198,21.174,20.604,19.513,17.037,20.91,2.017,20.907,-3.959,16.088,0.473,2.495,-2.663,1.661,3.567,-1.397,15.02,0.267,24.565,5.086,20.131,18.679,23.267,4.79,34.543,35.456,35.193,34.345,27.644,0.576,high,0.37,0.363,0.417,0.348,-496.214,561.553,1086.495,558.952,0.455,1.591,0.286,Hmong-Breathy,0.285983658076681,1673848293474294975
Hmong_M28,28,M,Hmong,White Hmong,28e-tob-w_Audio,478.8,674.419,195.619,5,o,Vowel,o,Modal,Oral,45.0,2.0,High,b,Unaspirated,Oral,134.208,134.323,132.051,133.38,616.427,140.881,1099.303,114.816,2646.706,430.551,3646.506,84.375,856.714,1412.545,3059.023,3626.414,15.372,14.834,20.454,18.161,23.532,9.759,28.637,1.48,24.212,2.548,-1.835,6.005,-5.083,-3.327,-3.078,8.402,-13.265,13.381,-8.84,12.285,17.207,8.829,13.936,35.932,32.797,36.722,35.636,27.926,0.686,high,0.651,0.594,0.703,0.585,-216.315,578.217,872.184,573.86,0.723,3.116,0.232,Hmong-Modal,0.232028241335045,-6879169598123038115
Hmong_M28,28,M,Hmong,White Hmong,28e-tod-w_Audio,455.635,618.394,162.759,5,o,Vowel,o,Modal,Oral,214.0,3.0,Low,d,Unaspirated,Oral,113.003,113.713,112.136,112.738,622.27,155.24,983.49,159.737,2652.76,592.538,3558.244,179.762,673.718,2438.045,3452.584,3556.843,13.75,13.339,20.074,18.36,18.483,9.849,28.54,-0.234,23.777,-0.658,-1.063,8.632,-6.325,-5.021,1.591,8.511,-14.79,13.621,-10.027,13.998,14.812,4.707,14.407,37.494,32.765,36.872,34.162,27.089,0.797,low,0.649,0.61,0.757,0.61,-246.427,538.534,927.604,533.158,0.715,3.586,0.199,Hmong-Modal,0.199386503067485,-5472367129698495144
Hmong_M28,28,M,Hmong,White Hmong,28e-zas-w_Audio,474.286,650.818,176.532,5,a,Vowel,a,Modal,Oral,22.0,1.0,Low,s,Unaspirated,Oral,109.851,109.904,110.924,110.493,766.336,156.536,1425.64,168.649,3038.825,581.399,3755.993,335.586,967.624,1503.747,3183.095,3839.419,16.871,16.626,21.657,20.649,18.374,13.759,30.921,2.212,25.605,3.366,11.623,15.674,-4.786,-4.024,3.283,6.89,-14.05,14.435,-8.734,13.26,5.247,0.952,25.128,33.745,26.239,26.769,24.453,29.853,0.099,low,0.602,0.567,0.734,0.577,-267.607,564.636,1150.366,559.389,0.457,3.527,0.13,Hmong-Modal,0.129571874113978,1190911592892330406
Hmong_M30,30,M,Hmong,White Hmong,30e-ca-w_Audio,663.108,1057.619,394.511,5,a,Vowel,a,Modal,Oral,33.0,1.0,Mid,x,Unaspirated,Oral,113.451,113.53,113.126,113.022,796.832,187.004,1422.73,130.82,2584.465,103.385,3844.82,438.842,1181.613,2528.833,3920.68,4722.97,11.658,11.424,13.103,12.147,12.81,8.497,18.134,-11.578,15.95,-8.063,6.876,2.265,-1.446,-0.722,0.293,3.65,-6.476,23.015,-4.293,19.487,4.782,9.159,3.033,46.544,40.982,41.963,41.527,34.182,0.666,mid,0.592,0.537,0.597,0.521,-236.407,862.456,521.89,857.918,1.324,3.21,0.413,Hmong-Modal,0.412461059190031,-7482563299429909554
Hmong_M30,30,M,Hmong,White Hmong,30e-cab-w_Audio,448.845,771.278,322.433,5,a,Vowel,a,Modal,Oral,45.0,2.0,High,b,Unaspirated,Oral,139.894,139.833,139.617,139.333,801.502,291.041,1457.487,152.528,2505.179,147.316,3694.053,732.018,908.369,1507.112,2709.346,5587.981,13.316,12.957,14.477,12.98,13.005,5.572,23.065,-5.626,17.276,-5.296,4.891,-1.059,-1.161,-0.023,1.472,7.408,-9.749,18.594,-3.96,18.254,8.425,14.016,7.003,45.224,40.257,41.359,42.34,31.081,0.0,high,0.5,0.472,0.587,0.461,-351.456,611.799,1191.325,608.504,0.457,2.426,0.188,Hmong-Modal,0.188375927452597,5415355941377111099
Hmong_M30,30,M,Hmong,White Hmong,30e-cag-w_Audio,870.417,1118.391,247.974,5,a,Vowel,a,Breathy,Oral,53.0,2.0,High,g,Unaspirated,Oral,131.38,131.168,132.54,131.876,804.129,176.707,1526.644,158.276,2512.907,91.762,3726.394,579.462,1029.652,1667.076,2570.304,5421.841,12.812,12.501,15.314,14.021,12.443,6.231,24.367,-4.302,18.684,-3.341,10.457,3.136,-2.501,-1.52,2.871,7.79,-11.555,16.811,-5.871,15.842,2.355,9.365,7.965,37.311,30.986,28.521,28.817,27.992,0.27,high,0.572,0.528,0.632,0.496,-329.05,996.179,1087.433,992.406,0.558,2.857,0.196,Hmong-Breathy,0.195309765488274,-7853999250060661940
Hmong_M30,30,M,Hmong,White Hmong,30e-caj-w_Audio,1147.307,1406.42,259.113,5,a,Vowel,a,Modal,Oral,53.0,2.0,High,j,Unaspirated,Oral,132.97,132.758,136.039,133.851,748.088,128.435,1424.062,412.867,2563.95,75.743,3605.478,805.273,869.705,2318.816,4507.938,5822.257,12.202,11.833,12.841,11.3,11.831,4.152,20.17,-8.541,4.517,-18.47,1.159,-1.097,-0.639,0.532,1.01,7.149,-7.968,20.39,7.685,30.302,11.043,12.929,2.513,27.025,24.301,27.757,28.498,24.506,0.418,high,0.547,0.498,0.655,0.405,-247.709,1278.345,951.387,1275.284,0.654,2.817,0.232,Hmong-Modal,0.232161874334398,8013428371727554986
Hmong_M30,30,M,Hmong,White Hmong,30e-cas-w_Audio,1120.679,1495.822,375.143,5,a,Vowel,a,Modal,Oral,22.0,1.0,Low,s,Unaspirated,Oral,112.494,112.524,112.838,112.737,828.346,117.266,1421.825,74.767,2506.073,322.127,3608.491,193.225,830.842,1449.304,3407.457,5554.994,12.242,12.022,14.335,13.433,12.765,8.746,22.629,-7.716,15.15,-9.88,-6.058,-13.111,-2.092,-1.411,1.57,4.687,-10.387,19.751,-2.908,21.902,18.3,25.133,4.483,42.841,36.515,37.94,39.156,29.213,0.843,low,0.598,0.516,0.519,0.539,-195.963,1310.118,405.107,1305.346,1.094,3.252,0.337,Hmong-Modal,0.336408364083641,6883912946397706802
Hmong_M30,30,M,Hmong,White Hmong,30e-cug-w_Audio,697.077,923.113,226.036,5,u,Vowel,u,Breathy,Oral,53.0,2.0,High,g,Unaspirated,Oral,127.084,126.579,128.299,127.36,394.854,108.531,985.274,61.152,2436.969,194.77,3760.308,164.396,910.944,2360.676,3838.823,4566.038,13.404,12.261,14.887,9.375,14.282,9.014,20.325,-0.902,13.9,0.918,-11.224,3.066,-1.483,2.887,0.606,0.361,-6.921,13.17,-0.496,11.343,24.628,9.195,2.145,26.017,31.58,36.767,40.232,27.734,0.0,high,0.499,0.46,0.65,0.41,-297.808,810.067,1191.075,806.836,0.424,2.627,0.161,Hmong-Breathy,0.161400837457175,6916609304765872464
Hmong_M30,30,M,Hmong,White Hmong,30e-kab-w_Audio,799.238,1044.048,244.81,5,a,Vowel,a,Modal,Oral,45.0,2.0,High,b,Unaspirated,Oral,139.534,139.478,139.318,138.245,760.023,124.517,1465.811,163.765,2448.106,170.049,3777.526,298.206,1066.963,2056.777,3697.28,4980.35,13.642,13.263,16.868,15.28,18.573,10.474,28.614,0.545,23.909,2.401,13.084,6.771,-3.226,-2.017,-1.705,4.806,-14.972,12.725,-10.267,10.861,0.558,6.491,22.037,41.671,34.524,35.471,37.615,35.396,0.938,high,0.579,0.542,0.649,0.572,-332.562,924.571,1220.487,920.475,0.463,2.583,0.179,Hmong-Modal,0.179248935346496,-1447959393763047884
Hmong_M30,30,M,Hmong,White Hmong,30e-kaj-w_Audio,593.896,941.673,347.777,5,a,Vowel,a,Modal,Oral,53.0,2.0,High,j,Unaspirated,Oral,134.651,134.419,135.325,134.913,797.034,180.663,1448.514,130.564,2518.485,102.201,3747.727,745.923,1136.462,1396.972,2611.615,5193.952,11.805,11.472,14.254,12.869,12.228,5.51,24.786,-4.155,22.163,-0.797,10.303,4.543,-2.449,-1.397,2.026,7.359,-12.981,15.638,-10.357,12.269,1.503,6.929,9.853,45.946,39.635,39.809,40.494,34.444,0.786,high,0.596,0.524,0.591,0.425,-257.726,769.319,892.0,766.154,0.748,2.897,0.258,Hmong-Modal,0.258198136002761,1602401548873083446
Hmong_M30,30,M,Hmong,White Hmong,30e-kam-w_Audio,1149.609,1408.241,258.632,5,a,Vowel,a,Creaky,Oral,21.0,2.0,Low,m,Unaspirated,Oral,102.852,102.562,104.231,103.285,804.818,147.267,1413.964,117.229,2343.314,214.884,3805.793,562.093,1072.072,1808.512,3145.395,5841.78,10.936,10.74,14.55,13.749,12.449,8.921,22.839,-7.205,19.631,-4.772,7.074,-2.676,-3.614,-3.009,2.1,4.828,-11.902,17.953,-8.695,15.512,3.862,13.416,5.127,26.45,20.149,20.577,23.197,28.358,0.763,low,0.638,0.54,0.517,0.526,-173.234,1280.698,417.653,1275.564,1.19,3.796,0.314,Hmong-Creaky,0.313487881981033,-7631537898269199112
Hmong_M30,30,M,Hmong,White Hmong,30e-kas-w_Audio,882.66,1182.794,300.134,5,a,Vowel,a,Modal,Oral,22.0,1.0,Low,s,Unaspirated,Oral,112.7,112.476,113.086,112.737,808.454,116.43,1445.934,113.843,2452.089,109.053,3770.973,519.389,950.155,1598.854,2673.238,5526.833,13.001,12.774,15.106,14.176,11.876,7.701,23.238,-6.541,17.339,-6.629,4.575,-3.245,-2.105,-1.402,3.23,6.475,-10.237,19.324,-4.339,19.403,8.426,16.019,5.408,32.722,25.558,26.292,28.376,26.888,0.766,low,0.628,0.535,0.518,0.493,-197.887,1034.43,424.764,1030.045,1.154,3.346,0.345,Hmong-Modal,0.344889420203228,6302547183660854851
Hmong_M30,30,M,Hmong,White Hmong,30e-kis-w_Audio,1362.017,1714.347,352.33,5,i,Vowel,i,Modal,Oral,22.0,1.0,Low,s,Unaspirated,Oral,118.661,118.936,118.863,119.154,319.624,56.743,2182.737,105.789,3163.198,290.088,3903.217,200.94,1876.894,2961.659,3837.652,,13.708,12.443,18.606,12.018,7.229,8.104,18.988,2.036,-0.033,1.841,2.352,11.7,-4.897,0.425,11.376,3.914,-5.279,10.407,13.741,10.602,11.356,0.743,1.748,44.815,58.368,56.79,51.846,31.972,0.0,low,0.61,0.567,0.61,0.536,-275.71,1539.653,603.264,1535.147,0.935,3.117,0.3,Hmong-Modal,0.299967917869747,-285304240890112515
Hmong_M30,30,M,Hmong,White Hmong,30e-kos-w_Audio,642.705,942.021,299.316,5,o,Vowel,o,Modal,Oral,22.0,1.0,Low,s,Unaspirated,Oral,113.613,113.49,113.604,113.366,687.085,114.575,1114.953,80.184,2386.401,233.15,3708.555,490.166,908.612,1121.185,2940.701,5754.46,12.1,11.766,13.372,11.989,13.741,7.142,25.259,-4.131,21.488,-3.413,-3.536,-3.483,-1.272,-0.223,-0.368,4.847,-13.159,15.918,-9.388,15.179,15.636,15.249,6.661,34.837,27.403,30.581,33.011,26.237,0.538,low,0.619,0.546,0.568,0.522,-159.154,793.795,406.578,789.197,1.026,3.189,0.322,Hmong-Modal,0.32173095014111,-3211570572382243158
Hmong_M30,30,M,Hmong,White Hmong,30e-kug-w_Audio,1011.05,1365.521,354.471,5,u,Vowel,u,Breathy,Oral,53.0,2.0,High,g,Unaspirated,Oral,127.426,127.152,128.816,127.623,373.537,88.331,865.068,57.739,2584.26,376.155,3713.283,282.218,527.011,1923.252,4266.157,5130.185,15.146,13.885,16.801,10.644,13.407,8.409,22.708,1.668,14.422,0.375,-15.246,4.795,-1.655,3.241,3.394,2.235,-7.562,12.234,0.724,13.509,30.391,9.09,3.057,28.662,35.547,41.715,43.143,24.07,0.0,high,0.494,0.474,0.636,0.453,-399.519,1188.14,1368.436,1184.573,0.454,2.516,0.181,Hmong-Breathy,0.180445151033386,3102413388866796599
Hmong_M30,30,M,Hmong,White Hmong,30e-kum-w_Audio,549.954,866.165,316.211,5,u,Vowel,u,Creaky,Oral,21.0,2.0,Low,m,Unaspirated,Oral,101.04,100.884,101.214,118.304,376.27,47.552,703.298,68.816,2355.082,127.762,3400.549,505.532,571.907,2592.397,4479.154,5242.046,9.338,8.519,13.885,10.251,22.847,4.118,22.843,-0.136,14.428,-3.521,-15.167,4.142,-4.547,-1.732,-8.962,6.133,-13.505,8.682,-5.089,12.04,24.505,4.377,2.152,36.577,44.22,47.174,47.721,23.456,0.472,low,0.667,0.57,0.816,0.486,-84.505,708.119,338.678,703.299,0.997,4.94,0.202,Hmong-Creaky,0.201821862348178,-1074539840290129569
Hmong_M30,30,M,Hmong,White Hmong,30e-paj-w_Audio,633.831,966.69,332.859,5,a,Vowel,a,Modal,Oral,53.0,2.0,High,j,Unaspirated,Oral,138.101,137.982,139.091,137.872,818.873,210.963,1420.795,150.738,2621.649,94.053,3839.423,526.559,1108.352,2340.302,3766.921,5705.23,11.893,11.55,15.131,13.706,11.865,4.959,25.494,-3.947,24.086,0.079,13.247,9.713,-3.238,-2.156,3.266,8.747,-13.601,15.515,-12.193,11.471,-1.354,1.837,12.906,42.683,35.237,36.973,37.174,34.219,0.967,high,0.63,0.551,0.611,0.474,-263.432,801.269,824.447,797.826,0.737,2.881,0.256,Hmong-Modal,0.255813953488372,3456559851283293545
Hmong_M30,30,M,Hmong,White Hmong,30e-pas-w_Audio,506.494,857.527,351.033,5,a,Vowel,a,Modal,Oral,22.0,1.0,Low,s,Unaspirated,Oral,110.856,110.906,110.406,110.562,837.618,200.891,1407.156,88.551,2644.021,187.773,4012.839,469.627,952.572,1420.298,3238.59,5796.863,10.104,9.896,12.028,11.18,11.481,7.732,19.612,-11.085,17.803,-7.787,-4.665,-8.716,-1.924,-1.284,0.547,3.448,-9.508,21.0,-7.699,17.683,14.769,18.612,3.109,47.512,40.651,41.244,41.18,29.754,0.717,low,0.634,0.509,0.461,0.446,-198.525,683.57,451.975,679.547,1.506,3.541,0.426,Hmong-Modal,0.42530358655747,-5236172443839491183
Hmong_M30,30,M,Hmong,White Hmong,30e-pim-w_Audio,1556.992,1940.709,383.717,5,i,Vowel,i,Creaky,Oral,21.0,2.0,Low,m,Unaspirated,Oral,99.293,99.159,99.836,99.942,335.825,55.723,2174.412,118.71,3068.571,193.766,3735.464,242.818,1006.166,2930.442,3689.587,5581.361,8.656,7.83,14.169,10.307,13.713,6.511,15.648,-2.379,-5.086,-4.41,-3.628,3.486,-5.513,-2.477,0.456,3.795,-6.992,10.209,13.741,12.24,12.284,4.344,0.897,30.662,44.901,42.782,38.379,25.777,0.845,low,0.598,0.541,0.702,0.533,-91.823,1750.066,325.893,1744.692,1.016,4.852,0.211,Hmong-Creaky,0.209398186314922,2210666080338313665
Hmong_M30,30,M,Hmong,White Hmong,30e-po-w_Audio,1507.429,2009.348,501.919,5,o,Vowel,o,Modal,Oral,33.0,1.0,Mid,x,Unaspirated,Oral,115.357,115.324,115.448,115.48,703.946,168.657,1008.47,134.929,2338.885,272.916,3771.127,186.091,830.201,1189.149,3559.234,5630.829,12.457,12.101,13.2,11.728,12.825,5.834,23.337,-7.813,21.455,-6.41,-6.315,-4.862,-0.744,0.373,0.375,5.895,-10.88,19.958,-8.998,18.511,18.771,16.963,5.677,49.571,43.342,45.42,46.527,30.567,0.881,mid,0.618,0.576,0.691,0.573,-145.245,1759.212,442.021,1754.244,0.755,3.283,0.23,Hmong-Modal,0.229972586049345,8769977322192152425
Hmong_M30,30,M,Hmong,White Hmong,30e-pob-w_Audio,1018.417,1231.704,213.287,5,o,Vowel,o,Modal,Oral,45.0,2.0,High,b,Unaspirated,Oral,138.461,138.641,138.951,138.289,687.165,126.535,1042.257,78.119,2491.877,118.653,3581.379,262.956,925.876,979.941,3010.021,5666.379,11.391,10.868,14.59,12.378,21.564,9.387,29.059,-0.411,28.148,2.529,-1.841,2.798,-3.198,-1.51,-6.975,2.991,-17.668,11.325,-16.757,8.339,13.232,8.07,18.892,47.399,41.34,47.005,47.318,29.002,0.0,high,0.607,0.548,0.605,0.451,-171.224,1126.217,518.134,1122.958,0.791,2.617,0.302,Hmong-Modal,0.302254489873901,8556111344888024568
Hmong_M30,30,M,Hmong,White Hmong,30e-pog-w_Audio,999.755,1217.865,218.11,5,o,Vowel,o,Breathy,Oral,53.0,2.0,High,g,Unaspirated,Oral,131.921,131.713,134.118,132.638,826.434,216.415,1146.971,195.369,2493.905,117.152,3679.42,239.545,946.025,1574.847,3408.568,5708.203,15.878,15.516,14.561,13.062,15.442,8.308,23.504,-8.679,18.872,-10.23,-1.48,-2.228,1.316,2.454,-0.881,4.754,-7.626,24.251,-2.994,25.746,17.358,17.743,6.948,27.865,24.916,29.792,32.058,24.678,0.234,high,0.464,0.359,0.615,0.3,-262.569,1106.905,882.185,1104.633,0.405,3.564,0.114,Hmong-Breathy,0.113636363636364,3094007634923918416
Hmong_M30,30,M,Hmong,White Hmong,30e-poj-w_Audio,1257.855,1569.946,312.091,5,o,Vowel,o,Modal,Oral,53.0,2.0,High,j,Unaspirated,Oral,134.602,134.373,136.141,135.13,714.026,169.191,1047.498,93.066,2545.951,106.203,3729.362,413.044,860.513,2166.098,4728.654,5632.42,12.307,11.839,15.811,13.847,17.984,7.831,27.688,-2.768,28.263,1.257,7.073,11.527,-3.504,-2.008,-2.174,6.016,-15.381,14.667,-15.956,10.582,5.234,0.312,21.173,35.765,29.315,33.368,33.368,31.757,0.802,high,0.586,0.545,0.677,0.566,-235.05,1415.361,939.535,1411.147,0.52,2.666,0.195,Hmong-Modal,0.195048762190548,-196549518769798251
Hmong_M30,30,M,Hmong,White Hmong,30e-pos-w_Audio,424.908,747.969,323.061,5,o,Vowel,o,Modal,Oral,22.0,1.0,Low,s,Unaspirated,Oral,113.837,113.896,114.358,113.932,705.237,68.689,1058.051,152.863,2499.03,169.432,3705.604,379.001,789.536,1640.753,3309.352,5593.359,12.592,12.257,13.979,12.594,13.166,6.632,25.06,-5.477,13.846,-12.991,-6.041,-2.497,-1.387,-0.337,0.813,5.961,-12.468,17.779,-1.254,25.249,18.634,14.755,5.455,48.274,44.707,47.918,46.808,29.933,0.736,low,0.62,0.544,0.576,0.514,-144.391,587.915,359.353,583.405,1.048,3.383,0.31,Hmong-Modal,0.309784215193615,6511428708054373742
Hmong_M30,30,M,Hmong,White Hmong,30e-pov-w_Audio,557.108,874.922,317.814,5,o,Vowel,o,Modal,Oral,24.0,2.0,Mid,v,Unaspirated,Oral,120.533,120.735,119.66,120.39,696.181,126.4,1047.927,95.072,2344.664,370.973,3566.66,271.999,773.472,1086.329,3228.984,5484.329,11.935,11.555,12.369,10.789,12.578,4.896,24.156,-6.142,19.946,-6.651,-10.034,-8.178,-0.434,0.767,-0.209,5.893,-12.22,17.734,-8.011,18.206,21.97,19.733,5.944,37.375,32.604,38.433,40.668,27.249,0.881,mid,0.58,0.52,0.566,0.465,-186.542,717.373,491.233,713.538,0.917,2.919,0.314,Hmong-Modal,0.314148681055156,-2460127356344095404
Hmong_M30,30,M,Hmong,White Hmong,30e-pum-w_Audio,749.795,1091.403,341.608,5,u,Vowel,u,Creaky,Oral,21.0,2.0,Low,m,Unaspirated,Oral,101.609,101.358,102.463,203.952,370.709,85.805,591.427,225.778,2436.6,347.281,3473.574,601.564,460.588,3129.852,4889.379,,9.824,8.878,14.013,9.786,20.617,3.139,20.162,-3.498,10.577,-9.7,-19.498,5.023,-4.188,-0.908,-6.605,6.647,-10.338,12.455,-0.752,18.578,29.322,3.855,1.498,18.456,32.386,39.138,41.465,17.867,0.232,low,0.643,0.558,0.671,0.5,-87.652,920.955,281.335,916.022,1.385,5.055,0.274,Hmong-Creaky,0.273986152324431,-4221826204995718438
Hmong_M30,30,M,Hmong,White Hmong,30e-pus-w_Audio,563.093,844.881,281.788,5,u,Vowel,u,Modal,Oral,22.0,1.0,Low,s,Unaspirated,Oral,122.551,122.351,122.881,122.747,366.582,56.568,747.309,48.802,2423.181,90.039,3706.789,191.967,639.144,2654.031,3798.004,,13.71,12.449,17.234,11.173,16.393,9.528,23.745,2.444,17.652,1.94,-11.014,9.867,-3.524,1.276,0.84,1.644,-10.036,10.029,-3.942,10.509,24.724,2.582,3.658,38.999,48.744,53.098,52.686,28.923,0.0,low,0.594,0.56,0.669,0.53,-161.502,704.714,447.786,700.383,0.922,3.727,0.248,Hmong-Modal,0.247383954923531,-5484793603778997251
Hmong_M30,30,M,Hmong,White Hmong,30e-rau-w_Audio,684.38,1012.852,328.472,5,au,Vowel,au,Modal,Oral,33.0,1.0,Mid,x,Unaspirated,Oral,123.233,123.184,123.509,123.565,564.297,171.367,1035.403,72.808,2390.699,192.765,3398.742,788.714,893.694,2341.414,4465.212,5137.97,16.834,16.286,14.541,12.203,19.88,5.489,19.966,-6.65,18.709,-2.133,-5.831,0.187,2.293,4.084,-5.339,6.714,-3.132,22.953,-1.874,18.42,22.665,16.099,4.581,43.406,41.881,45.811,46.232,29.609,0.0,mid,0.485,0.452,0.712,0.41,-319.191,847.842,929.564,844.521,0.542,3.091,0.176,Hmong-Modal,0.175347783888709,191233568590876138
Hmong_M30,30,M,Hmong,White Hmong,30e-raug-w_Audio,1039.736,1264.564,224.828,5,au,Vowel,au,Breathy,Oral,53.0,2.0,High,g,Unaspirated,Oral,126.74,126.163,128.858,127.186,533.963,371.429,1039.837,213.391,2478.775,217.706,3559.464,537.966,917.818,2310.627,4526.638,5062.137,17.381,16.761,16.298,13.615,19.917,0.28,19.906,-6.106,16.924,-2.898,-5.47,2.247,1.083,3.145,-3.619,13.335,-2.525,22.884,0.458,19.659,22.851,14.514,4.799,27.211,26.179,30.53,32.472,26.062,0.077,high,0.388,0.344,0.879,0.296,-367.303,1150.656,1271.868,1148.316,0.364,3.305,0.111,Hmong-Breathy,0.110136157337368,4263674699373383407
Hmong_M30,30,M,Hmong,White Hmong,30e-rauj-w_Audio,613.279,846.716,233.437,5,au,Vowel,au,Modal,Oral,53.0,2.0,High,j,Unaspirated,Oral,143.789,143.424,147.002,144.734,559.076,72.657,990.7,36.729,2369.696,99.953,3816.465,233.78,890.938,2257.498,3864.961,4892.04,13.028,12.247,18.905,15.47,28.931,4.673,28.929,2.597,26.145,5.269,2.312,8.948,-5.877,-3.223,-10.025,10.797,-15.901,9.672,-13.117,6.978,10.716,3.3,16.617,29.191,26.389,30.754,32.669,27.025,0.767,high,0.631,0.572,0.646,0.512,-218.932,731.38,702.604,727.805,0.751,2.922,0.257,Hmong-Modal,0.257015742642026,-1432741620580207610
Hmong_M30,30,M,Hmong,White Hmong,30e-raum-w_Audio,809.497,1027.486,217.989,5,au,Vowel,au,Creaky,Oral,21.0,2.0,Low,m,Unaspirated,Oral,100.348,99.737,101.502,120.084,510.872,127.805,963.455,135.07,2364.655,118.239,4028.192,424.133,743.647,2455.953,3971.899,3722.505,8.416,7.999,13.056,11.304,12.536,3.319,16.8,-9.928,9.713,-11.104,-10.219,-3.227,-4.639,-3.304,0.519,7.985,-8.383,17.942,-1.297,19.103,18.635,11.227,1.279,20.191,24.069,30.204,33.239,21.776,0.549,low,0.629,0.553,0.59,0.558,-105.841,919.924,264.378,914.349,1.318,4.527,0.291,Hmong-Creaky,0.291142036668876,-5953596487450154879
Hmong_M30,30,M,Hmong,White Hmong,30e-tag-w_Audio,451.439,763.829,312.39,5,a,Vowel,a,Breathy,Oral,53.0,2.0,High,g,Unaspirated,Oral,127.777,127.604,128.34,127.983,857.925,203.301,1541.987,233.598,2608.967,135.085,3529.662,551.469,1016.292,2074.257,3465.503,5710.981,15.939,15.677,12.044,10.965,8.811,3.854,18.857,-10.953,11.22,-12.539,3.482,-3.694,3.895,4.712,3.233,7.112,-2.918,26.641,4.719,28.216,12.458,19.371,3.074,39.727,32.614,32.475,31.564,26.462,0.0,high,0.377,0.364,0.712,0.329,-357.146,606.572,1053.634,603.997,0.446,2.926,0.153,Hmong-Breathy,0.152426520847573,-824162652178645063
Hmong_M30,30,M,Hmong,White Hmong,30e-tam-w_Audio,452.607,648.697,196.09,5,a,Vowel,a,Creaky,Oral,21.0,2.0,Low,m,Unaspirated,Oral,99.036,98.961,100.683,99.634,830.935,162.218,1383.655,109.476,2493.986,76.739,3597.562,278.502,1029.62,1535.766,2770.185,5712.169,8.394,8.217,13.214,12.491,11.583,8.442,20.633,-10.184,16.391,-9.347,5.048,-1.356,-4.819,-4.274,1.631,4.049,-12.239,18.415,-7.997,17.564,3.346,9.573,2.997,26.562,20.533,22.892,25.011,26.574,0.557,low,0.63,0.525,0.525,0.497,-161.082,551.707,435.551,546.68,1.353,4.568,0.296,Hmong-Creaky,0.296190893169877,-6594604874396632401
Hmong_M30,30,M,Hmong,White Hmong,30e-tas-w_Audio,976.016,1183.083,207.067,5,a,Vowel,a,Modal,Oral,22.0,1.0,Low,s,Unaspirated,Oral,111.578,111.264,111.758,111.328,813.6,172.107,1397.549,81.033,2522.451,149.251,3743.547,481.667,976.894,1409.248,2894.252,5559.764,12.983,12.758,14.731,13.808,11.057,6.923,22.424,-7.68,20.899,-3.838,2.44,-3.128,-1.748,-1.05,3.674,6.884,-9.441,20.45,-7.916,16.595,10.543,15.885,5.36,37.983,29.541,29.281,29.355,26.99,0.727,low,0.646,0.602,0.787,0.605,-203.02,1080.834,601.42,1075.415,0.935,3.711,0.252,Hmong-Modal,0.251953651306925,-777990122458184510
Hmong_M30,30,M,Hmong,White Hmong,30e-tau-w_Audio,831.351,1091.241,259.89,5,au,Vowel,au,Modal,Oral,33.0,1.0,Mid,x,Unaspirated,Oral,120.573,120.257,120.003,120.359,623.262,86.865,1024.434,78.23,2423.091,488.17,3495.564,395.548,691.874,1047.134,3348.518,5637.488,14.491,14.053,15.273,13.437,17.448,7.899,24.55,-3.899,19.294,-4.504,-9.784,-4.666,-0.783,0.616,-2.174,5.538,-10.059,17.98,-4.803,18.557,24.275,18.719,6.367,44.253,41.055,45.47,44.421,28.91,0.099,mid,0.628,0.545,0.574,0.49,-186.865,962.196,480.491,958.133,1.058,3.484,0.304,Hmong-Modal,0.303673938002296,3901854872010411745
Hmong_M30,30,M,Hmong,White Hmong,30e-taub-w_Audio,575.905,934.419,358.514,5,au,Vowel,au,Modal,Oral,45.0,2.0,High,b,Unaspirated,Oral,143.376,143.226,142.237,142.784,546.051,109.041,964.754,64.399,2681.163,171.622,3843.424,135.303,856.62,3047.186,3807.288,5756.332,10.724,9.93,15.079,11.581,23.34,-0.182,23.339,-2.905,21.198,0.347,-4.401,8.5,-4.355,-1.651,-8.262,11.763,-12.615,12.875,-10.474,9.582,15.125,1.43,6.47,42.442,42.672,49.848,50.696,33.249,0.554,high,0.601,0.531,0.599,0.42,-268.024,756.577,926.95,753.652,0.865,2.689,0.322,Hmong-Modal,0.321680922275939,-4990147671825587259
Hmong_M30,30,M,Hmong,White Hmong,30e-taug-w_Audio,611.956,951.346,339.39,5,au,Vowel,au,Breathy,Oral,53.0,2.0,High,g,Unaspirated,Oral,123.402,123.113,124.52,123.88,580.385,267.122,999.037,108.377,2481.15,165.828,4476.888,315.648,904.599,2499.348,4409.417,5200.017,14.947,14.401,14.402,12.076,17.708,3.824,18.151,-9.108,17.842,-4.265,-4.839,2.931,0.545,2.325,-3.306,8.253,-3.204,23.535,-2.894,18.666,19.786,11.47,3.622,36.702,35.133,39.12,39.492,28.868,0.0,high,0.483,0.454,0.632,0.428,-323.987,781.539,1181.838,778.065,0.472,2.736,0.173,Hmong-Breathy,0.172514619883041,984325194698635911
Hmong_M30,30,M,Hmong,White Hmong,30e-tauj-w_Audio,540.178,787.652,247.474,5,au,Vowel,au,Modal,Oral,53.0,2.0,High,j,Unaspirated,Oral,135.844,135.201,136.934,136.095,565.439,91.021,984.955,99.091,2342.655,143.381,3893.023,207.8,784.303,2198.636,4109.756,5803.703,11.587,10.929,15.234,12.394,25.322,4.485,25.32,-1.547,19.867,-1.723,-1.137,4.343,-3.648,-1.464,-10.088,7.909,-13.733,12.497,-8.28,12.653,12.723,6.586,7.24,41.034,37.535,40.904,42.579,31.979,0.936,high,0.607,0.543,0.621,0.467,-156.932,664.981,537.604,661.53,0.771,3.024,0.255,Hmong-Modal,0.254960317460317,-6842657284429133341
Hmong_M30,30,M,Hmong,White Hmong,30e-tawg-w_Audio,593.062,975.072,382.01,5,aw,Vowel,aw,Breathy,Oral,53.0,2.0,High,g,Unaspirated,Oral,128.394,128.158,129.245,128.602,503.962,207.398,1406.611,135.034,2405.975,194.29,3639.317,236.28,755.296,1578.079,3281.498,5688.923,16.139,15.481,14.666,11.756,20.117,-2.487,20.115,-3.809,12.848,-0.987,-2.483,-1.097,1.473,3.725,-5.451,14.243,-3.975,19.294,3.291,16.469,18.622,16.579,3.09,38.322,37.588,38.96,40.156,30.891,0.07,high,0.452,0.43,0.625,0.395,-378.81,784.113,1094.176,781.034,0.466,2.701,0.173,Hmong-Breathy,0.172528693076638,-1353946455095546690
Hmong_M30,30,M,Hmong,White Hmong,30e-taws-w_Audio,1190.84,1608.065,417.225,5,aw,Vowel,aw,Modal,Oral,22.0,1.0,Low,s,Unaspirated,Oral,114.381,114.288,113.877,114.052,544.837,67.733,1322.768,190.774,2205.038,299.019,3646.629,96.691,582.984,1555.665,3605.392,5692.663,11.925,11.474,14.278,12.36,18.215,6.989,22.216,-3.051,4.81,-12.025,-7.983,-10.797,-2.353,-0.886,-3.937,5.37,-10.292,14.528,7.115,23.499,19.908,22.271,2.725,39.796,38.894,40.488,42.617,27.196,0.0,low,0.595,0.529,0.571,0.543,-174.319,1401.137,445.378,1396.385,0.994,3.455,0.288,Hmong-Modal,0.287698986975398,-8708282527405196184
Hmong_M30,30,M,Hmong,White Hmong,30e-tig-w_Audio,393.393,697.507,304.114,5,i,Vowel,i,Breathy,Oral,53.0,2.0,High,g,Unaspirated,Oral,132.14,131.809,132.901,132.622,373.204,53.071,2291.096,287.045,2956.298,240.592,3735.653,521.044,400.099,2616.556,3357.23,5550.323,16.415,15.231,19.15,13.103,7.002,6.548,23.555,4.239,0.79,1.196,3.914,6.058,-2.734,2.127,12.147,6.556,-7.14,10.992,15.625,14.035,12.502,9.173,3.376,36.761,49.621,47.309,42.722,30.811,0.0,high,0.478,0.461,0.589,0.438,-449.942,546.205,1303.223,542.881,0.43,2.457,0.175,Hmong-Breathy,0.175010175010175,1671285540574654639
Hmong_M30,30,M,Hmong,White Hmong,30e-tim-w_Audio,480.741,796.173,315.432,5,i,Vowel,i,Creaky,Oral,21.0,2.0,Low,m,Unaspirated,Oral,104.296,103.964,104.285,104.984,329.932,72.2,2266.857,78.575,3160.056,291.397,4065.906,199.906,2342.78,2873.209,3943.067,5642.809,9.103,8.157,16.039,11.486,13.098,9.075,16.082,-1.404,1.58,3.699,1.055,8.87,-6.936,-3.329,2.941,2.411,-6.978,9.562,7.523,4.458,8.049,-0.713,1.098,29.018,44.865,43.1,38.751,27.375,0.776,low,0.593,0.547,0.626,0.544,-132.569,639.621,424.337,634.395,0.896,3.527,0.254,Hmong-Creaky,0.254040260844911,8998821469829587768
Hmong_M30,30,M,Hmong,White Hmong,30e-tis-w_Audio,971.777,1187.598,215.821,5,i,Vowel,i,Modal,Oral,22.0,1.0,Low,s,Unaspirated,Oral,129.43,129.254,129.751,130.384,361.856,46.487,2180.113,99.316,3039.796,274.373,3935.321,156.517,1813.099,2638.73,3852.462,,13.313,12.087,20.398,14.073,9.807,9.915,22.843,4.143,8.179,8.339,5.826,11.976,-7.085,-1.986,10.591,4.158,-9.53,7.944,5.133,3.748,7.487,0.111,3.464,31.803,44.444,41.751,37.351,29.077,0.0,low,0.621,0.581,0.628,0.573,-354.916,1081.811,866.685,1077.375,0.845,2.674,0.316,Hmong-Modal,0.316005983545251,6168684935458410548
Hmong_M30,30,M,Hmong,White Hmong,30e-to-w_Audio,893.977,1108.112,214.135,5,o,Vowel,o,Modal,Oral,33.0,1.0,Mid,x,Unaspirated,Oral,114.459,114.304,115.196,114.684,698.528,68.667,1093.895,82.371,2562.524,192.863,3494.935,398.647,827.892,1619.499,3942.496,5550.558,13.005,12.668,14.579,13.185,14.672,8.038,27.24,-2.518,19.462,-6.073,-2.377,0.858,-1.575,-0.517,-0.093,5.148,-14.236,15.219,-6.457,18.741,15.382,11.81,8.278,25.093,16.643,21.492,22.778,20.494,0.619,mid,0.642,0.559,0.588,0.57,-142.378,1003.704,382.174,998.688,1.042,3.472,0.3,Hmong-Modal,0.300115207373272,-6140825052141440686
Hmong_M30,30,M,Hmong,White Hmong,30e-tob-w_Audio,1207.013,1453.209,246.196,5,o,Vowel,o,Modal,Oral,45.0,2.0,High,b,Unaspirated,Oral,141.181,141.233,140.022,140.959,704.837,108.19,1115.605,65.366,2544.703,132.882,3727.511,844.152,748.037,985.073,2750.788,5546.785,13.263,12.768,16.229,14.143,22.321,11.023,29.1,-0.059,26.086,1.16,2.001,5.457,-2.966,-1.375,-6.092,3.121,-15.837,12.865,-12.823,11.608,11.262,7.312,18.481,41.508,34.34,39.473,40.348,32.385,0.202,high,0.658,0.59,0.728,0.491,-259.649,1330.338,915.714,1326.87,0.658,3.227,0.204,Hmong-Modal,0.203904555314534,3519642035746234953
Hmong_M30,30,M,Hmong,White Hmong,30e-tod-w_Audio,528.987,843.934,314.947,5,o,Vowel,o,Modal,Oral,214.0,3.0,Low,d,Unaspirated,Oral,116.141,116.245,115.431,116.019,712.399,100.252,1094.464,139.575,2499.697,560.801,3522.285,328.499,746.405,1120.872,3425.186,5590.551,12.829,12.498,14.454,13.081,13.523,7.038,25.71,-4.461,16.894,-9.286,-9.843,-7.282,-1.624,-0.584,0.93,6.044,-12.881,16.994,-4.064,21.784,22.672,19.78,6.942,36.075,30.502,36.361,37.87,26.2,0.771,low,0.619,0.543,0.579,0.493,-142.185,687.245,370.928,683.008,0.975,3.397,0.287,Hmong-Modal,0.287017957020901,-462830367902487649
Hmong_M30,30,M,Hmong,White Hmong,30e-tog-w_Audio,772.911,960.684,187.773,5,o,Vowel,o,Breathy,Oral,53.0,2.0,High,g,Unaspirated,Oral,138.589,138.163,140.539,139.067,842.083,309.028,1240.714,298.366,2655.26,137.552,3784.113,380.235,1026.726,2550.893,4074.711,5929.638,15.678,15.323,13.914,12.443,14.666,7.664,20.51,-11.179,16.972,-11.181,3.755,3.19,1.763,2.88,-0.751,4.779,-4.832,26.554,-1.294,26.503,11.923,12.133,4.73,29.831,25.013,28.977,29.13,26.166,0.954,high,0.398,0.351,0.644,0.3,-337.975,867.195,1140.118,865.024,0.318,2.859,0.111,Hmong-Breathy,0.111227701993704,2442959981598087525
Hmong_M30,30,M,Hmong,White Hmong,30e-toj-w_Audio,1002.492,1334.593,332.101,5,o,Vowel,o,Modal,Oral,53.0,2.0,High,j,Unaspirated,Oral,131.286,131.217,132.27,131.63,678.225,127.324,1071.222,89.658,2486.874,64.682,3789.889,343.883,953.982,2534.176,4776.658,5628.465,12.944,12.472,15.659,13.67,20.516,9.965,28.575,-0.51,28.153,3.299,8.045,11.967,-2.714,-1.199,-4.857,3.705,-15.631,13.017,-15.208,9.173,4.899,0.504,20.122,39.063,31.97,34.978,36.239,29.871,0.694,high,0.613,0.57,0.665,0.585,-257.411,1169.551,901.005,1165.083,0.591,2.9,0.204,Hmong-Modal,0.203793103448276,4184128837749412307
Hmong_M30,30,M,Hmong,White Hmong,30e-tom-w_Audio,949.992,1108.154,158.162,5,o,Vowel,o,Creaky,Oral,21.0,2.0,Low,m,Unaspirated,Oral,104.569,104.742,106.317,105.377,702.6,221.475,1142.4,145.48,2458.659,85.094,3693.169,346.655,920.884,2403.932,3796.594,5809.059,9.765,9.477,13.713,12.525,9.598,4.091,19.323,-10.163,15.178,-9.705,2.186,3.534,-3.948,-3.048,4.115,8.434,-9.558,19.662,-5.413,19.182,7.58,5.943,2.26,23.763,21.329,27.121,29.406,26.285,0.901,low,0.657,0.556,0.554,0.551,-111.227,1031.511,242.193,1026.227,1.404,4.559,0.308,Hmong-Creaky,0.307962272428164,216861855835366683
Hmong_M30,30,M,Hmong,White Hmong,30e-tos-w_Audio,740.979,998.533,257.554,5,o,Vowel,o,Modal,Oral,22.0,1.0,Low,s,Unaspirated,Oral,113.727,113.853,114.295,114.021,689.563,99.571,1096.749,95.562,2539.217,128.404,3529.126,311.351,858.878,1672.495,4245.335,5626.436,11.899,11.558,15.104,13.69,14.951,8.185,27.409,-2.028,21.009,-4.033,-1.876,1.6,-3.205,-2.132,0.153,5.505,-15.51,13.616,-9.11,15.591,13.775,9.958,8.331,38.393,32.66,36.675,36.519,27.023,0.56,low,0.663,0.572,0.609,0.537,-126.099,871.434,308.093,866.713,1.113,4.085,0.273,Hmong-Modal,0.272460220318237,5297843875480491268
Hmong_M30,30,M,Hmong,White Hmong,30e-tov-w_Audio,1406.241,1686.361,280.12,5,o,Vowel,o,Modal,Oral,24.0,2.0,Mid,v,Unaspirated,Oral,124.655,124.945,123.381,124.285,713.345,123.427,1092.456,75.668,2555.253,148.263,3898.281,272.789,979.446,2541.525,4092.955,5744.422,15.259,14.885,16.037,14.483,18.135,10.58,30.435,0.277,28.011,1.748,4.626,7.902,-0.777,0.403,-2.098,3.902,-15.175,14.65,-12.752,13.137,10.634,6.984,27.517,36.827,28.44,32.76,33.627,30.076,0.797,mid,0.657,0.599,0.711,0.518,-217.789,1546.767,654.86,1542.614,0.683,3.213,0.213,Hmong-Modal,0.212573918456271,-1501574953762481590
Hmong_M30,30,M,Hmong,White Hmong,30e-tus-w_Audio,512.933,791.48,278.547,5,u,Vowel,u,Modal,Oral,22.0,1.0,Low,s,Unaspirated,Oral,114.799,114.735,114.33,115.022,393.813,75.413,783.017,77.222,2311.899,133.041,3473.264,456.657,635.093,2568.726,4109.662,,11.175,10.226,14.218,9.898,19.521,7.103,17.542,-5.312,12.619,-4.225,-13.96,2.621,-3.043,0.328,-5.302,2.795,-6.367,15.555,-1.444,14.451,25.135,7.604,2.042,47.81,53.256,53.679,52.826,27.154,0.982,low,0.584,0.538,0.64,0.5,-146.58,652.762,433.13,648.411,0.859,3.834,0.224,Hmong-Modal,0.224047991653625,-75993461421178997
Hmong_M30,30,M,Hmong,White Hmong,30e-vus-w_Audio,1170.638,1363.751,193.113,5,u,Vowel,u,Modal,Oral,22.0,1.0,Low,s,Unaspirated,Oral,116.665,116.848,116.572,116.881,399.372,83.994,741.821,76.524,2481.621,169.806,3503.919,290.489,609.867,3222.656,3837.023,,14.36,13.367,16.371,11.854,21.342,8.378,20.075,-3.427,16.29,-1.86,-14.003,6.543,-2.012,1.513,-4.97,3.476,-5.715,16.831,-1.931,15.227,28.362,6.824,3.203,33.048,42.816,49.61,49.638,26.734,0.862,low,0.591,0.532,0.576,0.49,-178.451,1268.234,440.279,1264.035,0.985,3.513,0.28,Hmong-Modal,0.280387133504128,4595111255356492721
Hmong_M30,30,M,Hmong,White Hmong,30e-zag-w_Audio,2548.026,2813.46,265.434,5,a,Vowel,a,Breathy,Oral,53.0,2.0,High,g,Unaspirated,Oral,128.478,128.223,129.41,128.765,944.086,215.354,1543.337,175.947,2488.294,161.474,4596.42,300.779,1093.696,2099.205,5091.641,5634.632,16.864,16.633,15.692,14.745,11.408,7.176,23.231,-8.142,18.629,-7.539,5.691,-5.789,1.172,1.888,4.284,7.569,-6.367,24.788,-1.766,24.171,11.173,22.422,8.532,34.71,29.34,27.987,28.634,27.165,0.0,high,0.44,0.422,0.766,0.401,-324.007,2680.576,1220.227,2677.452,0.359,2.88,0.125,Hmong-Breathy,0.124652777777778,-4987381704312438970
Hmong_M30,30,M,Hmong,White Hmong,30e-zam-w_Audio,621.205,945.986,324.781,5,a,Vowel,a,Creaky,Oral,21.0,2.0,Low,m,Unaspirated,Oral,100.109,99.744,100.832,100.37,852.472,223.115,1388.697,152.784,2459.73,170.878,3567.876,307.797,982.197,1499.997,2984.248,5699.688,8.295,8.118,12.321,11.601,11.502,8.378,18.837,-12.292,15.9,-10.369,-2.122,-9.445,-4.026,-3.483,0.818,3.223,-10.543,20.424,-7.605,18.487,10.416,17.563,2.557,30.647,24.285,26.421,28.777,25.463,0.681,low,0.616,0.516,0.488,0.512,-161.524,785.21,423.56,780.073,1.359,3.886,0.349,Hmong-Creaky,0.349716932578487,8471951447506370373
Hmong_M30,30,M,Hmong,White Hmong,30e-zas-w_Audio,756.916,1019.253,262.337,5,a,Vowel,a,Modal,Oral,22.0,1.0,Low,s,Unaspirated,Oral,112.78,112.706,112.428,112.737,797.686,118.271,1404.597,85.897,2459.091,224.101,3595.846,410.381,853.957,1463.486,3003.524,5583.612,12.871,12.636,15.22,14.255,14.25,9.897,26.712,-3.015,21.421,-2.714,1.63,-4.998,-2.349,-1.619,0.97,4.358,-13.841,15.661,-8.55,15.35,11.241,17.634,9.459,47.85,40.61,41.89,41.558,31.323,0.865,low,0.648,0.55,0.557,0.502,-189.078,889.174,479.773,884.713,0.976,3.829,0.256,Hmong-Modal,0.254896839905981,8354902781846910735
Hmong_M31,31,M,Hmong,White Hmong,31e-ca-w_Audio,491.653,694.561,202.908,5,a,Vowel,a,Modal,Oral,33.0,1.0,Mid,x,Unaspirated,Oral,138.654,138.563,141.161,139.166,849.16,87.173,1623.46,107.594,2800.627,848.303,3390.824,537.889,1031.286,1777.757,3346.969,5004.923,9.879,9.565,12.292,10.992,14.688,8.422,27.613,-1.216,22.448,0.736,7.912,-0.17,-2.414,-1.427,-2.396,2.57,-17.734,10.79,-12.569,8.829,1.967,9.736,12.406,40.536,31.208,27.149,23.865,28.192,0.633,mid,0.569,0.513,0.686,0.476,-160.198,594.117,597.843,590.67,0.435,3.101,0.091,Hmong-Modal,0.140277329893583,-5426864137877369633
Hmong_M31,31,M,Hmong,White Hmong,31e-cab-w_Audio,454.826,653.088,198.262,5,a,Vowel,a,Modal,Oral,45.0,2.0,High,b,Unaspirated,Oral,138.127,138.24,137.23,137.496,855.827,89.135,1604.369,125.01,2838.336,284.106,3578.526,363.325,1063.855,1821.781,3264.397,5117.664,9.102,8.805,11.447,10.22,13.857,8.049,27.761,-1.392,23.808,1.438,10.974,6.518,-2.345,-1.415,-2.41,2.171,-18.66,10.21,-14.706,7.367,-1.873,2.287,13.663,40.115,31.323,29.084,26.452,30.409,0.635,high,0.573,0.528,0.651,0.474,-240.214,554.039,787.737,550.61,0.407,2.548,0.16,Hmong-Modal,0.159733124018838,2818220559683266258
Hmong_M31,31,M,Hmong,White Hmong,31e-caj-w_Audio,852.905,1059.111,206.206,5,a,Vowel,a,Modal,Oral,53.0,2.0,High,j,Unaspirated,Oral,153.242,153.12,157.123,154.24,844.539,85.657,1573.266,158.658,3467.467,468.57,4524.536,668.606,1066.85,1813.381,3201.392,5308.754,10.974,10.573,13.827,12.146,18.412,9.686,29.818,1.284,25.813,3.919,7.34,13.13,-2.854,-1.573,-4.585,2.46,-18.845,9.326,-14.839,6.654,3.634,-2.557,26.773,38.336,27.442,24.708,22.121,28.831,0.438,high,0.623,0.567,0.69,0.608,-266.786,957.575,1084.041,953.603,0.385,2.921,0.132,Hmong-Modal,0.131804176651832,-5881004790041653905
Hmong_M31,31,M,Hmong,White Hmong,31e-cam-w_Audio,811.011,1017.085,206.074,5,a,Vowel,a,Creaky,Oral,21.0,2.0,Low,m,Unaspirated,Oral,113.504,113.193,115.864,114.045,793.961,50.481,1609.02,149.089,2576.306,465.134,3832.483,421.818,894.437,1914.775,3345.088,5280.654,7.734,7.5,11.778,10.815,10.602,6.207,28.703,0.006,18.986,-2.263,5.724,-0.82,-4.044,-3.316,1.176,4.609,-20.969,7.501,-11.253,9.763,2.01,8.32,10.878,25.317,18.265,17.726,18.603,27.236,0.0,low,0.634,0.581,0.721,0.624,-221.94,916.856,899.011,911.314,0.615,3.964,0.155,Hmong-Creaky,0.155146316851665,-488931840347375399
Hmong_M31,31,M,Hmong,White Hmong,31e-cas-w_Audio,475.738,679.795,204.057,5,a,Vowel,a,Modal,Oral,22.0,1.0,Low,s,Unaspirated,Oral,121.645,121.458,122.687,122.216,843.625,83.593,1646.803,107.414,2747.885,182.357,3611.613,364.692,1053.746,1833.403,3097.472,5060.216,8.927,8.691,12.191,11.217,11.036,6.597,29.106,-0.089,23.276,1.36,13.724,6.998,-3.264,-2.527,1.155,4.62,-20.179,8.788,-14.348,7.33,-4.797,1.692,14.535,45.058,35.906,31.945,29.003,30.371,0.0,low,0.59,0.549,0.68,0.562,-192.25,580.209,738.528,575.571,0.557,3.46,0.161,Hmong-Modal,0.160982658959538,8090263902879764507
Hmong_M31,31,M,Hmong,White Hmong,31e-cug-w_Audio,851.419,1026.477,175.058,5,u,Vowel,u,Breathy,Oral,53.0,2.0,High,g,Unaspirated,Oral,147.134,146.31,150.111,148.068,368.303,93.596,1179.695,97.33,2855.437,130.763,3665.87,123.801,998.052,2922.603,3651.456,,15.48,13.731,19.466,9.324,5.18,7.476,15.314,-3.537,6.268,-2.449,1.725,20.484,-3.986,4.407,14.286,1.848,0.166,17.274,9.213,16.18,13.755,-6.753,2.14,32.678,37.122,40.744,36.442,26.209,0.0,high,0.335,0.328,0.561,0.286,-570.079,939.024,1187.656,937.074,0.404,2.498,0.197,Hmong-Breathy,0.161729383506805,2613516483111305518
Hmong_M31,31,M,Hmong,White Hmong,31e-kab-w_Audio,630.467,844.3,213.833,5,a,Vowel,a,Modal,Oral,45.0,2.0,High,b,Unaspirated,Oral,149.305,149.415,147.898,148.215,844.368,61.734,1597.344,163.293,2691.272,141.079,3474.783,383.583,958.777,1961.334,2982.606,5171.593,10.382,10.03,13.36,11.888,16.334,9.046,30.638,1.823,21.83,-0.28,15.627,9.565,-2.977,-1.859,-2.974,2.843,-20.255,8.217,-11.448,10.309,-5.245,0.465,23.139,43.59,33.303,29.965,27.367,30.246,0.68,high,0.584,0.526,0.675,0.478,-286.434,738.098,985.509,734.9,0.396,1.311,0.061,Hmong-Modal,0.302059496567506,554938257137227309
Hmong_M31,31,M,Hmong,White Hmong,31e-kaj-w_Audio,457.529,633.75,176.221,5,a,Vowel,a,Modal,Oral,53.0,2.0,High,j,Unaspirated,Oral,152.382,152.298,154.273,152.853,857.624,68.674,1623.489,186.572,2771.999,137.631,3491.427,285.297,991.089,2111.476,3106.447,5286.592,10.129,9.752,13.451,11.873,17.631,9.584,29.12,0.586,21.901,0.411,17.703,12.777,-3.322,-2.121,-4.179,2.289,-18.991,9.178,-11.772,9.342,-7.574,-3.025,22.965,45.547,34.271,31.602,28.119,30.611,0.758,high,0.568,0.533,0.668,0.5,-266.864,546.502,904.785,543.218,0.441,3.402,0.13,Hmong-Modal,0.12962962962963,883258888656964937
Hmong_M31,31,M,Hmong,White Hmong,31e-kam-w_Audio,577.15,765.365,188.215,5,a,Vowel,a,Creaky,Oral,21.0,2.0,Low,m,Unaspirated,Oral,123.066,122.715,124.459,123.613,829.596,46.105,1571.297,98.465,2701.755,198.764,3709.34,201.765,990.147,2062.562,3386.442,5123.175,8.546,8.29,12.409,11.355,13.779,8.928,30.045,0.785,23.137,0.533,13.589,7.845,-3.863,-3.065,-1.37,2.427,-21.499,7.515,-14.591,7.757,-5.043,0.445,19.863,39.282,29.518,26.387,22.976,27.531,0.357,low,0.632,0.586,0.702,0.556,-202.333,672.779,884.942,668.249,0.558,3.463,0.161,Hmong-Creaky,0.161131966503032,-2003735231992185080
Hmong_M31,31,M,Hmong,White Hmong,31e-kas-w_Audio,475.194,705.626,230.432,5,a,Vowel,a,Modal,Oral,22.0,1.0,Low,s,Unaspirated,Oral,128.698,118.603,129.437,128.906,868.995,48.531,1568.453,131.902,2680.842,182.252,3664.613,389.143,953.915,1857.768,3122.086,5040.513,8.911,8.653,12.648,11.584,13.921,9.044,30.99,1.174,22.819,-0.768,11.351,4.527,-3.736,-2.931,-1.274,2.54,-22.079,7.491,-13.908,9.421,-2.439,4.126,21.902,44.984,38.473,38.756,38.284,32.554,0.0,low,0.625,0.59,0.7,0.56,-257.285,592.5,902.431,588.136,0.5,3.528,0.142,Hmong-Modal,0.14172335600907,-6586077335453693708
Hmong_M31,31,M,Hmong,White Hmong,31e-kim-w_Audio,827.642,1050.172,222.53,5,i,Vowel,i,Creaky,Oral,21.0,2.0,Low,m,Unaspirated,Oral,124.259,125.396,59.624,125.634,288.85,47.99,2749.848,92.602,3059.265,530.615,4040.228,164.236,2829.303,2915.407,3907.775,4617.137,9.005,7.253,16.391,6.0,0.917,6.452,15.089,0.093,10.951,19.624,10.575,8.431,-7.386,1.253,15.474,-0.452,-6.085,7.16,-1.946,-12.371,-1.57,-1.178,1.168,25.707,39.357,41.077,34.316,26.658,0.892,low,0.61,0.589,0.822,0.586,-310.77,940.16,992.513,935.427,0.595,3.718,0.16,Hmong-Creaky,0.160032275416891,-3515814822710616894
Hmong_M31,31,M,Hmong,White Hmong,31e-kos-w_Audio,636.347,838.092,201.745,5,o,Vowel,o,Modal,Oral,22.0,1.0,Low,s,Unaspirated,Oral,127.981,127.974,128.668,128.763,652.206,102.203,983.509,44.008,2870.446,118.466,3397.572,265.855,909.046,3057.507,3733.055,3770.062,11.029,10.526,15.329,13.207,22.446,10.983,30.208,0.986,30.294,4.925,13.099,25.243,-4.3,-2.682,-7.117,2.224,-19.179,9.629,-19.265,5.601,-2.07,-14.717,28.966,45.454,41.413,47.053,42.089,31.828,0.0,low,0.626,0.605,0.754,0.591,-282.653,739.238,882.865,734.607,0.455,3.198,0.142,Hmong-Modal,0.142276422764228,3895477038007656902
Hmong_M31,31,M,Hmong,White Hmong,31e-paj-w_Audio,555.337,726.817,171.48,5,a,Vowel,a,Modal,Oral,53.0,2.0,High,j,Unaspirated,Oral,157.497,157.191,159.125,157.242,874.322,84.765,1516.026,127.408,2836.024,184.868,3716.062,643.442,1121.478,1866.094,3076.393,5430.056,11.561,11.166,13.433,11.783,18.575,10.262,28.765,-0.838,24.552,0.483,16.281,14.059,-1.872,-0.617,-5.142,1.522,-17.204,12.029,-12.992,10.683,-4.72,-2.893,24.658,47.787,39.195,40.063,38.94,34.011,0.815,high,0.542,0.506,0.656,0.497,-187.773,641.794,740.536,638.636,0.333,2.823,0.118,Hmong-Modal,0.117959617428268,-518293693886245596
Hmong_M31,31,M,Hmong,White Hmong,31e-pam_1_-w_Audio,737.393,938.562,201.169,5,a,Vowel,a,Creaky,Oral,21.0,2.0,Low,m,Unaspirated,Oral,118.124,117.73,121.033,118.892,844.132,83.862,1521.213,108.96,2742.957,193.211,3732.85,187.526,1145.006,2326.423,3464.607,5207.49,8.906,8.67,12.213,11.242,10.817,6.431,28.974,-1.002,22.346,-1.744,13.142,8.797,-3.307,-2.573,1.396,4.811,-20.067,9.687,-13.44,10.414,-4.236,-0.127,12.719,27.681,18.474,18.181,16.827,25.567,0.0,low,0.602,0.572,0.751,0.571,-212.097,839.668,795.714,834.798,0.484,4.018,0.122,Hmong-Creaky,0.12045793927327,-8499031437148361391
Hmong_M31,31,M,Hmong,White Hmong,31e-pam_2_-w_Audio,685.048,887.64,202.592,5,a,Vowel,a,Creaky,Oral,21.0,2.0,Low,m,Unaspirated,Oral,114.783,81.602,117.469,115.623,887.359,54.309,1528.085,96.952,2754.822,382.317,3756.823,325.349,1065.295,1949.491,3294.616,4880.931,8.354,8.145,11.896,11.039,9.794,5.997,28.416,-2.353,21.943,-3.31,11.838,6.828,-3.542,-2.894,2.102,5.042,-20.061,10.515,-13.588,11.455,-3.484,1.317,14.13,24.344,15.163,15.9,15.3,26.148,0.652,low,0.607,0.556,0.68,0.593,-224.034,789.079,831.841,783.872,0.587,3.486,0.168,Hmong-Creaky,0.168387837062536,2766358960857102363
Hmong_M31,31,M,Hmong,White Hmong,31e-pas_1_-w_Audio,725.609,932.23,206.621,5,a,Vowel,a,Modal,Oral,22.0,1.0,Low,s,Unaspirated,Oral,128.548,128.462,129.748,128.994,867.241,54.893,1501.725,95.756,2798.482,205.743,3689.7,246.01,1061.39,1941.581,3318.873,5010.332,9.236,8.972,12.117,11.027,14.188,9.196,30.452,0.248,23.182,-1.455,12.79,9.426,-2.88,-2.055,-2.072,1.832,-21.215,8.743,-13.946,10.427,-3.554,-0.454,20.697,43.11,35.433,36.157,34.198,31.4,0.0,low,0.591,0.552,0.694,0.524,-249.769,829.828,953.647,825.753,0.455,3.223,0.141,Hmong-Modal,0.141172820353708,-4505494310299517152
Hmong_M31,31,M,Hmong,White Hmong,31e-pas_2_-w_Audio,573.259,771.721,198.462,5,a,Vowel,a,Modal,Oral,22.0,1.0,Low,s,Unaspirated,Oral,123.755,123.609,124.726,124.087,881.884,87.79,1500.971,132.923,2836.386,176.863,3807.797,179.775,1119.568,1945.39,3286.161,4980.556,9.133,8.895,11.535,10.556,11.406,7.001,29.386,-1.251,24.983,-0.268,13.821,10.428,-2.401,-1.661,0.129,3.555,-20.252,10.167,-15.85,9.163,-4.688,-1.533,16.828,46.671,35.97,35.02,32.535,31.477,0.0,low,0.583,0.536,0.679,0.547,-206.449,674.279,784.011,669.845,0.486,3.572,0.137,Hmong-Modal,0.136058230683091,4940823007170682829
Hmong_M31,31,M,Hmong,White Hmong,31e-pim-w_Audio,613.646,812.118,198.472,5,i,Vowel,i,Creaky,Oral,21.0,2.0,Low,m,Unaspirated,Oral,116.806,116.594,120.015,117.659,309.022,38.855,2672.167,106.479,3047.417,403.089,4138.096,308.619,2796.41,3295.012,4071.378,4126.574,7.626,6.309,15.436,8.468,1.791,3.524,15.503,-0.996,9.74,16.294,8.914,6.064,-7.81,-2.159,13.645,4.945,-7.877,7.306,-2.114,-9.984,-1.288,0.245,1.092,27.329,41.118,41.108,33.83,26.925,0.0,low,0.65,0.61,0.897,0.625,-199.625,714.225,880.985,708.829,0.7,3.917,0.179,Hmong-Creaky,0.17870819504723,-6224766519963075474
Hmong_M31,31,M,Hmong,White Hmong,31e-po-w_Audio,795.02,1042.634,247.614,5,o,Vowel,o,Modal,Oral,33.0,1.0,Mid,x,Unaspirated,Oral,129.974,129.823,131.987,130.549,617.45,75.483,918.6,63.082,3378.063,242.754,3707.543,291.979,817.136,3295.72,3655.671,,10.251,9.668,13.838,11.358,23.543,9.092,29.499,0.464,25.932,0.399,14.442,35.172,-3.587,-1.69,-9.705,2.266,-19.248,9.442,-15.681,9.269,-4.191,-25.504,16.257,35.76,32.701,38.429,34.025,28.991,0.0,mid,0.602,0.583,0.762,0.557,-304.502,920.391,865.682,916.099,0.423,3.024,0.143,Hmong-Modal,0.139880952380952,-3357274693280892229
Hmong_M31,31,M,Hmong,White Hmong,31e-pob-w_Audio,756.817,980.205,223.388,5,o,Vowel,o,Modal,Oral,45.0,2.0,High,b,Unaspirated,Oral,152.335,152.353,150.682,151.514,648.582,96.276,961.314,66.09,2985.155,238.004,3689.91,221.161,853.902,3196.363,3643.651,,11.601,10.89,15.002,11.94,28.604,7.215,28.601,-0.51,28.961,3.311,15.412,30.741,-3.401,-1.049,-13.602,4.725,-17.001,11.561,-17.36,7.58,-3.811,-19.851,24.061,45.236,39.598,46.503,41.965,32.314,0.601,high,0.569,0.518,0.632,0.42,-323.053,868.782,1117.83,866.027,0.396,2.297,0.173,Hmong-Modal,0.17239878101872,-6423338740806333338
Hmong_M31,31,M,Hmong,White Hmong,31e-pog-w_Audio,727.103,914.541,187.438,5,o,Vowel,o,Breathy,Oral,53.0,2.0,High,g,Unaspirated,Oral,149.611,149.458,152.064,150.483,637.838,77.362,1119.83,73.091,2854.305,268.835,3730.56,287.585,924.285,3045.8,3624.478,3914.163,15.446,14.781,17.296,14.424,28.621,7.694,28.619,1.183,22.521,0.049,5.949,16.527,-1.85,0.358,-11.324,6.73,-13.172,13.65,-7.075,14.732,9.497,-1.745,14.797,42.134,35.662,41.316,37.179,30.779,0.753,high,0.441,0.39,0.509,0.345,-304.292,821.933,1240.018,819.615,0.392,2.318,0.169,Hmong-Breathy,0.169111302847282,8972081994915856204
Hmong_M31,31,M,Hmong,White Hmong,31e-poj-w_Audio,583.602,764.258,180.656,5,o,Vowel,o,Modal,Oral,53.0,2.0,High,j,Unaspirated,Oral,152.401,152.318,154.939,153.389,636.305,97.485,963.359,62.131,3033.781,167.167,3683.314,205.393,869.576,3163.336,3631.65,3916.68,11.584,10.818,14.548,11.217,28.38,1.915,28.378,0.041,28.049,3.556,14.362,30.476,-2.964,-0.399,-13.832,9.302,-16.794,10.917,-16.465,7.262,-2.778,-19.658,19.978,46.308,37.457,42.469,36.997,30.703,0.59,high,0.515,0.467,0.628,0.4,-391.653,673.698,1056.201,671.068,0.377,2.798,0.135,Hmong-Modal,0.134739099356683,7681316562799952640
Hmong_M31,31,M,Hmong,White Hmong,31e-pos-w_Audio,438.031,637.881,199.85,5,o,Vowel,o,Modal,Oral,22.0,1.0,Low,s,Unaspirated,Oral,117.927,117.786,118.888,118.296,655.741,80.734,929.953,108.209,3025.425,110.31,3609.709,220.129,790.239,3096.125,3648.071,,8.535,8.096,13.271,11.435,16.387,7.179,26.427,-4.265,24.591,-3.088,7.634,22.776,-4.735,-3.339,-3.116,4.256,-17.892,12.546,-16.055,11.184,0.902,-14.68,10.842,47.491,40.813,46.072,41.018,29.86,0.788,low,0.617,0.588,0.745,0.561,-249.158,539.37,795.168,534.601,0.522,3.453,0.152,Hmong-Modal,0.151172893136403,497489710256442587
Hmong_M31,31,M,Hmong,White Hmong,31e-pus-w_Audio,756.685,974.876,218.191,5,u,Vowel,u,Modal,Oral,22.0,1.0,Low,s,Unaspirated,Oral,129.378,128.989,130.643,129.864,369.244,34.599,745.926,97.361,2757.521,108.006,3476.957,252.759,533.776,2972.179,3703.108,5129.234,10.067,8.669,16.51,9.626,8.053,2.021,23.034,1.629,9.951,-5.865,-8.193,17.681,-6.443,-0.957,8.457,7.605,-12.967,7.088,0.115,14.534,18.26,-9.012,2.557,32.884,44.21,49.712,45.611,25.658,0.0,low,0.572,0.545,0.871,0.507,-316.677,866.222,903.56,862.292,0.661,3.919,0.17,Hmong-Modal,0.168665475886706,9035482983894926367
Hmong_M31,31,M,Hmong,White Hmong,31e-rau-w_Audio,541.365,737.433,196.068,5,au,Vowel,au,Modal,Oral,33.0,1.0,Mid,x,Unaspirated,Oral,130.233,129.86,130.458,129.466,685.388,85.915,1180.662,88.787,2984.226,350.591,3605.287,251.355,988.418,3115.522,3568.01,3602.318,8.951,8.546,12.204,10.506,16.996,8.309,26.179,-2.298,21.157,-2.162,13.235,21.787,-3.253,-1.961,-4.792,2.197,-17.228,10.888,-12.205,10.707,-4.284,-13.241,10.388,40.194,33.823,38.196,34.454,30.344,0.171,mid,0.581,0.556,0.758,0.532,-262.153,640.368,821.14,636.287,0.455,3.283,0.139,Hmong-Modal,0.138592750533049,-2526891357267960018
Hmong_M31,31,M,Hmong,White Hmong,31e-raug-w_Audio,735.031,925.055,190.024,5,au,Vowel,au,Breathy,Oral,53.0,2.0,High,g,Unaspirated,Oral,152.908,152.005,154.953,153.567,627.744,135.603,1208.336,62.497,2913.397,312.927,3413.383,377.359,863.784,1239.586,3237.305,5051.67,15.678,15.029,16.576,13.76,23.071,1.207,23.069,-3.455,18.333,-2.036,-1.704,8.017,-0.897,1.269,-6.495,12.553,-7.391,18.516,-2.654,17.065,17.383,7.012,5.521,43.073,35.825,38.435,35.143,25.715,0.8,high,0.442,0.362,0.531,0.24,-409.764,829.781,1209.846,828.21,0.409,2.191,0.187,Hmong-Breathy,0.18667275216796,-1404556582033340453
Hmong_M31,31,M,Hmong,White Hmong,31e-rauj-w_Audio,581.113,774.463,193.35,5,au,Vowel,au,Modal,Oral,53.0,2.0,High,j,Unaspirated,Oral,156.593,156.032,157.359,155.926,706.117,82.461,1273.653,88.744,3207.114,311.699,3605.121,250.682,1104.058,3089.109,3512.954,3926.12,11.434,10.893,14.083,11.774,26.124,12.099,29.615,1.833,25.312,3.168,17.391,25.916,-2.649,-0.882,-12.04,-0.325,-18.182,9.104,-13.878,7.724,-5.957,-15.023,21.406,43.884,35.234,38.645,36.64,31.364,0.478,high,0.57,0.51,0.649,0.432,-289.908,678.496,1068.11,675.729,0.355,2.556,0.139,Hmong-Modal,0.138888888888889,-837770473360757090
Hmong_F33,33,F,Hmong,White Hmong,33e-ca-w_Audio,515.993,859.417,343.424,5,a,Vowel,a,Modal,Oral,33.0,1.0,Mid,x,Unaspirated,Oral,197.549,197.547,198.101,196.843,1119.19,257.061,1782.53,211.134,3104.068,359.725,4139.938,769.648,1181.231,1837.707,3366.768,4619.674,14.268,13.875,13.746,12.109,19.68,11.595,25.81,-5.64,22.667,-2.998,9.902,3.697,0.522,1.766,-5.934,0.515,-11.542,19.557,-8.398,16.873,4.366,10.178,16.319,48.614,40.364,36.656,34.728,30.486,0.697,mid,0.573,0.523,0.69,0.458,-389.421,688.233,1377.822,685.909,0.468,2.016,0.232,Hmong-Modal,0.232142857142857,8694449041862453797
Hmong_F33,33,F,Hmong,White Hmong,33e-cab-w_Audio,579.651,911.648,331.997,5,a,Vowel,a,Modal,Oral,45.0,2.0,High,b,Unaspirated,Oral,259.904,259.564,257.161,259.395,1224.453,383.346,1773.334,305.416,3071.183,352.217,3737.282,571.645,1272.898,2055.548,3517.849,5492.731,13.049,12.455,14.127,11.604,24.29,9.753,24.395,-7.782,19.543,-7.879,11.182,4.029,-1.078,0.851,-10.163,1.85,-11.345,20.321,-6.493,20.334,1.867,8.426,16.748,44.478,34.489,32.507,30.544,28.742,0.384,high,0.662,0.572,0.507,0.503,-375.969,746.381,1060.567,744.795,0.491,1.768,0.279,Hmong-Modal,0.277714932126697,636235632563170776
Hmong_F33,33,F,Hmong,White Hmong,33e-cag-w_Audio,992.819,1334.868,342.049,5,a,Vowel,a,Breathy,Oral,53.0,2.0,High,g,Unaspirated,Oral,258.933,258.932,264.531,259.237,1194.381,358.801,1949.297,241.875,3133.169,374.46,4385.54,318.445,1527.614,2875.866,4351.154,4828.346,18.038,17.425,4.381,1.76,14.745,-2.28,13.58,-16.546,12.194,-10.887,6.212,-2.512,13.656,15.665,-10.363,4.039,4.457,34.008,5.843,28.313,11.825,19.937,3.33,16.611,15.185,13.152,12.992,16.323,0.025,high,0.701,0.68,0.954,0.611,-379.297,1179.591,763.916,1174.818,0.273,1.909,0.143,Hmong-Breathy,0.143006809848088,-3607723798597884248
Hmong_F33,33,F,Hmong,White Hmong,33e-caj-w_Audio,626.502,971.231,344.729,5,a,Vowel,a,Modal,Oral,53.0,2.0,High,j,Unaspirated,Oral,263.522,263.374,267.138,265.89,1128.295,331.711,1756.557,253.065,3035.841,308.304,3715.721,501.969,1154.133,1828.572,3333.107,5429.298,13.388,12.659,13.591,10.432,24.022,-0.671,24.002,-6.129,17.845,-6.622,7.915,2.208,-0.203,2.227,-10.431,11.103,-10.614,18.842,-4.457,19.281,5.473,10.451,10.76,37.083,31.095,29.303,27.824,27.901,0.044,high,0.615,0.58,0.636,0.519,-401.818,799.322,1011.292,797.353,0.522,1.486,0.352,Hmong-Modal,0.351278600269179,-1726816051446639031
Hmong_F33,33,F,Hmong,White Hmong,33e-cam-w_Audio,777.506,1043.236,265.73,5,a,Vowel,a,Creaky,Oral,21.0,2.0,Low,m,Unaspirated,Oral,178.081,177.61,181.763,177.86,1079.221,229.104,1918.149,267.042,3029.279,458.776,4091.6,899.977,1179.735,2021.201,3312.198,5078.45,12.624,12.287,12.888,11.49,18.057,11.281,27.02,-3.272,22.133,-0.395,12.035,2.917,-0.264,0.798,-5.169,0.209,-14.396,15.577,-9.509,12.682,0.589,9.37,18.207,36.276,29.296,24.251,21.786,29.983,0.625,low,0.557,0.505,0.653,0.517,-368.657,912.015,1447.271,909.098,0.414,2.118,0.196,Hmong-Creaky,0.195467422096317,6418804372486161967
Hmong_F33,33,F,Hmong,White Hmong,33e-cas-w_Audio,584.442,953.748,369.306,5,a,Vowel,a,Modal,Oral,22.0,1.0,Low,s,Unaspirated,Oral,192.845,192.767,192.951,192.246,1123.367,208.054,1851.703,221.877,3136.39,358.34,4090.654,618.779,1214.889,1968.079,3427.948,4690.327,13.45,13.089,13.753,12.251,19.16,11.868,27.759,-3.473,22.871,-1.903,12.014,4.953,-0.303,0.837,-5.407,0.383,-14.309,16.595,-9.421,14.991,1.436,8.136,20.631,47.083,39.03,35.334,32.691,32.853,0.565,low,0.622,0.555,0.721,0.493,-334.02,769.887,1283.814,767.331,0.45,2.274,0.199,Hmong-Modal,0.197889182058048,-3975079537266086268
Hmong_F33,33,F,Hmong,White Hmong,33e-cav-w_Audio,858.66,1239.304,380.644,5,a,Vowel,a,Modal,Oral,24.0,2.0,Mid,v,Unaspirated,Oral,179.521,179.58,179.764,177.309,1122.86,271.579,1763.654,211.889,3184.467,360.29,4265.754,943.672,1173.739,1781.277,3243.078,4573.674,12.883,12.558,12.944,11.599,16.817,10.49,26.068,-5.926,23.788,-2.653,7.961,2.736,-0.061,0.959,-3.872,1.109,-13.185,18.531,-10.905,15.21,4.923,9.822,20.184,47.371,41.285,36.179,34.032,30.084,0.639,mid,0.562,0.498,0.628,0.469,-396.171,1050.066,1468.492,1047.453,0.474,2.203,0.215,Hmong-Modal,0.215161143894689,7164288825406177270
Hmong_F33,33,F,Hmong,White Hmong,33e-cig-w_Audio,522.256,850.085,327.829,5,i,Vowel,i,Breathy,Oral,53.0,2.0,High,g,Unaspirated,Oral,244.255,245.165,252.382,246.369,332.759,129.366,3100.277,201.94,3688.764,276.425,4570.385,568.438,377.424,3211.295,3985.611,5035.42,17.089,10.227,10.182,12.067,-6.906,10.021,10.852,-3.596,-0.086,11.833,0.533,6.648,6.907,-1.84,17.088,2.045,6.237,13.823,17.175,-1.607,16.556,3.579,1.175,10.251,25.147,30.076,27.583,15.859,0.001,high,0.517,0.371,0.752,0.228,-310.354,685.43,662.31,684.495,0.362,1.975,0.184,Hmong-Breathy,0.183291139240506,1963617584245188792
Hmong_F33,33,F,Hmong,White Hmong,33e-kab-w_Audio,680.369,1035.551,355.182,5,a,Vowel,a,Modal,Oral,45.0,2.0,High,b,Unaspirated,Oral,253.402,253.415,252.052,249.016,888.572,513.409,1765.847,402.489,3175.714,370.015,3728.435,921.271,1260.055,1931.586,3458.191,5695.811,12.651,11.736,14.169,10.039,24.358,9.841,22.132,-4.691,19.773,0.708,11.461,11.817,-1.518,1.697,-10.189,0.198,-9.481,16.455,-7.122,11.028,1.19,-0.081,17.255,46.73,36.829,33.428,31.022,29.401,0.708,high,0.622,0.569,0.601,0.481,-452.807,858.149,1205.477,856.254,0.435,1.674,0.262,Hmong-Modal,0.259856630824373,-2931674222408668185
Hmong_F33,33,F,Hmong,White Hmong,33e-kaj-w_Audio,575.831,931.405,355.574,5,a,Vowel,a,Modal,Oral,53.0,2.0,High,j,Unaspirated,Oral,276.656,277.454,283.024,280.504,1086.159,220.264,1660.251,290.023,3071.367,441.783,3743.848,601.554,1222.568,2153.229,3565.462,5458.326,14.226,13.393,13.798,10.154,25.569,-3.905,25.568,-4.768,16.737,-8.62,6.845,2.711,0.427,3.239,-11.77,14.059,-11.343,18.237,-2.511,22.013,7.38,10.681,12.445,22.643,15.556,16.027,16.706,21.814,0.005,high,0.656,0.567,0.455,0.424,-355.971,753.384,878.191,752.181,0.525,1.53,0.347,Hmong-Modal,0.343137254901961,-352418303241009028
Hmong_F33,33,F,Hmong,White Hmong,33e-kas-w_Audio,710.324,1093.73,383.406,5,a,Vowel,a,Modal,Oral,22.0,1.0,Low,s,Unaspirated,Oral,193.852,193.774,193.475,193.572,1110.117,241.866,1754.937,180.446,3111.6,369.487,4175.163,702.125,1204.969,1815.546,3447.081,5159.545,14.77,14.387,14.676,13.082,20.229,12.427,28.686,-2.911,26.139,0.112,9.596,3.866,0.094,1.305,-5.554,0.655,-13.916,17.343,-11.369,14.274,5.174,10.521,29.763,36.717,28.829,26.005,24.851,29.789,0.618,low,0.593,0.54,0.676,0.555,-425.893,903.298,1401.755,900.433,0.482,2.049,0.236,Hmong-Modal,0.235236700829673,-6232326698338318016
Hmong_F33,33,F,Hmong,White Hmong,33e-kav-w_Audio,973.705,1354.72,381.015,5,a,Vowel,a,Modal,Oral,24.0,2.0,Mid,v,Unaspirated,Oral,188.952,188.948,189.614,188.818,1196.733,392.962,1725.993,263.64,3165.82,371.861,4070.68,605.467,1203.185,1696.308,3424.129,4702.482,15.166,14.826,13.521,12.117,19.661,13.074,28.055,-5.236,25.363,-3.359,6.129,0.382,1.645,2.709,-6.14,-0.957,-12.89,20.138,-10.197,18.185,9.036,14.444,31.468,53.326,44.784,41.817,39.623,33.686,0.564,mid,0.535,0.493,0.614,0.448,-477.912,1165.409,1588.059,1163.04,0.471,1.947,0.243,Hmong-Modal,0.24191063174114,7886338841912494811
Hmong_F33,33,F,Hmong,White Hmong,33e-kim-w_Audio,652.164,891.482,239.318,5,i,Vowel,i,Creaky,Oral,21.0,2.0,Low,m,Unaspirated,Oral,185.554,185.313,190.587,187.101,363.107,56.762,3201.963,100.774,3789.484,510.865,4499.574,816.594,378.883,3200.948,3933.767,4849.135,17.311,14.663,20.43,3.616,-3.754,5.75,20.429,2.808,4.543,14.016,-4.809,-0.818,-3.119,11.047,24.184,-2.134,-3.118,11.855,12.768,0.647,22.121,15.481,2.19,32.694,45.934,47.397,40.96,23.299,0.813,low,0.581,0.54,0.662,0.493,-397.723,773.229,1181.566,770.542,0.544,1.902,0.288,Hmong-Creaky,0.286014721345952,-639239676970579872
Hmong_F33,33,F,Hmong,White Hmong,33e-kis-w_Audio,511.764,877.694,365.93,5,i,Vowel,i,Modal,Oral,22.0,1.0,Low,s,Unaspirated,Oral,204.729,204.602,205.221,203.62,399.303,58.122,3121.278,235.877,3523.663,567.857,4281.13,799.342,419.583,3169.534,3924.189,4869.585,15.306,12.651,18.978,1.13,-3.745,5.574,18.978,0.31,8.497,16.31,7.596,6.523,-3.672,11.521,22.723,-4.444,-3.672,12.341,6.809,-3.659,7.71,6.128,2.051,47.151,59.046,60.933,55.01,29.964,0.769,low,0.645,0.59,0.748,0.553,-385.087,696.062,1299.578,693.356,0.473,2.026,0.235,Hmong-Modal,0.233464955577493,-4015977334190429175
Hmong_F33,33,F,Hmong,White Hmong,33e-kos-w_Audio,670.509,1062.129,391.62,5,o,Vowel,o,Modal,Oral,22.0,1.0,Low,s,Unaspirated,Oral,196.879,196.803,197.091,196.08,858.865,147.454,1146.039,105.604,3148.57,242.253,4100.216,259.223,1019.203,1104.717,3591.123,4521.734,14.192,13.456,16.197,13.03,28.893,7.749,28.892,-3.065,29.548,-0.026,5.647,14.916,-2.005,0.426,-12.697,5.281,-14.7,16.813,-15.356,13.482,8.545,-1.46,48.049,47.417,38.103,42.76,41.976,33.912,0.865,low,0.596,0.527,0.711,0.454,-437.102,867.12,1813.105,864.815,0.435,2.264,0.192,Hmong-Modal,0.192137809187279,1394253792366664033
Hmong_F33,33,F,Hmong,White Hmong,33e-paj-w_Audio,643.882,977.786,333.904,5,a,Vowel,a,Modal,Oral,53.0,2.0,High,j,Unaspirated,Oral,266.672,266.624,270.596,269.185,1074.865,218.053,1574.237,209.014,3305.503,362.378,4068.645,687.414,1173.594,1626.713,3574.205,5025.918,15.064,14.242,14.843,11.26,27.939,-2.599,27.938,-3.046,20.347,-6.578,9.424,10.666,0.221,2.982,-13.096,13.859,-12.874,17.439,-5.283,20.82,5.64,3.575,20.915,40.355,33.293,33.315,31.891,28.308,0.0,high,0.609,0.556,0.71,0.405,-427.492,810.729,1159.175,809.208,0.509,1.595,0.319,Hmong-Modal,0.319122257053292,2573480923635125788
Hmong_F33,33,F,Hmong,White Hmong,33e-pam_1_-w_Audio,611.766,888.797,277.031,5,a,Vowel,a,Creaky,Oral,21.0,2.0,Low,m,Unaspirated,Oral,181.683,181.214,185.158,181.148,1079.299,230.027,1670.646,262.609,3177.813,235.955,3978.806,860.909,1212.616,1747.618,3312.724,5135.848,13.825,13.461,13.454,11.945,17.954,10.704,29.537,-2.577,26.527,-0.688,12.381,8.861,0.371,1.517,-4.5,1.24,-15.712,16.1,-12.702,14.15,1.444,4.601,31.696,37.84,29.626,26.603,24.826,32.874,0.563,low,0.592,0.521,0.679,0.59,-424.149,751.751,1656.956,748.491,0.397,2.381,0.168,Hmong-Creaky,0.166736665266695,-6184463075915149002
Hmong_F33,33,F,Hmong,White Hmong,33e-pas_1_-w_Audio,703.975,1069.605,365.63,5,a,Vowel,a,Modal,Oral,22.0,1.0,Low,s,Unaspirated,Oral,194.336,193.909,194.102,193.629,1083.507,206.662,1695.985,242.312,3082.359,226.12,3819.054,742.152,1218.426,1808.971,3271.158,5249.941,13.878,13.472,13.503,11.812,20.345,11.954,30.104,-1.536,26.443,-0.058,15.09,10.315,0.375,1.66,-6.842,-0.141,-16.226,15.06,-12.565,13.53,-1.212,3.158,37.099,31.461,22.115,21.031,20.442,30.433,0.621,low,0.596,0.537,0.684,0.554,-392.057,888.276,1442.39,885.417,0.426,2.139,0.199,Hmong-Modal,0.199158485273492,7188647042330844942
Hmong_F33,33,F,Hmong,White Hmong,33e-pas_2_-w_Audio,542.763,895.183,352.42,5,a,Vowel,a,Modal,Oral,22.0,1.0,Low,s,Unaspirated,Oral,196.31,196.269,196.536,196.08,1130.33,256.684,1677.222,254.374,3160.812,388.319,4263.103,625.747,1253.128,1785.583,3398.774,4676.302,14.229,13.838,13.944,12.319,21.086,13.182,28.262,-4.309,24.425,-3.525,11.769,7.509,0.286,1.52,-7.142,-0.864,-14.032,18.222,-10.195,17.364,2.46,6.329,22.932,50.076,41.663,39.187,37.331,31.362,0.595,low,0.586,0.534,0.702,0.501,-410.415,719.642,1495.369,717.092,0.455,2.237,0.204,Hmong-Modal,0.203397407241842,7314902432643768525
Hmong_F33,33,F,Hmong,White Hmong,33e-po-w_Audio,646.265,992.502,346.237,5,o,Vowel,o,Modal,Oral,33.0,1.0,Mid,x,Unaspirated,Oral,198.111,198.062,198.137,198.562,824.43,165.092,1136.813,108.947,3369.081,164.403,4317.073,313.401,1009.801,1016.024,3520.257,4802.877,14.235,13.442,15.541,12.104,28.834,2.44,28.833,-2.044,26.681,-1.541,5.009,17.927,-1.306,1.338,-13.293,9.664,-14.599,15.807,-12.447,14.983,9.226,-4.485,31.282,46.506,37.642,44.637,44.856,31.648,0.886,mid,0.509,0.459,0.622,0.367,-505.723,819.817,1749.89,817.964,0.396,1.872,0.212,Hmong-Modal,0.211538461538462,-4500325249061061137
Hmong_F33,33,F,Hmong,White Hmong,33e-pob-w_Audio,673.647,1009.387,335.74,5,o,Vowel,o,Modal,Oral,45.0,2.0,High,b,Unaspirated,Oral,260.091,259.746,256.741,260.067,749.803,180.66,1054.068,60.677,3319.101,182.331,4073.151,379.83,952.168,3071.781,4645.378,4374.768,12.269,10.615,17.917,9.876,30.316,4.817,26.413,-2.162,30.316,4.431,3.899,20.58,-5.648,0.739,-12.399,5.059,-14.143,13.187,-18.046,6.184,8.371,-9.965,25.631,43.372,31.538,36.974,35.56,25.318,0.352,high,0.626,0.584,0.746,0.551,-503.49,842.007,1410.513,839.886,0.495,1.563,0.319,Hmong-Modal,0.316698656429942,-1421644639906526494
Hmong_F33,33,F,Hmong,White Hmong,33e-poj-w_Audio,639.818,1009.025,369.207,5,o,Vowel,o,Modal,Oral,53.0,2.0,High,j,Unaspirated,Oral,265.406,265.502,270.651,268.677,755.611,175.76,1075.084,64.641,3496.711,436.099,4258.155,225.644,1018.527,3818.577,4472.151,4485.227,14.686,13.005,19.519,11.311,29.288,3.715,28.358,-0.128,29.287,3.432,3.53,21.523,-4.833,1.694,-9.769,7.595,-13.672,13.643,-14.602,9.573,11.155,-8.518,32.099,24.918,16.501,25.118,26.62,23.561,0.048,high,0.645,0.6,0.521,0.518,-543.757,824.165,1544.903,822.211,0.447,1.63,0.275,Hmong-Modal,0.274233128834356,1353698927295156727
Hmong_F33,33,F,Hmong,White Hmong,33e-pos-w_Audio,967.64,1292.894,325.254,5,o,Vowel,o,Modal,Oral,22.0,1.0,Low,s,Unaspirated,Oral,200.228,200.332,202.24,200.878,800.732,119.145,1081.905,163.278,3264.228,221.247,4059.279,334.993,924.541,1083.113,3500.097,4443.304,15.284,14.404,18.317,14.466,32.447,1.377,32.446,1.503,28.782,0.269,3.828,16.987,-3.033,-0.062,-14.131,13.089,-17.162,13.254,-13.498,14.136,11.456,-2.583,39.474,39.397,28.404,33.565,32.232,27.536,0.789,low,0.605,0.551,0.738,0.56,-576.864,1131.362,2216.683,1128.563,0.453,2.288,0.199,Hmong-Modal,0.197989510489511,4093214867995744431
Hmong_F33,33,F,Hmong,White Hmong,33e-pum-w_Audio,622.846,884.276,261.43,5,u,Vowel,u,Creaky,Oral,21.0,2.0,Low,m,Unaspirated,Oral,186.892,186.904,191.259,188.526,371.185,49.608,932.535,25.062,3308.572,211.236,4564.504,381.91,394.193,935.457,3417.433,4737.376,16.314,13.445,24.66,5.424,12.103,12.735,24.658,5.363,17.201,5.633,-12.633,16.815,-8.345,8.021,12.557,-7.311,-8.344,8.128,-0.887,7.812,28.948,-3.37,5.015,28.048,33.792,41.703,42.653,22.477,0.758,low,0.557,0.51,0.636,0.511,-457.085,755.354,1354.554,752.616,0.524,0.911,0.193,Hmong-Creaky,0.575192096597146,-958284014161174309
Hmong_F33,33,F,Hmong,White Hmong,33e-pus-w_Audio,784.016,1125.254,341.238,5,u,Vowel,u,Modal,Oral,22.0,1.0,Low,s,Unaspirated,Oral,198.53,198.479,199.497,199.4,394.148,43.122,915.976,103.844,3209.919,310.355,4634.888,192.538,468.111,828.168,3526.867,4716.242,16.376,13.432,26.33,6.264,15.689,13.27,26.329,6.189,13.193,0.47,-10.322,18.057,-9.954,7.168,10.641,-7.006,-9.953,7.299,3.183,12.963,26.699,-4.625,7.077,44.994,49.568,55.555,54.76,27.324,0.482,low,0.59,0.544,0.683,0.563,-528.344,955.901,1585.576,953.062,0.466,1.872,0.25,Hmong-Modal,0.248931623931624,-4186511612486711659
Hmong_F33,33,F,Hmong,White Hmong,33e-qias-w_Audio,554.573,983.05,428.477,5,ia,Vowel,ia,Modal,Oral,22.0,1.0,Low,s,Unaspirated,Oral,204.479,203.295,203.599,203.62,600.823,127.64,2621.426,325.711,3362.989,388.27,4478.782,936.899,671.469,2683.348,3417.64,4869.632,15.964,14.638,21.519,14.251,13.87,13.608,22.756,0.638,16.843,15.476,13.99,10.976,-5.555,0.387,7.65,0.644,-6.792,14.001,-0.879,-0.838,1.974,3.662,10.675,43.434,46.72,47.347,42.043,31.664,0.098,low,0.607,0.569,0.716,0.544,-437.665,769.935,1374.128,767.261,0.441,1.926,0.229,Hmong-Modal,0.228971962616822,-6275738456094383971
Hmong_F33,33,F,Hmong,White Hmong,33e-rau-w_Audio,591.217,959.374,368.157,5,au,Vowel,au,Modal,Oral,33.0,1.0,Mid,x,Unaspirated,Oral,211.385,211.042,211.496,211.451,697.109,162.796,1037.671,96.461,3262.959,237.978,4242.603,179.114,941.784,3557.526,4312.662,4498.405,14.491,13.312,18.898,13.509,27.671,10.863,25.114,-3.271,25.847,0.82,0.902,16.97,-4.407,-0.197,-8.773,2.646,-10.624,16.824,-11.356,12.492,13.589,-3.658,20.223,45.875,38.025,44.257,44.474,29.426,0.0,mid,0.634,0.572,0.763,0.478,-412.959,775.572,1551.746,773.316,0.468,2.153,0.218,Hmong-Modal,0.21737111007896,-3318446640843513229
Hmong_F33,33,F,Hmong,White Hmong,33e-rauj-w_Audio,617.535,962.756,345.221,5,au,Vowel,au,Modal,Oral,53.0,2.0,High,j,Unaspirated,Oral,279.926,279.778,283.226,282.048,771.833,140.269,1107.869,84.533,3451.007,357.37,4305.613,193.542,869.197,981.485,3636.404,4448.882,15.983,14.193,21.343,12.431,23.358,-1.106,27.142,-0.994,23.358,-1.87,0.762,17.038,-5.36,1.763,-2.015,13.537,-11.16,15.592,-7.375,16.064,15.221,-2.845,16.744,40.621,36.236,42.408,42.959,28.685,0.0,high,0.631,0.601,0.685,0.492,-529.6,790.146,1283.951,788.393,0.494,1.333,0.37,Hmong-Modal,0.37059264816204,6439130755247226200
Hmong_F33,33,F,Hmong,White Hmong,33e-raum-w_Audio,829.022,1091.441,262.419,5,au,Vowel,au,Creaky,Oral,21.0,2.0,Low,m,Unaspirated,Oral,177.514,177.05,180.824,177.56,701.138,117.717,1075.397,102.173,3190.054,256.136,4179.244,225.952,967.307,3263.056,4272.606,4329.255,13.408,12.604,16.048,12.539,29.295,0.997,29.295,0.628,27.277,2.467,7.185,20.416,-2.641,0.065,-13.247,11.542,-15.887,12.117,-13.87,10.137,6.223,-7.811,22.548,36.008,28.348,32.232,30.214,28.318,0.543,low,0.575,0.506,0.68,0.406,-375.261,960.616,1668.122,958.32,0.364,2.378,0.153,Hmong-Creaky,0.153069806560135,8403087860033658494
Hmong_F33,33,F,Hmong,White Hmong,33e-rauv-w_Audio,576.205,991.138,414.933,5,au,Vowel,au,Modal,Oral,24.0,2.0,Mid,v,Unaspirated,Oral,184.469,184.271,182.878,183.938,707.457,112.645,1030.619,112.327,3166.679,246.657,4142.858,229.978,893.589,3291.581,4279.301,4560.867,13.219,12.36,16.077,12.307,28.176,0.651,28.141,-1.059,24.132,-1.723,0.579,14.788,-2.857,0.053,-12.099,11.656,-14.922,13.616,-10.912,14.083,12.641,-2.428,15.784,36.511,31.107,36.487,35.241,27.98,0.674,mid,0.588,0.53,0.682,0.52,-410.103,784.579,1624.203,781.768,0.424,2.281,0.186,Hmong-Modal,0.185883384480491,2425247785329161987
Hmong_F33,33,F,Hmong,White Hmong,33e-rheeb-w_Audio,684.586,851.56,166.974,5,ee,Vowel,ee,Modal,Nasal,45.0,2.0,High,b,Aspirated,Oral,245.662,246.345,245.49,245.904,520.765,101.194,2819.495,375.928,3453.523,384.846,4462.916,581.068,633.239,2831.401,3504.164,4660.021,14.182,12.075,23.025,7.944,10.335,16.371,22.966,2.08,15.872,16.842,15.205,14.46,-8.843,4.131,12.69,-8.427,-8.784,9.997,-1.69,-4.767,-1.023,-2.385,7.231,43.441,41.596,39.054,31.965,27.84,0.648,high,0.651,0.62,0.722,0.585,-447.724,768.557,1327.355,766.184,0.409,1.83,0.224,Hmong-Modal,0.223497267759563,-6158644440851557702
Hmong_F33,33,F,Hmong,White Hmong,33e-tam-w_Audio,739.847,991.121,251.274,5,a,Vowel,a,Creaky,Oral,21.0,2.0,Low,m,Unaspirated,Oral,178.687,178.375,182.03,178.77,1098.505,304.87,1807.068,207.466,3138.075,474.598,3800.416,1489.117,1156.641,1790.327,3345.449,5199.627,12.653,12.308,13.643,12.21,18.323,11.411,27.404,-3.594,23.633,-0.969,3.641,-2.226,-0.99,0.098,-4.68,0.799,-14.75,15.934,-10.979,13.277,9.013,14.534,24.74,42.918,34.996,30.05,28.67,28.538,0.617,low,0.609,0.547,0.671,0.473,-366.903,866.442,1385.368,863.794,0.516,2.323,0.223,Hmong-Creaky,0.222126560482135,5598784557470952742
Hmong_F33,33,F,Hmong,White Hmong,33e-tas-w_Audio,760.99,1155.771,394.781,5,a,Vowel,a,Modal,Oral,22.0,1.0,Low,s,Unaspirated,Oral,194.205,193.906,194.333,193.629,1114.888,222.378,1768.014,194.534,3089.7,419.486,3844.536,853.304,1181.211,1837.905,3405.148,5252.0,13.185,12.805,13.425,11.843,20.588,12.855,29.792,-1.812,25.456,-0.478,11.348,4.731,-0.24,0.962,-7.163,-1.012,-16.607,14.658,-12.271,13.282,1.837,8.074,31.419,43.721,35.916,33.783,33.335,33.201,0.596,low,0.594,0.54,0.731,0.491,-354.504,959.242,1274.213,956.709,0.435,2.253,0.194,Hmong-Modal,0.193075898801598,-5565759793385598245
Hmong_F33,33,F,Hmong,White Hmong,33e-tau-w_Audio,731.599,1129.573,397.974,5,au,Vowel,au,Modal,Oral,33.0,1.0,Mid,x,Unaspirated,Oral,216.397,216.13,216.547,216.838,724.766,192.507,1079.145,117.989,3190.819,211.917,4190.94,251.763,987.32,3429.466,4254.384,5056.08,15.558,14.43,19.881,14.754,29.654,11.623,28.047,-0.737,28.216,2.757,3.593,17.328,-4.323,-0.325,-9.773,3.131,-12.489,15.385,-12.658,11.673,11.964,-2.899,32.52,47.572,37.439,43.182,42.004,30.313,0.0,mid,0.605,0.558,0.754,0.512,-435.274,930.871,1428.086,928.504,0.476,1.809,0.264,Hmong-Modal,0.263128800442233,-9161434372998019237
Hmong_F33,33,F,Hmong,White Hmong,33e-taub-w_Audio,520.908,890.438,369.53,5,au,Vowel,au,Modal,Oral,45.0,2.0,High,b,Unaspirated,Oral,260.432,260.191,256.041,260.333,717.744,158.73,1056.526,133.667,3235.061,464.341,4289.176,237.907,894.634,991.441,3617.558,4465.247,14.383,12.698,20.777,12.453,24.858,4.031,27.272,-0.397,24.694,0.348,-2.155,13.585,-6.394,0.245,-4.081,8.422,-12.889,13.368,-10.311,12.349,16.538,-0.887,16.96,41.467,32.641,38.77,37.977,27.109,0.0,high,0.616,0.562,0.661,0.46,-445.071,706.044,1314.892,704.285,0.414,1.676,0.247,Hmong-Modal,0.247016706443914,-9109943490466765168
Hmong_F33,33,F,Hmong,White Hmong,33e-tauj-w_Audio,767.415,1064.803,297.388,5,au,Vowel,au,Modal,Oral,53.0,2.0,High,j,Unaspirated,Oral,284.567,284.336,288.104,285.883,775.565,131.496,1121.887,83.717,3402.507,180.228,4315.869,157.718,869.363,1005.592,3615.682,4542.79,14.766,12.937,21.966,12.78,25.19,1.44,27.759,-0.183,25.189,0.287,1.538,17.411,-7.2,0.157,-3.224,11.34,-12.993,13.496,-10.423,12.65,13.228,-4.473,20.549,40.16,32.602,37.384,37.434,26.69,0.0,high,0.673,0.635,0.557,0.599,-408.14,916.518,1158.014,914.413,0.412,1.515,0.272,Hmong-Modal,0.271947194719472,-3508338945628839741
Hmong_F33,33,F,Hmong,White Hmong,33e-taum-w_Audio,761.26,1062.451,301.191,5,au,Vowel,au,Creaky,Oral,21.0,2.0,Low,m,Unaspirated,Oral,172.842,172.389,175.532,173.05,715.915,122.569,1098.366,129.399,3162.113,221.871,4146.945,270.162,921.433,1599.577,3609.486,4350.095,13.037,12.299,15.84,12.642,28.29,3.863,28.289,-0.767,26.022,0.709,0.9,13.368,-2.803,-0.343,-12.45,8.779,-15.252,13.204,-12.984,11.59,12.137,-1.069,18.494,36.22,28.517,34.107,33.811,29.198,0.679,low,0.564,0.518,0.659,0.522,-401.907,913.441,1566.096,910.412,0.438,2.311,0.19,Hmong-Creaky,0.189528342708784,4536118960847927907
Hmong_F33,33,F,Hmong,White Hmong,33e-tauv-w_Audio,713.858,1104.613,390.755,5,au,Vowel,au,Modal,Oral,24.0,2.0,Mid,v,Unaspirated,Oral,175.91,175.193,173.837,174.751,681.013,84.904,1022.107,76.355,3296.328,195.517,4203.593,166.392,906.531,3381.784,4286.197,4365.451,11.663,10.826,15.104,11.435,28.247,1.339,28.245,-0.486,26.396,1.229,3.646,19.984,-3.44,-0.608,-13.143,10.096,-16.582,11.51,-14.732,9.598,8.018,-9.158,17.721,40.651,36.988,43.47,42.981,29.642,0.608,mid,0.576,0.524,0.689,0.509,-380.755,910.278,1583.521,907.39,0.355,2.425,0.147,Hmong-Modal,0.14639175257732,3269546675597840348
Hmong_F33,33,F,Hmong,White Hmong,33e-tawg-w_Audio,538.882,894.068,355.186,5,aw,Vowel,aw,Breathy,Oral,53.0,2.0,High,g,Unaspirated,Oral,265.695,265.72,269.767,267.131,318.749,149.717,1773.901,159.571,3150.101,519.72,4512.33,669.494,1649.8,3347.86,5056.261,5421.366,19.809,10.449,11.523,15.899,5.039,20.936,19.135,5.457,7.921,9.052,-3.786,15.469,8.285,-5.45,6.484,-5.037,0.674,4.995,11.887,1.397,23.595,-5.02,2.282,31.326,32.577,30.311,28.806,19.722,0.001,high,0.431,0.395,0.589,0.285,-507.963,716.101,884.226,715.03,0.403,1.75,0.235,Hmong-Breathy,0.230285714285714,-8916626437877236807
Hmong_F33,33,F,Hmong,White Hmong,33e-tawm-w_Audio,638.009,877.317,239.308,5,aw,Vowel,aw,Creaky,Oral,21.0,2.0,Low,m,Unaspirated,Oral,185.902,185.959,189.089,186.89,699.08,159.187,1520.819,100.39,3373.588,221.706,4481.454,440.363,794.41,1539.059,3464.193,4959.934,15.109,14.351,17.546,14.189,26.099,4.97,26.098,0.106,22.124,3.685,1.632,10.661,-2.437,0.162,-8.553,9.219,-10.989,14.275,-7.015,10.666,13.477,3.691,11.085,44.699,38.504,39.012,37.704,27.872,0.769,low,0.593,0.535,0.679,0.46,-373.715,758.53,1466.875,756.047,0.437,2.152,0.203,Hmong-Creaky,0.203066914498141,-1966655388456274923
Hmong_F33,33,F,Hmong,White Hmong,33e-taws-w_Audio,631.962,1014.593,382.631,5,aw,Vowel,aw,Modal,Oral,22.0,1.0,Low,s,Unaspirated,Oral,193.87,194.157,194.722,194.52,590.688,110.466,1616.857,131.553,3458.335,366.65,4566.799,523.497,691.176,1648.354,3573.836,4840.731,14.223,13.144,18.225,13.067,19.811,13.671,25.416,1.702,16.426,2.783,3.916,15.982,-4.002,0.077,-1.586,-0.604,-11.194,11.459,-2.203,10.361,10.307,-2.838,8.168,48.521,46.435,48.271,48.112,32.087,0.0,low,0.592,0.546,0.699,0.497,-407.659,824.453,1447.632,821.896,0.424,2.127,0.2,Hmong-Modal,0.199341795956747,-6070988340370503836
Hmong_F33,33,F,Hmong,White Hmong,33e-tig-w_Audio,630.722,949.8,319.078,5,i,Vowel,i,Breathy,Oral,53.0,2.0,High,g,Unaspirated,Oral,259.355,260.032,265.118,261.437,338.171,119.886,2780.463,613.364,3463.094,161.653,4353.66,463.205,392.294,3093.893,3776.278,5057.762,19.979,11.649,11.789,15.522,-5.151,12.778,16.839,2.886,1.808,13.14,2.241,9.448,8.19,-3.874,16.941,2.744,3.14,8.763,18.172,-1.491,17.739,2.2,2.087,17.566,29.446,32.331,28.174,16.583,0.0,high,0.493,0.372,0.747,0.238,-372.178,789.334,709.302,788.414,0.343,1.852,0.187,Hmong-Breathy,0.185205183585313,1142799084794538264
Hmong_F33,33,F,Hmong,White Hmong,33e-tis-w_Audio,633.165,965.325,332.16,5,i,Vowel,i,Modal,Oral,22.0,1.0,Low,s,Unaspirated,Oral,192.381,192.395,192.121,192.865,370.384,46.979,3228.795,112.657,3644.527,428.717,4479.921,715.454,393.184,3232.45,3758.197,4755.819,13.816,11.092,18.522,2.407,-6.948,2.828,18.521,0.936,12.444,22.164,10.887,10.104,-4.706,8.685,25.47,-0.421,-4.705,10.156,1.372,-11.072,2.928,0.988,1.843,36.518,49.554,53.537,49.15,28.766,0.654,low,0.616,0.585,0.698,0.575,-428.567,800.539,1184.729,797.553,0.521,1.808,0.289,Hmong-Modal,0.288163716814159,4360788601373978288
Hmong_F33,33,F,Hmong,White Hmong,33e-to-w_Audio,748.788,1037.82,289.032,5,o,Vowel,o,Modal,Oral,33.0,1.0,Mid,x,Unaspirated,Oral,218.34,218.243,109.445,219.5,815.744,136.018,1080.222,159.997,3227.998,198.157,4106.099,288.532,950.847,3382.672,4276.021,4610.492,12.225,11.201,16.287,11.737,28.706,3.946,28.705,-2.326,23.936,-4.876,2.041,14.794,-4.062,-0.536,-12.419,7.791,-16.48,13.929,-11.711,16.077,10.183,-3.593,17.699,40.439,29.215,35.592,34.31,25.684,0.894,mid,0.615,0.563,0.829,0.497,-408.679,893.862,1500.796,891.584,0.46,2.087,0.221,Hmong-Modal,0.220412074748443,-3363894261242732638
Hmong_F33,33,F,Hmong,White Hmong,33e-tob-w_Audio,698.29,1057.507,359.217,5,o,Vowel,o,Modal,Oral,45.0,2.0,High,b,Unaspirated,Oral,259.795,259.671,129.476,260.669,847.623,302.493,1105.491,165.938,3244.917,273.987,3957.749,367.962,1039.57,3490.421,3747.873,5116.068,13.594,12.247,16.894,10.68,29.975,5.615,25.655,-5.432,29.974,0.734,4.12,16.577,-3.3,1.567,-13.081,5.064,-12.061,18.228,-16.381,11.512,9.474,-4.33,25.115,21.705,11.687,19.356,20.864,24.249,0.037,high,0.627,0.572,0.732,0.471,-483.386,877.617,1394.014,875.803,0.48,1.743,0.277,Hmong-Modal,0.275387263339071,-5467793934508840217
Hmong_F33,33,F,Hmong,White Hmong,33e-tod-w_Audio,520.268,870.258,349.99,5,o,Vowel,o,Modal,Oral,214.0,3.0,Low,d,Unaspirated,Oral,180.125,180.364,179.113,178.776,843.719,156.914,1091.439,203.458,3235.633,216.237,4113.083,309.916,933.616,1024.582,3542.883,4479.341,11.656,11.014,14.115,11.383,24.791,8.869,30.164,-2.533,25.806,-4.862,1.67,12.862,-2.459,-0.369,-10.676,2.514,-18.508,13.936,-14.15,15.875,9.986,-1.848,23.915,39.062,31.151,35.807,35.097,28.363,0.931,low,0.59,0.517,0.68,0.417,-377.397,695.389,1631.576,693.079,0.439,2.474,0.178,Hmong-Modal,0.177445432497979,1757629402635888356
Hmong_F33,33,F,Hmong,White Hmong,33e-toj-w_Audio,580.876,871.654,290.778,5,o,Vowel,o,Modal,Oral,53.0,2.0,High,j,Unaspirated,Oral,280.616,280.854,284.711,282.949,821.854,96.385,1134.04,51.915,3339.63,305.35,4020.458,367.481,1035.308,3455.447,3775.696,4778.253,13.748,12.095,17.946,9.943,26.723,0.267,27.9,-1.251,26.722,0.145,5.181,18.918,-4.199,2.153,-8.776,9.675,-14.153,13.765,-12.974,11.95,8.567,-6.822,22.735,43.593,38.065,43.995,43.7,27.957,0.0,high,0.629,0.569,0.662,0.401,-431.131,726.331,1169.288,724.901,0.467,1.513,0.309,Hmong-Modal,0.308658294778586,7647277855673524166
Hmong_F33,33,F,Hmong,White Hmong,33e-tom-w_Audio,506.708,713.61,206.902,5,o,Vowel,o,Creaky,Oral,21.0,2.0,Low,m,Unaspirated,Oral,171.364,171.223,175.544,172.103,852.722,78.031,1170.562,128.843,3230.006,162.917,3950.192,403.891,979.589,1189.248,3299.094,4116.249,10.179,9.61,13.519,11.116,23.321,10.089,31.93,-0.258,26.205,-3.422,10.522,19.838,-3.341,-1.506,-9.802,1.027,-21.752,10.125,-16.026,13.033,-0.344,-10.228,29.296,39.446,29.511,33.199,30.106,27.254,0.0,low,0.638,0.563,0.746,0.595,-388.183,611.607,2130.031,608.128,0.373,2.974,0.126,Hmong-Creaky,0.12542030934768,1868560962626480354
Hmong_F33,33,F,Hmong,White Hmong,33e-tos-w_Audio,580.304,959.242,378.938,5,o,Vowel,o,Modal,Oral,22.0,1.0,Low,s,Unaspirated,Oral,192.324,192.291,192.628,192.447,826.788,134.738,1119.052,89.723,3263.652,254.884,4057.022,376.162,1017.979,3435.824,3644.275,5195.868,13.373,12.621,15.313,12.074,27.786,5.323,27.785,-3.634,27.389,-1.557,5.066,16.866,-1.941,0.547,-12.473,6.751,-14.413,16.574,-14.017,14.179,8.307,-4.244,29.67,47.646,37.753,43.698,42.235,31.565,0.798,low,0.608,0.55,0.718,0.526,-421.921,770.567,1694.495,767.833,0.444,2.383,0.186,Hmong-Modal,0.186319765002098,6364101351721073537
Hmong_F33,33,F,Hmong,White Hmong,33e-tov-w_Audio,616.469,1032.632,416.163,5,o,Vowel,o,Modal,Oral,24.0,2.0,Mid,v,Unaspirated,Oral,183.254,183.462,182.429,182.785,865.859,131.567,1098.982,215.134,3266.069,132.922,3891.415,354.352,952.202,1165.528,3348.868,4124.186,14.887,14.231,16.279,13.484,28.08,11.741,33.571,0.234,28.205,-3.455,10.643,22.118,-1.392,0.747,-11.801,1.743,-18.684,14.498,-13.318,17.686,4.244,-7.887,46.474,47.634,41.701,46.069,44.043,30.254,0.783,mid,0.528,0.474,0.62,0.491,-540.87,825.774,2116.205,823.096,0.392,2.097,0.187,Hmong-Modal,0.186933714830711,7977880342769456021
Hmong_F33,33,F,Hmong,White Hmong,33e-tsau-w_Audio,553.329,906.264,352.935,5,au,Vowel,au,Modal,Oral,33.0,1.0,Mid,x,Unaspirated,Oral,219.762,219.271,219.959,219.722,718.544,140.182,1077.998,51.317,3150.386,340.442,4129.397,265.189,1007.951,3882.341,4128.521,4340.88,15.342,14.129,19.898,14.317,29.049,13.214,27.098,-1.108,30.218,5.557,2.008,15.968,-4.556,-0.189,-9.151,1.103,-11.756,15.427,-14.876,8.572,13.334,-1.84,36.388,38.645,27.875,35.302,34.8,28.611,0.0,mid,0.618,0.563,0.774,0.537,-452.345,730.615,1621.005,728.174,0.434,1.907,0.228,Hmong-Modal,0.227582590456214,-1884922638669414483
Hmong_F33,33,F,Hmong,White Hmong,33e-tum-w_Audio,693.349,902.796,209.447,5,u,Vowel,u,Creaky,Oral,21.0,2.0,Low,m,Unaspirated,Oral,187.291,187.297,193.529,257.994,372.712,23.355,1099.499,54.384,3231.126,125.407,4421.738,438.862,397.934,1123.892,3260.554,4629.116,16.746,13.966,27.613,8.674,4.903,8.714,27.612,8.58,12.478,2.6,-6.697,18.636,-10.867,5.291,22.71,-0.04,-10.866,5.407,4.268,11.366,23.443,-4.671,7.432,25.244,30.391,37.836,37.961,22.379,0.403,low,0.548,0.51,0.647,0.474,-503.481,798.976,1469.557,796.435,0.482,0.579,0.179,Hmong-Creaky,0.832469775474957,5555853713014149680
Hmong_F33,33,F,Hmong,White Hmong,33e-tus-w_Audio,637.527,1013.17,375.643,5,u,Vowel,u,Modal,Oral,22.0,1.0,Low,s,Unaspirated,Oral,201.958,201.888,202.478,203.325,399.846,24.536,1009.184,20.216,3256.761,223.785,4646.109,487.586,419.249,1015.209,3401.117,4758.23,17.096,14.208,27.246,7.338,9.436,10.241,27.245,7.218,17.097,5.378,-9.95,16.922,-10.15,6.871,17.81,-2.903,-10.149,7.03,-0.002,8.83,27.045,-2.714,8.728,41.149,45.978,52.763,52.041,26.073,0.586,low,0.594,0.556,0.685,0.536,-515.969,826.811,1551.888,824.153,0.512,1.251,0.181,Hmong-Modal,0.409272581934452,2132381321810535051
Hmong_F33,33,F,Hmong,White Hmong,33e-vus-w_Audio,600.911,935.762,334.851,5,u,Vowel,u,Modal,Oral,22.0,1.0,Low,s,Unaspirated,Oral,200.441,200.427,201.163,229.204,395.541,29.056,907.827,131.878,3164.932,211.579,4583.565,123.513,538.983,731.276,3470.653,4644.032,16.926,13.964,27.62,7.536,14.098,11.462,27.619,7.409,11.527,-1.235,-9.166,18.723,-10.694,6.428,13.522,-3.927,-10.694,6.609,5.399,15.199,26.092,-4.759,8.621,47.091,51.683,57.642,56.741,27.36,0.411,low,0.58,0.535,0.69,0.53,-518.919,768.87,1710.771,766.225,0.485,1.854,0.262,Hmong-Modal,0.261596548004315,3166902359716347910
Hmong_F33,33,F,Hmong,White Hmong,33e-zag-w_Audio,714.048,1052.667,338.619,5,a,Vowel,a,Breathy,Oral,53.0,2.0,High,g,Unaspirated,Oral,244.181,244.32,248.933,244.63,234.992,455.553,1879.003,198.774,3056.351,345.756,4393.557,314.216,1481.246,2776.877,4126.093,5232.247,20.42,11.311,11.003,19.856,8.752,29.004,20.417,10.914,14.623,20.736,5.41,25.164,9.417,-8.545,2.251,-9.148,0.003,0.398,5.796,-9.425,15.009,-13.853,4.368,26.507,23.021,19.746,18.236,18.993,0.003,high,0.287,0.258,0.547,0.248,-592.14,882.694,900.81,881.024,0.356,1.801,0.204,Hmong-Breathy,0.197667962243198,3540926436200917522
Hmong_F33,33,F,Hmong,White Hmong,33e-zas-w_Audio,723.502,1056.613,333.111,5,a,Vowel,a,Modal,Oral,22.0,1.0,Low,s,Unaspirated,Oral,190.435,190.385,191.382,190.265,1139.192,199.394,1707.416,134.13,3205.025,405.99,4087.346,537.765,1134.098,1711.064,3679.855,5004.723,13.715,13.351,13.476,11.965,18.736,11.505,25.838,-6.673,21.789,-5.856,1.152,-3.172,0.24,1.386,-5.26,0.46,-12.122,20.093,-8.073,19.208,12.564,16.523,12.76,47.349,38.03,35.767,33.911,27.272,0.56,low,0.597,0.547,0.667,0.54,-405.101,891.392,1315.31,888.558,0.507,2.087,0.244,Hmong-Modal,0.242932438907523,-2681277571862735187
Hmong_M34,34,M,Hmong,White Hmong,34e-ca-w_Audio,456.278,662.514,206.236,5,a,Vowel,a,Modal,Oral,33.0,1.0,Mid,x,Unaspirated,Oral,97.492,97.512,97.494,97.862,697.661,120.099,1368.278,231.415,2532.152,357.594,3718.192,319.893,821.203,1805.62,3713.504,4278.787,19.259,19.045,20.875,19.997,17.856,13.899,29.309,1.093,15.133,-6.165,2.303,-1.208,-1.616,-0.952,3.02,6.098,-10.05,17.958,4.126,25.21,16.956,20.253,13.202,27.042,19.035,18.954,19.589,25.21,0.385,mid,0.464,0.441,0.526,0.441,-333.286,558.923,1012.125,554.399,0.65,2.715,0.24,Hmong-Modal,0.239410681399632,874039577099826290
Hmong_M34,34,M,Hmong,White Hmong,34e-cab-w_Audio,519.353,764.529,245.176,5,a,Vowel,a,Modal,Oral,45.0,2.0,High,b,Unaspirated,Oral,115.144,115.158,114.548,114.762,714.191,123.768,1413.001,129.638,2447.102,331.18,3547.147,735.362,891.443,1596.481,3031.199,4424.106,18.647,18.362,20.439,19.263,17.299,11.744,28.845,0.734,23.288,1.826,6.593,1.812,-1.792,-0.9,3.14,7.518,-10.198,17.635,-4.641,16.537,12.054,16.551,17.923,44.346,35.59,33.08,30.701,28.916,0.851,high,0.524,0.472,0.613,0.402,-272.227,642.162,1054.04,638.675,0.614,3.039,0.202,Hmong-Modal,0.202040144784469,-5139375846688650599
Hmong_M34,34,M,Hmong,White Hmong,34e-caj-w_Audio,370.2,530.701,160.501,5,a,Vowel,a,Modal,Oral,53.0,2.0,High,j,Unaspirated,Oral,114.975,114.895,116.141,115.448,668.405,59.205,1474.952,73.609,2539.068,349.624,3563.972,149.306,767.661,1594.43,3525.48,4334.654,18.416,18.092,20.702,19.352,21.563,14.859,33.802,6.934,26.35,7.46,10.022,6.874,-2.286,-1.26,-0.861,4.492,-15.386,11.163,-7.934,10.631,8.393,11.218,40.41,31.238,24.135,22.858,21.017,27.468,0.581,high,0.555,0.506,0.641,0.459,-263.806,451.783,941.388,447.778,0.646,3.162,0.205,Hmong-Modal,0.204301075268817,7435448122089356966
Hmong_M34,34,M,Hmong,White Hmong,34e-cam-w_Audio,635.585,805.058,169.473,5,a,Vowel,a,Creaky,Oral,21.0,2.0,Low,m,Unaspirated,Oral,89.572,89.485,89.829,89.844,643.741,112.487,1484.836,208.123,2518.192,104.418,3522.113,219.545,787.911,2226.794,3398.618,4644.41,17.3,17.098,14.9,14.071,10.577,6.838,21.512,-5.724,13.021,-5.809,6.564,3.056,2.4,3.027,4.323,7.233,-4.212,22.825,4.279,22.907,10.736,14.041,3.387,10.756,10.531,12.248,13.128,20.0,0.098,low,0.43,0.379,0.582,0.357,-156.463,719.177,526.375,715.211,1.213,3.297,0.368,Hmong-Creaky,0.367910221413406,-933042826245839687
Hmong_M34,34,M,Hmong,White Hmong,34e-cas-w_Audio,441.594,691.389,249.795,5,a,Vowel,a,Modal,Oral,22.0,1.0,Low,s,Unaspirated,Oral,95.041,94.671,95.379,95.26,723.478,135.336,1357.901,170.772,2468.878,632.694,3565.706,499.301,874.983,1556.622,3560.898,4444.807,18.266,18.071,21.458,20.659,15.581,12.044,27.049,-1.945,20.354,-2.469,2.204,-3.218,-3.192,-2.588,5.877,8.615,-8.783,20.024,-2.088,20.54,16.062,21.288,12.532,27.901,18.641,19.045,18.677,24.106,0.809,low,0.549,0.482,0.526,0.456,-250.692,567.95,826.843,563.141,1.067,3.588,0.297,Hmong-Modal,0.297380156075808,3078188728363076794
Hmong_M34,34,M,Hmong,White Hmong,34e-cav-w_Audio,418.315,638.832,220.517,5,a,Vowel,a,Modal,Oral,24.0,2.0,Mid,v,Unaspirated,Oral,95.148,95.224,95.885,95.454,675.322,171.464,1385.065,154.384,2653.081,390.459,3582.755,344.209,906.051,1515.138,3408.471,4747.556,17.726,17.51,14.971,14.082,12.365,8.346,20.84,-7.016,14.986,-5.651,-0.505,-0.594,2.755,3.427,2.606,5.737,-3.114,24.534,2.74,23.161,18.231,18.103,5.34,17.531,14.708,18.094,18.723,23.071,0.423,mid,0.42,0.38,0.448,0.356,-211.649,527.496,548.315,523.741,0.968,2.527,0.384,Hmong-Modal,0.383062920459042,8913881603492938812
Hmong_M34,34,M,Hmong,White Hmong,34e-cim-w_Audio,577.596,780.515,202.919,5,i,Vowel,i,Creaky,Oral,21.0,2.0,Low,m,Unaspirated,Oral,86.199,85.792,86.443,86.661,255.723,90.468,2066.409,173.44,3106.931,200.621,3683.672,157.448,1766.754,3261.401,4207.752,4563.568,15.169,14.115,20.121,14.973,14.017,12.774,15.383,1.875,-7.899,-3.562,0.401,13.559,-4.951,-0.858,6.104,2.199,-0.214,12.24,23.069,17.677,14.768,0.556,1.388,21.51,37.241,36.082,32.34,22.882,0.715,low,0.446,0.419,0.887,0.405,-272.44,678.182,969.52,673.46,0.636,3.415,0.186,Hmong-Creaky,0.186237188872621,-6027097109013439337
Hmong_M34,34,M,Hmong,White Hmong,34e-cug-w_Audio,497.041,647.804,150.763,5,u,Vowel,u,Breathy,Oral,53.0,2.0,High,g,Unaspirated,Oral,103.228,102.822,103.932,103.598,330.272,99.596,1009.916,83.984,2152.57,280.724,3474.54,288.408,924.796,3009.864,4403.793,3858.467,17.656,16.629,24.711,19.815,22.972,17.846,24.243,6.129,14.043,4.317,-6.785,5.218,-7.055,-3.186,1.74,1.969,-6.587,10.502,3.613,12.312,24.442,11.411,6.258,27.096,33.777,35.968,35.971,25.401,0.704,high,0.494,0.471,0.857,0.461,-351.107,572.241,1313.586,567.761,0.489,2.707,0.181,Hmong-Breathy,0.180642777983007,3820689270563565222
Hmong_M34,34,M,Hmong,White Hmong,34e-kab-w_Audio,540.149,724.563,184.414,5,a,Vowel,a,Modal,Oral,45.0,2.0,High,b,Unaspirated,Oral,105.155,105.318,104.748,104.907,691.453,97.178,1429.623,200.29,2484.115,469.351,3664.407,119.539,800.569,1719.899,3619.275,4510.775,17.44,17.188,19.529,18.489,15.196,10.378,29.177,1.399,19.617,-1.009,4.279,0.115,-2.088,-1.301,4.333,8.111,-11.736,15.796,-2.176,18.197,13.161,17.074,15.108,26.989,21.362,20.317,18.794,24.243,0.0,high,0.504,0.446,0.592,0.405,-205.607,632.975,744.426,629.139,1.057,3.332,0.315,Hmong-Modal,0.317226890756303,-1357099539726257361
Hmong_M34,34,M,Hmong,White Hmong,34e-kaj-w_Audio,706.185,917.382,211.197,5,a,Vowel,a,Modal,Oral,53.0,2.0,High,j,Unaspirated,Oral,115.754,115.533,116.771,115.903,680.586,104.177,1437.768,198.33,2690.627,1033.208,3661.141,238.804,765.322,1548.043,3624.984,4142.238,18.14,17.82,18.073,16.738,18.802,12.238,30.8,3.577,19.371,-0.436,0.729,0.351,0.067,1.082,-0.729,4.5,-12.659,14.251,-1.231,18.255,17.411,17.468,19.273,39.393,30.306,29.229,27.363,28.698,0.768,high,0.532,0.467,0.672,0.329,-219.293,811.48,1195.727,808.63,0.567,3.609,0.157,Hmong-Modal,0.1571072319202,-433009279808227689
Hmong_M34,34,M,Hmong,White Hmong,34e-kav-w_Audio,450.15,690.711,240.561,5,a,Vowel,a,Modal,Oral,24.0,2.0,Mid,v,Unaspirated,Oral,92.23,92.305,91.799,92.393,702.477,117.857,1324.95,211.726,2391.03,411.958,3961.787,259.88,861.677,1872.447,3643.548,4245.201,18.288,18.097,21.424,20.643,17.756,14.308,30.051,1.225,20.058,-2.568,7.185,3.045,-3.136,-2.546,3.668,6.335,-11.763,16.879,-1.77,20.665,11.103,15.052,17.83,32.068,24.619,24.949,23.462,27.257,0.756,mid,0.517,0.47,0.649,0.437,-227.882,569.788,894.311,565.044,0.664,3.773,0.176,Hmong-Modal,0.175987278028094,2031095520388208858
Hmong_M34,34,M,Hmong,White Hmong,34e-kos-w_Audio,565.58,744.255,178.675,5,o,Vowel,o,Modal,Oral,22.0,1.0,Low,s,Unaspirated,Oral,98.122,97.916,97.975,98.052,600.508,152.282,1018.82,143.298,3450.043,167.955,4398.868,440.751,783.805,1160.777,3404.527,4508.76,17.901,17.585,20.312,19.003,16.251,10.049,26.264,-2.167,21.172,-2.494,-1.391,17.921,-2.411,-1.418,4.061,8.953,-8.364,19.857,-3.271,20.078,19.292,-0.336,10.817,20.663,17.493,23.402,25.113,24.784,0.279,low,0.445,0.424,0.864,0.42,-307.659,654.673,1076.122,650.368,0.5,2.923,0.171,Hmong-Modal,0.17105713308245,-4302034834743060621
Hmong_M34,34,M,Hmong,White Hmong,34e-kug-w_Audio,508.209,708.31,200.101,5,u,Vowel,u,Breathy,Oral,53.0,2.0,High,g,Unaspirated,Oral,105.447,105.433,106.084,105.981,319.053,86.025,835.755,84.932,2194.88,390.637,3509.489,471.4,758.125,2588.121,3767.09,4771.267,19.241,18.125,22.276,16.935,21.705,16.506,24.498,6.035,18.666,6.826,-9.571,6.793,-3.035,1.19,0.571,0.429,-5.257,12.095,0.575,11.298,28.812,11.331,5.863,14.258,22.517,29.211,32.668,22.33,0.784,high,0.468,0.424,0.656,0.39,-336.479,607.479,1172.462,603.785,0.636,3.027,0.21,Hmong-Breathy,0.210109018830525,-3217460283404586901
Hmong_M34,34,M,Hmong,White Hmong,34e-paj-w_Audio,376.809,611.054,234.245,5,a,Vowel,a,Modal,Oral,53.0,2.0,High,j,Unaspirated,Oral,115.456,115.347,116.347,116.099,731.567,85.227,1319.109,105.73,2384.041,387.377,3760.365,408.266,940.786,1629.886,3758.4,5196.691,18.942,18.651,19.149,17.944,19.747,14.09,32.597,3.736,26.048,2.809,5.879,1.518,-0.207,0.707,-0.598,3.854,-13.655,14.925,-7.106,15.842,13.063,17.133,35.104,38.323,26.52,26.34,25.693,27.452,0.709,high,0.5,0.468,0.595,0.479,-352.022,495.15,1190.545,491.002,0.484,2.441,0.198,Hmong-Modal,0.19827939369111,8025802096355965812
Hmong_M34,34,M,Hmong,White Hmong,34e-pam_1_-w_Audio,568.536,772.047,203.511,5,a,Vowel,a,Creaky,Oral,21.0,2.0,Low,m,Unaspirated,Oral,86.43,86.075,86.511,86.565,731.042,126.623,1343.343,203.851,2791.132,463.112,3742.578,413.405,848.009,1483.422,3578.694,4561.964,17.244,17.076,18.878,18.197,13.602,10.645,25.799,-3.756,16.34,-7.628,-2.381,-1.417,-1.635,-1.121,5.276,7.552,-8.556,20.848,0.904,24.704,19.624,18.493,9.243,18.202,12.421,17.026,17.938,21.743,0.432,low,0.446,0.418,0.843,0.416,-227.551,669.099,851.446,664.277,0.65,3.413,0.19,Hmong-Creaky,0.190448285965426,8506691436346367563
Hmong_M34,34,M,Hmong,White Hmong,34e-pam_2_-w_Audio,464.118,629.064,164.946,5,a,Vowel,a,Creaky,Oral,21.0,2.0,Low,m,Unaspirated,Oral,92.245,91.685,93.271,92.595,706.764,125.888,1316.623,216.691,2396.344,425.4,3578.832,441.108,861.279,1685.192,3577.291,4525.47,17.944,17.748,18.238,17.437,14.28,10.732,27.359,-1.583,19.452,-3.465,3.681,0.37,-0.295,0.311,3.959,6.705,-9.415,19.34,-1.509,21.213,14.263,17.377,10.141,16.268,9.444,12.792,14.159,23.017,0.499,low,0.46,0.417,0.461,0.407,-312.17,550.384,783.995,545.919,1.707,2.99,0.571,Hmong-Creaky,0.570903010033445,-4435938886163781012
Hmong_M34,34,M,Hmong,White Hmong,34e-pas_1_-w_Audio,566.918,725.085,158.167,5,a,Vowel,a,Modal,Oral,22.0,1.0,Low,s,Unaspirated,Oral,95.789,95.463,95.956,96.24,726.806,127.331,1443.474,295.188,2561.799,327.697,3639.719,359.421,850.469,2206.574,3821.686,4701.75,18.16,17.965,18.084,17.287,10.479,6.94,24.441,-4.249,15.292,-6.723,2.915,0.329,0.075,0.678,7.605,10.347,-6.282,22.223,2.868,24.688,15.245,17.636,6.542,10.399,7.425,11.561,13.363,22.705,0.375,low,0.44,0.409,0.478,0.402,-236.951,647.043,600.619,642.834,1.163,2.81,0.413,Hmong-Modal,0.413879003558719,-2108150912583665447
Hmong_M34,34,M,Hmong,White Hmong,34e-pas_2_-w_Audio,458.981,651.575,192.594,5,a,Vowel,a,Modal,Oral,22.0,1.0,Low,s,Unaspirated,Oral,94.524,94.349,94.213,94.372,744.118,110.906,1284.807,112.018,2428.375,835.163,3618.287,275.35,892.25,1332.045,3640.134,4452.013,18.727,18.537,22.297,21.521,16.912,13.509,30.848,0.856,24.855,-0.03,2.586,-3.388,-3.57,-2.984,5.385,8.012,-12.121,17.69,-6.129,18.567,16.141,21.924,24.023,30.408,21.004,22.887,22.893,27.906,0.766,low,0.517,0.472,0.879,0.444,-257.522,554.615,1206.816,549.911,0.478,3.82,0.125,Hmong-Modal,0.125130890052356,-216683092969805488
Hmong_M34,34,M,Hmong,White Hmong,34e-pim-w_Audio,517.103,669.039,151.936,5,i,Vowel,i,Creaky,Oral,21.0,2.0,Low,m,Unaspirated,Oral,90.869,90.439,90.793,92.771,333.235,61.838,2086.658,223.262,2960.524,116.985,3474.694,210.879,1129.547,3164.064,3880.249,4683.798,15.695,14.978,14.315,11.045,15.521,4.164,14.284,-3.67,-10.913,-11.345,0.24,7.884,1.379,3.934,-1.206,6.88,1.411,18.649,26.608,26.323,15.455,7.094,1.04,15.326,32.23,32.644,29.176,21.404,0.485,low,0.431,0.371,0.463,0.301,-155.747,592.61,443.012,589.31,1.227,3.091,0.397,Hmong-Creaky,0.396958912973148,720444892439452382
Hmong_M34,34,M,Hmong,White Hmong,34e-pob-w_Audio,432.104,594.146,162.042,5,o,Vowel,o,Modal,Oral,45.0,2.0,High,b,Unaspirated,Oral,107.09,107.829,106.958,107.348,616.966,77.167,999.526,62.605,2441.369,174.477,3366.845,161.865,818.234,1095.5,3203.316,4355.295,18.245,17.87,21.954,20.394,20.864,13.195,33.305,4.596,30.165,5.949,3.893,10.015,-3.71,-2.524,1.091,7.198,-15.06,13.303,-11.92,11.921,14.351,7.855,39.466,29.289,24.117,27.131,25.638,25.611,0.777,high,0.545,0.501,0.682,0.465,-267.682,514.864,958.551,510.545,0.659,3.409,0.193,Hmong-Modal,0.193311821648577,2974504271790639508
Hmong_M34,34,M,Hmong,White Hmong,34e-poj-w_Audio,505.443,725.139,219.696,5,o,Vowel,o,Modal,Oral,53.0,2.0,High,j,Unaspirated,Oral,112.645,60.652,56.624,112.975,586.009,56.418,967.675,56.902,2403.801,189.218,3354.068,162.01,774.529,918.529,3308.345,3738.15,17.372,16.913,19.545,17.614,24.778,14.519,33.486,5.544,26.417,3.246,3.041,9.985,-2.173,-0.701,-5.233,3.095,-16.114,11.396,-9.046,13.667,14.33,6.928,39.282,7.548,5.661,13.592,16.112,20.676,0.0,high,0.591,0.49,0.629,0.428,-226.706,616.068,825.686,612.265,0.71,4.008,0.177,Hmong-Modal,0.177145708582834,-505433436719579774
Hmong_M34,34,M,Hmong,White Hmong,34e-pom-w_Audio,442.343,654.044,211.701,5,o,Vowel,o,Creaky,Oral,21.0,2.0,Low,m,Unaspirated,Oral,85.854,85.812,78.892,85.786,571.059,113.496,906.849,57.867,2443.523,188.994,3428.561,143.41,781.589,2786.751,3763.905,4432.242,17.651,17.371,18.902,17.751,16.418,11.142,28.6,-0.544,26.067,1.219,-1.693,6.705,-1.251,-0.38,2.484,6.61,-10.949,17.95,-8.417,16.153,19.344,10.666,13.872,15.623,16.594,23.456,24.331,21.956,0.394,low,0.458,0.424,0.906,0.439,-213.046,547.486,893.997,542.364,0.609,3.148,0.193,Hmong-Creaky,0.193456162642948,3240725359601332557
Hmong_M34,34,M,Hmong,White Hmong,34e-pos-w_Audio,421.301,593.691,172.39,5,o,Vowel,o,Modal,Oral,22.0,1.0,Low,s,Unaspirated,Oral,95.803,96.002,95.806,95.73,585.892,97.759,916.19,82.816,2457.701,277.242,3420.272,179.064,754.314,907.856,3385.927,4443.348,18.951,18.615,22.575,21.182,20.225,13.602,29.812,0.769,25.059,0.247,-3.027,5.271,-3.624,-2.567,2.35,7.58,-10.861,17.884,-6.107,18.368,21.979,13.344,19.996,27.3,24.341,30.018,28.84,25.048,0.82,low,0.532,0.486,0.61,0.46,-247.195,507.541,969.988,502.745,0.664,3.618,0.183,Hmong-Modal,0.183526810392482,1070491771147604155
Hmong_M34,34,M,Hmong,White Hmong,34e-pov-w_Audio,434.753,672.078,237.325,5,o,Vowel,o,Modal,Oral,24.0,2.0,Mid,v,Unaspirated,Oral,92.3,92.495,91.788,92.476,584.219,112.202,901.163,111.71,2524.017,345.577,3360.471,155.558,652.766,1678.836,3572.22,4379.263,16.888,16.573,18.422,17.121,16.448,10.353,26.176,-2.979,21.953,-3.018,-5.746,3.66,-1.534,-0.548,1.974,6.768,-9.288,19.595,-5.064,19.591,22.634,12.913,10.155,18.776,18.652,24.845,24.804,22.26,0.852,mid,0.469,0.432,0.518,0.44,-260.381,554.187,898.321,549.423,1.066,3.24,0.329,Hmong-Modal,0.329012345679012,3789244975466871628
Hmong_M34,34,M,Hmong,White Hmong,34e-qag-w_Audio,536.088,756.64,220.552,5,a,Vowel,a,Breathy,Oral,53.0,2.0,High,g,Unaspirated,Oral,106.275,105.477,107.621,106.646,751.848,225.582,1385.221,443.645,2652.716,423.198,3869.824,438.576,857.171,1825.991,3483.797,4557.06,22.451,22.203,20.178,19.156,16.929,12.251,23.619,-5.309,14.122,-8.927,1.786,-0.205,2.273,3.047,3.249,6.906,-1.168,27.525,8.329,31.13,20.666,22.408,10.491,19.241,13.715,15.711,16.108,22.235,0.0,high,0.446,0.399,0.424,0.375,-385.674,645.966,960.158,642.434,0.741,2.551,0.29,Hmong-Breathy,0.29047432379459,8270099401851866161
Hmong_M34,34,M,Hmong,White Hmong,34e-qias-w_Audio,506.866,673.927,167.061,5,ia,Vowel,ia,Modal,Oral,22.0,1.0,Low,s,Unaspirated,Oral,96.518,96.64,96.673,96.942,381.727,71.298,2042.698,234.397,2714.394,176.896,3516.868,118.057,404.218,2458.049,3429.189,4625.758,16.296,15.697,20.974,18.305,24.64,4.86,24.636,4.12,4.638,1.525,3.976,4.109,-4.678,-2.609,-3.665,13.446,-8.34,11.577,11.659,14.172,12.32,11.588,4.409,30.061,38.949,35.111,30.599,25.813,0.514,low,0.478,0.442,0.876,0.42,-267.456,590.126,1166.836,585.763,0.53,3.141,0.169,Hmong-Modal,0.168736071314868,-7583975912652787608
Hmong_M34,34,M,Hmong,White Hmong,34e-rauv-w_Audio,550.72,712.3,161.58,5,au,Vowel,au,Modal,Oral,24.0,2.0,Mid,v,Unaspirated,Oral,94.158,94.18,94.779,93.746,556.736,149.759,1054.964,287.242,3241.607,102.489,4145.354,663.479,710.844,1176.152,3258.792,4668.213,17.502,17.191,14.846,13.558,12.493,6.329,22.409,-4.986,9.479,-12.112,-1.707,15.28,2.656,3.633,2.354,7.229,-4.908,22.23,8.023,29.303,19.208,1.911,4.0,21.289,20.115,24.963,25.016,21.916,0.368,mid,0.44,0.403,0.463,0.408,-236.831,635.652,650.559,631.338,1.369,2.667,0.513,Hmong-Modal,0.513310836145482,7851885760787406035
Hmong_M34,34,M,Hmong,White Hmong,34e-tag-w_Audio,384.364,548.893,164.529,5,a,Vowel,a,Breathy,Oral,53.0,2.0,High,g,Unaspirated,Oral,104.917,104.481,106.336,105.339,727.48,205.022,1472.289,368.019,2696.022,329.856,3639.386,320.981,812.829,1915.975,3394.074,4335.182,23.268,23.041,24.127,23.195,21.327,17.08,30.084,1.817,15.097,-5.701,5.302,2.383,-0.86,-0.154,2.801,6.115,-6.816,21.232,8.17,28.741,17.966,20.658,24.453,17.796,13.005,14.306,14.12,23.505,0.0,high,0.468,0.45,0.519,0.457,-464.905,466.841,1206.372,462.477,0.591,2.409,0.245,Hmong-Breathy,0.2453300124533,-2686095816960391189
Hmong_M34,34,M,Hmong,White Hmong,34e-tam-w_Audio,575.105,728.074,152.969,5,a,Vowel,a,Creaky,Oral,21.0,2.0,Low,m,Unaspirated,Oral,87.551,87.025,88.257,87.664,713.417,130.869,1329.856,231.99,2627.12,309.132,3959.091,485.226,877.925,1955.22,3562.802,4556.374,17.813,17.637,17.915,17.197,14.869,11.729,25.76,-3.428,16.088,-7.2,1.575,0.322,-0.102,0.441,3.046,5.468,-7.947,21.076,1.725,24.838,16.238,17.316,8.224,11.452,6.936,12.458,14.778,23.529,0.608,low,0.426,0.389,0.713,0.418,-223.198,652.318,923.532,647.484,0.623,3.273,0.19,Hmong-Creaky,0.190345249007027,4112902050899301158
Hmong_M34,34,M,Hmong,White Hmong,34e-tau-w_Audio,342.062,501.506,159.444,5,au,Vowel,au,Modal,Oral,33.0,1.0,Mid,x,Unaspirated,Oral,105.763,105.6,105.723,105.795,582.502,85.437,1115.802,93.489,2601.15,432.221,3515.344,270.731,803.61,958.417,3517.652,4438.153,17.954,17.594,18.95,17.452,16.793,9.311,27.729,0.494,18.435,-2.816,-4.042,2.441,-0.997,0.143,2.158,8.14,-9.775,17.117,-0.481,20.411,21.996,15.153,10.759,25.006,22.534,26.892,25.787,24.504,0.808,mid,0.498,0.444,0.576,0.368,-217.084,422.808,823.132,419.343,1.369,3.091,0.443,Hmong-Modal,0.442898738272404,7646002560829099048
Hmong_M34,34,M,Hmong,White Hmong,34e-taub-w_Audio,539.052,832.501,293.449,5,au,Vowel,au,Modal,Oral,45.0,2.0,High,b,Unaspirated,Oral,113.514,113.43,112.043,112.865,602.526,93.035,1020.444,75.463,2530.952,177.773,3484.51,206.74,840.64,2654.564,3757.077,3967.267,18.018,17.615,19.803,18.114,21.585,12.995,30.306,2.186,26.309,3.124,3.527,10.411,-1.785,-0.5,-1.782,5.119,-12.287,15.457,-8.291,14.49,14.492,7.204,24.408,31.046,25.781,29.522,28.068,26.892,0.648,high,0.487,0.462,0.712,0.472,-298.365,686.0,1091.078,681.851,0.448,2.478,0.181,Hmong-Modal,0.180790960451977,6145297645089109396
Hmong_M34,34,M,Hmong,White Hmong,34e-taug-w_Audio,420.937,652.314,231.377,5,au,Vowel,au,Breathy,Oral,53.0,2.0,High,g,Unaspirated,Oral,101.511,100.855,102.294,101.803,482.873,197.507,986.377,184.532,2344.086,174.658,3201.535,224.285,754.391,1684.825,2872.422,4246.04,23.004,22.561,23.342,21.466,21.485,11.009,27.047,1.072,20.684,1.462,6.693,13.639,-0.338,1.094,1.857,10.457,-4.043,21.499,2.32,21.098,16.311,8.921,13.793,21.899,20.573,21.496,19.876,23.644,0.266,high,0.428,0.395,0.465,0.355,-350.517,535.341,1118.294,531.836,0.621,2.657,0.234,Hmong-Breathy,0.233722243131351,5681680437559308536
Hmong_M34,34,M,Hmong,White Hmong,34e-tauj-w_Audio,515.011,754.561,239.55,5,au,Vowel,au,Modal,Oral,53.0,2.0,High,j,Unaspirated,Oral,107.467,107.148,107.337,107.253,557.365,84.791,970.31,87.667,2415.627,282.982,3424.014,229.403,665.639,1766.49,3753.07,4371.653,16.456,16.047,20.435,18.718,19.955,11.128,29.315,1.556,23.14,0.479,-1.615,4.508,-3.978,-2.671,0.479,7.59,-12.858,14.512,-6.684,15.568,18.072,11.538,14.909,32.574,29.788,33.026,32.049,26.333,0.52,high,0.612,0.518,0.536,0.481,-211.348,636.855,658.332,632.401,0.978,3.677,0.267,Hmong-Modal,0.265977699211314,-7995609766413964430
Hmong_M34,34,M,Hmong,White Hmong,34e-taum-w_Audio,483.117,652.847,169.73,5,au,Vowel,au,Creaky,Oral,21.0,2.0,Low,m,Unaspirated,Oral,90.571,89.489,91.111,89.663,505.556,168.01,947.423,187.105,2335.91,213.652,3290.494,76.354,723.569,1715.287,3311.199,4515.106,16.624,16.261,15.569,14.051,10.576,2.95,22.418,-4.207,14.269,-6.105,-4.344,3.602,1.055,2.209,4.994,11.101,-5.794,20.481,2.355,22.365,20.968,12.659,3.305,11.956,12.472,19.763,21.577,22.785,0.572,low,0.436,0.393,0.761,0.362,-182.529,568.108,650.813,564.081,0.919,3.565,0.257,Hmong-Creaky,0.257784011220196,-7987553484379820419
Hmong_M34,34,M,Hmong,White Hmong,34e-tauv-w_Audio,513.157,667.663,154.506,5,au,Vowel,au,Modal,Oral,24.0,2.0,Mid,v,Unaspirated,Oral,93.694,93.408,92.87,93.352,557.111,114.686,958.814,379.257,2547.964,291.307,3438.462,73.399,664.414,2134.937,3488.192,4652.737,17.08,16.754,11.097,9.743,12.467,5.946,21.721,-5.793,11.117,-10.858,-4.35,4.668,5.984,7.011,-1.371,3.797,-4.641,22.57,5.963,27.613,21.431,12.086,3.9,16.946,15.612,22.006,21.833,22.26,0.0,mid,0.428,0.38,0.552,0.328,-168.925,589.428,586.165,585.936,0.917,2.813,0.328,Hmong-Modal,0.325986491290437,3789244975466871628
Hmong_M34,34,M,Hmong,White Hmong,34e-tawm-w_Audio,463.347,637.747,174.4,5,aw,Vowel,aw,Creaky,Oral,21.0,2.0,Low,m,Unaspirated,Oral,88.985,88.112,88.476,88.771,479.763,98.237,1500.335,486.547,2417.65,466.893,3431.718,355.416,619.65,2208.982,3354.307,4685.256,18.555,18.238,16.187,14.856,14.998,8.159,24.282,-0.394,6.331,-7.112,-0.9,-2.551,2.368,3.382,1.189,6.698,-5.727,18.634,12.224,25.35,19.455,20.789,3.88,16.66,19.597,20.942,20.824,21.689,0.912,low,0.446,0.38,0.377,0.365,-254.271,552.477,628.166,548.345,1.366,2.984,0.452,Hmong-Creaky,0.457774798927614,8488504550482508018
Hmong_M34,34,M,Hmong,White Hmong,34e-taws-w_Audio,531.955,700.746,168.791,5,aw,Vowel,aw,Modal,Oral,22.0,1.0,Low,s,Unaspirated,Oral,98.234,97.914,97.968,98.231,509.591,74.188,1456.342,270.47,2257.432,532.698,3482.678,121.545,558.468,1709.412,3516.308,4564.611,18.41,18.058,17.387,15.907,16.12,8.291,24.567,-0.319,6.884,-7.809,-3.414,-5.511,1.023,2.151,1.267,7.616,-6.157,18.379,11.526,25.867,21.824,23.569,5.111,29.472,28.567,27.128,26.301,22.246,0.0,low,0.456,0.404,0.675,0.34,-229.999,615.866,851.727,612.416,0.868,3.136,0.277,Hmong-Modal,0.276785714285714,802226898204708403
Hmong_M34,34,M,Hmong,White Hmong,34e-tig-w_Audio,456.882,650.804,193.922,5,i,Vowel,i,Breathy,Oral,53.0,2.0,High,g,Unaspirated,Oral,106.994,106.541,107.66,107.559,297.16,63.533,2050.934,142.739,2926.112,85.695,3644.249,173.501,2300.498,3193.192,4132.907,4209.6,22.491,21.277,29.085,22.878,20.183,20.609,29.531,13.765,9.088,10.84,13.608,22.34,-6.594,-1.601,8.902,2.268,-7.041,7.512,13.403,10.437,8.883,-1.064,15.043,23.089,34.726,33.34,28.523,28.283,0.0,high,0.502,0.483,0.846,0.478,-407.624,554.015,1425.526,549.539,0.5,2.639,0.19,Hmong-Breathy,0.189465706707086,4028145164818296674
Hmong_M34,34,M,Hmong,White Hmong,34e-tim-w_Audio,483.589,681.002,197.413,5,i,Vowel,i,Creaky,Oral,21.0,2.0,Low,m,Unaspirated,Oral,89.192,88.796,90.358,89.704,269.297,87.43,1977.888,161.15,3052.895,219.117,3707.962,158.675,2454.367,3599.867,4909.438,5102.489,17.806,16.711,24.614,19.205,18.34,17.488,20.584,6.713,-0.818,2.121,2.688,16.301,-6.808,-2.495,6.273,1.717,-2.778,9.999,18.624,14.589,15.118,0.41,3.437,14.856,29.309,28.885,26.699,23.414,0.559,low,0.496,0.472,0.934,0.465,-323.18,582.57,1212.437,577.314,0.665,3.333,0.2,Hmong-Creaky,0.1995199519952,847649109536876940
Hmong_M34,34,M,Hmong,White Hmong,34e-to-w_Audio,516.209,671.553,155.344,5,o,Vowel,o,Modal,Oral,33.0,1.0,Mid,x,Unaspirated,Oral,101.187,101.225,101.101,106.76,615.84,91.151,1055.095,81.184,2588.166,262.991,3448.393,153.897,800.611,1113.157,3328.801,4635.753,18.171,17.854,22.415,21.1,19.458,13.213,31.432,3.001,24.913,1.476,1.64,8.597,-4.244,-3.246,2.956,7.887,-13.26,14.88,-6.742,16.378,16.531,9.257,22.035,25.144,19.085,24.706,23.19,25.565,0.512,mid,0.519,0.487,0.691,0.469,-308.724,593.791,1180.062,589.155,0.537,3.15,0.171,Hmong-Modal,0.17047619047619,-806723014691314079
Hmong_M34,34,M,Hmong,White Hmong,34e-tob-w_Audio,418.93,569.507,150.577,5,o,Vowel,o,Modal,Oral,45.0,2.0,High,b,Unaspirated,Oral,109.713,110.258,107.821,109.409,607.613,89.318,1053.899,64.592,2421.27,350.428,3453.266,302.071,871.445,956.025,3408.313,4523.922,16.864,16.484,19.704,18.117,17.761,9.82,26.989,-0.87,22.682,0.038,-4.315,1.582,-2.84,-1.633,1.943,8.298,-10.125,17.376,-5.818,16.446,21.179,14.902,13.849,18.563,15.26,22.195,23.709,22.461,0.856,high,0.486,0.456,0.656,0.416,-269.103,493.174,1040.911,489.393,0.505,2.602,0.194,Hmong-Modal,0.194081475787856,18547838270103562
Hmong_M34,34,M,Hmong,White Hmong,34e-tod-w_Audio,433.406,619.925,186.519,5,o,Vowel,o,Modal,Oral,214.0,3.0,Low,d,Unaspirated,Oral,90.421,90.765,89.55,89.951,600.296,149.586,917.14,102.928,2602.487,156.261,3516.295,160.507,763.914,2412.709,3851.893,4479.182,17.698,17.413,17.85,16.675,14.513,9.121,23.609,-5.976,21.337,-4.224,-2.821,7.32,-0.152,0.737,3.337,7.554,-5.912,23.44,-3.64,21.636,20.519,10.092,7.005,14.986,15.841,23.575,23.622,21.99,0.714,low,0.446,0.417,0.826,0.409,-258.564,525.998,971.248,521.493,0.591,3.242,0.182,Hmong-Modal,0.182294879703886,1454736868718534479
Hmong_M34,34,M,Hmong,White Hmong,34e-tos-w_Audio,436.336,599.331,162.995,5,o,Vowel,o,Modal,Oral,22.0,1.0,Low,s,Unaspirated,Oral,95.779,95.677,95.708,95.73,625.156,90.381,1037.022,97.412,2602.055,401.332,3550.802,96.101,797.535,942.52,3559.005,4586.544,18.937,18.652,20.602,19.425,17.339,11.891,30.045,1.142,24.037,-0.154,-2.717,4.141,-1.665,-0.774,3.263,7.534,-11.108,17.539,-5.1,18.805,21.654,14.51,16.606,26.92,22.885,28.08,27.158,26.265,0.0,low,0.485,0.443,0.516,0.439,-304.674,519.439,933.532,514.831,1.667,3.114,0.536,Hmong-Modal,0.535324341682723,-58670963527913205
Hmong_M34,34,M,Hmong,White Hmong,34e-tov-w_Audio,357.638,512.904,155.266,5,o,Vowel,o,Modal,Oral,24.0,2.0,Mid,v,Unaspirated,Oral,92.855,93.359,92.325,92.577,625.589,94.761,1006.954,85.995,2646.769,183.6,3567.512,113.1,803.889,1083.348,3446.555,4523.228,18.635,18.369,17.975,16.879,16.142,11.146,27.324,-2.146,19.689,-5.461,-2.16,6.186,0.66,1.49,1.833,5.733,-8.689,20.556,-1.053,23.83,20.796,12.183,11.391,14.462,12.942,21.54,22.458,22.701,0.376,mid,0.456,0.426,0.495,0.418,-313.492,435.414,985.902,430.928,1.051,3.171,0.331,Hmong-Modal,0.331441185745821,6915465664391206182
Hmong_M34,34,M,Hmong,White Hmong,34e-tsau-w_Audio,322.463,531.597,209.134,5,au,Vowel,au,Modal,Oral,33.0,1.0,Mid,x,Unaspirated,Oral,103.163,102.986,102.531,103.131,597.135,98.562,1078.404,57.083,3315.359,384.074,4235.612,496.984,740.979,1093.719,3148.298,4239.964,19.125,18.792,21.207,19.823,21.035,14.323,31.76,4.008,27.744,5.458,-3.981,13.397,-2.082,-1.031,0.172,5.5,-12.635,14.852,-8.619,13.334,23.106,5.394,28.193,32.657,25.46,26.932,26.821,25.838,0.728,mid,0.464,0.44,0.919,0.443,-327.139,426.559,1163.579,422.273,0.455,2.656,0.171,Hmong-Modal,0.171310240963855,-8098858665241275723
Hmong_M34,34,M,Hmong,White Hmong,34e-tum-w_Audio,388.089,546.126,158.037,5,u,Vowel,u,Creaky,Oral,21.0,2.0,Low,m,Unaspirated,Oral,86.787,86.526,86.933,87.258,308.714,120.35,759.841,208.154,2248.235,467.736,3426.543,352.066,571.264,3306.983,4613.822,4896.765,16.183,15.364,18.127,14.439,17.148,3.979,16.185,-2.541,4.229,-9.24,-15.305,5.228,-1.944,0.924,0.979,10.461,-0.002,17.915,11.954,24.603,31.488,10.136,1.691,17.704,31.125,36.832,38.171,21.964,0.0,low,0.463,0.414,0.689,0.381,-246.803,465.398,743.922,461.019,0.85,3.968,0.214,Hmong-Creaky,0.214213709677419,7667662928113052310
Hmong_M34,34,M,Hmong,White Hmong,34e-tus-w_Audio,436.842,587.234,150.392,5,u,Vowel,u,Modal,Oral,22.0,1.0,Low,s,Unaspirated,Oral,96.116,96.087,95.998,96.015,323.682,89.0,832.121,156.142,2198.103,436.473,3700.671,167.494,657.101,3539.626,3872.283,4590.837,15.9,15.016,19.108,15.066,20.982,10.839,17.943,-1.174,10.399,-2.083,-13.287,2.914,-3.209,-0.049,-1.873,4.227,-2.044,16.196,5.501,17.1,29.187,12.102,2.666,21.19,29.892,34.789,35.915,22.588,0.0,low,0.489,0.442,0.49,0.431,-305.755,513.987,861.984,509.513,1.864,3.118,0.598,Hmong-Modal,0.59781911481719,382268564444318631
Hmong_M34,34,M,Hmong,White Hmong,34e-zag-w_Audio,465.533,716.515,250.982,5,a,Vowel,a,Breathy,Oral,53.0,2.0,High,g,Unaspirated,Oral,102.677,102.294,102.804,102.656,688.749,156.113,1447.401,331.129,2520.195,581.602,3437.178,335.036,749.042,1692.598,3298.675,4474.769,21.607,21.372,22.285,21.318,15.412,10.978,24.855,-3.059,11.065,-9.52,-1.418,-5.345,-0.679,0.054,6.874,10.339,-3.249,24.436,10.541,30.892,23.024,26.717,7.413,32.2,28.259,26.561,24.696,25.122,0.137,high,0.417,0.395,0.44,0.392,-432.057,590.433,998.117,586.588,0.652,2.271,0.287,Hmong-Breathy,0.287098194627917,-8158004300469633143
Hmong_M34,34,M,Hmong,White Hmong,34e-zam-w_Audio,503.804,714.29,210.486,5,a,Vowel,a,Creaky,Oral,21.0,2.0,Low,m,Unaspirated,Oral,86.815,86.21,87.296,86.872,692.739,125.274,1418.141,144.102,2664.711,189.045,3649.234,256.315,807.238,1603.798,3259.499,4431.751,18.776,18.6,20.44,19.72,15.264,12.095,25.281,-3.023,14.536,-6.731,0.588,0.241,-1.664,-1.12,5.176,7.625,-6.505,21.631,4.24,25.331,18.188,18.359,7.411,16.154,11.773,16.421,17.267,21.733,0.762,low,0.456,0.421,0.888,0.448,-279.562,608.824,1100.439,603.636,0.52,3.206,0.162,Hmong-Creaky,0.1621958827199,-792001060753714215
Hmong_M34,34,M,Hmong,White Hmong,34e-zas-w_Audio,405.112,558.7,153.588,5,a,Vowel,a,Modal,Oral,22.0,1.0,Low,s,Unaspirated,Oral,96.033,96.163,96.434,96.067,690.207,220.853,1458.609,398.5,2737.719,406.835,3600.63,280.573,795.767,1647.994,3413.357,4513.044,19.226,19.016,21.003,20.144,17.234,13.354,28.762,0.949,13.652,-6.488,3.117,2.039,-1.778,-1.127,3.77,6.79,-9.536,18.075,5.574,25.504,16.109,16.977,13.031,33.113,24.857,24.823,23.401,25.266,0.447,low,0.462,0.438,0.903,0.449,-305.271,482.471,1127.55,477.813,0.508,2.872,0.177,Hmong-Modal,0.176880222841226,3992144942274354749
Hmong_M39,39,M,Hmong,White Hmong,39e-ca-w_Audio,390.73,556.788,166.058,5,a,Vowel,a,Modal,Oral,33.0,1.0,Mid,x,Unaspirated,Oral,131.935,131.642,132.835,132.503,810.167,137.793,1399.895,139.885,2242.271,167.23,3614.258,322.525,1043.443,1903.035,3698.749,4939.214,16.501,16.176,17.223,15.875,15.077,8.6,28.188,-1.003,24.683,1.199,16.688,5.624,-0.722,0.301,2.146,7.275,-11.686,17.186,-8.182,14.977,-0.187,10.552,19.771,37.991,29.142,25.832,25.498,29.649,0.052,mid,0.895,0.847,,0.842,-1408.297,476.052,1994.836,476.391,0.703,1.924,0.54,Hmong-Modal,0.365384615384615,-8252524063990644762
Hmong_M39,39,M,Hmong,White Hmong,39e-caj-w_Audio,442.154,604.065,161.911,5,a,Vowel,a,Modal,Oral,53.0,2.0,High,j,Unaspirated,Oral,163.647,163.532,166.805,164.759,852.351,126.165,1464.802,116.518,2355.944,138.811,3755.056,385.837,1200.409,2172.275,3644.365,4032.949,16.475,16.006,13.812,11.831,24.54,13.63,30.161,1.44,28.398,5.554,18.139,8.029,2.663,4.175,-10.728,-1.799,-13.685,14.575,-11.923,10.452,-1.664,7.977,33.843,37.989,28.111,25.12,25.702,30.634,0.0,high,0.73,0.73,,0.73,-2078.253,525.386,2346.655,525.795,0.8,0.873,6.124,Hmong-Modal,0.916380297823597,3410079565623551602
Hmong_M39,39,M,Hmong,White Hmong,39e-cav-w_Audio,437.767,648.392,210.625,5,a,Vowel,a,Modal,Oral,24.0,2.0,Mid,v,Unaspirated,Oral,124.113,85.167,125.572,124.547,846.219,185.213,1389.63,158.459,2460.018,161.338,4032.658,244.061,1134.381,2515.964,3727.959,4101.507,11.535,11.267,14.592,13.49,11.102,6.054,22.738,-7.601,20.463,-4.797,11.31,3.266,-3.057,-2.223,3.49,7.435,-11.204,18.881,-8.929,16.064,0.225,8.001,6.569,35.343,29.212,27.811,26.427,28.01,0.585,mid,0.575,0.575,0.005,0.575,-725.385,544.527,862.399,544.975,0.609,1.477,1.634,Hmong-Modal,0.412322274881517,1003126916093075147
Hmong_M39,39,M,Hmong,White Hmong,39e-cug-w_Audio,471.031,633.463,162.432,5,u,Vowel,u,Breathy,Oral,53.0,2.0,High,g,Unaspirated,Oral,145.519,145.099,146.67,146.144,368.581,120.456,985.419,254.184,2381.617,208.789,3343.264,121.026,546.108,1789.043,3375.425,5006.656,23.265,21.646,22.416,13.631,9.174,8.943,19.435,-0.484,10.159,-1.251,-4.07,9.957,0.849,8.015,13.242,4.688,3.829,22.136,13.105,22.897,27.334,11.689,7.281,34.817,38.841,39.347,36.695,25.151,0.0,high,0.77,0.663,0.671,0.617,-557.003,554.27,410.624,550.949,0.947,2.091,0.018,Hmong-Breathy,0.452893352462936,2782096736742272884
Hmong_M39,39,M,Hmong,White Hmong,39e-kaj-w_Audio,453.985,617.453,163.468,5,a,Vowel,a,Modal,Oral,53.0,2.0,High,j,Unaspirated,Oral,159.298,159.724,162.542,160.766,824.453,151.782,1510.001,134.001,2247.059,148.756,3836.692,249.024,1158.203,1988.869,3870.117,3980.789,16.16,15.697,15.223,13.269,23.39,12.52,28.346,0.201,26.077,4.419,18.73,6.094,0.936,2.429,-8.166,0.748,-12.186,15.502,-9.917,11.278,-2.57,9.603,21.667,38.819,31.011,28.634,30.256,29.764,0.0,high,0.651,0.567,,0.548,-1346.173,536.846,1561.852,537.042,0.371,1.021,2.308,Hmong-Modal,0.363369245837414,-1519418241425142504
Hmong_M39,39,M,Hmong,White Hmong,39e-kas-w_Audio,482.852,666.709,183.857,5,a,Vowel,a,Modal,Oral,22.0,1.0,Low,s,Unaspirated,Oral,128.214,128.194,129.188,128.465,835.679,124.616,1446.862,144.8,2389.729,254.994,3921.936,498.723,1091.535,2004.882,3772.64,4357.953,15.441,15.159,17.731,16.569,17.594,12.194,28.702,-0.981,24.395,0.466,14.824,4.661,-2.29,-1.41,0.137,4.376,-13.261,16.149,-8.954,14.693,0.617,10.498,23.076,35.357,29.023,27.847,27.524,30.605,0.321,low,0.896,0.896,,0.896,-1661.686,577.617,2420.48,578.071,0.847,4.081,0.214,Hmong-Modal,0.207547169811321,6539289640235287572
Hmong_M39,39,M,Hmong,White Hmong,39e-kos-w_Audio,347.984,510.373,162.389,5,o,Vowel,o,Modal,Oral,22.0,1.0,Low,s,Unaspirated,Oral,130.146,130.266,130.664,129.639,604.04,134.135,938.37,89.774,2440.412,204.563,3317.452,195.127,817.643,1690.231,3206.501,4283.103,18.796,18.22,20.03,17.577,26.525,12.034,31.63,3.126,30.149,5.795,7.095,14.335,-1.234,0.643,-6.495,5.543,-12.834,15.135,-11.353,12.425,11.701,3.885,32.36,35.04,30.922,34.589,32.787,28.601,0.0,low,0.656,0.594,,0.586,-1316.245,430.185,1227.033,430.519,0.588,1.188,1.104,Hmong-Modal,0.494949494949495,-6972265968246891226
Hmong_M39,39,M,Hmong,White Hmong,39e-pam_1_-w_Audio,403.145,604.382,201.237,5,a,Vowel,a,Creaky,Oral,21.0,2.0,Low,m,Unaspirated,Oral,127.341,127.529,128.485,128.13,898.418,179.986,1395.544,133.491,2396.192,164.06,4113.94,254.648,1154.757,2218.668,3021.326,4146.978,13.246,12.991,16.88,15.833,11.647,6.928,24.376,-7.323,22.741,-4.642,11.919,2.089,-3.633,-2.841,5.233,8.905,-11.13,20.331,-9.494,17.633,1.327,10.902,8.675,38.226,30.937,29.987,29.269,28.784,0.685,low,0.86,0.86,,0.86,-714.053,503.895,1123.757,506.376,0.833,4.919,0.169,Hmong-Creaky,0.169343362472047,5270342139686788623
Hmong_M39,39,M,Hmong,White Hmong,39e-pam_2_-w_Audio,506.396,701.759,195.363,5,a,Vowel,a,Creaky,Oral,21.0,2.0,Low,m,Unaspirated,Oral,119.475,118.733,121.568,120.062,852.66,167.737,1384.395,167.714,2388.932,173.249,3507.479,391.166,1092.619,2256.031,3725.985,4006.522,16.003,15.756,16.882,15.865,12.374,7.79,24.638,-6.322,22.237,-4.044,10.332,1.52,-0.878,-0.109,4.507,8.074,-8.635,22.091,-6.234,19.799,5.672,14.236,10.42,31.682,22.864,20.934,19.625,24.755,0.718,low,0.868,0.868,,0.868,-1092.764,606.218,1580.717,607.617,0.799,6.333,0.126,Hmong-Creaky,0.126164534975525,8311510491437245598
Hmong_M39,39,M,Hmong,White Hmong,39e-pob-w_Audio,342.052,510.501,168.449,5,o,Vowel,o,Modal,Oral,45.0,2.0,High,b,Unaspirated,Oral,143.435,143.58,142.208,142.815,669.451,71.741,997.49,76.127,2290.022,106.523,3348.051,248.932,828.523,1704.985,2947.348,3932.435,14.552,13.961,17.278,14.766,26.676,11.894,31.505,2.057,28.059,2.302,6.491,8.823,-2.727,-0.804,-9.398,2.872,-16.954,11.941,-13.507,11.659,8.061,5.139,26.446,45.214,38.711,40.712,39.215,28.38,0.0,high,0.804,0.764,,0.801,-820.388,426.825,1344.417,426.741,0.315,0.948,0.009,Hmong-Modal,0.332278481012658,5950949189931202022
Hmong_M39,39,M,Hmong,White Hmong,39e-pog-w_Audio,525.335,696.024,170.689,5,o,Vowel,o,Breathy,Oral,53.0,2.0,High,g,Unaspirated,Oral,144.791,144.716,145.911,145.444,560.044,170.414,1053.348,79.391,2541.578,110.941,3410.444,175.058,918.496,2875.079,3618.695,3650.18,21.833,21.051,17.644,14.194,28.4,5.829,28.398,2.494,26.658,6.634,9.274,18.676,4.189,6.857,-10.756,8.365,-6.565,18.582,-4.825,14.417,12.559,2.375,18.269,40.453,37.398,40.504,36.412,28.932,0.0,high,0.709,0.732,,0.656,-983.086,611.295,1571.808,611.534,0.341,1.511,-0.073,Hmong-Breathy,0.225678358702846,7235084673924500416
Hmong_M39,39,M,Hmong,White Hmong,39e-qias-w_Audio,384.459,587.307,202.848,5,ia,Vowel,ia,Modal,Oral,22.0,1.0,Low,s,Unaspirated,Oral,133.049,132.684,133.602,134.445,492.313,88.535,1959.877,109.833,2618.261,167.1,3762.839,427.514,432.765,2263.384,3303.17,4305.323,17.336,16.496,20.21,16.275,21.043,11.505,23.513,1.377,12.193,6.536,11.331,8.643,-2.874,0.221,-0.833,4.77,-6.177,15.12,5.143,9.96,6.005,7.853,6.467,32.889,41.317,37.078,33.453,28.832,0.489,low,0.924,0.804,0.626,0.744,-664.246,487.789,442.515,484.235,0.765,2.057,0.196,Hmong-Modal,0.371900826446281,-3681619940890825323
Hmong_M39,39,M,Hmong,White Hmong,39e-rau-w_Audio,522.013,715.999,193.986,5,au,Vowel,au,Modal,Oral,33.0,1.0,Mid,x,Unaspirated,Oral,144.854,144.101,144.086,144.118,557.348,158.907,903.08,193.157,2366.434,122.399,3271.277,147.305,715.144,2053.956,3131.158,4312.937,18.369,17.61,20.229,16.922,28.517,4.87,28.508,0.705,22.015,-1.497,7.117,14.278,-1.86,0.688,-8.288,12.052,-10.139,16.944,-3.646,19.107,11.252,3.332,16.386,29.31,26.253,30.056,29.219,28.173,0.657,mid,0.85,0.862,0.204,0.827,-914.91,619.775,872.433,619.409,0.528,0.737,0.239,Hmong-Modal,0.716417910447761,-3876057243269753216
Hmong_M39,39,M,Hmong,White Hmong,39e-raug-w_Audio,444.329,618.704,174.375,5,au,Vowel,au,Breathy,Oral,53.0,2.0,High,g,Unaspirated,Oral,145.935,145.71,147.79,146.365,516.557,196.354,1031.551,117.995,2486.702,166.625,3825.62,360.761,900.906,2683.664,3760.543,5226.357,25.408,24.586,23.427,19.76,30.561,11.38,30.335,4.864,26.814,7.67,7.463,15.078,1.981,4.825,-7.134,8.38,-4.927,19.738,-1.406,16.916,17.946,9.508,32.858,26.234,24.473,28.204,27.049,29.276,0.0,high,0.881,0.692,,0.717,-1493.192,533.143,1967.749,533.055,0.339,2.386,-0.062,Hmong-Breathy,0.142078792958927,5515804474393188547
Hmong_M39,39,M,Hmong,White Hmong,39e-rauj-w_Audio,599.068,765.696,166.628,5,au,Vowel,au,Modal,Oral,53.0,2.0,High,j,Unaspirated,Oral,168.097,167.832,169.646,168.608,539.246,130.205,977.103,103.618,2388.114,122.457,3985.542,154.962,812.537,2306.71,3122.055,4006.343,17.956,16.905,19.774,14.965,28.026,14.638,25.91,-0.033,26.018,5.425,10.499,17.557,-1.818,1.94,-8.252,0.327,-7.955,16.963,-8.062,11.48,7.457,-0.652,17.035,40.483,36.673,39.473,38.739,29.563,0.737,high,0.701,0.72,,0.686,-1136.442,683.5,1495.833,683.494,0.382,0.591,-0.005,Hmong-Modal,0.646362098138748,-9186613048124874385
Hmong_M39,39,M,Hmong,White Hmong,39e-rauv-w_Audio,406.067,609.517,203.45,5,au,Vowel,au,Modal,Oral,24.0,2.0,Mid,v,Unaspirated,Oral,121.982,120.993,120.258,120.878,535.811,110.769,865.832,96.636,2374.201,378.675,3272.99,134.92,738.556,898.454,3249.681,4144.309,17.145,16.563,19.983,17.503,25.552,10.327,30.351,2.442,26.614,3.144,2.188,10.391,-2.839,-0.94,-5.569,7.176,-13.207,14.156,-9.469,13.419,14.957,6.172,20.461,34.612,33.335,38.737,38.85,30.73,0.0,mid,0.865,0.865,,0.865,-948.251,509.298,1181.274,509.814,0.634,2.6,0.98,Hmong-Modal,0.243846153846154,3457560556418692291
Hmong_M39,39,M,Hmong,White Hmong,39e-tag-w_Audio,382.946,551.736,168.79,5,a,Vowel,a,Breathy,Oral,53.0,2.0,High,g,Unaspirated,Oral,139.144,138.918,139.597,138.749,850.311,264.866,1509.998,333.906,2463.498,237.051,3848.026,352.131,1037.974,2203.218,4064.613,5560.821,22.05,21.735,22.127,20.822,17.136,10.922,24.148,-5.451,19.928,-3.812,11.232,2.526,-0.077,0.913,4.991,9.9,-2.098,27.197,2.122,25.547,10.818,19.209,11.856,23.388,18.089,19.381,21.359,29.761,0.0,high,0.632,0.632,,0.632,-1480.705,468.943,1204.033,469.398,0.324,2.909,0.155,Hmong-Breathy,0.111378480577518,2191972866228163894
Hmong_M39,39,M,Hmong,White Hmong,39e-tas-w_Audio,376.131,566.368,190.237,5,a,Vowel,a,Modal,Oral,22.0,1.0,Low,s,Unaspirated,Oral,130.232,130.286,130.634,130.062,836.677,123.429,1387.122,98.195,2409.465,171.655,3537.251,328.308,1099.781,1925.765,3621.194,3836.574,15.165,14.87,16.645,15.428,13.023,7.358,25.227,-5.051,23.052,-2.281,9.934,2.072,-1.48,-0.558,3.622,8.07,-10.062,19.935,-7.887,17.151,5.231,12.798,11.28,32.589,28.053,30.091,30.266,29.715,0.045,low,0.816,0.816,,0.816,-1074.704,471.378,1446.488,473.809,0.612,1.053,2.449,Hmong-Modal,0.581196581196581,-5191461947058540020
Hmong_M39,39,M,Hmong,White Hmong,39e-tau-w_Audio,405.977,622.758,216.781,5,au,Vowel,au,Modal,Oral,33.0,1.0,Mid,x,Unaspirated,Oral,140.628,139.885,140.996,140.323,572.592,138.856,875.839,149.796,2507.263,216.296,3319.241,191.125,733.183,2416.194,3340.082,4308.458,17.256,16.548,19.234,16.171,27.925,6.026,28.449,0.185,25.779,1.557,7.074,16.357,-1.977,0.377,-8.692,10.145,-11.192,16.419,-8.523,14.991,10.182,0.191,21.153,32.475,29.765,34.731,33.517,29.986,0.656,mid,0.873,0.793,,0.789,-1029.742,515.946,1346.232,516.184,0.584,1.556,0.499,Hmong-Modal,0.375321336760925,-820560416151910561
Hmong_M39,39,M,Hmong,White Hmong,39e-taum-w_Audio,484.133,660.038,175.905,5,au,Vowel,au,Creaky,Oral,21.0,2.0,Low,m,Unaspirated,Oral,120.617,120.08,121.685,120.779,450.226,175.16,893.135,92.093,2289.792,216.36,3455.389,143.589,772.137,1494.635,3518.567,4229.947,18.631,17.905,15.408,12.219,23.278,2.617,23.379,-2.119,22.241,2.951,-1.016,8.393,3.223,5.686,-7.87,9.603,-4.748,20.04,-3.61,14.954,19.647,9.512,6.595,31.847,30.986,33.193,32.189,27.707,0.0,low,0.429,0.121,,0.382,-711.177,571.052,958.797,568.224,0.399,5.0,-0.032,Hmong-Creaky,0.0798,1028847442095545806
Hmong_M39,39,M,Hmong,White Hmong,39e-taws-w_Audio,696.831,908.073,211.242,5,aw,Vowel,aw,Modal,Oral,22.0,1.0,Low,s,Unaspirated,Oral,130.099,129.707,131.283,129.609,590.391,85.303,1313.09,46.734,2282.444,169.054,3382.367,185.225,776.786,1410.399,3284.993,4150.281,18.379,17.902,21.198,19.169,25.953,13.903,29.283,2.769,25.383,5.822,8.551,5.574,-2.819,-1.267,-4.755,5.266,-10.905,15.139,-7.005,12.08,9.828,12.328,19.071,21.166,16.222,17.87,18.57,24.547,0.195,low,0.899,0.8,,0.782,-1157.482,804.455,1247.326,804.492,0.893,1.256,0.584,Hmong-Modal,0.710987261146497,8269332390922336289
Hmong_M39,39,M,Hmong,White Hmong,39e-tog-w_Audio,468.932,657.081,188.149,5,o,Vowel,o,Breathy,Oral,53.0,2.0,High,g,Unaspirated,Oral,144.386,144.217,145.739,145.251,620.486,206.258,1045.322,127.515,2536.465,146.023,3497.252,396.441,902.423,2672.756,3713.175,3879.279,24.059,23.393,21.458,18.582,30.136,8.988,30.134,2.916,26.427,4.277,9.964,17.008,2.601,4.812,-8.678,9.593,-6.075,20.507,-2.369,19.116,14.094,6.385,26.269,35.555,31.854,36.041,33.926,29.827,0.889,high,0.736,0.686,,0.675,-1340.228,564.407,2184.311,564.605,0.78,2.259,0.802,Hmong-Breathy,0.345285524568393,6646033785354734713
Hmong_M39,39,M,Hmong,White Hmong,39e-tos-w_Audio,516.539,712.258,195.719,5,o,Vowel,o,Modal,Oral,22.0,1.0,Low,s,Unaspirated,Oral,130.999,130.592,131.301,131.105,620.229,139.844,932.233,74.311,2522.228,152.244,3263.359,213.324,837.167,2964.157,4126.91,4416.553,17.502,16.935,19.703,17.298,25.553,11.774,30.836,1.6,30.353,4.829,7.189,15.613,-2.202,-0.363,-5.85,5.524,-13.334,15.397,-12.852,12.106,10.313,1.322,31.173,26.273,25.201,31.233,30.257,30.264,0.0,low,0.85,0.87,,0.818,-1193.183,615.176,1761.694,614.989,0.332,0.561,-0.014,Hmong-Modal,0.591800356506239,6144110215192501628
Hmong_M39,39,M,Hmong,White Hmong,39e-tov-w_Audio,535.554,702.713,167.159,5,o,Vowel,o,Modal,Oral,24.0,2.0,Mid,v,Unaspirated,Oral,122.306,122.444,121.771,121.737,602.701,159.284,905.349,126.925,2448.039,203.711,3338.346,215.373,779.713,1842.106,3343.547,4047.319,16.465,15.952,18.04,15.878,22.238,10.462,28.549,-0.474,25.524,0.412,2.655,10.254,-1.575,0.074,-4.198,5.416,-12.085,16.475,-9.059,15.54,13.81,5.698,16.736,35.489,32.683,38.035,37.479,30.45,0.0,mid,0.933,0.813,,0.806,-951.56,621.265,1337.248,621.535,1.364,1.853,0.196,Hmong-Modal,0.73610361575823,6947187296418795612
Hmong_M39,39,M,Hmong,White Hmong,39e-tsau-w_Audio,369.109,587.008,217.899,5,au,Vowel,au,Modal,Oral,33.0,1.0,Mid,x,Unaspirated,Oral,141.182,140.358,139.165,140.397,450.662,120.322,796.659,97.879,2427.159,201.896,3266.941,121.819,664.485,2035.978,3230.884,4206.725,17.083,16.044,18.53,13.79,25.922,10.302,24.439,-1.471,21.906,1.157,2.264,16.151,-1.447,2.254,-7.392,3.488,-7.356,17.556,-4.824,14.887,14.818,-0.107,8.756,23.524,24.413,29.413,28.931,25.817,0.81,mid,0.499,0.156,0.537,0.448,-793.684,478.04,1134.871,474.878,0.467,1.782,-0.064,Hmong-Modal,0.262065095398429,963053315605029052
Hmong_M39,39,M,Hmong,White Hmong,39e-zag-w_Audio,517.695,686.143,168.448,5,a,Vowel,a,Breathy,Oral,53.0,2.0,High,g,Unaspirated,Oral,144.497,144.233,146.969,145.376,845.392,357.865,1569.949,331.373,2536.063,605.038,3823.387,294.733,920.771,1727.129,3837.535,4632.511,21.48,21.072,18.671,16.954,22.628,13.266,21.314,-6.437,17.247,-3.237,4.303,-3.177,2.809,4.118,-3.957,3.688,0.165,27.516,4.232,24.309,17.176,24.249,7.65,38.048,32.505,30.431,29.318,26.852,0.461,high,0.615,0.315,,0.603,-837.923,604.794,1150.285,600.141,1.27,2.378,0.904,Hmong-Breathy,0.534062237174096,-1721272423480691550
Hmong_M39,39,M,Hmong,White Hmong,39e-zam-w_Audio,536.078,694.375,158.297,5,a,Vowel,a,Creaky,Oral,21.0,2.0,Low,m,Unaspirated,Oral,132.111,131.94,134.761,133.124,727.492,146.379,1356.8,134.107,2280.638,179.549,3493.307,410.469,992.724,1875.396,3789.822,3899.923,17.375,16.98,18.286,16.629,17.61,9.011,26.118,-1.658,20.854,-0.537,9.44,2.077,-0.912,0.35,0.676,7.618,-8.743,18.644,-3.48,17.517,7.934,14.903,11.358,30.819,25.373,24.707,24.598,26.265,0.434,low,0.431,0.403,,0.362,-959.385,616.357,1380.31,616.552,0.597,1.442,0.295,Hmong-Creaky,0.414008321775312,-5303763010422861202
Hmong_M39,39,M,Hmong,White Hmong,39e-zas-w_Audio,415.249,602.453,187.204,5,a,Vowel,a,Modal,Oral,22.0,1.0,Low,s,Unaspirated,Oral,133.434,133.579,134.552,133.681,750.198,96.92,1372.833,133.293,2262.957,166.571,3851.881,356.325,956.572,1940.879,3674.278,4077.605,15.693,15.32,16.675,15.115,16.123,8.242,27.992,-0.186,21.982,-0.004,11.896,3.244,-0.981,0.205,0.552,6.873,-12.298,15.512,-6.289,15.324,3.797,12.076,15.504,20.269,15.201,16.245,18.369,25.736,0.901,low,0.812,0.757,,0.727,-1130.256,509.823,1539.866,509.944,0.369,2.21,-0.074,Hmong-Modal,0.166968325791855,-1870274925772099276
Hmong_F40,40,F,Hmong,White Hmong,40e-pob-w_Audio,394.828,568.994,174.166,5,o,Vowel,o,Modal,Oral,45.0,2.0,High,b,Unaspirated,Oral,230.373,229.954,226.395,229.54,799.782,167.39,1133.745,72.102,3036.125,234.927,3861.711,340.909,943.648,1041.267,3498.516,4385.409,12.213,11.11,14.843,9.875,25.836,5.801,23.896,-5.984,25.273,-1.719,-1.487,8.675,-2.63,1.234,-10.993,4.075,-11.684,17.318,-13.06,12.829,13.7,2.434,14.675,24.956,15.891,23.656,24.595,21.772,0.0,high,0.483,0.474,,0.463,-1484.868,482.503,1785.823,482.661,0.864,1.441,4.728,Hmong-Modal,0.599583622484386,3859334392290996478
Hmong_F40,40,F,Hmong,White Hmong,40e-raum-w_Audio,552.293,720.294,168.001,5,au,Vowel,au,Creaky,Oral,21.0,2.0,Low,m,Unaspirated,Oral,166.242,164.997,163.982,164.236,674.505,158.926,1198.363,59.207,2795.8,345.547,3860.636,329.999,859.029,1128.906,3459.307,4494.112,6.062,5.431,8.286,5.567,16.252,-2.156,17.27,-10.63,16.59,-6.175,-8.197,-3.695,-2.224,-0.136,-7.966,7.723,-11.209,16.094,-10.528,11.606,14.259,9.125,2.289,25.942,19.91,26.712,29.258,23.596,0.435,low,0.85,0.77,0.333,0.746,-503.618,638.414,595.198,636.758,1.025,1.518,5.408,Hmong-Creaky,0.675230566534914,-5894761212090544533
