speaker_id,speaker_number,speaker_sex,language,language_variety,filename,segment_start,segment_end,duration,timepoint,textgrid_label,segment_type,vowel_quality,phonation,vowel_nasality,tone_contour,number_of_tone_targets,tone_category,language_specific_tone,consonant_aspiration,consonant_nasality,strF0,sF0,pF0,shrF0,sF1,sB1,sF2,sB2,sF3,sB3,sF4,sB4,pF1,pF2,pF3,pF4,H1u,H1c,H2u,H2c,H4u,H4c,A1u,A1c,A2u,A2c,A3u,A3c,H1H2u,H1H2c,H2H4u,H2H4c,H1A1u,H1A1c,H1A2u,H1A2c,H1A3u,H1A3c,Energy,HNR05,HNR15,HNR25,HNR35,CPP,SHR,tone_misc,CQ,CQ_H,CQ_HT,CQ_PM,min_Vel,min_Vel_Time,peak_Vel,peak_Vel_Time,SQ2_SQ1,SQ4_SQ3,ratio,LPhon,SQ,token_id
Luchun_F1,1,F,Luchun,,F1_ba_31_01,161.425,451.883,290.458,5,a_31,Vowel,a,Tense,Oral,31.0,2.0,Mid,31,Unaspirated,Oral,140.821,140.862,142.035,141.39,983.943,163.845,1685.158,95.567,2687.148,258.73,3701.395,414.905,1033.551,1760.574,3195.969,5347.283,16.242,15.991,20.89,19.86,18.769,14.09,28.319,-2.552,24.483,-0.204,9.02,-1.645,-4.649,-3.869,2.122,5.77,-12.077,18.556,-8.241,16.195,7.222,17.636,17.285,32.016,24.062,21.856,22.405,26.73,0.701,low,0.597,0.528,0.609,0.58,-281.307,308.8,972.931,304.683,0.995,2.927,0.294,Luchun-Tense,0.339938503587291,-1938945772817414721
Luchun_F1,1,F,Luchun,,F1_ba_31_02,140.576,403.242,262.666,5,a_31,Vowel,a,Tense,Oral,31.0,2.0,Mid,31,Unaspirated,Oral,133.793,133.834,134.227,134.229,901.306,139.865,1692.977,89.565,2717.8,312.035,3874.129,786.782,906.567,1710.371,2977.634,5581.707,15.691,15.434,17.973,16.917,18.694,13.838,29.081,-0.576,21.838,-0.808,5.236,-3.135,-2.282,-1.482,-0.722,3.079,-13.391,16.02,-6.147,16.242,10.455,18.569,19.109,33.37,27.025,26.219,27.661,29.033,0.621,low,0.559,0.497,0.667,0.523,-232.104,273.261,1086.602,269.356,0.533,1.958,0.103,Luchun-Tense,0.272216547497446,-691412365137552595
Luchun_F1,1,F,Luchun,,F1_ba_33_02,173.644,448.606,274.962,5,a_33,Vowel,a,Tense,Oral,33.0,1.0,Mid,33,Unaspirated,Oral,151.922,152.042,152.231,152.036,900.308,201.129,1647.999,77.098,2827.925,166.155,3844.608,792.034,906.449,1661.433,2987.345,5390.712,17.194,16.861,21.416,20.033,23.835,17.132,29.307,-0.143,24.111,1.242,9.307,3.557,-4.222,-3.172,-2.419,2.901,-12.113,17.019,-6.918,15.618,7.887,13.304,21.464,37.33,27.362,24.932,23.33,26.621,0.529,mid,0.54,0.5,0.589,0.46,-271.358,312.261,1035.934,309.239,0.623,2.652,0.237,Luchun-Tense,0.234917043740573,3219947597771250365
Luchun_F1,1,F,Luchun,,F1_ba31_02,202.499,539.478,336.979,5,a31,Vowel,a,Lax,Oral,31.0,2.0,Mid,31,Unaspirated,Oral,138.881,138.759,140.634,139.357,969.296,224.554,1688.443,216.76,2664.735,120.577,3782.98,531.489,1049.108,2245.926,3408.434,5084.487,20.805,20.561,19.828,18.826,11.953,7.426,16.193,-14.795,8.661,-16.195,1.285,-9.533,0.977,1.735,7.875,11.4,4.612,35.369,12.144,36.756,19.52,30.094,3.61,27.698,25.633,24.801,25.341,21.896,0.0,low,0.439,0.349,0.405,0.243,-374.0,371.693,1080.092,369.937,1.593,2.176,0.729,Luchun-Lax,0.732077205882353,-4668149964487596159
Luchun_F1,1,F,Luchun,,F1_bi_31_01,141.128,458.893,317.765,5,i_31,Vowel,i,Tense,Oral,31.0,2.0,Mid,31,Unaspirated,Oral,156.823,156.728,157.268,312.291,314.531,11.373,1791.703,1231.821,2921.428,182.606,3383.551,238.441,322.174,3026.799,3621.611,5270.692,15.782,13.304,26.318,10.629,2.155,10.355,26.316,10.632,-10.087,-10.703,0.384,13.03,-10.535,2.675,24.163,0.274,-10.534,2.673,25.87,24.007,15.398,0.275,5.375,39.694,53.616,55.172,49.285,27.272,0.351,low,0.64,0.57,0.616,0.595,-275.897,302.348,827.427,298.553,1.256,2.433,0.519,Luchun-Tense,0.516235100698726,4101888756856262126
Luchun_F1,1,F,Luchun,,F1_bi_31_02,109.093,424.251,315.158,5,i_31,Vowel,i,Tense,Oral,31.0,2.0,Mid,31,Unaspirated,Oral,154.41,154.431,154.653,156.351,323.93,35.845,2740.52,196.518,3332.343,178.939,4542.489,230.048,337.839,2824.931,3521.692,4856.757,17.544,15.333,25.55,10.553,5.044,12.895,25.548,9.451,4.405,12.173,0.908,4.791,-8.006,4.78,20.506,-2.342,-8.004,5.882,13.139,3.16,16.637,10.542,4.769,36.491,50.199,51.701,46.159,26.835,0.593,low,0.46,0.41,0.463,0.368,-309.914,268.428,824.953,266.045,1.267,2.455,0.52,Luchun-Tense,0.516089613034623,-6610679583463625680
Luchun_F1,1,F,Luchun,,F1_bi31_01,179.695,666.482,486.787,5,i31,Vowel,i,Lax,Oral,31.0,2.0,Mid,31,Unaspirated,Oral,160.738,160.453,162.726,161.547,345.628,62.858,2575.629,160.219,3080.43,143.145,4172.208,558.311,361.346,2724.587,3355.508,4997.345,19.437,17.311,22.304,7.639,4.405,11.594,22.303,5.066,-0.516,4.614,-0.802,0.005,-2.868,9.672,17.899,-3.954,-2.866,12.245,19.953,12.697,20.239,17.306,3.13,33.081,45.157,44.473,39.237,24.577,0.905,low,0.443,0.396,0.462,0.351,-501.233,424.595,1329.066,422.402,1.206,1.851,0.651,Luchun-Lax,0.651539708265802,-4803232430789841541
Luchun_F1,1,F,Luchun,,F1_bi31_02,152.022,548.893,396.871,5,i31,Vowel,i,Lax,Oral,31.0,2.0,Mid,31,Unaspirated,Oral,155.847,155.735,157.94,157.175,333.379,42.044,2501.564,152.264,3053.573,109.108,4112.248,456.397,346.749,2688.644,3331.781,5097.154,18.668,16.537,24.066,9.542,4.05,11.302,24.065,7.303,-0.922,4.018,-0.614,1.665,-5.398,6.994,20.017,-1.76,-5.397,9.234,19.59,12.518,19.282,14.871,3.998,30.394,43.729,43.917,39.342,24.775,0.751,low,0.435,0.383,0.452,0.333,-468.0,351.751,1281.665,349.608,1.3,1.916,0.682,Luchun-Lax,0.678496868475992,-1919636450561714137
Luchun_F1,1,F,Luchun,,F1_bja_31_01,234.429,492.45,258.021,5,a_31,Vowel,a,Tense,Oral,31.0,2.0,Mid,31,Unaspirated,Oral,130.781,130.915,131.95,131.271,746.744,477.734,1894.591,203.291,2951.887,362.542,4161.035,1092.556,938.355,1910.888,3056.016,5340.167,7.965,7.648,14.688,13.367,10.521,3.883,15.948,-10.939,14.676,-1.317,2.39,-2.512,-6.724,-5.719,4.167,9.485,-7.984,18.592,-6.711,8.965,5.575,10.161,2.491,35.844,31.964,28.765,27.847,28.013,0.824,low,0.752,0.611,0.68,0.706,-105.539,366.187,377.929,360.803,1.092,3.644,0.3,Luchun-Tense,0.29967069154775,4918674102033413472
Luchun_F1,1,F,Luchun,,F1_bja_33_01,243.679,492.498,248.819,5,a_33,Vowel,a,Tense,Oral,33.0,1.0,Mid,33,Unaspirated,Oral,159.742,159.486,161.596,160.969,747.385,129.674,1867.198,115.685,2903.992,155.435,3990.155,867.508,799.187,1901.123,2953.821,5014.77,13.14,12.624,21.343,19.12,26.416,10.933,27.112,1.253,21.175,6.146,13.256,9.511,-8.203,-6.496,-5.073,8.188,-13.972,11.376,-8.035,6.478,-0.116,3.113,15.226,40.711,36.765,33.063,31.195,29.531,0.841,mid,0.6,0.536,0.622,0.503,-189.49,369.591,768.552,366.435,0.763,2.551,0.298,Luchun-Tense,0.299098392787142,2136276756798241572
Luchun_F1,1,F,Luchun,,F1_bja_33_02,211.612,432.04,220.428,5,a_33,Vowel,a,Tense,Oral,33.0,1.0,Mid,33,Unaspirated,Oral,167.222,167.074,169.79,168.956,708.503,205.741,2146.258,119.923,2979.417,160.571,3995.166,274.221,766.583,2253.919,3319.269,4988.611,15.204,14.602,24.154,21.503,25.683,4.445,25.68,0.864,17.49,6.894,12.969,7.257,-8.95,-6.9,-1.529,17.058,-10.476,13.74,-2.286,7.708,2.235,7.345,14.509,39.102,36.934,34.05,31.026,29.383,0.633,mid,0.694,0.639,0.685,0.646,-243.018,324.025,606.796,320.154,0.958,2.2,0.437,Luchun-Tense,0.435454545454545,-4447765534825642820
Luchun_F1,1,F,Luchun,,F1_bja31_01,260.592,658.851,398.259,5,a31,Vowel,a,Lax,Oral,31.0,2.0,Mid,31,Unaspirated,Oral,149.694,149.681,152.1,151.085,308.569,203.564,1833.055,282.145,2800.234,401.901,3566.557,660.579,637.397,1744.223,3031.915,5057.069,12.728,10.489,15.469,1.104,6.941,14.179,15.436,-0.541,2.911,2.392,-4.548,4.12,-2.741,9.386,8.529,-13.076,-2.707,11.031,9.818,8.097,17.277,6.37,0.735,34.752,33.732,30.176,30.077,22.606,0.797,low,0.62,0.506,0.557,0.416,-149.808,460.723,494.426,457.942,1.245,2.64,0.476,Luchun-Lax,0.471590909090909,8369956020334157081
Luchun_F1,1,F,Luchun,,F1_bja31_02,174.751,527.176,352.425,5,a31,Vowel,a,Lax,Oral,31.0,2.0,Mid,31,Unaspirated,Oral,144.884,144.955,146.794,146.162,283.349,189.882,1870.734,182.615,2882.011,191.704,3643.134,422.627,1413.246,2760.037,4235.581,4952.281,11.682,9.136,13.728,-0.246,1.41,10.351,13.726,-0.49,0.452,2.249,-3.391,8.788,-2.046,9.382,12.318,-10.597,-2.044,9.627,11.229,6.888,15.073,0.349,0.458,30.505,32.563,31.16,30.772,21.968,0.849,low,0.673,0.518,0.555,0.428,-116.007,352.368,409.865,349.419,1.341,2.783,0.483,Luchun-Lax,0.481854114265181,-6839370742972372011
Luchun_F1,1,F,Luchun,,F1_bja33_01,281.024,542.071,261.047,5,a33,Vowel,a,Lax,Oral,33.0,1.0,Mid,33,Unaspirated,Oral,176.871,176.947,177.352,176.57,728.345,474.86,1886.196,210.283,2782.401,233.545,3763.917,668.84,868.838,1973.16,2982.718,5347.365,15.419,14.827,21.658,19.079,22.77,2.586,22.769,-3.026,16.452,1.32,9.796,3.295,-6.238,-4.252,-1.112,16.493,-7.35,17.857,-1.033,13.507,5.623,11.532,8.442,38.168,36.303,33.623,32.992,28.249,0.61,mid,0.499,0.439,0.578,0.366,-237.555,412.616,734.374,410.547,0.51,1.221,0.125,Luchun-Lax,0.417690417690418,3034604904265967811
Luchun_F1,1,F,Luchun,,F1_bja33_02,342.347,626.443,284.096,5,a33,Vowel,a,Lax,Oral,33.0,1.0,Mid,33,Unaspirated,Oral,182.958,182.632,183.355,183.12,1043.144,405.648,1768.542,196.869,2793.345,379.629,4515.15,393.474,1018.866,1780.411,2912.159,4985.493,15.111,14.728,18.728,17.127,18.051,10.027,19.877,-10.345,17.253,-6.277,6.985,-2.839,-3.617,-2.4,0.677,7.1,-4.766,25.089,-2.142,21.005,8.126,17.567,6.949,41.657,37.792,34.612,34.063,29.016,0.733,mid,0.56,0.484,0.651,0.375,-197.437,484.639,724.58,482.585,0.454,2.275,0.151,Luchun-Lax,0.19956043956044,1381542007894872892
Luchun_F1,1,F,Luchun,,F1_bja55_01,240.843,609.046,368.203,5,a55,Vowel,a,Lax,Oral,55.0,1.0,High,55,Unaspirated,Oral,210.67,210.816,211.689,212.088,886.287,448.154,1797.887,172.184,3209.98,302.192,4530.975,792.229,903.569,1787.629,3220.191,5031.548,18.44,17.768,11.047,8.108,19.45,-3.195,19.504,-7.564,17.204,-1.524,0.811,1.268,7.394,9.661,-8.403,11.303,-1.063,25.353,1.236,19.292,17.629,16.5,6.014,38.714,33.261,31.198,30.73,26.142,0.0,high,0.57,0.534,0.67,0.49,-186.13,425.651,538.172,423.325,0.48,1.802,0.266,Luchun-Lax,0.266370699223085,-4744675476815430886
Luchun_F1,1,F,Luchun,,F1_bja55_02,180.488,501.837,321.349,5,a55,Vowel,a,Lax,Oral,55.0,1.0,High,55,Unaspirated,Oral,206.04,206.286,206.664,206.198,888.634,281.232,1816.359,230.256,3070.342,209.607,4359.148,375.42,910.786,1846.023,3221.18,4860.191,19.309,18.704,11.112,8.497,20.02,0.843,20.02,-7.449,12.612,-6.557,3.829,1.397,8.197,10.207,-8.908,7.653,-0.71,26.17,6.697,25.261,15.48,17.307,5.569,43.57,39.967,38.084,36.466,26.883,0.0,high,0.498,0.478,0.577,0.427,-344.536,342.115,769.561,340.045,0.6,0.814,0.318,Luchun-Lax,0.737100737100737,-8838161484501196031
Luchun_F1,1,F,Luchun,,F1_bu_31_01,234.019,505.206,271.187,5,u_31,Vowel,u,Tense,Oral,31.0,2.0,Mid,31,Unaspirated,Oral,161.876,161.722,163.282,162.235,366.147,94.274,805.424,108.286,2603.429,328.915,4186.32,261.078,721.241,2588.069,4275.103,5134.628,16.198,13.931,23.479,9.369,16.402,13.819,23.37,3.484,17.52,3.881,-5.332,18.316,-7.281,4.562,7.077,-4.45,-7.172,10.477,-1.322,10.05,21.53,-4.385,5.275,30.958,35.102,37.298,37.398,26.349,0.64,low,0.518,0.48,0.551,0.496,-506.64,371.364,1394.607,368.298,0.98,2.113,0.463,Luchun-Tense,0.463795551348793,-2909235416939335906
Luchun_F1,1,F,Luchun,,F1_bu_31_02,188.766,484.193,295.427,5,u_31,Vowel,u,Tense,Oral,31.0,2.0,Mid,31,Unaspirated,Oral,164.94,164.912,165.802,164.786,360.223,84.923,946.328,143.15,2621.416,90.041,4141.395,198.465,789.144,2613.764,4250.964,,17.658,15.335,24.28,8.9,11.364,13.109,24.276,5.437,11.441,0.384,-1.093,19.815,-6.622,6.435,12.916,-4.208,-6.618,9.911,6.217,14.951,18.751,-4.48,4.892,29.911,34.162,38.809,39.917,26.765,0.828,low,0.496,0.456,0.519,0.449,-577.624,338.159,1578.056,335.434,0.865,2.003,0.432,Luchun-Tense,0.431852221667499,8172268284981378350
Luchun_F1,1,F,Luchun,,F1_bu31_01,117.407,514.69,397.283,5,u31,Vowel,u,Lax,Oral,31.0,2.0,Mid,31,Unaspirated,Oral,150.08,149.704,152.435,151.016,376.315,86.347,904.426,135.606,2478.432,194.035,3993.879,240.244,652.19,2362.831,4089.53,,18.823,17.144,23.486,14.413,10.486,8.567,18.712,-2.179,11.094,-2.385,-10.906,6.653,-4.663,2.731,13.0,5.846,0.112,19.337,7.729,19.529,29.729,10.491,5.085,29.431,34.026,37.782,39.128,21.973,0.174,low,0.442,0.39,0.452,0.353,-454.022,317.332,1246.333,314.96,1.12,2.08,0.54,Luchun-Lax,0.538461538461539,-8454080950340080131
Luchun_F1,1,F,Luchun,,F1_bu31_02,178.35,531.843,353.493,5,u31,Vowel,u,Lax,Oral,31.0,2.0,Mid,31,Unaspirated,Oral,154.21,153.747,156.539,154.798,410.044,99.771,981.527,153.771,2571.074,140.306,3995.969,273.458,679.182,2458.422,4258.199,4262.493,20.873,19.383,24.044,16.366,14.648,11.591,24.606,2.489,12.411,-1.758,-7.047,9.054,-3.171,3.017,9.396,4.774,-3.733,16.908,8.462,21.141,27.919,10.329,7.806,29.299,33.381,38.059,38.809,22.397,0.0,low,0.437,0.375,0.458,0.278,-455.728,355.878,1236.633,354.061,0.94,2.059,0.452,Luchun-Lax,0.456532297231666,5733836418084407572
Luchun_F1,1,F,Luchun,,F1_de_31_01,131.453,485.174,353.721,5,e_31,Vowel,e,Tense,Oral,31.0,2.0,Mid,31,Unaspirated,Oral,164.843,164.683,165.606,165.356,642.096,66.152,2142.831,106.302,2968.045,128.082,4010.472,1033.641,657.965,2169.503,3019.171,5291.161,14.52,13.873,18.941,16.067,25.145,2.953,25.144,0.81,15.189,5.315,8.575,3.83,-4.422,-2.194,-6.204,13.114,-10.624,13.065,-0.669,8.558,5.945,10.043,6.768,39.78,40.476,38.594,36.943,30.186,0.64,low,0.472,0.399,0.567,0.264,-186.966,307.791,700.579,306.185,0.455,1.758,0.14,Luchun-Tense,0.258816837315131,-5528164764723586912
Luchun_F1,1,F,Luchun,,F1_de_31_02,149.913,491.046,341.133,5,e_31,Vowel,e,Tense,Oral,31.0,2.0,Mid,31,Unaspirated,Oral,157.638,157.683,157.442,156.82,611.227,51.576,2191.897,105.966,2948.038,174.719,4089.484,775.491,615.02,2175.181,2986.032,5393.468,15.944,15.296,20.26,17.371,26.744,5.719,26.743,2.759,9.648,0.998,1.151,-3.843,-4.316,-2.075,-6.485,11.652,-10.799,12.538,6.296,14.297,14.793,19.139,7.995,48.922,47.682,43.362,39.069,26.16,0.549,low,0.446,0.381,0.494,0.313,-211.721,320.858,634.099,318.876,0.754,1.185,0.207,Luchun-Tense,0.636286919831224,3987849179225474384
Luchun_F1,1,F,Luchun,,F1_de_33_01,201.712,538.405,336.693,5,e_33,Vowel,e,Tense,Oral,33.0,1.0,Mid,33,Unaspirated,Oral,159.219,159.313,159.396,188.934,632.091,30.682,2203.051,125.712,2963.725,115.446,4000.815,598.738,640.538,2307.553,3099.277,5125.341,15.308,14.689,21.522,18.781,30.61,6.645,30.609,6.356,13.237,4.119,9.176,3.881,-6.214,-4.092,-9.089,12.136,-15.301,8.334,2.071,10.57,6.132,10.808,16.177,44.595,46.197,44.156,41.955,30.486,0.412,mid,0.536,0.488,0.617,0.439,-192.05,370.572,763.244,367.814,0.458,1.647,0.115,Luchun-Tense,0.278081360048573,-254207274944700280
Luchun_F1,1,F,Luchun,,F1_de_33_02,145.498,578.469,432.971,5,e33,Vowel,e,Tense,Oral,33.0,1.0,Mid,33,Unaspirated,Oral,161.643,161.613,161.492,161.867,629.221,52.302,2159.129,171.798,2923.468,213.393,4092.698,935.639,634.416,2174.383,2987.649,5425.497,16.1,15.453,21.166,18.287,27.126,5.373,27.125,2.942,9.363,-0.116,3.123,-1.814,-5.065,-2.834,-5.961,12.914,-11.024,12.513,6.737,15.569,12.977,17.267,9.065,45.111,44.644,39.829,35.873,26.313,0.518,mid,0.466,0.396,0.519,0.303,-195.463,362.703,637.109,360.828,0.761,1.635,0.229,Luchun-Tense,0.465443425076453,-8473453720877710778
Luchun_F1,1,F,Luchun,,F1_de-_33_01,165.956,527.362,361.406,5,e-_33,Vowel,ø,Tense,Oral,33.0,1.0,Mid,33,Unaspirated,Oral,172.583,172.642,173.049,172.904,411.921,158.275,1952.184,137.47,2581.372,121.06,4045.536,223.609,960.892,2345.542,3787.844,4508.969,17.339,15.583,15.972,5.344,3.189,7.221,13.391,-6.583,1.509,-1.853,1.289,0.569,1.367,10.239,12.782,-1.877,3.948,22.167,15.829,17.436,16.05,15.014,1.369,39.007,49.655,47.86,47.567,28.544,0.0,mid,0.453,0.391,0.479,0.262,-440.429,346.988,1180.436,345.468,0.837,1.864,0.45,Luchun-Tense,0.449034334763948,-674803647390707185
Luchun_F1,1,F,Luchun,,F1_de-_33_02,170.88,519.121,348.241,5,e-_33,Vowel,ø,Tense,Oral,33.0,1.0,Mid,33,Unaspirated,Oral,168.425,168.323,168.396,168.608,463.861,78.334,2028.598,210.833,2689.739,124.069,4085.8,224.25,482.032,2366.146,2953.026,4715.968,18.854,17.545,18.362,11.508,6.704,6.811,18.948,-2.644,4.298,-0.36,3.355,0.99,0.491,6.036,11.658,4.697,-0.094,20.189,14.556,17.905,15.499,16.555,2.732,41.902,49.019,45.648,43.127,26.801,0.0,mid,0.39,0.35,0.438,0.262,-462.252,345.526,1209.671,343.97,0.663,1.618,0.408,Luchun-Tense,0.409765142150803,3757341785119274640
Luchun_F1,1,F,Luchun,,F1_de-33_01,188.91,650.444,461.534,5,e-33,Vowel,ø,Lax,Oral,33.0,1.0,Mid,33,Unaspirated,Oral,185.332,185.383,185.877,186.458,338.343,83.618,2018.087,52.388,2686.933,191.674,3949.859,547.316,340.703,2107.749,3252.798,4788.104,17.749,14.678,19.546,7.236,-0.43,9.682,19.533,3.147,6.136,7.088,-4.918,-1.066,-1.797,7.442,19.976,-2.446,-1.784,11.531,11.613,7.59,22.667,15.743,1.943,39.835,53.016,50.572,49.029,27.889,0.895,mid,0.502,0.454,0.534,0.431,-358.97,420.925,1019.864,418.6,0.791,1.938,0.41,Luchun-Lax,0.408152734778122,2520546948065171086
Luchun_F1,1,F,Luchun,,F1_de-33_02,147.748,572.61,424.862,5,e-33,Vowel,ø,Lax,Oral,33.0,1.0,Mid,33,Unaspirated,Oral,179.191,179.228,179.274,179.553,347.327,138.225,1986.004,222.385,2667.652,63.198,4060.798,850.91,520.81,2434.321,2947.036,4822.483,18.566,15.893,17.528,1.195,-0.242,8.56,17.526,0.508,-0.793,-0.707,4.373,7.714,1.038,14.698,17.769,-7.365,1.039,15.385,19.358,16.599,14.192,8.179,1.681,36.948,49.238,46.432,45.256,28.335,0.0,mid,0.459,0.419,0.493,0.406,-429.374,360.844,1156.78,358.58,0.745,1.775,0.421,Luchun-Lax,0.419718309859155,8726488032651860289
Luchun_F1,1,F,Luchun,,F1_de31_01,106.382,533.656,427.274,5,e31,Vowel,e,Lax,Oral,31.0,2.0,Mid,31,Unaspirated,Oral,152.85,152.888,155.036,153.669,599.175,160.316,2175.772,251.702,2815.293,225.449,4183.649,1135.526,613.558,2386.606,2924.855,4935.328,16.863,16.231,19.305,16.502,21.469,-1.143,21.468,-2.546,4.283,-4.493,0.76,-6.474,-2.443,-0.271,-2.164,17.646,-4.605,18.778,12.58,20.724,16.102,22.706,3.093,36.121,37.776,35.584,33.042,24.125,0.633,low,0.482,0.426,0.495,0.415,-202.963,321.712,649.101,318.986,0.915,2.299,0.398,Luchun-Lax,0.397999130056546,-6925900315866781763
Luchun_F1,1,F,Luchun,,F1_de31_02,122.422,507.342,384.92,5,e31,Vowel,e,Lax,Oral,31.0,2.0,Mid,31,Unaspirated,Oral,153.107,152.876,154.203,154.011,591.347,196.199,2198.189,243.394,2849.796,244.739,3998.1,647.142,615.954,2357.599,3037.418,5200.834,15.792,15.149,17.743,14.879,18.415,-2.638,18.413,-5.505,3.486,-5.061,-1.719,-7.975,-1.951,0.269,-0.672,17.518,-2.621,20.654,12.306,20.21,17.51,23.124,1.98,39.241,40.387,38.436,35.949,24.032,0.708,low,0.474,0.418,0.481,0.406,-183.613,316.395,550.195,313.733,1.033,2.391,0.449,Luchun-Lax,0.432036804684233,5207275349283664787
Luchun_F1,1,F,Luchun,,F1_de33_01,112.234,478.829,366.595,5,e33,Vowel,e,Lax,Oral,33.0,1.0,Mid,33,Unaspirated,Oral,167.298,167.08,167.23,168.608,671.041,241.928,2122.837,118.687,2889.719,123.015,3861.747,993.283,575.182,2443.079,3178.256,5062.278,18.891,18.206,21.976,18.881,18.427,-2.44,18.371,-5.961,2.194,-8.129,1.006,-3.739,-3.085,-0.675,3.549,21.321,0.52,24.169,16.697,26.335,17.885,21.945,4.31,39.911,41.623,37.654,34.183,23.261,0.847,mid,0.439,0.386,0.462,0.27,-300.068,296.175,811.221,294.56,0.889,1.88,0.474,Luchun-Lax,0.472872340425532,7840237332936975901
Luchun_F1,1,F,Luchun,,F1_de33_02,167.159,521.128,353.969,5,e33,Vowel,e,Lax,Oral,33.0,1.0,Mid,33,Unaspirated,Oral,163.801,163.68,163.987,164.419,691.769,277.324,2097.352,69.406,2898.414,151.899,4481.036,811.79,579.016,2185.223,3099.259,4974.356,18.514,17.962,23.779,21.373,20.519,1.672,20.517,-4.644,8.071,-3.941,0.729,-5.596,-5.265,-3.411,3.26,19.7,-2.003,22.609,10.443,21.903,17.786,23.558,5.599,43.453,44.347,39.684,35.965,24.337,0.648,mid,0.484,0.401,0.496,0.242,-244.878,344.314,721.868,342.836,0.966,1.402,0.302,Luchun-Lax,0.689015691868759,-4908363172950914845
Luchun_F1,1,F,Luchun,,F1_de55_01,153.289,626.971,473.682,5,e55,Vowel,e,Lax,Oral,55.0,1.0,High,55,Unaspirated,Oral,189.821,189.897,189.698,189.585,634.078,174.619,2049.809,96.24,2780.789,305.218,4596.134,321.324,644.449,2214.106,3467.525,4985.304,16.817,15.925,11.146,6.994,12.687,4.061,16.57,-7.18,7.092,-3.077,-0.991,-6.015,5.672,8.931,-1.542,2.933,0.248,23.107,9.725,19.002,17.808,21.94,1.692,40.502,43.199,39.499,37.326,24.963,0.0,high,0.556,0.511,0.591,0.477,-228.737,390.841,586.244,388.333,0.806,1.437,0.349,Luchun-Lax,0.56089074460682,-2395199392459450864
Luchun_F1,1,F,Luchun,,F1_de55_02,107.912,504.23,396.318,5,e55,Vowel,e,Lax,Oral,55.0,1.0,High,55,Unaspirated,Oral,185.928,185.941,186.157,187.717,626.107,270.227,1969.943,93.329,2888.206,313.206,4655.369,311.691,617.628,2132.497,3275.68,4881.521,18.265,17.382,10.878,6.785,12.185,3.077,15.288,-8.501,6.227,-4.584,-0.009,-1.579,7.387,10.597,-1.307,3.708,2.977,25.886,12.038,21.967,18.274,18.961,1.711,36.202,39.805,36.445,34.737,24.403,0.0,high,0.52,0.482,0.561,0.446,-241.784,307.329,631.367,304.93,0.707,1.243,0.304,Luchun-Lax,0.568785197103781,2379334676726726131
Luchun_F1,1,F,Luchun,,F1_do_31_01,229.051,552.547,323.496,5,o_31,Vowel,o,Tense,Oral,31.0,2.0,Mid,31,Unaspirated,Oral,151.936,151.819,152.203,152.158,365.733,70.77,883.891,176.726,2582.806,114.305,4110.519,161.419,633.451,2562.519,4188.592,,16.396,14.528,26.524,15.906,13.916,13.166,21.911,2.021,12.578,-0.104,-5.711,14.961,-10.127,-1.378,12.607,2.741,-5.514,12.523,3.818,14.632,22.107,-0.433,8.078,48.699,51.548,56.703,56.028,30.222,0.814,low,0.5,0.456,0.526,0.47,-287.262,392.404,973.928,389.308,0.95,2.439,0.389,Luchun-Tense,0.38950389503895,3638632127954275093
Luchun_F1,1,F,Luchun,,F1_do_31_02,163.126,473.897,310.771,5,o_31,Vowel,o,Tense,Oral,31.0,2.0,Mid,31,Unaspirated,Oral,146.309,146.133,147.51,146.523,354.21,68.2,881.734,89.927,2716.882,150.925,4122.166,198.018,738.977,2648.811,4215.228,4419.752,15.128,13.275,25.523,15.003,13.488,13.193,21.119,1.811,15.708,3.568,-8.432,14.85,-10.396,-1.728,12.036,1.81,-5.991,11.482,-0.58,9.707,23.559,-1.575,6.236,27.294,33.257,39.317,40.125,23.982,0.72,low,0.519,0.464,0.54,0.498,-214.392,320.703,781.644,317.288,0.972,2.637,0.368,Luchun-Tense,0.368600682593857,8087022174328955183
Luchun_F1,1,F,Luchun,,F1_do_33_01,162.544,546.419,383.875,5,o_33,Vowel,o,Tense,Oral,33.0,1.0,Mid,33,Unaspirated,Oral,179.139,179.099,179.139,179.553,388.211,109.227,879.27,55.852,2662.489,97.11,4101.207,274.078,819.462,2774.612,4472.541,,17.337,14.902,22.58,6.268,15.382,13.549,22.578,2.191,19.627,6.312,-2.762,19.084,-5.242,8.634,7.197,-7.281,-5.241,12.738,-2.289,8.59,20.099,-4.182,5.254,40.637,47.647,54.341,55.547,31.528,0.0,mid,0.515,0.486,0.568,0.47,-353.538,355.735,999.252,353.11,0.582,1.979,0.293,Luchun-Tense,0.294087923193532,-1665125465759170885
Luchun_F1,1,F,Luchun,,F1_do_33_02,181.129,502.384,321.255,5,o_33,Vowel,o,Tense,Oral,33.0,1.0,Mid,33,Unaspirated,Oral,172.679,172.622,173.292,172.904,474.839,158.158,922.312,149.774,2718.954,122.975,4129.142,158.389,755.28,2768.138,4380.516,4898.849,15.723,14.205,17.721,10.088,12.304,5.957,20.793,-3.271,14.442,-2.981,-4.663,12.973,-1.998,4.118,5.418,4.131,-5.07,17.517,1.281,17.186,20.385,1.232,3.104,44.206,48.698,56.743,57.457,31.828,0.0,mid,0.461,0.426,0.536,0.371,-298.48,342.118,931.853,339.97,0.479,2.187,0.22,Luchun-Tense,0.219021490626429,420498471074927079
Luchun_F1,1,F,Luchun,,F1_do+_31_02,134.165,404.164,269.999,5,o+_31,Vowel,ɔ,Tense,Oral,31.0,2.0,Mid,31,Unaspirated,Oral,150.004,149.973,150.692,150.441,635.095,107.559,1169.464,181.396,3015.669,77.312,3855.638,280.851,729.883,1165.861,3173.163,5193.243,12.617,11.968,17.248,14.437,26.964,5.649,26.962,0.322,16.26,-4.543,-0.607,10.888,-4.631,-2.469,-9.715,8.788,-14.345,11.686,-3.643,16.511,13.224,1.08,8.665,39.709,33.185,37.795,36.547,24.77,0.648,low,0.551,0.485,0.576,0.494,-194.887,271.108,797.962,267.82,0.85,3.374,0.253,Luchun-Tense,0.251926496739775,-2108745158138608229
Luchun_F1,1,F,Luchun,,F1_do+_33_01,177.235,468.312,291.077,5,o+_33,Vowel,ɔ,Tense,Oral,33.0,1.0,Mid,33,Unaspirated,Oral,163.81,163.967,163.989,164.108,644.253,117.438,1027.201,151.223,3110.412,239.709,3867.283,244.956,799.785,1061.977,3391.856,4685.719,13.469,12.661,18.477,14.937,27.034,-0.021,27.033,-0.75,20.477,-3.055,-5.636,9.796,-5.008,-2.276,-8.558,14.959,-13.564,13.527,-7.008,15.716,19.105,2.865,9.663,36.601,31.607,36.306,36.497,25.268,0.611,mid,0.49,0.436,0.557,0.352,-263.19,323.037,983.397,320.887,0.516,2.578,0.202,Luchun-Tense,0.200155159038014,548731744617303677
Luchun_F1,1,F,Luchun,,F1_do+31_02,184.332,651.323,466.991,5,o+31,Vowel,ɔ,Lax,Oral,31.0,2.0,Mid,31,Unaspirated,Oral,148.19,148.042,149.35,148.863,522.863,430.049,1171.036,277.79,2935.001,351.611,3853.787,397.205,801.243,1520.334,3489.841,5435.828,15.707,14.85,17.593,13.658,17.101,-0.524,15.99,-8.647,10.201,-7.046,-11.804,1.532,-1.886,1.192,0.491,14.182,-0.283,23.521,5.505,21.897,27.511,13.318,1.955,37.926,34.077,37.232,36.531,23.37,0.662,low,0.493,0.414,0.483,0.283,-280.516,417.98,843.67,416.066,1.159,2.421,0.479,Luchun-Lax,0.478727798430401,-5196376830475491211
Luchun_F1,1,F,Luchun,,F1_do+33_01,172.984,574.397,401.413,5,o+33,Vowel,ɔ,Lax,Oral,33.0,1.0,Mid,33,Unaspirated,Oral,165.195,165.195,165.621,164.962,717.114,389.809,1190.616,619.543,2845.498,194.586,3894.345,245.073,784.098,1660.642,3775.762,5604.711,17.359,16.674,20.719,17.749,24.164,1.913,23.081,-4.882,12.798,-10.406,-4.773,3.201,-3.36,-1.075,-3.444,15.836,-5.721,21.608,4.561,27.08,22.133,13.473,6.761,44.447,39.133,41.661,40.109,27.211,0.779,mid,0.468,0.412,0.493,0.353,-329.192,374.578,926.617,372.441,0.973,2.094,0.465,Luchun-Lax,0.464660936007641,1348107712037316240
Luchun_F1,1,F,Luchun,,F1_do+33_02,131.868,472.579,340.711,5,o+33,Vowel,ɔ,Lax,Oral,33.0,1.0,Mid,33,Unaspirated,Oral,164.104,164.018,164.701,164.208,780.356,367.131,1325.471,558.536,2923.335,120.792,3821.087,267.583,793.771,1042.69,3160.528,5262.681,16.099,15.542,18.712,16.333,21.504,7.306,17.679,-10.814,4.852,-18.587,-5.019,-0.104,-2.613,-0.792,-2.792,9.028,-1.58,26.398,11.248,34.128,21.118,15.645,4.134,44.532,40.17,43.712,41.929,26.124,0.873,mid,0.476,0.421,0.485,0.356,-304.417,303.607,801.123,301.438,1.044,1.942,0.538,Luchun-Lax,0.537590113285273,-932980588284536418
Luchun_F1,1,F,Luchun,,F1_do+55_01,120.93,539.038,418.108,5,o+55,Vowel,ɔ,Lax,Oral,55.0,1.0,High,55,Unaspirated,Oral,195.805,195.91,196.104,196.08,664.411,148.995,1162.728,90.882,2987.107,225.654,3699.09,668.631,786.794,1081.24,3275.216,5420.905,19.13,18.084,14.937,10.164,22.819,9.475,24.577,-1.862,19.223,-2.015,-3.808,7.867,4.194,7.921,-7.882,0.688,-5.447,20.008,-0.092,20.099,22.938,10.217,9.116,40.986,37.728,44.909,44.79,26.521,0.0,high,0.51,0.467,0.561,0.424,-314.413,330.7,847.828,328.536,0.71,1.855,0.389,Luchun-Lax,0.382749326145553,8142303692903895761
Luchun_F1,1,F,Luchun,,F1_do+55_02,102.511,587.196,484.685,5,o+55,Vowel,ɔ,Lax,Oral,55.0,1.0,High,55,Unaspirated,Oral,206.126,206.115,206.862,205.495,681.034,172.774,1217.641,188.041,2891.003,187.232,3589.162,230.248,755.112,1214.493,3347.751,5529.034,17.78,16.686,14.041,9.003,19.568,7.625,24.36,-1.893,11.181,-9.618,-5.331,3.769,3.738,7.683,-5.527,1.378,-6.58,18.627,6.599,26.304,23.11,12.917,6.398,44.967,41.192,46.153,44.464,26.674,0.0,high,0.569,0.532,0.656,0.467,-317.339,345.117,822.718,342.85,0.643,1.896,0.343,Luchun-Lax,0.339135021097046,8517235037092119887
Luchun_F1,1,F,Luchun,,F1_do31_01,251.9,750.786,498.886,5,o31,Vowel,o,Lax,Oral,31.0,2.0,Mid,31,Unaspirated,Oral,154.39,154.299,155.757,154.895,342.101,97.817,905.125,215.425,2629.816,205.92,4398.217,654.705,699.749,2653.026,4489.781,5044.053,15.902,13.772,20.24,7.035,7.965,9.262,19.74,1.08,8.682,-2.467,-12.991,8.465,-4.338,6.737,12.275,-2.227,-3.838,12.706,7.221,16.239,28.894,5.307,2.212,24.57,31.621,37.922,39.813,22.432,0.679,low,0.474,0.403,0.479,0.262,-337.55,502.042,912.835,500.34,1.083,2.079,0.524,Luchun-Lax,0.520923520923521,2900944534713008413
Luchun_F1,1,F,Luchun,,F1_do31_02,113.667,520.882,407.215,5,o31,Vowel,o,Lax,Oral,31.0,2.0,Mid,31,Unaspirated,Oral,153.827,153.696,155.127,154.83,329.686,83.033,801.675,441.072,2644.186,197.324,3988.705,505.491,541.096,2603.546,4511.861,4504.783,16.154,13.786,21.839,6.815,9.592,8.951,21.783,3.477,2.797,-9.381,-11.087,14.352,-5.685,6.972,12.247,-2.136,-5.629,10.334,13.357,23.167,27.24,-0.566,2.612,37.509,42.082,45.841,46.229,25.511,0.872,low,0.473,0.397,0.477,0.253,-327.345,317.472,904.368,315.826,1.114,2.196,0.508,Luchun-Lax,0.507285974499089,-5818514160387658503
Luchun_F1,1,F,Luchun,,F1_do33_01,207.723,658.044,450.321,5,o33,Vowel,o,Lax,Oral,33.0,1.0,Mid,33,Unaspirated,Oral,195.269,195.393,195.72,196.08,360.924,165.967,892.655,243.219,2580.081,331.418,4620.899,241.771,750.639,2774.076,4675.614,4759.291,20.343,16.955,21.687,6.868,13.334,11.683,21.671,3.14,11.707,0.36,-10.616,11.44,-1.343,10.087,8.353,-4.815,-1.328,13.835,8.636,16.595,30.96,5.515,4.158,36.78,41.045,46.063,47.011,26.755,0.0,mid,0.497,0.458,0.551,0.299,-442.692,432.762,1097.426,431.232,0.722,1.607,0.449,Luchun-Lax,0.449284380833852,3893192965538755310
Luchun_F1,1,F,Luchun,,F1_do33_02,90.107,509.686,419.579,5,o33,Vowel,o,Lax,Oral,33.0,1.0,Mid,33,Unaspirated,Oral,193.046,193.106,193.546,193.733,372.225,217.911,942.492,108.266,2690.345,215.238,4586.498,233.982,867.54,2789.76,4653.68,4792.81,18.62,15.536,18.71,1.317,12.02,12.568,18.709,-0.262,14.255,2.98,-10.138,11.908,-0.09,14.218,6.69,-11.251,-0.089,15.816,4.365,12.555,28.758,3.627,2.882,27.817,36.729,45.208,47.489,27.786,0.0,mid,0.503,0.451,0.584,0.258,-336.105,299.662,1027.809,298.325,0.577,2.043,0.286,Luchun-Lax,0.282427802251591,-9077461579339032728
Luchun_F1,1,F,Luchun,,F1_do55_01,135.273,613.73,478.457,5,o55,Vowel,o,Lax,Oral,55.0,1.0,High,55,Unaspirated,Oral,200.95,200.922,200.804,202.725,318.54,161.803,887.972,220.488,2668.456,511.503,4501.349,246.228,692.72,2590.448,4385.969,4569.572,19.033,14.385,17.834,11.719,10.439,10.795,8.6,-7.202,9.308,0.705,-16.899,8.792,1.199,2.666,7.395,0.925,10.433,21.604,9.725,13.681,35.932,5.593,2.206,36.492,40.691,45.545,46.447,24.142,0.0,high,0.525,0.49,0.585,0.447,-374.658,375.124,947.756,372.897,0.705,1.825,0.387,Luchun-Lax,0.386301369863014,-616029125517546500
Luchun_F1,1,F,Luchun,,F1_do55_02,121.489,542.168,420.679,5,o55,Vowel,o,Lax,Oral,55.0,1.0,High,55,Unaspirated,Oral,196.772,196.778,196.919,196.597,366.946,141.285,959.056,99.75,2614.281,530.767,4488.802,254.828,632.344,2116.297,4163.764,4530.892,16.956,13.717,19.233,3.586,10.849,12.084,19.232,0.54,12.058,1.264,-15.947,4.751,-2.277,10.13,8.384,-8.498,-2.276,13.192,4.898,12.453,32.903,8.965,2.235,37.129,42.124,48.114,50.074,26.369,0.0,high,0.528,0.484,0.581,0.455,-319.701,332.952,909.193,330.641,0.699,1.888,0.37,Luchun-Lax,0.370233050847458,7082494657671350976
Luchun_F1,1,F,Luchun,,F1_dze_33_01,247.142,580.525,333.383,5,e_33,Vowel,e,Tense,Oral,33.0,1.0,Mid,33,Unaspirated,Oral,162.184,162.24,162.278,162.364,615.897,61.198,2212.508,194.391,2902.678,191.005,4036.446,463.666,645.009,2337.082,3135.361,5233.622,17.115,16.439,22.92,19.894,27.678,9.268,27.676,3.736,14.284,5.875,10.744,4.328,-5.805,-3.455,-4.758,10.626,-10.561,12.705,2.831,10.564,6.371,12.112,12.317,47.674,47.942,43.986,40.953,30.804,0.518,mid,0.558,0.518,0.595,0.514,-376.383,415.719,1220.373,412.548,0.732,2.557,0.288,Luchun-Tense,0.286272976143919,-8817456838568207947
Luchun_F1,1,F,Luchun,,F1_dze_33_02,276.3,612.489,336.189,5,e_33,Vowel,e,Tense,Oral,33.0,1.0,Mid,33,Unaspirated,Oral,159.295,159.244,159.535,159.912,612.09,70.586,2246.026,86.093,3026.151,175.351,4272.364,638.532,632.003,2284.789,3163.898,5198.218,17.436,16.776,23.713,20.764,28.028,8.399,28.027,4.109,18.959,10.966,10.617,6.279,-6.277,-3.988,-4.316,12.366,-10.591,12.669,-1.523,5.81,6.819,10.498,13.677,48.847,50.237,47.954,45.436,31.22,0.525,mid,0.537,0.486,0.547,0.463,-312.272,446.198,922.99,443.292,1.216,2.456,0.502,Luchun-Tense,0.495114006514658,2076995152219020197
Luchun_F1,1,F,Luchun,,F1_dze33_01,137.453,449.891,312.438,5,e33,Vowel,e,Lax,Oral,33.0,1.0,Mid,33,Unaspirated,Oral,164.593,164.439,164.395,164.419,633.76,188.079,2100.134,205.036,2806.599,235.346,3917.417,571.549,657.307,2233.252,3066.305,5293.597,21.03,20.36,21.56,18.572,24.714,4.88,24.713,0.534,11.807,1.906,4.816,-1.56,-0.53,1.789,-3.154,13.692,-3.683,19.828,9.223,18.455,16.215,21.92,8.334,38.132,39.642,36.988,35.386,26.269,0.832,mid,0.41,0.382,0.436,0.356,-556.621,295.09,1179.505,292.923,1.059,1.596,0.659,Luchun-Lax,0.663533834586466,8932064559229757007
Luchun_F1,1,F,Luchun,,F1_dze33_02,184.761,503.64,318.879,5,e33,Vowel,e,Lax,Oral,33.0,1.0,Mid,33,Unaspirated,Oral,162.742,162.738,163.13,162.919,652.047,164.808,2019.361,240.303,2721.291,459.202,3873.015,439.242,669.213,2116.507,3321.315,5378.782,20.126,19.505,22.058,19.317,25.877,1.42,25.875,1.3,10.503,-0.701,1.351,-5.609,-1.932,0.188,-3.819,17.897,-5.749,18.207,9.622,20.206,18.775,25.114,9.772,46.525,45.608,41.243,38.185,26.982,0.795,mid,0.416,0.369,0.431,0.356,-417.649,345.296,1130.592,343.11,0.983,1.786,0.549,Luchun-Lax,0.550391937290034,-8961236115910502426
Luchun_F1,1,F,Luchun,,F1_dzii_31_01,253.127,526.839,273.712,5,ii_31,Vowel,ɿ,Tense,Oral,31.0,2.0,Mid,31,Unaspirated,Oral,165.02,164.811,165.737,165.36,417.665,103.93,1613.515,82.138,2769.807,177.609,3689.025,1046.346,1432.922,2780.814,5011.682,5260.763,17.806,16.223,21.854,12.953,7.05,9.124,13.412,-7.121,10.374,3.389,0.752,9.045,-4.048,3.27,14.805,3.829,4.394,23.346,7.432,12.834,17.054,7.178,4.071,33.36,38.567,35.704,33.495,24.601,0.0,low,0.481,0.44,0.491,0.409,-438.203,391.449,1112.811,388.971,1.11,1.981,0.557,Luchun-Tense,0.560323069156991,-1688763418816241136
Luchun_F1,1,F,Luchun,,F1_dzii_31_02,213.449,517.781,304.332,5,ii_31,Vowel,ɿ,Tense,Oral,31.0,2.0,Mid,31,Unaspirated,Oral,163.333,163.242,164.431,163.538,442.018,87.969,1611.882,57.065,2778.728,104.971,4014.963,546.638,404.818,1653.153,2908.209,5164.317,16.57,15.175,20.514,13.131,7.742,7.926,20.275,-1.103,9.972,1.812,1.239,9.156,-3.944,2.044,12.772,5.205,-3.706,16.281,6.597,13.363,15.331,6.019,3.642,36.156,41.816,39.715,38.329,26.621,0.0,low,0.465,0.422,0.501,0.369,-362.504,366.555,971.069,364.29,0.89,2.229,0.4,Luchun-Tense,0.399282189322566,3219947597771250365
Luchun_F1,1,F,Luchun,,F1_dzii_33_01,259.313,549.347,290.034,5,ii_33,Vowel,ɿ,Tense,Oral,33.0,1.0,Mid,33,Unaspirated,Oral,180.567,180.53,180.946,180.999,364.321,130.977,1476.608,114.968,2792.343,211.021,4679.846,410.734,1319.545,2705.133,4770.512,,19.13,16.574,20.95,3.064,6.847,13.722,20.949,2.966,10.425,4.783,-0.32,13.516,-1.82,13.51,14.104,-10.658,-1.818,13.611,8.706,11.791,19.451,3.058,3.043,30.96,37.986,39.103,40.169,27.447,0.0,mid,0.506,0.482,0.56,0.48,-444.33,405.798,1141.729,403.136,0.595,1.821,0.327,Luchun-Tense,0.326743547501373,5991794318222046781
Luchun_F1,1,F,Luchun,,F1_dzii_33_02,244.044,534.283,290.239,5,ii_33,Vowel,ɿ,Tense,Oral,33.0,1.0,Mid,33,Unaspirated,Oral,172.726,172.78,173.236,172.904,441.366,150.459,1479.775,208.996,2713.543,97.813,4476.901,784.705,1083.327,2654.732,4808.575,5235.197,17.279,15.676,19.715,10.756,9.298,10.691,11.989,-9.222,5.744,-3.378,0.538,9.834,-2.436,4.92,10.418,0.065,5.291,24.901,11.536,19.054,16.741,5.842,2.623,31.151,37.961,40.77,42.382,28.344,0.0,mid,0.495,0.463,0.552,0.427,-354.125,390.848,1092.003,388.376,0.607,2.056,0.294,Luchun-Tense,0.295233463035019,8123550573840527718
Luchun_F1,1,F,Luchun,,F1_dzii31_01,244.353,602.485,358.132,5,ii31,Vowel,ɿ,Lax,Oral,31.0,2.0,Mid,31,Unaspirated,Oral,157.495,157.22,159.854,158.648,386.545,121.508,1582.948,108.718,2681.06,282.281,4348.949,745.796,1155.631,2425.074,4568.314,5114.587,17.52,15.958,19.57,10.81,7.733,9.572,15.199,-4.98,4.285,-2.789,-7.979,0.448,-2.05,5.147,11.836,1.238,2.321,20.94,13.235,18.747,25.499,15.51,2.22,26.839,33.682,33.926,35.195,23.749,0.0,low,0.483,0.417,0.485,0.314,-306.964,424.425,798.458,422.418,1.135,1.895,0.6,Luchun-Lax,0.598944591029024,484497154395163250
Luchun_F1,1,F,Luchun,,F1_dzii33_01,295.59,580.428,284.838,5,ii33,Vowel,ɿ,Lax,Oral,33.0,1.0,Mid,33,Unaspirated,Oral,177.124,176.953,177.379,177.309,479.17,188.534,1583.658,183.354,2726.306,166.234,4558.192,346.641,689.267,1657.906,3188.775,4906.728,21.1,19.698,17.802,10.425,9.576,9.236,17.11,-4.995,1.768,-7.899,-4.28,2.217,3.298,9.273,8.225,1.189,3.989,24.696,19.332,27.597,25.38,17.481,3.107,27.674,35.775,36.63,37.145,24.84,0.0,mid,0.504,0.438,0.525,0.291,-350.383,438.454,985.462,436.808,0.81,1.976,0.412,Luchun-Lax,0.409919028340081,-4161777464770123386
Luchun_F1,1,F,Luchun,,F1_dzii33_02,280.948,549.005,268.057,5,ii33,Vowel,ɿ,Lax,Oral,33.0,1.0,Mid,33,Unaspirated,Oral,171.19,171.203,172.328,172.764,480.039,109.166,1642.4,106.344,2753.93,169.679,4418.061,865.708,486.346,1744.763,2860.016,5244.134,20.209,18.932,19.248,12.738,10.838,9.393,20.889,-1.394,6.293,-3.134,0.654,6.07,0.96,6.194,8.41,3.346,-0.68,20.329,13.916,22.066,19.555,12.862,3.913,30.2,36.662,36.087,35.0,24.375,0.0,mid,0.471,0.419,0.503,0.292,-356.458,415.396,995.047,413.688,0.834,1.852,0.45,Luchun-Lax,0.450323974082073,6357952919120731736
Luchun_F1,1,F,Luchun,,F1_dzii55_01,307.147,745.705,438.558,5,ii55,Vowel,ɿ,Lax,Oral,55.0,1.0,High,55,Unaspirated,Oral,200.378,200.342,200.532,202.144,312.742,200.437,1600.724,71.958,2781.425,280.416,4560.491,215.498,1383.979,2453.001,4625.5,,20.478,16.063,17.69,13.204,5.766,17.778,8.204,-6.637,7.525,6.039,-8.78,5.764,2.788,2.859,11.923,-4.574,12.274,22.701,12.953,10.023,29.257,10.299,2.461,30.353,36.405,37.915,39.158,25.557,0.0,high,0.513,0.482,0.573,0.461,-354.49,527.434,875.101,525.13,0.613,1.595,0.385,Luchun-Lax,0.384326018808777,-5336212254503418351
Luchun_F1,1,F,Luchun,,F1_dzii55_02,171.817,532.604,360.787,5,ii55,Vowel,ɿ,Lax,Oral,55.0,1.0,High,55,Unaspirated,Oral,194.42,194.335,194.334,195.422,298.394,158.976,1631.471,103.583,2714.83,298.256,4490.939,109.01,1467.412,2174.577,4517.538,,17.04,12.56,14.054,10.125,-0.56,11.958,4.642,-9.549,1.305,0.781,-11.847,1.544,2.986,2.435,14.614,-1.833,12.399,22.11,15.736,11.779,28.887,11.016,1.056,26.636,34.679,36.115,38.431,23.483,0.0,high,0.523,0.487,0.573,0.457,-270.45,353.442,730.006,351.093,0.605,1.828,0.332,Luchun-Lax,0.330962800875274,-8165107073473131009
Luchun_F1,1,F,Luchun,,F1_dzji_31_01,202.125,520.478,318.353,5,i_31,Vowel,i,Tense,Oral,31.0,2.0,Mid,31,Unaspirated,Oral,161.9,161.84,162.392,162.992,321.626,49.63,2562.595,155.327,3166.419,157.161,4169.626,215.085,2717.47,3581.248,4778.242,4925.42,13.596,11.093,18.727,2.943,1.353,10.336,18.726,2.889,4.669,11.031,3.221,7.523,-5.131,8.149,17.374,-7.393,-5.13,8.204,8.927,0.061,10.375,3.57,1.329,39.793,53.05,52.632,48.066,29.727,0.624,low,0.5,0.455,0.52,0.432,-392.722,362.553,1184.212,359.881,1.103,2.264,0.489,Luchun-Tense,0.487190812720848,-5789752158493977241
Luchun_F1,1,F,Luchun,,F1_dzji_31_02,176.569,458.692,282.123,5,i_31,Vowel,i,Tense,Oral,31.0,2.0,Mid,31,Unaspirated,Oral,151.903,151.853,152.263,299.331,300.983,12.979,2571.528,78.069,3181.416,126.473,4271.485,261.762,296.671,2686.624,3622.567,4891.063,13.881,11.386,23.293,8.524,-0.152,8.977,23.292,8.444,4.672,12.096,1.108,6.691,-9.411,2.862,23.445,-0.453,-9.41,2.942,9.209,-0.71,12.774,4.695,2.652,39.089,51.723,53.828,49.971,28.947,0.357,low,0.531,0.464,0.533,0.439,-261.926,319.055,977.469,316.165,1.098,2.67,0.41,Luchun-Tense,0.41123595505618,2451588474004062166
Luchun_F1,1,F,Luchun,,F1_dzji31_01,233.734,632.582,398.848,5,i31,Vowel,i,Lax,Oral,31.0,2.0,Mid,31,Unaspirated,Oral,141.245,141.744,144.114,142.952,287.166,33.706,2604.237,151.924,3176.809,78.25,4337.953,322.715,295.131,2893.37,3587.558,5023.56,17.242,14.899,22.906,8.589,-0.8,7.819,22.903,8.524,-3.532,4.486,-2.753,2.659,-5.663,6.31,23.705,0.77,-5.661,6.374,20.774,10.412,19.995,12.239,2.246,18.811,33.347,35.426,31.987,18.539,0.688,low,0.438,0.358,0.43,0.249,-360.52,433.987,1042.573,432.217,1.272,2.301,0.552,Luchun-Lax,0.552803129074316,-4968657964205588900
Luchun_F1,1,F,Luchun,,F1_dzji31_02,232.142,559.233,327.091,5,i31,Vowel,i,Lax,Oral,31.0,2.0,Mid,31,Unaspirated,Oral,140.136,140.046,142.159,141.2,287.268,42.118,2406.84,391.414,3109.148,115.258,4262.664,155.264,647.882,3038.713,4172.995,4818.496,15.147,12.832,20.816,6.595,-3.024,5.415,20.814,6.442,-3.953,2.856,-0.511,6.144,-5.669,6.237,23.84,1.18,-5.667,6.391,19.1,9.976,15.658,6.687,1.412,26.733,39.982,38.417,33.471,19.066,0.776,low,0.448,0.366,0.418,0.293,-304.538,396.825,894.37,394.713,1.532,2.176,0.707,Luchun-Lax,0.704044117647059,-8050883633797968423
Luchun_F1,1,F,Luchun,,F1_dzu_31_01,233.208,513.988,280.78,5,u_31,Vowel,u,Tense,Oral,31.0,2.0,Mid,31,Unaspirated,Oral,178.172,178.171,179.357,178.431,403.318,149.355,1578.697,481.408,2688.016,158.565,4116.051,406.654,676.46,2600.374,4472.907,5144.656,21.742,19.706,24.963,11.488,11.276,16.083,24.809,5.192,4.895,-1.333,4.451,12.944,-3.221,8.218,13.687,-4.595,-3.067,14.516,16.847,21.04,17.291,6.762,6.844,28.917,39.331,41.711,43.328,30.526,0.0,low,0.502,0.469,0.554,0.439,-501.374,374.46,1467.593,372.0,0.694,2.011,0.346,Luchun-Tense,0.345101939333665,316955107748608005
Luchun_F1,1,F,Luchun,,F1_dzu_31_02,195.44,480.413,284.973,5,u_31,Vowel,u,Tense,Oral,31.0,2.0,Mid,31,Unaspirated,Oral,163.129,162.909,163.354,163.609,407.676,97.363,1459.284,196.493,2692.234,119.128,4035.472,545.327,870.42,2523.663,4382.808,4568.037,17.949,16.33,25.044,15.928,13.189,15.07,15.196,-5.211,8.469,0.223,3.457,13.587,-7.096,0.403,11.856,0.857,2.753,21.544,9.48,16.107,14.492,2.743,6.369,33.215,38.967,41.901,42.101,30.611,0.848,low,0.497,0.454,0.523,0.463,-472.099,339.242,1404.252,336.403,0.882,2.114,0.417,Luchun-Tense,0.417218543046358,-3958800752145382944
Luchun_F1,1,F,Luchun,,F1_dzu31_01,198.895,592.337,393.442,5,u31,Vowel,u,Lax,Oral,31.0,2.0,Mid,31,Unaspirated,Oral,149.96,150.014,152.984,151.632,379.744,82.88,1160.948,275.788,2600.311,164.652,3991.647,207.065,606.676,2576.758,4370.102,4610.388,19.68,18.089,25.561,16.869,13.451,13.941,18.979,-1.185,7.198,-3.229,-2.289,12.163,-5.881,1.22,12.11,2.929,0.7,19.279,12.482,21.318,21.968,5.926,7.521,28.326,33.146,34.096,33.93,23.385,0.386,low,0.427,0.362,0.437,0.268,-545.303,396.389,1455.138,394.592,1.225,1.988,0.617,Luchun-Lax,0.616197183098592,-5989091798510826752
Luchun_F1,1,F,Luchun,,F1_dzu31_02,219.919,597.743,377.824,5,u31,Vowel,u,Lax,Oral,31.0,2.0,Mid,31,Unaspirated,Oral,154.324,154.12,156.249,155.131,406.655,98.752,1281.149,372.558,2614.344,196.746,4026.269,461.862,517.37,1873.419,3367.763,4730.548,21.787,20.35,24.832,17.249,13.133,12.756,24.463,3.401,7.324,-2.982,-1.644,9.121,-3.044,3.102,11.698,4.492,-2.676,16.954,14.464,23.333,23.432,11.229,8.818,32.51,35.249,35.948,35.062,24.899,0.0,low,0.423,0.362,0.429,0.255,-544.948,409.364,1385.635,407.702,1.168,1.811,0.648,Luchun-Lax,0.644947542794036,5272055209933017658
Luchun_F1,1,F,Luchun,,F1_gu_31_01,151.055,518.607,367.552,5,u_31,Vowel,u,Tense,Oral,31.0,2.0,Mid,31,Unaspirated,Oral,157.165,157.252,157.32,156.351,319.004,33.365,805.975,135.604,2578.077,297.161,4305.725,444.379,607.979,2594.483,4277.413,,16.06,13.377,26.309,9.347,11.179,12.268,26.307,9.235,12.337,1.509,-7.994,16.743,-10.249,4.03,15.13,-2.921,-10.247,4.159,3.723,11.868,24.053,-3.366,5.727,29.079,35.225,39.22,40.331,24.191,0.582,low,0.5,0.458,0.523,0.442,-501.054,336.321,1515.763,333.505,0.899,2.167,0.415,Luchun-Tense,0.414859252422704,7733175050429621384
Luchun_F1,1,F,Luchun,,F1_gu_31_02,203.349,510.86,307.511,5,u_31,Vowel,u,Tense,Oral,31.0,2.0,Mid,31,Unaspirated,Oral,154.864,154.836,154.795,156.351,325.97,38.012,874.679,172.862,2599.009,180.516,4258.539,230.648,641.951,2602.62,4311.086,,16.097,13.635,27.425,11.364,10.636,12.941,27.423,10.167,9.895,-0.382,-4.029,19.672,-11.329,2.271,16.789,-1.577,-11.327,3.482,6.202,14.018,20.126,-6.037,7.219,29.065,34.952,41.189,42.532,26.296,0.571,low,0.49,0.443,0.503,0.438,-476.924,359.126,1306.484,356.296,1.083,2.142,0.505,Luchun-Tense,0.505602240896359,-6878383339492323453
Luchun_F1,1,F,Luchun,,F1_gu31_01,136.978,499.257,362.279,5,u31,Vowel,u,Lax,Oral,31.0,2.0,Mid,31,Unaspirated,Oral,148.05,148.094,150.739,149.249,337.742,71.215,1023.876,177.909,2383.467,274.147,4071.328,724.436,629.255,2428.826,4214.542,4451.732,18.368,16.381,25.584,13.503,11.938,14.449,25.057,6.892,8.202,-1.428,-9.23,6.801,-7.216,2.878,13.645,-0.946,-6.69,9.494,10.165,17.809,27.597,9.58,5.411,24.131,30.136,33.31,34.421,19.899,0.831,low,0.461,0.378,0.448,0.284,-512.153,318.701,1236.821,316.776,1.246,2.197,0.57,Luchun-Lax,0.567137005006828,933491122390366514
Luchun_F1,1,F,Luchun,,F1_gu31_02,148.974,496.94,347.966,5,u31,Vowel,u,Lax,Oral,31.0,2.0,Mid,31,Unaspirated,Oral,151.852,151.596,153.402,152.678,363.176,74.418,1060.917,98.443,2413.818,282.366,4029.361,317.933,797.759,2529.042,4165.851,4701.773,20.475,18.639,26.484,15.777,11.183,12.8,23.579,4.37,13.025,2.732,-8.274,5.736,-6.009,2.861,15.302,2.977,-3.104,14.273,7.45,15.907,28.749,12.903,8.473,27.096,30.66,32.721,32.903,21.251,0.0,low,0.424,0.36,0.411,0.287,-589.204,324.15,1408.837,322.251,1.279,1.827,0.699,Luchun-Lax,0.700054734537493,3519346622586046921
Luchun_F1,1,F,Luchun,,F1_la_31_01,199.731,468.498,268.767,5,a_31,Vowel,a,Tense,Oral,31.0,2.0,Mid,31,Unaspirated,Oral,140.501,140.661,141.683,140.984,944.046,318.305,1646.083,161.868,2670.661,558.655,3512.808,1988.874,945.318,1653.675,2769.491,5173.278,15.437,15.171,21.481,20.382,18.652,13.606,24.33,-6.124,22.427,-1.86,3.705,-6.061,-6.043,-5.212,2.829,6.776,-8.893,21.307,-6.99,17.03,11.733,21.232,11.57,43.113,38.519,37.184,37.391,28.436,0.831,low,0.629,0.555,0.655,0.65,-126.494,337.178,564.643,332.555,0.863,1.619,0.138,Luchun-Tense,0.533045089561458,-4576354150755767709
Luchun_F1,1,F,Luchun,,F1_la_31_02,180.163,412.86,232.697,5,a_31,Vowel,a,Tense,Oral,31.0,2.0,Mid,31,Unaspirated,Oral,150.342,150.067,151.464,151.004,1017.296,687.875,1685.563,131.88,2783.067,455.28,3740.823,915.976,829.763,1669.915,2936.568,5312.117,16.869,16.577,23.475,22.269,23.999,18.352,21.6,-9.003,22.308,-2.166,3.173,-5.095,-6.606,-5.692,-0.524,3.916,-4.731,25.597,-5.439,18.743,13.696,21.672,11.068,36.184,30.193,29.218,29.759,28.209,0.56,low,0.545,0.496,0.566,0.514,-177.471,298.394,559.131,294.969,1.059,2.409,0.435,Luchun-Tense,0.439601494396015,920397872314929246
Luchun_F1,1,F,Luchun,,F1_la_33_01,290.198,618.166,327.968,5,a_33,Vowel,a,Tense,Oral,33.0,1.0,Mid,33,Unaspirated,Oral,171.147,171.106,171.559,170.859,1031.027,413.188,1684.836,84.703,2960.468,403.681,4483.708,545.02,934.916,1671.37,3287.213,5422.054,21.702,21.363,22.796,21.393,22.44,15.744,22.845,-8.334,22.336,-3.212,6.939,0.801,-1.094,-0.03,0.356,5.65,-1.143,29.729,-0.634,24.575,14.763,20.563,14.839,41.261,35.157,33.776,32.371,28.127,0.814,mid,0.494,0.43,0.528,0.361,-187.766,454.77,629.882,452.66,0.767,1.195,0.238,Luchun-Tense,0.6418410041841,-6655579606326129730
Luchun_F1,1,F,Luchun,,F1_la_33_02,306.563,622.432,315.869,5,a_33,Vowel,a,Tense,Oral,33.0,1.0,Mid,33,Unaspirated,Oral,164.307,164.293,164.657,164.419,951.838,471.925,1608.298,131.338,2878.272,217.321,3772.66,776.701,765.485,1568.44,3152.277,5360.583,21.245,20.884,26.57,25.065,25.198,17.832,17.959,-12.265,17.976,-6.46,4.687,-0.573,-5.325,-4.181,1.372,7.233,3.286,33.172,3.27,27.344,16.558,21.457,14.695,46.942,40.746,36.895,34.194,26.917,0.7,mid,0.435,0.377,0.47,0.293,-193.005,464.977,588.598,463.192,0.881,1.015,0.317,Luchun-Tense,0.867980295566503,3841225872023753174
Luchun_F1,1,F,Luchun,,F1_la33_01,203.033,506.765,303.732,5,a33,Vowel,a,Lax,Oral,33.0,1.0,Mid,33,Unaspirated,Oral,156.809,156.755,157.118,156.351,357.197,207.133,1655.036,131.341,2839.988,211.513,3845.984,492.335,566.108,1635.199,3240.078,5505.572,18.092,16.211,23.265,11.517,18.238,22.948,22.347,4.106,10.455,6.175,-2.472,8.802,-5.173,4.695,5.027,-11.431,-4.255,12.107,7.637,10.036,20.564,7.409,4.236,42.195,38.477,35.13,33.711,22.943,0.679,mid,0.564,0.48,0.536,0.51,-130.974,357.073,419.817,353.827,1.153,2.494,0.462,Luchun-Lax,0.462309542902967,-5856918801497571179
Luchun_F1,1,F,Luchun,,F1_la55_01,221.424,653.914,432.49,5,a55,Vowel,a,Lax,Oral,55.0,1.0,High,55,Unaspirated,Oral,191.412,191.389,191.434,191.357,778.974,230.127,1692.941,236.61,3242.153,434.4,4371.096,379.057,887.996,1746.06,4021.602,5075.009,21.039,20.383,14.689,11.827,20.097,-4.674,20.096,-6.417,18.308,0.03,-3.627,0.224,6.35,8.556,-5.408,16.502,0.943,26.82,2.73,20.353,24.666,20.159,5.7,38.048,34.044,31.324,30.446,24.314,0.0,high,0.537,0.487,0.576,0.467,-165.655,438.554,492.96,436.113,0.791,1.337,0.342,Luchun-Lax,0.591623036649215,8651385824255360266
Luchun_F1,1,F,Luchun,,F1_la55_02,199.488,614.025,414.537,5,a55,Vowel,a,Lax,Oral,55.0,1.0,High,55,Unaspirated,Oral,189.369,189.467,189.814,189.225,758.764,495.411,1693.711,126.321,3056.619,423.904,4288.518,446.687,992.475,1971.202,3904.506,4974.979,19.767,19.057,11.656,8.516,14.088,-7.653,14.051,-11.789,15.706,-1.302,-4.375,-1.578,8.111,10.54,-2.432,16.169,5.716,30.859,4.061,20.359,24.142,20.635,2.849,44.528,40.92,37.078,34.528,24.85,0.0,high,0.555,0.505,0.588,0.496,-159.882,407.646,468.381,405.025,0.728,0.873,0.229,Luchun-Lax,0.833906071019473,2099057225622014658
Luchun_F1,1,F,Luchun,,F1_le_31_01,241.48,532.662,291.182,5,e_31,Vowel,e,Tense,Oral,31.0,2.0,Mid,31,Unaspirated,Oral,147.321,147.329,147.819,147.44,621.716,122.663,2144.532,169.324,2929.631,142.484,4105.883,956.717,648.838,2119.1,2943.144,5337.989,14.146,13.595,18.185,15.773,23.213,3.448,23.211,-1.178,8.463,-1.095,4.562,-0.201,-4.039,-2.179,-5.028,12.325,-9.065,14.774,5.683,14.69,9.584,13.796,3.817,39.102,37.21,34.92,33.879,27.719,0.611,low,0.534,0.48,0.616,0.468,-177.78,387.644,853.841,384.465,0.452,3.488,0.129,Luchun-Tense,0.129587155963303,-1064509870415712415
Luchun_F1,1,F,Luchun,,F1_le_31_02,225.424,513.58,288.156,5,e_31,Vowel,e,Tense,Oral,31.0,2.0,Mid,31,Unaspirated,Oral,150.255,150.304,151.128,150.45,645.807,205.407,2083.522,198.853,2935.717,186.382,4241.621,1020.142,621.564,1991.355,2902.197,5360.601,15.573,15.042,20.063,17.757,20.673,3.371,20.671,-4.145,-0.708,-11.948,-3.968,-8.493,-4.49,-2.715,-0.61,14.386,-5.098,19.189,16.281,26.99,19.54,23.535,3.294,38.256,40.04,36.604,34.17,23.227,0.783,low,0.508,0.413,0.475,0.36,-175.114,370.126,572.558,367.731,1.268,3.104,0.42,Luchun-Tense,0.408505154639175,-7157973044461417654
Luchun_F1,1,F,Luchun,,F1_le_33_01,215.86,528.144,312.284,5,e_33,Vowel,e,Tense,Oral,33.0,1.0,Mid,33,Unaspirated,Oral,156.356,156.404,157.734,156.861,650.995,66.191,2157.568,125.159,2952.443,138.614,4026.562,997.394,670.904,2191.072,3012.944,4995.91,14.825,14.249,22.095,19.572,30.393,8.526,30.391,5.808,17.403,7.255,12.753,7.474,-7.27,-5.323,-8.298,11.046,-15.566,8.443,-2.578,6.995,2.072,6.775,17.074,39.877,36.238,33.693,32.213,29.93,0.535,mid,0.569,0.529,0.625,0.511,-175.94,373.506,663.248,370.233,0.512,2.616,0.179,Luchun-Tense,0.195718654434251,7707183177616188314
Luchun_F1,1,F,Luchun,,F1_le_33_02,235.296,495.426,260.13,5,e_33,Vowel,e,Tense,Oral,33.0,1.0,Mid,33,Unaspirated,Oral,156.313,156.422,156.595,156.351,658.224,69.651,2130.863,117.557,2948.502,114.603,4464.719,1388.627,670.394,2144.165,2967.084,5203.51,14.365,13.806,18.958,16.513,27.784,7.685,27.782,3.075,13.796,3.213,10.0,4.678,-4.593,-2.707,-8.826,8.828,-13.417,10.733,0.57,10.593,4.365,9.127,9.732,45.547,44.188,41.821,40.346,31.175,0.655,mid,0.47,0.428,0.536,0.362,-202.01,366.144,596.556,363.835,0.846,2.655,0.325,Luchun-Tense,0.31864406779661,-6527230172570963314
Luchun_F1,1,F,Luchun,,F1_le31_01,236.007,695.582,459.575,5,e31,Vowel,e,Lax,Oral,31.0,2.0,Mid,31,Unaspirated,Oral,148.125,148.174,149.746,148.762,777.956,623.793,1996.705,189.175,2787.658,276.16,4592.233,734.508,628.558,2201.464,3020.128,5028.9,17.379,16.989,18.934,17.282,12.559,3.171,12.587,-14.106,3.386,-12.164,-1.276,-10.305,-1.554,-0.293,6.375,14.111,4.792,31.098,13.993,29.152,18.655,27.294,1.872,30.83,33.047,30.749,29.576,22.412,0.345,low,0.534,0.445,0.525,0.35,-235.885,466.796,687.613,464.426,1.294,2.598,0.499,Luchun-Lax,0.498075442648191,2665550479816861169
Luchun_F1,1,F,Luchun,,F1_le31_02,197.185,529.182,331.997,5,e31,Vowel,e,Lax,Oral,31.0,2.0,Mid,31,Unaspirated,Oral,148.256,148.346,150.138,148.786,475.812,427.047,2029.8,134.779,2830.085,209.844,4292.612,841.531,674.19,2156.49,3145.051,5076.028,16.708,15.885,17.701,13.691,15.651,1.767,15.168,-7.661,6.37,-1.355,-2.433,-4.299,-0.993,2.194,2.05,11.924,1.54,23.547,10.338,17.24,19.141,20.184,1.532,38.834,40.202,35.973,34.26,23.428,0.809,low,0.489,0.407,0.483,0.329,-203.105,363.915,585.175,361.688,1.303,2.575,0.509,Luchun-Lax,0.506019417475728,-6351007157032054657
Luchun_F1,1,F,Luchun,,F1_le33_01,203.913,517.211,313.298,5,e33,Vowel,e,Lax,Oral,33.0,1.0,Mid,33,Unaspirated,Oral,172.518,172.667,173.337,172.904,632.334,200.634,1843.551,199.848,2804.54,169.895,4504.863,649.308,719.593,2143.692,2795.806,5246.435,16.623,15.878,15.929,12.576,16.975,1.081,16.961,-7.44,4.109,-8.808,2.301,0.217,0.695,3.302,-1.047,11.495,-0.338,23.321,12.514,24.685,14.322,15.66,1.972,40.766,44.184,41.036,38.01,24.842,0.894,mid,0.507,0.457,0.536,0.405,-202.697,361.699,586.612,359.354,0.934,2.176,0.43,Luchun-Lax,0.429227941176471,5274039127479674566
Luchun_F1,1,F,Luchun,,F1_le33_02,203.492,494.464,290.972,5,e33,Vowel,e,Lax,Oral,33.0,1.0,Mid,33,Unaspirated,Oral,161.881,161.908,162.372,162.364,637.393,169.01,2101.523,372.091,2789.789,297.502,4211.894,1098.736,642.239,2252.097,2759.967,5253.455,18.075,17.441,22.458,19.65,23.848,0.589,23.847,-0.521,3.907,-6.379,0.298,-6.586,-4.383,-2.209,-1.391,19.061,-5.772,17.964,14.168,23.82,17.776,24.027,6.148,48.934,46.809,40.872,37.068,25.555,0.646,mid,0.448,0.381,0.449,0.291,-230.839,349.862,602.557,348.063,1.025,1.505,0.476,Luchun-Lax,0.681063122923588,3942057038550239171
Luchun_F1,1,F,Luchun,,F1_le55_01,217.725,570.951,353.226,5,e55,Vowel,e,Lax,Oral,55.0,1.0,High,55,Unaspirated,Oral,192.806,192.913,193.545,193.629,751.882,151.34,1970.12,224.56,2779.024,357.373,4554.408,297.68,717.063,2287.224,3490.975,5104.898,18.61,17.928,12.165,9.15,17.394,-5.863,17.393,-8.096,1.811,-12.482,-0.702,-7.339,6.445,8.778,-5.229,15.014,1.217,26.029,16.798,30.41,19.311,25.267,2.581,29.249,32.82,32.763,31.845,24.724,0.0,high,0.535,0.488,0.582,0.448,-220.533,394.786,595.987,392.466,0.683,1.956,0.35,Luchun-Lax,0.34918200408998,3347841834256129957
Luchun_F1,1,F,Luchun,,F1_le55_02,162.642,491.869,329.227,5,e55,Vowel,e,Lax,Oral,55.0,1.0,High,55,Unaspirated,Oral,183.402,183.471,183.696,184.127,747.654,193.753,1972.026,142.829,2811.457,186.317,4554.527,255.67,722.544,2437.73,3232.697,5083.495,17.566,16.946,10.405,7.685,14.036,-10.205,14.035,-11.571,2.429,-11.869,-1.957,-8.395,7.161,9.26,-3.631,17.891,3.531,28.52,15.138,28.814,19.523,25.34,1.476,41.396,43.155,39.182,36.767,25.182,0.0,high,0.51,0.462,0.555,0.428,-190.487,327.81,571.067,325.479,0.718,1.303,0.245,Luchun-Lax,0.551036070606293,7745289669222332348
Luchun_F1,1,F,Luchun,,F1_lo_31_01,206.908,565.509,358.601,5,o_31,Vowel,o,Tense,Oral,31.0,2.0,Mid,31,Unaspirated,Oral,166.656,166.561,167.147,167.631,387.461,99.332,778.565,116.711,2653.472,119.86,3946.692,169.767,683.311,2655.934,4016.404,,17.075,14.905,23.646,10.758,17.281,12.027,22.555,1.361,16.863,1.674,-3.571,20.052,-6.571,4.147,6.365,-1.269,-5.48,13.587,0.213,13.23,20.646,-5.148,6.489,45.651,50.785,54.982,54.087,29.425,0.188,low,0.477,0.454,0.517,0.463,-497.4,388.19,1183.914,385.414,0.717,1.856,0.386,Luchun-Tense,0.386314655172414,-6161891275276539631
Luchun_F1,1,F,Luchun,,F1_lo_31_02,191.838,500.924,309.086,5,o_31,Vowel,o,Tense,Oral,31.0,2.0,Mid,31,Unaspirated,Oral,155.18,155.144,155.481,156.351,361.991,74.412,803.382,233.756,2775.628,93.857,4049.743,305.714,597.766,2755.099,4226.505,4130.173,16.204,14.188,26.865,15.154,16.157,13.939,24.373,4.272,11.731,-1.993,-5.363,20.039,-10.661,-0.966,10.708,1.215,-8.169,9.952,4.473,16.181,21.567,-5.851,8.47,50.449,54.847,59.671,57.82,31.425,0.778,low,0.533,0.48,0.553,0.461,-261.855,348.047,887.257,345.078,0.903,2.436,0.37,Luchun-Tense,0.370689655172414,-9020320703343847147
Luchun_F1,1,F,Luchun,,F1_lo_33_01,226.923,630.825,403.902,5,o_33,Vowel,o,Tense,Oral,33.0,1.0,Mid,33,Unaspirated,Oral,189.45,189.483,189.786,188.87,431.963,164.654,891.69,99.43,2639.334,120.966,4071.117,242.269,798.075,2753.127,4481.579,4671.185,21.2,18.993,24.84,11.389,21.086,16.453,23.917,1.571,21.141,5.784,1.182,20.377,-3.64,7.605,3.754,-5.064,-2.717,17.456,0.059,13.209,20.018,-1.384,11.685,41.063,45.534,54.065,55.969,32.572,0.0,mid,0.504,0.474,0.537,0.458,-544.413,430.342,1339.076,427.922,0.874,1.751,0.499,Luchun-Tense,0.499143346659052,-1914201522207505506
Luchun_F1,1,F,Luchun,,F1_lo_33_02,230.864,589.87,359.006,5,o_33,Vowel,o,Tense,Oral,33.0,1.0,Mid,33,Unaspirated,Oral,183.317,183.229,183.443,184.127,446.243,174.813,895.312,73.949,2674.296,244.06,4166.284,471.436,828.943,2769.397,4686.896,4760.825,19.615,17.67,19.963,9.089,15.792,10.614,13.771,-9.266,21.102,4.863,-4.501,14.741,-0.348,8.581,4.171,-1.524,5.844,26.975,-1.487,12.807,24.116,2.929,6.881,46.225,52.036,56.13,56.883,30.475,0.0,mid,0.498,0.453,0.519,0.402,-412.685,411.274,1119.7,409.086,0.851,2.018,0.422,Luchun-Tense,0.421704658077304,-1163567589888038902
Luchun_F1,1,F,Luchun,,F1_lo31_01,240.687,650.335,409.648,5,o31,Vowel,o,Lax,Oral,31.0,2.0,Mid,31,Unaspirated,Oral,156.211,156.185,157.862,156.787,359.558,96.82,932.146,268.654,2613.993,299.507,3958.079,428.271,616.68,2604.65,4410.277,4626.87,16.499,14.532,22.089,10.458,9.361,9.513,19.675,-0.06,7.109,-5.003,-13.193,6.777,-5.59,4.074,12.728,0.945,-3.176,14.606,9.39,19.535,29.692,7.755,3.174,39.615,43.065,46.493,46.61,24.867,0.249,low,0.445,0.391,0.459,0.407,-317.462,447.03,845.277,444.418,1.035,1.907,0.542,Luchun-Lax,0.542737283691662,-8886155957163986636
Luchun_F1,1,F,Luchun,,F1_lo31_02,156.862,511.123,354.261,5,o31,Vowel,o,Lax,Oral,31.0,2.0,Mid,31,Unaspirated,Oral,152.671,152.61,154.086,153.601,330.199,83.781,904.349,232.493,2582.992,191.456,3943.575,489.576,631.478,2741.29,4580.994,4499.701,15.187,12.956,20.437,6.292,6.083,7.928,20.37,2.351,4.132,-6.539,-14.729,7.094,-5.25,6.664,14.354,-1.636,-5.183,10.617,11.055,19.496,29.916,5.862,1.868,38.8,43.303,46.586,46.48,24.513,0.515,low,0.447,0.392,0.47,0.422,-300.868,335.635,816.56,332.86,0.915,1.935,0.472,Luchun-Lax,0.472868217054264,3746359818045856048
Luchun_F1,1,F,Luchun,,F1_lo33_01,197.187,502.322,305.135,5,o33,Vowel,o,Lax,Oral,33.0,1.0,Mid,33,Unaspirated,Oral,320.619,160.808,161.295,161.842,350.33,72.987,800.146,349.885,2740.548,161.761,4089.253,417.081,566.932,2688.35,4471.632,,17.279,3.941,6.043,4.506,-9.441,14.989,17.253,1.105,1.963,-7.819,-13.785,14.702,11.236,-0.565,15.484,-10.483,0.026,2.9,15.316,11.76,31.064,-10.76,1.707,0.671,11.511,22.543,27.495,15.528,0.773,mid,0.494,0.427,0.508,0.29,-278.116,349.737,807.751,347.934,1.044,2.156,0.484,Luchun-Lax,0.484230055658627,2347241031685160115
Luchun_F1,1,F,Luchun,,F1_lo33_02,116.404,420.307,303.903,5,o33,Vowel,o,Lax,Oral,33.0,1.0,Mid,33,Unaspirated,Oral,160.9,160.776,161.343,161.436,422.489,66.862,963.264,97.3,2672.78,170.482,4054.665,282.265,649.811,2280.085,4372.028,4848.767,16.463,14.867,24.702,16.307,12.663,9.859,23.422,1.268,14.335,-0.053,-6.966,11.17,-8.238,-1.44,12.039,6.447,-6.959,13.619,2.128,14.92,23.429,3.697,7.418,45.625,48.948,52.064,51.587,28.448,0.0,mid,0.473,0.407,0.464,0.342,-332.172,269.148,881.179,267.02,1.047,2.182,0.48,Luchun-Lax,0.479835013748854,-6878475908295478292
Luchun_F1,1,F,Luchun,,F1_lo55_01,180.218,676.585,496.367,5,o55,Vowel,o,Lax,Oral,55.0,1.0,High,55,Unaspirated,Oral,204.667,204.76,205.239,204.265,368.947,181.152,843.753,139.261,2677.686,297.955,4519.201,322.046,751.311,2935.416,4646.141,,20.918,17.291,22.282,8.186,16.907,6.462,22.14,3.012,16.906,4.469,-11.742,12.579,-1.364,9.105,5.374,1.724,-1.222,14.312,4.011,12.822,32.66,4.712,5.276,33.374,38.362,45.756,47.947,26.563,0.546,high,0.533,0.491,0.591,0.454,-409.551,428.99,1063.37,426.771,0.732,1.659,0.442,Luchun-Lax,0.44122965641953,-3158487684887118532
Luchun_F1,1,F,Luchun,,F1_lo55_02,205.2,645.028,439.828,5,o55,Vowel,o,Lax,Oral,55.0,1.0,High,55,Unaspirated,Oral,202.488,202.477,202.799,203.62,368.0,304.273,913.971,197.289,2731.225,251.984,4506.208,558.267,793.387,2799.451,4661.492,4398.267,20.395,16.886,17.716,3.804,12.482,11.014,17.447,-1.256,11.112,-0.11,-11.841,11.533,2.679,13.082,5.235,-7.21,2.948,18.166,9.283,16.996,32.236,5.354,3.001,37.96,41.562,46.813,48.282,26.956,0.0,high,0.487,0.464,0.537,0.435,-473.816,425.768,989.972,423.621,0.627,1.448,0.433,Luchun-Lax,0.433011049723757,-7354691976857993286
Luchun_F1,1,F,Luchun,,F1_lu_31_01,208.876,521.337,312.461,5,u_31,Vowel,u,Tense,Oral,31.0,2.0,Mid,31,Unaspirated,Oral,165.596,165.647,166.386,166.084,400.782,116.484,1100.784,526.017,2646.914,126.444,4119.336,220.746,768.771,2578.747,4274.249,4314.138,16.884,15.109,23.353,13.179,13.947,14.904,17.993,-2.667,8.161,-2.916,0.535,15.676,-6.47,1.93,9.406,-1.725,-1.109,17.784,8.723,18.025,16.349,-0.567,4.874,37.709,41.913,46.142,47.909,30.254,0.751,low,0.503,0.471,0.542,0.455,-402.305,366.665,1171.111,363.918,0.842,2.177,0.385,Luchun-Tense,0.386770785484612,7853227213700995200
Luchun_F1,1,F,Luchun,,F1_lu_31_02,202.994,482.029,279.035,5,u_31,Vowel,u,Tense,Oral,31.0,2.0,Mid,31,Unaspirated,Oral,159.577,159.549,159.598,159.52,349.131,63.557,952.409,465.079,2707.36,40.399,4108.361,155.292,678.888,2680.988,4286.575,,12.623,10.398,24.318,9.915,12.085,14.495,24.316,5.913,5.161,-5.174,-0.334,21.417,-11.696,0.482,12.233,-4.579,-11.694,4.497,7.462,15.571,12.957,-11.019,3.966,41.726,46.28,49.661,49.7,29.366,0.555,low,0.545,0.494,0.572,0.513,-292.783,344.951,951.612,341.735,0.878,2.38,0.37,Luchun-Tense,0.36890756302521,8340995521144254899
Luchun_F1,1,F,Luchun,,F1_lu_33_01,173.986,556.145,382.159,5,u_33,Vowel,u,Tense,Oral,33.0,1.0,Mid,33,Unaspirated,Oral,186.88,186.905,186.97,187.117,453.238,279.924,1088.952,358.398,2586.759,119.926,3535.637,1666.281,786.531,2588.418,4856.587,4886.292,21.664,19.724,18.646,7.095,10.488,10.225,14.253,-7.634,7.622,-5.5,-3.139,10.616,3.018,12.629,8.157,-3.131,7.411,27.37,14.042,25.224,24.803,9.108,3.916,31.242,36.999,42.358,44.008,27.002,0.0,mid,0.485,0.437,0.537,0.331,-365.781,365.652,992.803,363.882,0.682,1.783,0.383,Luchun-Tense,0.38250140213124,-3701297588915679538
Luchun_F1,1,F,Luchun,,F1_lu_33_02,201.432,535.513,334.081,5,u_33,Vowel,u,Tense,Oral,33.0,1.0,Mid,33,Unaspirated,Oral,180.93,180.9,181.047,181.706,503.846,319.487,1608.067,1458.689,2586.035,233.857,4256.149,752.679,608.991,2501.44,4830.187,4849.267,23.964,22.693,18.722,12.266,12.063,10.246,21.852,-0.518,-2.757,-12.274,-2.931,-2.989,5.242,10.427,6.659,2.021,2.112,23.214,26.721,34.967,26.895,25.682,6.084,33.669,39.971,41.98,44.638,27.368,0.0,mid,0.459,0.409,0.509,0.315,-368.625,369.001,974.314,367.26,0.661,1.719,0.385,Luchun-Tense,0.384525887143688,6722086931825949665
Luchun_F1,1,F,Luchun,,F1_lu31_01,262.663,699.874,437.211,5,u31,Vowel,u,Lax,Oral,31.0,2.0,Mid,31,Unaspirated,Oral,149.541,149.837,152.479,151.253,309.137,57.812,1331.077,485.658,2614.833,158.233,3983.58,624.342,389.697,2177.354,4052.562,4878.283,16.523,14.224,22.146,7.304,2.913,9.248,22.144,5.984,-6.356,-11.316,-12.182,2.963,-5.623,6.92,19.233,-1.944,-5.621,8.242,22.879,25.54,28.705,11.261,2.221,31.531,38.551,40.607,41.124,22.045,0.776,low,0.474,0.408,0.466,0.426,-325.973,482.929,858.065,480.069,1.172,1.965,0.596,Luchun-Lax,0.596437659033079,-7674729707426074851
Luchun_F1,1,F,Luchun,,F1_lu31_02,212.747,535.407,322.66,5,u31,Vowel,u,Lax,Oral,31.0,2.0,Mid,31,Unaspirated,Oral,157.609,157.583,158.536,157.314,352.625,99.909,1489.027,429.869,2694.787,231.381,3957.039,868.135,423.078,1607.824,2774.208,4842.195,17.63,15.686,21.777,9.541,4.024,8.454,21.086,2.758,-5.725,-11.916,-12.855,-0.305,-4.147,6.145,17.753,1.088,-3.456,12.931,23.355,27.602,30.485,15.991,2.79,38.973,42.883,43.017,42.553,23.873,0.0,low,0.451,0.401,0.458,0.373,-341.711,375.629,873.962,373.26,1.054,1.837,0.571,Luchun-Lax,0.573761567773544,7839704233794519390
Luchun_F1,1,F,Luchun,,F1_lu33_01,210.6,572.736,362.136,5,u33,Vowel,u,Lax,Oral,33.0,1.0,Mid,33,Unaspirated,Oral,179.998,180.005,179.945,179.775,278.805,293.265,1560.268,1182.505,2590.591,192.619,3780.023,1201.436,654.645,2550.89,4779.432,4829.209,21.683,17.349,15.965,11.904,6.496,19.018,8.886,-4.362,-7.755,-7.817,-8.738,4.081,5.718,5.445,9.468,-7.115,12.796,21.712,29.437,25.165,30.421,13.268,2.699,31.247,37.981,39.195,40.061,24.545,0.0,mid,0.511,0.473,0.549,0.456,-299.691,392.679,792.137,390.143,0.758,1.829,0.416,Luchun-Lax,0.414434117003827,-5379678494595183805
Luchun_F1,1,F,Luchun,,F1_lu33_02,202.018,555.001,352.983,5,u33,Vowel,u,Lax,Oral,33.0,1.0,Mid,33,Unaspirated,Oral,186.361,186.318,186.978,187.284,763.431,521.554,1409.243,412.644,2642.485,174.645,4604.023,379.054,850.246,2629.299,4736.397,4826.057,22.014,21.292,16.133,12.962,8.192,-14.464,8.273,-18.666,-0.725,-21.275,-7.758,-8.397,5.881,8.33,7.942,27.426,13.742,39.974,22.74,42.567,29.772,29.689,3.216,32.097,38.66,42.165,43.102,26.408,0.0,mid,0.478,0.447,0.525,0.445,-376.158,379.371,845.103,376.989,0.636,1.568,0.407,Luchun-Lax,0.405612244897959,4945975074391872962
Luchun_F1,1,F,Luchun,,F1_lu55_01,174.053,629.596,455.543,5,u55,Vowel,u,Lax,Oral,55.0,1.0,High,55,Unaspirated,Oral,201.304,201.239,201.978,202.722,289.676,155.383,958.445,621.616,2626.98,195.104,4532.179,403.815,780.243,2626.776,4663.695,4793.129,19.838,14.083,16.247,14.27,4.188,8.594,7.627,-6.1,3.45,-2.66,-10.636,14.857,3.591,-0.187,12.059,5.677,12.211,20.193,16.388,16.743,30.474,-0.773,1.989,29.417,35.739,39.881,41.664,23.269,0.0,high,0.55,0.51,0.615,0.437,-329.802,402.762,823.678,400.59,0.654,1.871,0.351,Luchun-Lax,0.349545697487974,5319150685100062690
Luchun_F1,1,F,Luchun,,F1_lu55_02,136.501,563.769,427.268,5,u55,Vowel,u,Lax,Oral,55.0,1.0,High,55,Unaspirated,Oral,201.745,201.725,202.378,203.309,314.911,179.643,1325.141,678.334,2611.943,164.288,4569.601,454.06,813.66,2601.099,4696.014,4846.283,21.373,16.734,19.388,15.416,9.016,20.037,8.8,-5.982,-2.296,-5.575,-6.164,9.441,1.985,1.317,10.372,-4.621,12.572,22.719,23.669,22.309,27.537,7.293,3.555,32.499,37.443,41.445,43.016,25.462,0.0,high,0.466,0.443,0.528,0.424,-392.181,350.728,913.249,348.626,0.577,1.514,0.382,Luchun-Lax,0.38110964332893,-4506566352712032255
Luchun_F1,1,F,Luchun,,F1_lw_33_01,214.138,512.443,298.305,5,w_33,Vowel,ɯ,Tense,Oral,33.0,1.0,Mid,33,Unaspirated,Oral,175.552,175.472,176.304,176.462,525.623,47.532,1753.035,815.325,2782.893,88.595,4275.029,244.782,569.342,2706.468,2880.602,4633.329,18.664,17.551,19.731,14.285,16.169,12.47,28.589,5.938,4.206,-5.584,11.43,13.773,-1.067,3.267,3.563,1.815,-9.924,11.616,14.458,23.135,7.234,3.778,11.263,33.172,42.167,45.115,45.278,31.773,0.0,mid,0.522,0.493,0.56,0.465,-609.61,364.646,1609.364,361.994,0.852,1.905,0.447,Luchun-Tense,0.447244094488189,3604508213882059759
Luchun_F1,1,F,Luchun,,F1_lw_33_02,257.941,551.08,293.139,5,w_33,Vowel,ɯ,Tense,Oral,33.0,1.0,Mid,33,Unaspirated,Oral,170.446,170.511,171.295,172.08,519.714,42.803,1726.153,631.947,2887.686,66.216,4224.332,502.05,572.808,2222.554,2890.587,4566.931,18.968,17.894,19.635,14.429,21.646,17.32,31.714,9.034,7.941,-1.962,14.855,19.481,-0.667,3.466,-2.01,-2.891,-12.746,8.864,11.027,19.857,4.112,-1.587,20.871,41.53,43.1,45.821,44.989,33.173,0.0,mid,0.473,0.458,0.526,0.428,-619.87,406.237,1544.923,403.723,0.624,1.995,0.312,Luchun-Tense,0.312781954887218,-5082257757715999792
Luchun_F1,1,F,Luchun,,F1_lw33_01,254.186,605.947,351.761,5,w33,Vowel,ɯ,Lax,Oral,33.0,1.0,Mid,33,Unaspirated,Oral,170.657,170.677,170.848,172.417,525.937,80.928,1531.628,384.534,2688.292,211.399,4042.381,355.457,583.219,2235.586,2675.455,4777.889,18.839,17.758,17.404,12.197,15.668,10.591,23.126,0.146,3.551,-8.531,2.556,7.037,1.435,5.561,1.736,1.605,-4.286,17.616,15.288,26.289,16.283,10.721,4.455,44.019,45.643,46.073,43.777,28.06,0.0,mid,0.463,0.406,0.498,0.246,-430.124,430.022,1216.193,428.577,0.758,1.992,0.381,Luchun-Lax,0.380522088353414,2548643669934802939
Luchun_F1,1,F,Luchun,,F1_lw33_02,240.084,574.755,334.671,5,w33,Vowel,ɯ,Lax,Oral,33.0,1.0,Mid,33,Unaspirated,Oral,168.752,168.696,169.007,168.608,543.166,125.002,1548.738,347.306,2836.892,163.205,4115.361,440.851,637.627,1869.782,2866.646,4880.68,18.998,18.007,18.116,13.446,18.208,11.207,22.492,-0.825,7.399,-5.289,2.711,8.743,0.882,4.562,-0.092,2.239,-3.495,18.838,11.599,23.296,16.287,9.264,4.629,42.147,44.244,45.936,45.343,29.474,0.0,mid,0.426,0.377,0.459,0.26,-446.441,408.028,1255.808,406.491,0.734,1.783,0.411,Luchun-Lax,0.411665731912507,-2639603886757479941
Luchun_F1,1,F,Luchun,,F1_ma_31_01,170.553,438.917,268.364,5,a_31,Vowel,a,Tense,Oral,31.0,2.0,Mid,31,Unaspirated,Nasal,149.155,149.332,150.088,149.529,378.143,397.96,1669.755,129.498,2837.723,462.631,3665.251,663.837,1035.198,1629.209,3257.613,5652.297,17.851,16.306,24.059,15.433,19.595,21.959,12.193,-7.028,22.762,17.624,2.994,13.282,-6.208,0.873,4.464,-6.526,5.658,23.336,-4.911,-1.318,14.857,3.024,10.146,50.238,45.424,42.156,40.986,29.39,0.656,low,0.5,0.436,0.517,0.403,-325.856,305.454,1210.345,302.759,0.96,2.791,0.348,Luchun-Tense,0.343962737370118,-3945128968747653663
Luchun_F1,1,F,Luchun,,F1_ma_31_02,207.989,436.809,228.82,5,a_31,Vowel,a,Tense,Oral,31.0,2.0,Mid,31,Unaspirated,Nasal,144.728,144.762,146.559,145.975,382.216,380.876,1646.477,92.716,2826.909,618.709,3592.123,796.006,941.68,1604.932,3063.309,5522.485,15.843,14.434,23.23,15.679,18.993,20.066,11.1,-8.568,23.327,17.481,-2.319,6.129,-7.387,-1.245,4.236,-4.387,4.743,23.003,-7.484,-3.048,18.162,8.305,8.934,32.717,30.126,28.917,29.155,25.255,0.554,low,0.63,0.547,0.631,0.612,-281.234,324.678,1159.019,320.441,1.043,3.189,0.327,Luchun-Tense,0.32706177485105,-2994224116367346175
Luchun_F1,1,F,Luchun,,F1_ma31_01,212.753,599.953,387.2,5,a31,Vowel,a,Lax,Oral,31.0,2.0,Mid,31,Unaspirated,Nasal,148.388,148.18,149.388,148.599,306.187,157.602,1744.213,152.639,2707.757,407.419,3694.199,471.621,730.832,1650.499,3129.955,5607.379,19.901,17.644,22.36,7.714,15.814,23.106,22.354,6.656,10.64,9.626,-4.347,5.742,-2.459,9.93,6.546,-15.392,-2.453,10.988,9.261,8.018,24.248,11.902,3.787,41.661,38.303,33.879,32.777,24.23,0.709,low,0.477,0.384,0.454,0.216,-296.151,406.389,882.353,404.935,1.317,1.402,0.426,Luchun-Lax,0.939372325249643,2201564441178673343
Luchun_F1,1,F,Luchun,,F1_me_31_01,141.926,422.94,281.014,5,e_31,Vowel,e,Tense,Oral,31.0,2.0,Mid,31,Unaspirated,Nasal,131.96,132.167,133.499,132.878,649.315,70.513,2240.776,109.004,3038.469,69.578,4161.929,605.043,674.547,2272.135,3102.446,5300.427,11.806,11.395,18.695,16.942,16.808,6.443,22.183,-2.869,12.482,2.66,9.802,4.293,-6.89,-5.547,1.887,10.499,-10.377,14.265,-0.676,8.735,2.004,7.102,3.98,27.719,28.461,26.263,24.736,25.645,0.37,low,0.721,0.615,0.739,0.681,-88.782,284.977,415.195,279.819,0.945,2.902,0.085,Luchun-Tense,0.325637491385251,7785512946493641109
Luchun_F1,1,F,Luchun,,F1_me_31_02,216.379,495.982,279.603,5,e_31,Vowel,e,Tense,Oral,31.0,2.0,Mid,31,Unaspirated,Nasal,140.514,140.32,142.072,140.789,651.179,223.622,2180.382,75.339,3009.133,150.548,3931.729,580.965,684.861,2199.371,3129.681,5400.266,13.871,13.384,19.133,17.025,19.096,4.184,18.288,-6.431,11.771,1.878,6.251,1.649,-5.261,-3.641,0.037,12.84,-4.417,19.817,2.1,11.505,7.621,11.735,2.759,29.361,29.916,27.52,25.999,25.493,0.63,low,0.544,0.487,0.585,0.475,-148.553,357.61,597.737,354.223,0.857,2.97,0.282,Luchun-Tense,0.288552188552189,9219657659128666699
Luchun_F1,1,F,Luchun,,F1_me_33_01,213.337,477.081,263.744,5,e_33,Vowel,e,Tense,Oral,33.0,1.0,Mid,33,Unaspirated,Nasal,176.325,176.43,176.985,177.309,575.089,223.206,2121.592,56.867,2900.198,242.892,3837.5,476.084,638.308,2153.389,3137.982,4980.367,16.815,15.883,23.349,18.951,20.365,13.676,18.716,-4.349,21.367,13.651,9.492,6.558,-6.534,-3.067,2.984,5.275,-1.901,20.234,-4.552,2.232,7.322,9.325,8.079,44.591,48.051,44.412,43.146,31.277,0.662,mid,0.55,0.507,0.614,0.453,-246.172,346.122,843.787,343.553,0.55,2.291,0.24,Luchun-Tense,0.240069838498472,1229059343739922335
Luchun_F1,1,F,Luchun,,F1_me_33_02,224.879,482.029,257.15,5,e_33,Vowel,e,Tense,Oral,33.0,1.0,Mid,33,Unaspirated,Nasal,170.133,170.306,170.204,210.625,589.412,189.235,2096.142,102.363,2945.155,130.675,3949.599,643.525,636.124,2159.254,3067.949,5151.602,15.056,14.222,25.486,21.633,23.478,13.724,17.43,-5.948,16.03,7.571,12.48,10.308,-10.431,-7.411,2.009,7.909,-2.374,20.172,-0.974,6.651,2.576,3.914,9.178,43.417,45.793,44.523,43.234,31.655,0.41,mid,0.538,0.515,0.59,0.499,-262.146,354.642,762.166,351.72,0.628,1.137,0.202,Luchun-Tense,0.552330694810906,7164525513897635661
Luchun_F1,1,F,Luchun,,F1_me31_01,223.609,641.74,418.131,5,e31,Vowel,e,Lax,Oral,31.0,2.0,Mid,31,Unaspirated,Nasal,158.2,158.262,160.312,158.847,614.939,169.633,2069.245,174.969,2789.399,240.193,4588.35,1045.76,635.099,2274.647,3033.341,5032.903,17.86,17.203,20.796,17.874,20.939,-0.132,20.938,-3.204,7.732,-2.299,3.114,-2.865,-2.936,-0.67,-0.143,18.005,-3.078,20.409,10.127,19.502,14.746,20.068,3.655,37.435,39.08,35.769,34.421,26.037,0.662,low,0.477,0.438,0.488,0.435,-247.821,434.051,539.453,431.292,1.048,1.79,0.582,Luchun-Lax,0.585474860335196,-2272055479702450424
Luchun_F1,1,F,Luchun,,F1_me33_02,92.817,423.85,331.033,5,e33,Vowel,e,Lax,Oral,33.0,1.0,Mid,33,Unaspirated,Nasal,171.012,171.036,171.132,172.676,343.285,153.484,2040.19,50.183,2822.297,218.022,4597.736,511.523,492.417,2142.368,3303.201,5138.564,16.175,13.702,21.342,4.46,13.521,21.739,21.341,4.408,6.727,7.263,-2.611,3.179,-5.167,9.242,7.821,-17.279,-5.166,9.295,9.448,6.439,18.786,10.523,2.441,39.509,43.168,40.687,39.231,23.961,0.587,mid,0.493,0.444,0.522,0.427,-206.756,258.991,565.287,256.494,0.833,0.976,0.326,Luchun-Lax,0.853483606557377,2704985766386603065
Luchun_F1,1,F,Luchun,,F1_me55_01,222.706,610.717,388.011,5,e55,Vowel,e,Lax,Oral,55.0,1.0,High,55,Unaspirated,Nasal,186.329,186.337,186.337,186.673,696.243,352.071,2007.863,89.781,2726.131,293.504,3537.685,338.043,604.239,2134.195,3371.503,5052.064,18.873,18.118,13.52,10.115,10.342,-5.21,10.25,-14.312,6.465,-5.591,-3.258,-11.145,5.352,8.003,3.178,15.325,8.623,32.432,12.408,23.709,22.13,29.263,1.859,45.222,47.819,42.997,39.606,25.019,0.0,high,0.521,0.473,0.575,0.431,-204.692,417.858,657.621,415.545,0.696,1.36,0.254,Luchun-Lax,0.511764705882353,2898540746805064674
Luchun_F1,1,F,Luchun,,F1_me55_02,166.832,531.074,364.242,5,e55,Vowel,e,Lax,Oral,55.0,1.0,High,55,Unaspirated,Nasal,180.645,180.653,180.684,181.549,326.848,264.467,1952.003,138.356,2801.772,190.848,3530.908,457.637,587.646,2137.459,3140.06,4930.257,18.096,14.96,17.494,6.054,12.145,22.467,17.322,1.515,4.277,5.121,0.261,8.209,0.602,8.906,5.348,-16.413,0.773,13.446,13.818,9.839,17.835,6.752,1.916,43.69,46.8,42.568,40.312,26.28,0.192,high,0.518,0.47,0.579,0.401,-194.657,349.634,645.183,347.413,0.618,1.14,0.21,Luchun-Lax,0.542105263157895,-4269593563171676695
Luchun_F1,1,F,Luchun,,F1_mi_33_01,267.71,537.043,269.333,5,i_33,Vowel,i,Tense,Oral,33.0,1.0,Mid,33,Unaspirated,Nasal,174.932,174.908,175.44,175.523,325.047,63.19,639.984,121.666,2782.853,144.591,4463.216,126.962,457.984,2985.794,3972.087,4883.635,15.408,11.838,20.415,4.926,9.138,6.346,20.413,2.428,9.05,-4.946,3.654,36.242,-5.006,6.913,11.277,-1.42,-5.005,9.5,6.358,16.784,11.754,-24.404,2.162,38.382,53.581,60.126,55.257,31.201,0.817,mid,0.606,0.541,0.637,0.487,-216.777,403.409,797.601,400.626,0.714,1.53,0.159,Luchun-Tense,0.466666666666667,1059352937102969481
Luchun_F1,1,F,Luchun,,F1_mi_33_02,211.738,515.513,303.775,5,i_33,Vowel,i,Tense,Oral,33.0,1.0,Mid,33,Unaspirated,Nasal,170.984,171.028,171.29,172.78,334.409,79.169,605.431,329.094,2791.612,189.029,4531.468,117.021,409.332,2978.482,4264.936,4947.613,14.65,11.359,21.142,2.25,7.204,5.884,21.141,2.045,6.94,-8.716,3.334,36.446,-6.492,9.109,13.939,-3.634,-6.491,9.443,7.71,20.075,11.317,-25.087,2.161,37.647,52.906,58.69,54.63,30.39,0.66,mid,0.631,0.579,0.666,0.571,-252.343,365.029,900.945,361.693,0.683,2.356,0.257,Luchun-Tense,0.289898132427844,5391994072872653046
Luchun_F1,1,F,Luchun,,F1_mi33_01,297.99,641.833,343.843,5,i33,Vowel,i,Lax,Oral,33.0,1.0,Mid,33,Unaspirated,Nasal,177.983,177.956,177.837,179.323,241.863,125.19,2627.479,68.472,3165.174,219.863,4375.227,378.049,384.13,2740.005,3758.37,4779.339,21.817,16.099,18.473,19.881,4.784,21.534,14.073,3.605,-0.062,12.24,-4.153,3.368,3.344,-3.782,13.69,-1.653,7.744,12.495,21.878,3.859,25.97,12.731,2.819,37.875,52.599,54.465,47.695,25.363,0.0,mid,0.459,0.422,0.491,0.373,-589.398,470.702,1522.633,468.605,0.811,1.734,0.471,Luchun-Lax,0.467704728950404,-3531145272782037016
Luchun_F1,1,F,Luchun,,F1_mi33_02,280.918,609.923,329.005,5,i33,Vowel,i,Lax,Oral,33.0,1.0,Mid,33,Unaspirated,Nasal,172.185,172.234,171.848,172.904,251.726,130.311,2573.924,84.118,3156.845,179.05,4153.49,712.612,374.611,2718.661,3599.571,4880.004,20.81,15.884,19.583,18.813,3.719,19.172,8.536,-2.621,-3.639,7.534,-7.525,0.949,1.227,-2.929,15.864,-0.358,12.274,18.505,24.449,8.35,28.335,14.935,2.594,36.588,50.037,51.305,44.714,23.057,0.0,mid,0.436,0.392,0.471,0.31,-497.203,445.85,1273.952,444.051,0.785,1.722,0.459,Luchun-Lax,0.455865272938444,-4341533779708436580
Luchun_F1,1,F,Luchun,,F1_na_31_01,247.304,490.838,243.534,5,a_31,Vowel,a,Tense,Oral,31.0,2.0,Mid,31,Unaspirated,Nasal,121.919,82.005,121.352,122.635,1235.717,473.059,1723.835,185.438,3136.023,556.821,3819.403,1237.039,1051.515,1671.144,3183.757,5182.107,8.732,8.589,14.659,14.082,11.118,8.671,18.12,-17.486,21.133,-10.274,-0.661,-9.173,-5.928,-5.493,3.541,5.411,-9.388,26.139,-12.401,18.863,9.393,17.762,6.218,18.849,12.786,12.77,15.685,23.106,0.099,low,0.764,0.613,0.747,0.746,-122.719,372.231,430.619,366.094,1.073,2.017,0.09,Luchun-Tense,0.531978185423897,3208737078075691447
Luchun_F1,1,F,Luchun,,F1_na_31_02,220.912,468.745,247.833,5,a_31,Vowel,a,Tense,Oral,31.0,2.0,Mid,31,Unaspirated,Nasal,140.926,97.505,145.423,142.571,455.034,673.019,1158.536,324.269,1690.658,145.073,3433.108,317.028,1007.573,1638.718,3285.985,5174.592,11.244,10.059,18.269,12.407,14.065,9.351,8.32,-13.769,19.241,6.561,17.909,11.428,-7.025,-2.348,4.204,3.055,2.924,23.829,-7.997,3.498,-6.665,-1.369,4.665,25.134,19.671,19.431,21.859,22.166,0.574,low,0.635,0.551,0.652,0.636,-128.057,347.931,558.465,343.416,0.91,1.206,0.178,Luchun-Tense,0.754560530679934,6100971150726378771
Luchun_F1,1,F,Luchun,,F1_na_33_01,204.448,505.319,300.871,5,a_33,Vowel,a,Tense,Oral,33.0,1.0,Mid,33,Unaspirated,Nasal,168.682,168.495,169.716,168.853,556.595,379.136,1728.416,281.506,3341.328,496.658,4546.077,611.144,947.605,1727.048,3196.785,5182.605,14.675,13.778,23.994,19.827,24.46,15.585,14.168,-9.318,22.456,10.748,2.218,12.031,-9.319,-6.049,-0.467,4.243,0.507,23.104,-7.782,3.03,12.456,1.747,14.147,45.41,39.803,38.21,39.115,31.594,0.646,mid,0.576,0.51,0.636,0.462,-199.357,356.432,809.629,353.682,0.568,1.73,0.154,Luchun-Tense,0.328323699421965,-6083703426439485260
Luchun_F1,1,F,Luchun,,F1_na_33_02,220.562,491.361,270.799,5,a_33,Vowel,a,Tense,Oral,33.0,1.0,Mid,33,Unaspirated,Nasal,160.458,160.53,161.414,160.924,510.41,293.675,1641.899,173.049,3123.921,1310.99,3511.908,1216.856,745.417,1628.02,3197.133,5117.083,14.0,13.078,20.97,16.65,21.838,13.531,12.393,-10.846,17.542,5.967,-2.511,7.076,-6.97,-3.572,-0.868,3.119,1.607,23.93,-3.541,7.112,16.511,6.002,4.876,44.679,38.201,35.048,33.864,24.769,0.574,mid,0.501,0.409,0.527,0.293,-205.737,356.515,644.885,354.694,0.813,2.439,0.329,Luchun-Tense,0.333333333333333,1344140908943106639
Luchun_F1,1,F,Luchun,,F1_na33_01,226.769,605.391,378.622,5,a33,Vowel,a,Lax,Oral,33.0,1.0,Mid,33,Unaspirated,Nasal,181.867,181.962,181.995,181.879,324.937,300.303,1729.24,148.579,3285.571,614.114,4490.385,339.747,954.795,2189.31,3921.241,4760.023,17.0,13.735,15.483,4.919,8.887,19.149,15.066,-0.619,9.698,8.658,-9.292,9.06,1.517,8.816,6.596,-14.23,1.934,14.356,7.302,5.077,26.292,4.676,1.475,38.211,39.477,35.411,34.799,23.561,0.0,mid,0.564,0.504,0.596,0.4,-196.934,417.014,611.777,414.814,0.748,2.244,0.335,Luchun-Lax,0.333333333333333,105727783234673604
Luchun_F1,1,F,Luchun,,F1_na33_02,188.546,542.286,353.74,5,a33,Vowel,a,Lax,Oral,33.0,1.0,Mid,33,Unaspirated,Nasal,179.288,179.268,179.593,179.553,415.022,335.398,1816.484,236.677,3241.668,371.823,4414.812,286.77,489.717,1822.176,4121.027,4797.316,16.035,14.148,15.983,3.87,9.778,14.021,11.601,-8.441,8.624,3.713,-11.267,1.741,0.052,10.278,6.205,-10.151,4.434,22.592,7.411,10.435,27.302,12.407,1.311,35.724,39.574,37.33,37.665,25.485,0.851,mid,0.543,0.474,0.549,0.426,-176.265,366.188,532.402,363.812,0.821,1.16,0.266,Luchun-Lax,0.707758620689655,4550532485956886287
Luchun_F1,1,F,Luchun,,F1_na55_01,161.364,602.954,441.59,5,a55,Vowel,a,Lax,Oral,55.0,1.0,High,55,Unaspirated,Nasal,186.515,186.521,187.011,186.93,308.132,529.942,1828.85,293.837,3092.075,400.438,4345.575,220.823,1483.595,2172.029,4362.47,4540.863,17.732,13.258,12.81,8.579,8.869,21.512,8.005,-5.922,6.452,8.074,-8.283,8.837,4.921,4.68,3.941,-12.933,9.727,19.182,11.279,5.184,26.014,4.421,1.386,43.14,42.63,38.405,36.198,24.678,0.0,high,0.543,0.512,0.598,0.478,-236.365,382.888,634.574,380.329,0.647,1.243,0.262,Luchun-Lax,0.520514883346742,-5301632268842137988
Luchun_F1,1,F,Luchun,,F1_na55_02,220.161,592.71,372.549,5,a55,Vowel,a,Lax,Oral,55.0,1.0,High,55,Unaspirated,Nasal,180.259,180.359,180.613,179.132,352.465,259.901,1738.733,257.857,3148.0,374.513,4385.633,302.388,473.753,1638.836,3466.71,4684.198,15.912,13.222,16.842,0.666,10.034,18.395,16.841,-0.386,4.281,1.995,-9.477,5.848,-0.93,12.556,6.808,-17.729,-0.929,13.61,11.631,11.228,25.389,7.374,1.372,40.154,41.212,39.258,38.455,25.387,0.783,high,0.563,0.511,0.608,0.477,-177.618,407.748,590.153,405.102,0.65,0.762,0.136,Luchun-Lax,0.853018372703412,-1034644176091136282
Luchun_F1,1,F,Luchun,,F1_ne_33_01,212.123,534.686,322.563,5,e_33,Vowel,e,Tense,Oral,33.0,1.0,Mid,33,Unaspirated,Nasal,161.959,161.742,162.284,161.925,616.458,197.075,2198.707,89.649,2953.397,185.788,3945.426,404.261,662.609,2256.589,3208.685,5120.475,17.501,16.82,25.242,22.192,24.075,5.984,24.073,0.14,16.994,8.401,10.243,5.483,-7.741,-5.372,1.167,16.208,-6.572,16.682,0.507,8.42,7.258,11.337,9.889,36.277,35.261,31.649,29.486,29.648,0.549,mid,0.488,0.457,0.582,0.414,-316.026,374.54,1028.906,371.978,0.426,2.605,0.167,Luchun-Tense,0.163531669865643,-817680403194258730
Luchun_F1,1,F,Luchun,,F1_ne_33_02,257.538,526.862,269.324,5,e_33,Vowel,e,Tense,Oral,33.0,1.0,Mid,33,Unaspirated,Nasal,157.452,157.458,157.59,156.351,614.053,111.611,2219.954,137.236,3028.155,165.075,4010.518,591.113,645.268,2298.357,3190.763,5343.612,17.188,16.55,23.872,21.036,25.657,3.618,25.655,1.625,15.311,6.883,10.531,6.497,-6.684,-4.486,-1.785,17.418,-8.467,14.927,1.878,9.667,6.657,10.054,9.073,44.565,45.354,44.026,42.974,33.004,0.526,mid,0.441,0.42,0.512,0.376,-317.854,393.728,873.088,391.342,0.655,0.748,0.157,Luchun-Tense,0.875668449197861,2130685988181181509
Luchun_F1,1,F,Luchun,,F1_ne33_01,198.811,516.052,317.241,5,e33,Vowel,e,Lax,Oral,33.0,1.0,Mid,33,Unaspirated,Nasal,162.309,162.24,162.687,163.163,334.26,199.431,2070.087,195.179,2796.63,142.883,3775.061,599.179,543.752,2440.685,3008.385,5367.921,18.896,16.488,24.054,8.251,18.511,26.649,24.053,7.7,0.37,1.837,-0.326,5.251,-5.158,8.237,5.543,-18.398,-5.157,8.789,18.526,14.651,19.222,11.237,4.661,40.582,42.441,38.581,36.308,23.011,0.537,mid,0.468,0.407,0.498,0.238,-275.956,357.523,820.788,356.057,0.898,2.043,0.441,Luchun-Lax,0.439549681840431,2142242025283592264
Luchun_F1,1,F,Luchun,,F1_ne33_02,251.85,566.574,314.724,5,e33,Vowel,e,Lax,Oral,33.0,1.0,Mid,33,Unaspirated,Nasal,158.119,158.202,158.418,157.56,368.96,306.485,708.459,340.738,2092.092,158.237,2688.986,313.714,587.766,2228.93,3298.162,5513.401,19.531,17.319,24.846,11.776,22.427,15.331,23.866,3.219,21.432,5.957,7.28,24.027,-5.315,5.543,2.419,-3.555,-4.335,14.118,-1.901,11.362,12.251,-6.708,6.641,46.612,45.657,39.742,36.309,25.992,0.543,mid,0.431,0.375,0.46,0.278,-288.838,409.58,822.015,407.822,0.932,2.016,0.456,Luchun-Lax,0.462301587301587,8058725410080890699
Luchun_F1,1,F,Luchun,,F1_nga_31_01,214.707,490.963,276.256,5,a_31,Vowel,a,Tense,Oral,31.0,2.0,Mid,31,Unaspirated,Nasal,160.672,160.746,163.074,161.42,1149.478,324.461,1654.184,174.528,2524.329,300.277,3622.707,261.49,1168.483,1722.984,3188.783,5138.317,13.398,13.133,21.8,20.716,21.155,16.275,27.639,-6.047,26.873,-2.347,11.478,-4.963,-8.403,-7.582,0.646,4.441,-14.242,19.204,-13.476,15.481,1.92,18.097,24.524,37.704,30.866,28.322,28.936,29.382,0.887,low,0.677,0.582,0.723,0.682,-197.309,355.106,766.898,350.861,0.603,3.109,0.194,Luchun-Tense,0.19395303956256,91632556890213242
Luchun_F1,1,F,Luchun,,F1_nga_31_02,184.318,441.451,257.133,5,a_31,Vowel,a,Tense,Oral,31.0,2.0,Mid,31,Unaspirated,Nasal,156.394,156.132,157.014,156.284,1135.34,282.157,1718.983,280.583,2893.792,1055.201,3568.641,326.62,1058.704,1694.036,3455.029,5148.233,14.701,14.455,23.2,22.192,22.868,18.362,27.74,-5.318,21.892,-6.08,2.913,-7.645,-8.499,-7.737,0.332,3.83,-13.039,19.805,-7.191,20.534,11.787,22.1,17.413,46.946,40.657,39.696,40.84,32.781,0.855,low,0.591,0.544,0.628,0.521,-288.554,314.642,1026.784,311.307,0.78,2.776,0.282,Luchun-Tense,0.280979827089337,396962997562805055
Luchun_F1,1,F,Luchun,,F1_nga31_01,289.812,695.278,405.466,5,a31,Vowel,a,Lax,Oral,31.0,2.0,Mid,31,Unaspirated,Nasal,146.223,146.288,148.142,147.117,294.024,322.945,1678.554,236.073,2546.284,447.464,3523.797,404.082,1047.926,1626.662,3127.003,5621.941,19.503,17.188,20.522,7.02,14.902,22.315,20.516,5.118,13.56,12.208,-0.627,8.176,-1.019,10.168,5.62,-15.296,-1.013,12.071,5.943,4.98,20.13,9.012,3.457,38.671,34.593,30.934,30.517,24.575,0.86,low,0.421,0.361,0.416,0.304,-338.244,494.223,896.839,492.141,1.333,1.916,0.698,Luchun-Lax,0.695720250521921,-8330449418933592825
Luchun_F1,1,F,Luchun,,F1_nga31_02,192.408,551.747,359.339,5,a31,Vowel,a,Lax,Oral,31.0,2.0,Mid,31,Unaspirated,Nasal,142.727,142.23,144.444,143.1,275.709,274.338,1649.272,270.756,2683.9,930.879,3620.421,558.805,641.109,1625.025,3363.952,5421.622,19.754,17.309,20.611,7.113,12.309,20.448,20.557,6.031,12.398,11.816,-5.725,6.104,-0.857,10.196,8.302,-13.335,-0.802,11.279,7.356,5.493,25.48,11.205,2.676,33.824,33.325,30.692,30.668,24.479,0.827,low,0.442,0.378,0.433,0.348,-331.964,374.074,963.91,371.621,1.461,2.167,0.672,Luchun-Lax,0.674203968620212,5716934815111746063
Luchun_F1,1,F,Luchun,,F1_sa_31_01,238.394,564.614,326.22,5,a_31,Vowel,a,Tense,Oral,31.0,2.0,Mid,31,Unaspirated,Oral,148.458,44.359,75.113,167.56,1032.574,236.514,1691.576,153.808,3273.195,1144.927,3547.444,1340.283,1019.787,1682.503,3302.049,5177.338,10.981,10.722,17.916,16.849,15.861,11.018,22.592,-9.027,18.997,-6.957,-1.421,-3.896,-6.935,-6.128,2.056,5.831,-11.61,19.79,-8.015,17.679,12.402,14.617,7.638,7.187,3.44,6.95,11.178,19.86,0.545,low,0.536,0.465,0.579,0.341,-184.082,402.118,707.546,399.791,0.658,1.595,0.118,Luchun-Tense,0.412539184952978,6918532533379730235
Luchun_F1,1,F,Luchun,,F1_sa_31_02,243.516,504.202,260.686,5,a_31,Vowel,a,Tense,Oral,31.0,2.0,Mid,31,Unaspirated,Oral,151.58,124.11,153.193,151.708,1077.282,209.973,1728.549,84.341,2913.771,614.996,3506.817,453.67,978.319,1712.303,3286.603,5188.53,14.112,13.858,20.46,19.418,20.754,16.047,24.389,-7.575,21.316,-4.975,1.441,-7.355,-6.348,-5.559,-0.295,3.37,-10.277,21.458,-7.204,18.833,12.671,21.214,9.996,31.151,24.452,24.636,25.401,27.633,0.827,low,0.489,0.372,0.568,0.241,-248.64,373.867,842.21,372.278,0.672,3.195,0.215,Luchun-Tense,0.210328638497653,-8214316268209526592
Luchun_F1,1,F,Luchun,,F1_sa31_01,325.421,693.506,368.085,5,a31,Vowel,a,Lax,Oral,31.0,2.0,Mid,31,Unaspirated,Oral,148.365,147.965,149.623,148.552,1083.359,391.327,1715.428,239.409,3098.01,591.603,4518.983,806.622,899.736,1616.11,3314.945,5144.029,15.247,15.008,16.12,15.141,9.488,5.103,10.983,-21.285,6.855,-19.859,-10.035,-17.107,-0.874,-0.133,6.632,10.037,4.263,36.326,8.392,34.867,25.281,32.115,1.261,37.98,34.544,32.962,32.435,24.416,0.799,low,0.462,0.39,0.455,0.339,-215.922,510.706,676.104,508.413,1.15,2.228,0.511,Luchun-Lax,0.516157989228007,-2923004816043373176
Luchun_F1,1,F,Luchun,,F1_sa31_02,273.597,605.947,332.35,5,a31,Vowel,a,Lax,Oral,31.0,2.0,Mid,31,Unaspirated,Oral,150.856,150.488,152.404,151.267,1044.689,335.807,1715.912,190.941,3113.328,393.596,3677.929,1213.656,830.461,1612.564,3297.67,5131.622,15.046,14.782,17.756,16.671,12.681,7.742,12.44,-19.142,7.482,-18.362,-8.528,-12.783,-2.711,-1.889,5.076,8.929,2.606,33.959,7.564,33.144,23.574,27.565,1.669,36.893,33.461,33.099,32.328,24.767,0.878,low,0.477,0.402,0.475,0.349,-199.385,441.253,696.431,438.931,1.106,2.361,0.466,Luchun-Lax,0.46844557390936,7783215671599733160
Luchun_F1,1,F,Luchun,,F1_se_31_01,225.168,524.476,299.308,5,e_31,Vowel,e,Tense,Oral,31.0,2.0,Mid,31,Unaspirated,Oral,156.065,156.072,156.08,156.351,631.814,57.274,2224.275,136.86,2935.3,100.615,3957.041,440.712,656.963,2407.523,3119.085,5061.406,16.582,15.984,20.015,17.38,30.943,6.944,30.941,6.663,15.187,6.265,15.305,9.15,-3.433,-1.396,-10.928,10.436,-14.359,9.323,1.395,9.719,1.276,6.835,18.323,36.413,34.429,34.147,33.22,31.579,0.566,low,0.506,0.478,0.595,0.435,-226.085,375.957,821.659,373.167,0.449,2.422,0.187,Luchun-Tense,0.185383980181668,5475343631746174537
Luchun_F1,1,F,Luchun,,F1_se31_02,216.371,523.622,307.251,5,e31,Vowel,e,Lax,Oral,31.0,2.0,Mid,31,Unaspirated,Oral,144.057,143.723,145.489,144.632,342.764,403.664,2134.917,387.237,2814.537,224.085,3928.266,592.647,540.871,2474.572,3029.066,5033.268,15.886,14.44,16.705,8.402,11.262,11.913,9.886,-9.25,-3.184,-3.861,-3.897,-3.848,-0.819,6.038,5.444,-3.511,6.0,23.691,19.07,18.301,19.783,18.288,1.031,33.449,36.545,35.521,34.344,22.722,0.605,low,0.498,0.421,0.474,0.407,-186.211,371.473,543.873,368.634,1.259,1.305,0.395,Luchun-Lax,0.964750957854406,-7336195616688355875
Luchun_F1,1,F,Luchun,,F1_si_31_01,230.131,563.889,333.758,5,i_31,Vowel,i,Tense,Oral,31.0,2.0,Mid,31,Unaspirated,Oral,158.858,158.788,159.209,314.742,321.877,14.412,2648.561,83.115,3009.539,159.352,4107.749,610.984,332.465,2699.103,3204.591,5142.276,14.16,11.774,25.618,9.775,4.997,13.559,25.616,9.691,9.566,16.574,8.882,6.917,-11.458,1.999,20.621,-3.784,-11.456,2.083,4.593,-4.8,5.277,4.858,4.707,33.688,48.761,48.761,43.8,28.639,0.31,low,0.558,0.483,0.565,0.52,-188.277,398.831,757.256,395.553,0.997,2.65,0.378,Luchun-Tense,0.37622641509434,8845100499255405316
Luchun_F1,1,F,Luchun,,F1_si_31_02,243.872,515.176,271.304,5,i_31,Vowel,i,Tense,Oral,31.0,2.0,Mid,31,Unaspirated,Oral,155.137,155.308,156.517,209.955,321.512,25.397,2588.523,159.054,2961.635,117.749,4335.888,641.082,337.575,2648.725,3023.609,5314.389,13.572,11.329,23.51,8.291,4.563,12.453,23.508,7.341,1.256,7.412,1.322,-0.229,-9.938,3.038,18.947,-4.162,-9.936,3.988,12.316,3.917,12.251,11.558,3.055,40.078,51.62,50.995,46.05,26.521,0.427,low,0.501,0.445,0.495,0.44,-219.928,381.002,654.604,378.162,1.114,2.434,0.461,Luchun-Tense,0.457682826622843,8142303692903895761
Luchun_F1,1,F,Luchun,,F1_si_33_01,222.007,554.318,332.311,5,i_33,Vowel,i,Tense,Oral,33.0,1.0,Mid,33,Unaspirated,Oral,175.115,175.124,175.357,174.693,377.881,85.804,2117.405,1099.9,2729.14,251.025,3499.026,552.684,395.712,2646.724,3196.846,4966.359,16.463,14.343,18.272,3.424,1.97,8.624,18.271,-0.244,-5.356,-4.165,0.591,1.347,-1.809,10.919,16.302,-5.2,-1.808,14.587,21.819,18.508,15.872,12.996,1.5,32.266,48.103,50.01,46.213,28.157,0.026,mid,0.511,0.442,0.518,0.341,-266.206,388.565,773.115,386.616,0.918,1.177,0.314,Luchun-Tense,0.779949022939677,-1142715574410082509
Luchun_F1,1,F,Luchun,,F1_si_33_02,239.204,572.164,332.96,5,i_33,Vowel,i,Tense,Oral,33.0,1.0,Mid,33,Unaspirated,Oral,169.894,169.803,170.012,170.691,371.145,116.744,2488.801,92.024,3012.822,155.559,4375.858,942.027,397.805,2604.951,3225.081,5175.636,14.895,12.852,18.499,4.556,4.835,11.39,18.495,0.209,4.127,7.474,1.607,1.849,-3.604,8.296,13.665,-6.834,-3.6,12.643,10.768,5.378,13.288,11.003,1.495,31.904,41.142,41.795,38.229,25.88,0.864,mid,0.508,0.428,0.517,0.311,-235.24,406.353,721.666,404.523,0.825,2.236,0.37,Luchun-Tense,0.368962432915921,-7022095363728719058
Luchun_F1,1,F,Luchun,,F1_si31_01,327.986,678.531,350.545,5,i31,Vowel,i,Lax,Oral,31.0,2.0,Mid,31,Unaspirated,Oral,155.596,155.36,157.235,156.351,322.507,27.588,2393.02,256.702,2848.835,140.377,4052.911,687.888,334.198,2663.292,3150.963,5070.594,12.757,10.47,21.216,5.698,-3.124,4.883,21.215,5.098,-7.316,-2.414,-5.36,-5.611,-8.459,4.772,24.34,0.815,-8.457,5.372,20.074,12.884,18.117,16.081,1.625,25.206,40.52,40.53,38.31,22.041,0.571,low,0.545,0.454,0.506,0.369,-165.55,504.155,503.62,501.77,1.254,2.416,0.518,Luchun-Lax,0.519039735099338,-1923181904539823380
Luchun_F1,1,F,Luchun,,F1_si31_02,282.786,593.893,311.107,5,i31,Vowel,i,Lax,Oral,31.0,2.0,Mid,31,Unaspirated,Oral,148.071,148.02,149.787,148.736,311.882,41.088,2487.952,281.267,2820.727,190.894,4052.111,551.065,328.297,2658.857,3292.151,4993.264,13.83,11.647,20.615,6.115,-0.804,6.869,20.613,4.894,-4.356,1.754,-3.762,-7.604,-6.785,5.532,21.419,-0.754,-6.783,6.752,18.185,9.893,17.592,19.25,1.407,29.096,42.904,41.574,38.659,21.923,0.685,low,0.57,0.441,0.499,0.304,-152.271,438.905,484.704,436.841,1.373,2.844,0.483,Luchun-Lax,0.482770745428973,748313395444077740
Luchun_F1,1,F,Luchun,,F1_si55_01,380.337,755.614,375.277,5,i55,Vowel,i,Lax,Oral,55.0,1.0,High,55,Unaspirated,Oral,193.756,193.77,193.304,194.94,326.997,86.958,2287.229,279.542,2862.489,467.904,4471.64,86.76,332.812,2625.053,4315.022,4599.195,18.959,15.269,14.915,7.604,-9.06,2.994,11.912,-3.495,-7.525,-3.208,-9.427,-6.233,4.044,7.665,23.975,4.61,7.047,18.764,26.484,18.477,28.386,21.502,1.417,26.819,41.036,41.322,39.397,22.304,0.0,high,0.469,0.421,0.47,0.363,-333.679,568.433,703.255,566.557,0.888,1.664,0.538,Luchun-Lax,0.533653846153846,6311948529997511597
Luchun_F1,1,F,Luchun,,F1_si55_03,340.554,722.249,381.695,5,i55,Vowel,i,Lax,Oral,55.0,1.0,High,55,Unaspirated,Oral,192.45,192.403,192.075,192.313,312.878,108.253,2347.921,731.411,2702.862,317.752,4496.965,105.872,315.712,2678.279,4401.83,4752.697,16.832,12.943,12.117,5.988,-8.812,3.737,7.094,-7.794,-8.686,-3.871,-5.027,-5.662,4.715,6.955,20.929,2.252,9.738,20.737,25.518,16.814,21.86,18.605,0.827,32.585,45.4,45.591,41.974,22.695,0.0,high,0.513,0.471,0.543,0.431,-246.609,532.364,634.008,530.126,0.775,1.631,0.38,Luchun-Lax,0.475168608215819,6915215385637895925
Luchun_F1,1,F,Luchun,,F1_x005F_x1a31_01,190.193,521.976,331.783,5,a31,Vowel,a,Lax,Oral,31.0,2.0,Mid,31,Unaspirated,Oral,141.792,141.829,143.491,142.375,1042.759,293.153,1655.905,124.446,2803.098,478.465,3728.695,875.928,850.77,1606.389,3118.251,5491.34,18.633,18.397,20.144,19.176,12.576,8.251,15.415,-16.722,12.11,-14.733,-6.877,-15.149,-1.511,-0.779,7.568,10.925,3.218,35.145,6.524,33.13,25.511,33.546,3.066,37.239,33.377,30.762,30.355,23.472,0.889,low,0.485,0.413,0.472,0.355,-279.814,357.573,865.864,355.066,1.356,2.394,0.575,Luchun-Lax,0.566416040100251,3291610403168724648
Luchun_F1,1,F,Luchun,,F1_x1a_31_01,248.953,493.936,244.983,5,a_31,Vowel,a,Tense,Oral,31.0,2.0,Mid,31,Unaspirated,Oral,150.203,150.211,150.419,150.561,923.815,187.646,1541.53,164.783,2629.392,618.569,3658.721,885.859,991.26,1608.816,3072.502,5304.514,13.053,12.729,17.439,16.096,19.912,13.526,26.197,-4.143,23.353,-1.47,3.932,-3.227,-4.386,-3.367,-2.473,2.571,-13.143,16.89,-10.3,14.199,9.121,15.956,13.108,40.061,33.322,34.492,37.029,30.449,0.633,low,0.546,0.501,0.674,0.446,-272.924,372.251,1132.301,369.289,0.418,1.94,0.097,Luchun-Tense,0.215463917525773,-7731996438679706379
Luchun_F1,1,F,Luchun,,F1_xa_31_01,304.226,563.753,259.527,5,a_31,Vowel,a,Tense,Oral,31.0,2.0,Mid,31,Unaspirated,Oral,156.641,156.494,157.769,156.351,1142.997,530.498,1569.413,200.603,3244.814,280.62,4535.74,643.365,754.31,1515.913,3223.42,5193.575,20.094,19.83,26.25,25.165,22.882,18.02,19.592,-14.959,20.243,-10.79,0.01,-2.501,-6.156,-5.335,3.369,7.145,0.503,34.905,-0.149,30.62,20.085,22.331,12.527,38.704,33.104,32.35,31.279,26.906,0.704,low,0.493,0.431,0.504,0.381,-181.578,434.989,592.585,432.555,0.985,2.654,0.375,Luchun-Tense,0.371137905048983,-8185658797258379003
Luchun_F1,1,F,Luchun,,F1_xa_31_02,272.267,486.611,214.344,5,a_31,Vowel,a,Tense,Oral,31.0,2.0,Mid,31,Unaspirated,Oral,152.709,152.553,153.879,152.788,1070.645,437.549,1565.965,183.355,2769.696,427.308,3516.98,467.978,700.326,1506.184,3153.513,5193.421,18.425,18.155,24.652,23.544,19.7,14.702,16.073,-17.197,14.725,-14.373,-1.34,-9.481,-6.227,-5.389,4.951,8.843,2.351,35.395,3.7,32.528,19.765,27.637,6.379,43.649,37.579,34.873,32.778,26.628,0.6,low,0.53,0.451,0.532,0.247,-125.984,379.62,454.892,377.997,0.848,2.746,0.312,Luchun-Tense,0.308812818645302,-2753625050462778240
Luchun_F1,1,F,Luchun,,F1_xa_33_02,228.737,521.876,293.139,5,a_33,Vowel,a,Tense,Oral,33.0,1.0,Mid,33,Unaspirated,Oral,163.058,162.958,163.099,162.364,475.971,384.664,1611.395,92.046,2803.029,366.823,3584.259,782.79,850.945,1591.175,3008.679,5238.77,19.315,18.081,23.435,17.196,23.227,21.348,16.874,-5.224,22.927,13.648,5.792,12.99,-4.121,0.885,0.209,-4.152,2.441,23.308,-3.612,4.433,13.523,5.091,14.558,49.722,43.894,41.38,39.697,29.965,0.842,mid,0.48,0.437,0.534,0.399,-221.997,376.488,717.455,374.043,0.584,2.222,0.267,Luchun-Tense,0.262826282628263,4404587120894564540
Luchun_F1,1,F,Luchun,,F1_xa31_02,267.846,562.688,294.842,5,a31,Vowel,a,Lax,Oral,31.0,2.0,Mid,31,Unaspirated,Oral,146.251,146.252,147.927,146.881,1073.215,292.44,1752.614,203.555,2843.19,553.436,3775.412,571.553,948.228,1772.078,3797.195,5557.4,17.444,17.209,20.458,19.497,12.639,8.345,13.067,-18.956,6.899,-19.297,-6.739,-16.694,-3.014,-2.288,7.818,11.152,4.376,36.186,10.545,36.506,24.182,33.903,2.259,40.615,36.934,33.424,31.924,23.897,0.83,low,0.524,0.431,0.494,0.402,-110.138,416.814,379.134,414.06,1.329,2.578,0.516,Luchun-Lax,0.515515903801396,2577424005990298646
Luchun_F1,1,F,Luchun,,F1_xa33_01,305.382,608.341,302.959,5,a33,Vowel,a,Lax,Oral,33.0,1.0,Mid,33,Unaspirated,Oral,170.584,170.682,171.267,170.438,902.725,379.464,1614.906,131.814,3142.996,573.311,4426.227,278.959,1093.451,1652.442,3984.674,5611.757,23.05,22.634,18.883,17.138,23.79,14.759,23.707,-5.666,27.327,4.131,1.923,1.864,4.167,5.496,-4.908,2.379,-0.657,28.331,-4.277,18.503,21.127,20.769,25.289,41.165,34.471,32.737,32.265,28.995,0.0,mid,0.555,0.475,0.568,0.298,-178.477,457.426,623.967,455.675,0.841,1.372,0.233,Luchun-Lax,0.612973760932945,3663836288859012593
Luchun_F1,1,F,Luchun,,F1_xa33_02,253.167,512.585,259.418,5,a33,Vowel,a,Lax,Oral,33.0,1.0,Mid,33,Unaspirated,Oral,171.476,171.596,172.078,171.391,881.958,512.652,1652.871,154.361,3129.943,372.921,4491.022,292.798,1127.457,1669.03,3885.353,5152.88,20.951,20.514,17.329,15.491,18.253,8.426,19.038,-9.692,23.941,1.97,1.449,1.549,3.622,5.023,-0.924,7.065,1.913,30.232,-2.99,18.545,19.502,18.965,11.98,43.772,37.976,35.355,34.338,28.789,0.0,mid,0.542,0.472,0.573,0.352,-148.725,383.448,514.651,381.403,0.687,1.309,0.16,Luchun-Lax,0.524828113063407,7412743561090101486
Luchun_F1,1,F,Luchun,,F1_xa55_01,267.783,658.711,390.928,5,a55,Vowel,a,Lax,Oral,55.0,1.0,High,55,Unaspirated,Oral,188.899,188.864,188.928,188.818,754.343,519.377,1672.327,170.7,3020.657,495.849,4291.026,517.927,806.042,1673.619,3429.38,4731.91,23.03,22.322,14.721,11.595,17.134,-5.401,17.132,-8.806,15.207,-2.206,-1.11,1.851,8.309,10.727,-2.413,16.996,5.898,31.143,7.823,24.528,24.14,20.471,5.723,37.017,33.439,31.598,30.27,25.754,0.0,high,0.58,0.537,0.663,0.486,-337.836,463.702,1029.108,461.13,0.542,0.805,0.145,Luchun-Lax,0.673291925465838,-4570731523092113304
Luchun_F1,1,F,Luchun,,F1_xa55_02,226.554,544.219,317.665,5,a55,Vowel,a,Lax,Oral,55.0,1.0,High,55,Unaspirated,Oral,180.376,180.523,180.549,179.494,929.768,428.296,1622.782,145.217,3053.153,313.551,4311.025,418.883,1075.99,1542.366,3244.353,4677.326,19.513,19.054,12.728,10.794,14.7,4.275,14.632,-14.676,17.926,-5.304,1.818,0.249,6.785,8.26,-1.971,6.519,4.881,33.759,1.587,24.358,17.695,18.805,4.059,33.518,32.267,32.137,32.286,27.931,0.0,high,0.568,0.522,0.628,0.455,-276.097,386.59,878.876,384.073,0.53,1.059,0.126,Luchun-Lax,0.500472143531634,-4930127278133218113
Luchun_F1,1,F,Luchun,,F1_xe=_33_01,121.66,423.349,301.689,5,e=_33,Vowel,ɤ,Tense,Oral,33.0,1.0,Mid,33,Unaspirated,Oral,156.439,156.384,157.077,156.351,476.61,121.492,1382.495,155.611,2758.983,150.268,4200.771,204.473,540.888,1209.586,2785.569,4339.334,16.312,15.21,21.546,16.219,17.805,12.952,22.14,-0.739,9.505,-2.751,-0.669,9.097,-5.234,-1.009,3.742,3.267,-5.827,15.955,6.808,17.961,16.982,6.113,4.712,52.494,51.549,53.475,52.57,30.8,0.737,mid,0.519,0.467,0.535,0.436,-495.316,273.923,1661.707,271.132,0.927,2.58,0.361,Luchun-Tense,0.359302325581395,-7886826306250234831
Luchun_F1,1,F,Luchun,,F1_xe=_33_02,161.605,433.711,272.106,5,e=_33,Vowel,ɤ,Tense,Oral,33.0,1.0,Mid,33,Unaspirated,Oral,157.886,157.844,158.169,156.351,454.939,101.202,1288.875,135.364,2762.63,174.1,4180.502,337.318,843.432,2258.904,4011.564,4570.179,15.633,14.392,20.524,14.351,15.842,12.695,23.539,1.091,12.716,0.493,-2.017,10.131,-4.891,0.041,4.682,1.656,-7.906,13.308,2.917,13.9,17.65,4.262,4.822,45.8,47.385,51.0,51.474,30.969,0.0,mid,0.514,0.458,0.529,0.431,-453.617,298.55,1525.403,295.822,0.978,2.506,0.392,Luchun-Tense,0.390263367916999,8186731964060291983
Luchun_F1,1,F,Luchun,,F1_xe=33_01,229.729,537.494,307.765,5,e=33,Vowel,ɤ,Lax,Oral,33.0,1.0,Mid,33,Unaspirated,Oral,167.272,167.263,167.254,168.307,511.444,81.724,1494.435,80.861,2752.467,181.358,4126.48,519.512,548.753,1546.229,2903.029,4856.074,18.434,17.353,18.453,13.249,15.759,10.58,21.566,-1.388,10.665,-1.642,-2.064,4.383,-0.019,4.103,2.694,2.669,-3.132,18.745,7.769,18.994,20.498,12.97,3.798,37.05,40.068,41.869,41.21,27.014,0.0,mid,0.478,0.419,0.487,0.371,-457.191,384.762,1336.363,382.542,0.934,1.918,0.488,Luchun-Lax,0.48696558915537,-1430096949637277851
Luchun_F1,1,F,Luchun,,F1_xe=33_02,210.661,539.75,329.089,5,e=33,Vowel,ɤ,Lax,Oral,33.0,1.0,Mid,33,Unaspirated,Oral,168.294,168.297,168.331,168.608,527.288,103.372,1470.406,161.804,2796.07,90.199,4022.503,630.99,610.66,1534.17,2893.885,5148.02,18.743,17.687,18.963,13.927,18.881,12.86,24.936,1.733,8.892,-4.23,0.273,7.843,-0.22,3.76,0.082,1.067,-6.192,15.961,9.852,21.917,18.47,9.844,6.496,44.562,44.132,45.847,44.841,29.735,0.0,mid,0.483,0.417,0.487,0.305,-460.566,375.9,1329.004,374.087,0.943,2.058,0.459,Luchun-Lax,0.45821185617104,8383600846470622235
Luchun_F1,1,F,Luchun,,F1_za_31_02,250.69,480.438,229.748,5,a_31,Vowel,a,Tense,Oral,31.0,2.0,Mid,31,Unaspirated,Oral,142.086,130.923,141.423,141.796,890.073,174.539,1650.951,144.392,2840.023,579.904,3448.825,408.976,913.081,1694.374,3268.078,5317.241,12.877,12.58,14.693,13.463,16.673,10.854,25.343,-4.012,16.192,-6.321,1.328,-3.185,-1.816,-0.883,-1.98,2.61,-12.466,16.606,-3.315,18.901,11.549,15.765,6.504,34.547,28.573,28.268,27.911,28.49,0.719,low,0.552,0.449,0.607,0.446,-166.328,366.421,752.85,363.201,0.576,0.745,0.019,Luchun-Tense,0.773154362416107,2383907961753012392
Luchun_F1,1,F,Luchun,,F1_za31_01,169.726,557.525,387.799,5,a31,Vowel,a,Lax,Oral,31.0,2.0,Mid,31,Unaspirated,Oral,148.797,148.627,149.776,149.281,1056.646,320.063,1669.204,227.922,2889.665,640.984,3421.559,602.324,839.772,1589.449,3159.481,5339.051,16.102,15.847,18.148,17.098,13.012,8.271,13.648,-18.471,7.715,-19.166,-5.316,-13.006,-2.045,-1.251,5.135,8.827,2.454,34.347,8.388,35.013,21.418,28.853,2.103,42.906,36.505,34.425,32.872,24.632,0.956,low,0.478,0.401,0.488,0.242,-229.515,364.341,753.839,362.709,1.169,2.385,0.452,Luchun-Lax,0.490146750524109,-2664667777485560774
Luchun_F1,1,F,Luchun,,F1_za31_02,189.615,557.141,367.526,5,a31,Vowel,a,Lax,Oral,31.0,2.0,Mid,31,Unaspirated,Oral,148.562,148.836,150.161,149.443,1021.723,247.446,1662.045,324.158,2791.355,566.473,3429.765,388.239,855.217,1436.401,3172.864,5328.836,16.19,15.923,19.036,17.94,15.022,10.036,13.747,-17.93,4.219,-22.056,-5.781,-14.04,-2.846,-2.017,4.013,7.904,2.443,33.878,11.971,37.98,21.971,29.963,2.121,38.153,34.229,33.551,32.032,23.899,0.873,low,0.465,0.387,0.489,0.226,-231.934,373.14,766.513,371.617,0.962,2.593,0.37,Luchun-Lax,0.370998843038951,9211531263589241586
Luchun_F2,2,F,Luchun,,F2_ba_31_02,167.618,402.544,234.926,5,a_31,Vowel,a,Tense,Oral,31.0,2.0,Mid,31,Unaspirated,Oral,160.487,143.055,163.051,161.688,1121.782,60.29,1736.629,137.263,3303.136,223.829,4386.937,431.962,1140.873,1778.691,3344.103,4494.323,11.123,10.857,14.503,13.412,12.376,7.44,31.606,-1.034,24.759,-2.62,12.263,8.549,-3.38,-2.555,2.127,5.972,-20.484,11.949,-13.636,13.477,-1.14,2.309,29.053,42.129,33.257,30.567,29.526,28.842,0.0,low,0.601,0.531,0.622,0.588,-294.146,287.492,907.38,283.808,0.944,1.54,0.244,Luchun-Tense,0.612987012987013,5361800643810945942
Luchun_F2,2,F,Luchun,,F2_ba_33_01,199.194,535.803,336.609,5,a_33,Vowel,a,Tense,Oral,33.0,1.0,Mid,33,Unaspirated,Oral,180.246,180.328,180.639,231.171,1078.731,68.157,1769.08,147.992,3010.316,437.846,4214.233,827.348,1087.855,1755.631,3255.949,4761.702,16.544,16.199,17.165,15.733,18.556,11.685,34.339,3.137,26.329,1.203,5.647,-3.839,-0.621,0.466,-1.391,4.048,-17.794,13.088,-9.785,14.996,10.897,20.038,50.975,38.1,30.818,28.388,28.941,29.677,0.411,mid,0.566,0.521,0.595,0.534,-543.093,369.21,1663.286,366.25,0.903,2.202,0.411,Luchun-Tense,0.41008174386921,5847990326813087291
Luchun_F2,2,F,Luchun,,F2_ba_33_02,131.509,485.77,354.261,5,a_33,Vowel,a,Tense,Oral,33.0,1.0,Mid,33,Unaspirated,Oral,181.114,181.068,181.436,355.949,1091.733,84.579,1708.468,150.991,3328.561,261.859,4318.796,555.921,1113.295,1730.294,3318.382,4377.601,15.564,15.216,17.231,15.789,17.54,10.662,33.389,1.514,28.406,1.789,9.918,5.935,-1.667,-0.573,-0.309,5.127,-17.825,13.758,-12.842,13.426,5.645,9.281,46.735,37.834,31.388,29.04,29.613,30.085,0.339,mid,0.581,0.545,0.6,0.549,-552.686,310.056,1333.293,307.023,0.929,2.107,0.441,Luchun-Tense,0.440911248220218,-7747791727712458540
Luchun_F2,2,F,Luchun,,F2_be_33_01,116.928,457.332,340.404,5,e_33,Vowel,e,Tense,Oral,33.0,1.0,Mid,33,Unaspirated,Oral,177.224,177.155,177.616,177.309,864.725,141.879,2376.037,189.311,3322.347,240.481,4516.119,523.302,845.279,2387.579,3300.554,4716.045,14.286,13.851,15.321,13.47,19.428,8.569,22.066,-4.652,12.993,0.043,7.952,1.167,-1.035,0.381,-4.107,4.901,-7.78,18.507,1.293,13.808,6.334,12.684,5.127,44.093,42.43,41.538,38.403,30.693,0.0,mid,0.578,0.518,0.595,0.539,-558.765,289.162,1887.242,286.115,1.191,2.393,0.498,Luchun-Tense,0.497701629753448,-7218494298491135630
Luchun_F2,2,F,Luchun,,F2_be_33_02,166.402,464.012,297.61,5,e_33,Vowel,e,Tense,Oral,33.0,1.0,Mid,33,Unaspirated,Oral,178.915,178.848,179.41,178.563,814.558,163.934,2354.446,154.582,3227.213,148.12,4195.243,623.116,770.547,2279.796,3253.232,4574.642,14.327,13.818,17.261,15.066,23.398,8.108,22.685,-3.24,6.532,-5.145,5.267,-1.168,-2.934,-1.247,-6.137,6.957,-8.358,17.061,7.795,18.963,9.06,14.986,4.911,46.249,45.049,44.477,40.938,27.526,0.824,mid,0.61,0.559,0.607,0.56,-833.912,316.835,1764.681,313.706,1.167,2.188,0.534,Luchun-Tense,0.533363802559415,3905556765201761831
Luchun_F2,2,F,Luchun,,F2_bi_31_02,164.411,398.897,234.486,5,i_31,Vowel,i,Tense,Oral,31.0,2.0,Mid,31,Unaspirated,Oral,163.275,163.278,163.536,328.406,327.172,21.099,3120.195,157.612,3804.083,277.741,4581.852,293.137,345.02,3142.086,3940.412,4777.988,8.127,5.681,19.038,2.977,0.524,9.484,19.036,2.968,4.803,15.225,1.077,7.731,-10.91,2.705,18.514,-6.507,-10.908,2.714,3.324,-9.544,7.05,-2.05,1.027,38.009,53.567,58.238,53.847,29.247,0.245,low,0.571,0.514,0.56,0.524,-452.976,283.253,969.389,280.045,1.265,2.081,0.608,Luchun-Tense,0.607880826525709,7340221056809766430
Luchun_F2,2,F,Luchun,,F2_bja_33_01,445.11,689.374,244.264,5,a_33,Vowel,a,Tense,Oral,33.0,1.0,Mid,33,Unaspirated,Oral,163.431,163.725,164.003,271.553,1032.024,133.099,1945.86,122.26,3374.35,241.602,4233.653,364.097,966.08,1898.455,3394.751,4258.639,14.174,13.876,16.132,14.897,13.604,7.734,22.287,-7.459,13.508,-7.775,2.427,-1.518,-1.958,-1.021,2.529,7.163,-8.113,21.355,0.667,21.651,11.747,15.395,3.562,20.687,16.456,17.676,19.488,20.794,0.446,mid,0.636,0.51,0.52,0.493,-612.455,568.901,1263.635,565.879,1.745,2.237,0.781,Luchun-Tense,0.780062583817613,1244682501062258074
Luchun_F2,2,F,Luchun,,F2_bja55_02,272.91,518.524,245.614,5,a55,Vowel,a,Lax,Oral,55.0,1.0,High,55,Unaspirated,Oral,196.569,197.017,197.152,196.08,970.32,73.558,2018.798,219.381,3314.375,214.337,4359.068,406.55,939.778,1974.114,3294.654,4411.241,20.258,19.805,17.854,15.932,21.648,10.833,27.055,-1.176,11.403,-7.1,7.585,3.22,2.405,3.872,-3.795,5.1,-6.797,20.996,8.856,26.905,12.673,16.585,11.279,49.354,46.309,43.202,40.218,28.842,0.0,high,0.457,0.422,0.48,0.42,-424.301,397.583,997.27,395.448,1.364,1.618,0.847,Luchun-Lax,0.843016069221261,5361800643810945942
Luchun_F2,2,F,Luchun,,F2_bu_31_01,214.214,437.942,223.728,5,u_31,Vowel,u,Tense,Oral,31.0,2.0,Mid,31,Unaspirated,Oral,165.78,165.374,169.365,167.17,339.918,31.329,1069.665,176.822,3417.605,68.865,4432.888,118.198,798.374,3409.988,4561.45,,7.617,5.038,18.473,1.062,-1.365,3.15,18.472,0.876,-1.084,-9.902,-11.013,18.826,-10.856,3.976,19.838,-2.088,-10.855,4.185,8.701,14.94,18.63,-13.789,0.838,35.87,42.864,49.376,49.973,26.086,0.534,low,0.609,0.554,0.639,0.583,-461.063,327.938,1284.857,324.41,0.673,2.22,0.254,Luchun-Tense,0.303153153153153,-6137641576688184150
Luchun_F2,2,F,Luchun,,F2_bu_31_02,201.38,399.596,198.216,5,u_31,Vowel,u,Tense,Oral,31.0,2.0,Mid,31,Unaspirated,Oral,160.332,160.391,168.851,163.716,375.031,65.793,1148.583,105.228,3355.154,66.7,4393.24,107.86,966.502,3398.202,4569.778,4698.45,7.3,5.218,18.194,4.781,0.742,3.9,17.592,-1.563,2.75,-6.703,-10.364,15.37,-10.894,0.437,17.452,0.881,-10.292,6.798,4.551,11.92,17.664,-10.153,0.9,27.64,32.996,40.17,41.412,23.66,0.809,low,0.613,0.559,0.666,0.599,-390.875,302.433,1247.611,298.66,0.555,2.678,0.209,Luchun-Tense,0.207244212098581,-5351170929289787925
Luchun_F2,2,F,Luchun,,F2_cjo_31_01,243.355,494.16,250.805,5,o_31,Vowel,o,Tense,Oral,31.0,2.0,Mid,31,Unaspirated,Oral,167.205,166.97,167.907,167.809,404.485,95.068,843.774,85.818,3366.323,100.98,4389.287,214.813,768.345,3405.196,4720.23,4786.853,7.216,5.254,16.139,4.944,5.008,1.87,11.775,-9.751,11.117,-3.568,-9.921,20.089,-8.923,0.309,11.131,3.075,-4.56,15.087,-3.901,8.822,17.137,-14.836,1.13,37.815,42.187,48.958,49.194,26.426,0.0,low,0.592,0.54,0.637,0.564,-494.681,369.987,1430.362,366.612,0.557,1.043,0.148,Luchun-Tense,0.534036433365292,-4397604311999173833
Luchun_F2,2,F,Luchun,,F2_cjo_31_02,235.157,468.039,232.882,5,o_31,Vowel,o,Tense,Oral,31.0,2.0,Mid,31,Unaspirated,Oral,153.757,153.119,156.855,154.206,448.614,66.043,943.396,112.676,3293.159,79.693,4307.838,168.178,778.247,3370.519,4689.755,4911.495,5.879,4.494,13.709,6.831,7.402,2.11,19.075,-4.118,9.883,-6.005,-7.608,18.047,-7.83,-2.337,6.307,4.721,-13.196,8.673,-4.004,10.499,13.487,-13.553,1.3,33.979,38.521,45.961,46.243,26.055,0.0,low,0.591,0.524,0.634,0.589,-400.124,353.914,1300.951,350.042,0.597,2.723,0.219,Luchun-Tense,0.219243481454278,1724821448520684405
Luchun_F2,2,F,Luchun,,F2_cjo31_01,283.23,583.854,300.624,5,o31,Vowel,o,Lax,Oral,31.0,2.0,Mid,31,Unaspirated,Oral,163.086,162.871,165.225,163.824,463.154,98.473,854.305,70.898,3281.406,92.849,4187.205,208.697,739.495,3371.983,4635.98,4823.789,12.446,10.951,17.698,10.283,10.683,2.884,21.332,-2.923,16.346,-1.883,-10.552,16.49,-5.253,0.668,7.015,7.4,-8.886,13.998,-3.901,12.834,22.997,-5.539,2.724,42.428,45.882,53.113,52.748,27.801,0.0,low,0.502,0.439,0.486,0.455,-709.863,435.793,1708.961,432.985,1.871,2.082,0.899,Luchun-Lax,0.898655139289145,1130193442441896304
Luchun_F2,2,F,Luchun,,F2_de_31_02,240.371,465.161,224.79,5,e_31,Vowel,e,Tense,Oral,31.0,2.0,Mid,31,Unaspirated,Oral,159.19,158.913,163.619,160.826,747.555,94.358,2461.556,242.327,3460.33,232.756,4432.036,508.989,735.632,2575.392,3435.975,4654.624,13.114,12.611,17.254,15.073,22.642,6.3,23.562,-1.597,9.513,0.818,8.663,4.986,-4.141,-2.462,-5.387,8.773,-10.448,14.211,3.601,11.793,4.45,7.625,5.083,34.385,32.71,31.603,26.436,24.64,0.47,low,0.677,0.55,0.566,0.587,-541.596,355.296,987.677,351.603,1.433,2.438,0.589,Luchun-Tense,0.587776866283839,-7639556023458344846
Luchun_F2,2,F,Luchun,,F2_de_33_01,204.796,530.835,326.039,5,e_33,Vowel,e,Tense,Oral,33.0,1.0,Mid,33,Unaspirated,Oral,174.138,174.539,175.122,275.949,699.225,38.913,2565.204,344.289,3479.503,256.357,4502.334,743.633,694.845,2542.473,3437.132,4805.324,17.667,17.064,19.852,17.191,29.437,4.89,29.435,4.817,6.877,-0.384,3.841,0.446,-2.186,-0.127,-9.584,12.302,-11.769,12.249,10.79,17.448,13.825,16.618,12.85,19.63,20.047,21.91,19.741,21.695,0.37,mid,0.585,0.533,0.562,0.528,-849.382,369.577,1498.712,366.558,1.5,1.964,0.766,Luchun-Tense,0.763747454175153,-710288946135684660
Luchun_F2,2,F,Luchun,,F2_de_33_02,170.515,485.235,314.72,5,e_33,Vowel,e,Tense,Oral,33.0,1.0,Mid,33,Unaspirated,Oral,178.035,178.116,178.169,178.244,359.984,394.53,728.385,57.139,2528.032,155.132,3407.434,238.01,693.274,2535.924,3413.281,4656.231,15.558,12.667,15.717,-3.655,22.388,8.799,15.716,-4.169,22.387,7.797,1.93,26.46,-0.16,16.322,-6.671,-12.455,-0.158,16.88,-6.829,4.87,13.628,-13.793,3.737,28.933,31.022,32.336,28.372,21.367,0.701,mid,0.604,0.481,0.504,0.49,-416.523,329.647,1027.431,326.891,1.34,2.011,0.668,Luchun-Tense,0.666335156638488,-5599055003163871900
Luchun_F2,2,F,Luchun,,F2_de-_33_01,252.017,645.564,393.547,5,e-_33,Vowel,ø,Tense,Oral,33.0,1.0,Mid,33,Unaspirated,Oral,192.297,192.143,192.512,193.467,419.734,76.717,2571.117,203.316,3186.664,190.413,4485.82,237.185,464.183,2935.673,3509.086,4912.245,13.398,11.311,23.107,8.351,6.456,12.964,23.106,3.374,7.881,10.145,10.737,11.742,-9.709,2.959,16.652,-4.613,-9.708,7.938,5.518,1.166,2.662,-0.432,3.98,53.825,60.761,63.623,58.113,33.601,0.657,mid,0.582,0.56,0.652,0.533,-665.946,449.629,1816.665,446.854,0.455,1.985,0.229,Luchun-Tense,0.229219143576826,-5454512165262692656
Luchun_F2,2,F,Luchun,,F2_de-_33_02,169.025,518.98,349.955,5,e-_33,Vowel,ø,Tense,Oral,33.0,1.0,Mid,33,Unaspirated,Oral,186.8,186.987,187.475,188.274,421.144,82.18,2596.989,136.239,3213.685,152.669,4458.54,182.524,442.505,2883.571,3711.744,4914.41,11.907,9.919,21.571,8.084,4.596,10.648,21.456,1.713,8.643,11.283,10.415,11.288,-9.663,1.834,16.974,-2.564,-9.548,8.206,3.264,-1.364,1.493,-1.37,2.819,36.077,43.365,45.039,40.405,28.102,0.74,mid,0.605,0.583,0.639,0.569,-702.853,345.547,1545.754,342.5,0.777,1.965,0.396,Luchun-Tense,0.395419847328244,5246197822038380210
Luchun_F2,2,F,Luchun,,F2_de-33_02,195.498,563.533,368.035,5,e-33,Vowel,ø,Lax,Oral,33.0,1.0,Mid,33,Unaspirated,Oral,172.944,172.983,173.635,172.904,450.519,81.861,2488.365,215.285,3198.717,204.432,4425.182,212.928,425.432,2729.159,3447.902,4739.804,13.816,12.343,19.182,10.973,2.978,5.278,13.739,-7.2,7.357,7.53,7.837,8.839,-5.365,1.37,16.204,5.695,0.077,19.543,6.46,4.812,5.979,3.503,2.214,44.759,55.737,56.715,52.327,32.115,0.0,mid,0.518,0.427,0.471,0.448,-744.575,381.495,1631.246,378.9,1.773,1.918,0.925,Luchun-Lax,0.924400417101147,1231922209830905343
Luchun_F2,2,F,Luchun,,F2_do_31_01,164.001,396.457,232.456,5,o_31,Vowel,o,Tense,Oral,31.0,2.0,Mid,31,Unaspirated,Oral,146.936,146.778,147.749,146.412,432.145,62.715,877.134,84.897,3674.055,77.136,4208.254,106.547,713.845,3847.288,4665.044,5419.001,8.473,7.179,15.416,9.146,11.317,4.673,22.841,-0.435,12.146,-4.32,0.064,30.808,-6.944,-1.967,4.099,4.473,-14.368,7.728,-3.673,11.499,8.408,-23.629,2.532,28.256,32.528,41.425,43.249,26.225,0.0,low,0.623,0.536,0.627,0.614,-248.262,282.445,889.443,278.268,0.918,1.242,0.188,Luchun-Tense,0.739130434782609,-3675423246919664912
Luchun_F2,2,F,Luchun,,F2_do_33_01,266.816,658.752,391.936,5,o_33,Vowel,o,Tense,Oral,33.0,1.0,Mid,33,Unaspirated,Oral,179.576,179.588,180.165,179.654,449.497,95.619,889.975,53.449,3483.518,150.915,4129.777,177.348,791.27,3557.531,4017.899,4442.996,17.044,15.197,25.495,15.468,17.369,11.777,17.144,-6.071,20.762,4.131,-4.174,24.815,-8.451,-0.271,8.126,3.691,-0.1,21.392,-3.718,11.066,21.218,-9.618,10.305,36.096,41.601,49.349,49.653,27.695,0.0,mid,0.591,0.566,0.612,0.553,-808.794,464.618,1707.23,461.536,0.953,2.044,0.467,Luchun-Tense,0.466242661448141,-4029934730969978230
Luchun_F2,2,F,Luchun,,F2_do_33_02,296.277,636.453,340.176,5,o_33,Vowel,o,Tense,Oral,33.0,1.0,Mid,33,Unaspirated,Oral,180.915,180.922,182.207,182.008,494.15,75.344,954.827,111.997,3471.71,158.337,4085.37,241.954,521.285,782.899,3785.609,5172.847,16.66,15.076,24.025,15.943,13.759,7.653,25.321,1.308,15.663,-1.775,-6.98,19.061,-7.365,-0.867,10.265,8.29,-8.661,13.878,0.997,16.851,23.639,-3.985,9.251,17.951,22.07,32.292,36.066,22.585,0.0,mid,0.6,0.543,0.587,0.545,-609.378,468.281,1407.106,465.27,1.103,2.103,0.525,Luchun-Tense,0.524488825487399,-1604851953157045456
Luchun_F2,2,F,Luchun,,F2_do+_31_01,168.851,370.919,202.068,5,o+_31,Vowel,ɔ,Tense,Oral,31.0,2.0,Mid,31,Unaspirated,Oral,139.721,204.449,141.296,139.245,794.428,86.226,1285.462,97.96,3564.001,215.394,3993.99,316.43,1042.563,1228.776,3716.749,4680.723,6.295,5.907,10.493,8.874,5.489,-2.574,23.153,-6.381,18.853,-6.015,5.821,17.734,-4.198,-2.967,5.004,11.448,-16.858,12.388,-12.558,11.922,0.474,-11.828,5.463,22.991,16.504,22.446,24.887,23.689,0.688,low,0.672,0.547,0.608,0.625,-345.567,272.436,976.678,267.964,1.28,3.179,0.404,Luchun-Tense,0.402642340358603,8526078437233028123
Luchun_F2,2,F,Luchun,,F2_do+_31_02,95.046,352.528,257.482,5,o+_31,Vowel,ɔ,Tense,Oral,31.0,2.0,Mid,31,Unaspirated,Oral,143.243,143.031,144.252,143.475,730.518,71.812,1279.641,69.324,3528.679,769.253,3616.355,95.684,840.92,1305.064,3603.124,4909.62,7.518,7.063,11.087,9.172,10.913,0.628,25.59,-2.721,20.061,-2.956,8.027,20.906,-3.569,-2.109,0.174,8.544,-18.072,9.859,-12.543,10.019,-0.509,-13.843,5.477,41.353,31.889,36.676,36.961,27.307,0.0,low,0.631,0.524,0.58,0.583,-311.356,226.324,920.775,222.235,1.262,1.842,0.333,Luchun-Tense,0.685124864277959,-5895809444119060210
Luchun_F2,2,F,Luchun,,F2_do+_33_01,239.757,578.746,338.989,5,o+_33,Vowel,ɔ,Tense,Oral,33.0,1.0,Mid,33,Unaspirated,Oral,173.801,173.765,174.447,173.97,740.753,109.092,1215.823,75.567,3473.248,327.681,3950.03,383.344,761.026,1217.359,3703.95,4618.905,12.817,12.134,15.548,12.595,24.021,2.167,24.02,-4.147,19.419,-4.134,-5.053,9.41,-2.731,-0.461,-8.473,10.428,-11.203,16.403,-6.602,16.268,17.87,2.724,6.46,38.691,32.49,37.834,38.977,23.757,0.777,mid,0.615,0.557,0.576,0.542,-880.214,411.491,1460.152,408.37,1.491,2.015,0.74,Luchun-Tense,0.739950372208437,3662427142735453681
Luchun_F2,2,F,Luchun,,F2_do55_02,183.122,548.067,364.945,5,o55,Vowel,o,Lax,Oral,55.0,1.0,High,55,Unaspirated,Oral,193.12,193.329,193.575,193.629,524.346,136.464,1032.785,276.216,3486.156,237.645,4687.091,602.958,689.094,3509.605,5034.084,4885.81,20.648,18.973,23.026,14.165,11.948,6.755,22.022,-1.636,13.263,-3.696,-4.342,20.171,-2.378,4.808,11.078,7.409,-1.374,20.702,7.385,22.669,24.991,-1.199,8.164,39.957,42.432,50.437,49.633,27.496,0.0,high,0.422,0.37,0.432,0.309,-504.567,366.778,1207.787,365.175,1.383,1.472,0.946,Luchun-Lax,0.939538043478261,5450051204027825790
Luchun_F2,2,F,Luchun,,F2_dze_33_01,207.734,529.442,321.708,5,e_33,Vowel,e,Tense,Oral,33.0,1.0,Mid,33,Unaspirated,Oral,185.9,186.041,186.348,373.867,741.735,28.081,2417.545,112.061,3258.661,340.681,4537.601,718.813,739.893,2430.009,3243.207,4939.164,15.358,14.737,19.005,16.259,30.946,5.996,30.944,5.941,16.181,6.719,6.995,1.626,-3.647,-1.523,-11.94,10.264,-15.586,8.798,-0.823,8.017,8.363,13.111,18.841,45.163,43.476,41.479,35.943,26.213,0.322,mid,0.586,0.563,0.618,0.555,-832.601,369.986,1756.547,366.999,0.758,2.031,0.374,Luchun-Tense,0.373215164943378,-7172935669697459643
Luchun_F2,2,F,Luchun,,F2_dze_33_02,135.375,445.217,309.842,5,e_33,Vowel,e,Tense,Oral,33.0,1.0,Mid,33,Unaspirated,Oral,180.97,181.337,181.56,233.35,726.808,42.287,2525.094,149.429,3383.977,279.132,4578.185,583.884,717.323,2530.229,3357.711,4785.022,14.213,13.605,17.876,15.191,27.432,2.652,27.431,2.602,8.985,0.856,2.726,-2.03,-3.663,-1.586,-9.556,12.539,-13.217,11.005,5.228,12.749,11.487,15.635,8.198,38.62,40.32,40.154,36.37,28.145,0.413,mid,0.615,0.563,0.6,0.563,-697.311,292.557,1295.676,289.45,1.136,2.105,0.54,Luchun-Tense,0.539667458432304,-6021273557824778185
Luchun_F2,2,F,Luchun,,F2_dzii_31_01,261.071,504.295,243.224,5,ii_31,Vowel,ɿ,Tense,Oral,31.0,2.0,Mid,31,Unaspirated,Oral,164.4,164.437,165.458,199.559,336.099,29.516,1736.261,102.687,3589.28,156.438,4435.313,212.507,364.565,1787.876,3679.327,4633.381,12.579,10.137,23.657,7.151,5.055,12.806,23.655,7.01,-1.952,-3.828,-6.83,14.845,-11.078,2.986,18.602,-5.655,-11.076,3.13,14.531,13.965,19.409,-4.708,2.968,24.191,35.009,37.76,39.174,24.211,0.419,low,0.655,0.582,0.635,0.609,-493.699,385.053,1201.261,381.332,0.9,2.662,0.339,Luchun-Tense,0.33809166040571,1335033304680322472
Luchun_F2,2,F,Luchun,,F2_dzii_31_02,234.1,445.161,211.061,5,ii_31,Vowel,ɿ,Tense,Oral,31.0,2.0,Mid,31,Unaspirated,Oral,165.881,168.565,170.609,342.861,335.34,22.821,1699.641,46.627,3617.875,61.392,4468.293,132.827,348.259,1722.388,3687.676,4689.503,12.866,10.381,22.719,6.061,4.877,12.669,22.718,5.985,2.019,-0.315,-2.368,19.77,-9.853,4.32,17.842,-6.608,-9.852,4.4,10.847,10.697,15.234,-9.389,2.383,27.705,37.852,40.206,41.918,23.043,0.323,low,0.621,0.552,0.61,0.578,-447.87,340.975,1050.79,337.542,1.019,2.538,0.402,Luchun-Tense,0.401497241922774,-9222283187749363617
Luchun_F2,2,F,Luchun,,F2_dzii_33_01,319.556,614.239,294.683,5,ii_33,Vowel,ɿ,Tense,Oral,33.0,1.0,Mid,33,Unaspirated,Oral,182.815,182.867,183.043,182.942,355.561,62.39,1742.579,131.453,3599.896,98.926,4522.477,341.874,420.819,1768.932,3653.784,5000.606,17.54,14.808,23.339,6.951,6.18,14.652,23.338,6.04,0.815,-1.595,-5.551,15.311,-5.798,7.856,17.159,-7.701,-5.797,8.772,16.726,16.403,23.092,-0.503,3.683,38.596,47.104,46.614,46.909,27.348,0.696,mid,0.575,0.52,0.619,0.55,-573.6,468.346,2007.68,465.332,0.753,2.214,0.34,Luchun-Tense,0.340108401084011,2367834431421733392
Luchun_F2,2,F,Luchun,,F2_dzii_33_02,216.468,551.492,335.024,5,ii_33,Vowel,ɿ,Tense,Oral,33.0,1.0,Mid,33,Unaspirated,Oral,182.48,182.432,182.731,182.593,361.191,59.078,1711.416,98.452,3617.682,73.968,4515.751,283.127,428.19,1727.045,3698.933,4990.14,18.052,15.428,25.296,7.836,10.321,18.288,25.294,7.65,2.456,-0.61,-3.309,17.832,-7.244,7.592,14.974,-10.452,-7.242,7.782,15.596,16.038,21.362,-2.404,5.557,33.224,42.073,43.108,44.143,26.824,0.583,mid,0.578,0.554,0.613,0.53,-745.961,385.595,1857.76,382.689,0.853,2.111,0.404,Luchun-Tense,0.404073898626243,5297656488608466339
Luchun_F2,2,F,Luchun,,F2_dzii31_02,342.776,633.667,290.891,5,ii31,Vowel,ɿ,Lax,Oral,31.0,2.0,Mid,31,Unaspirated,Oral,162.813,162.915,165.54,163.805,469.561,65.584,1667.368,73.409,3501.081,89.169,4409.225,248.084,483.8,1681.77,3499.485,4489.124,18.846,17.644,23.227,17.196,10.823,8.677,26.98,4.735,9.886,0.846,-0.42,15.097,-4.381,0.448,12.404,8.519,-8.134,12.916,8.96,16.798,19.267,2.547,8.555,35.968,42.27,43.957,43.881,27.346,0.0,low,0.505,0.436,0.474,0.442,-709.23,490.727,1464.851,487.993,1.893,1.899,0.997,Luchun-Lax,0.996840442338073,6778449550588312330
Luchun_F2,2,F,Luchun,,F2_dzii33_02,327.824,629.593,301.769,5,ii33,Vowel,ɿ,Lax,Oral,33.0,1.0,Mid,33,Unaspirated,Oral,179.586,179.458,180.379,179.688,387.849,145.623,1685.418,93.313,3570.325,139.065,4453.794,223.475,452.65,1685.912,3722.189,4895.163,18.777,16.659,23.405,8.869,8.938,14.43,23.193,3.91,2.99,-2.08,-7.633,11.979,-4.629,7.789,14.468,-5.561,-4.416,12.754,15.787,18.738,26.41,4.68,4.415,39.408,47.834,46.876,47.002,27.01,0.949,mid,0.517,0.465,0.511,0.476,-706.44,480.524,1478.269,477.867,1.634,1.793,0.913,Luchun-Lax,0.911321807027328,-590759902565789453
Luchun_F2,2,F,Luchun,,F2_dzii55_01,328.037,668.92,340.883,5,ii55,Vowel,ɿ,Lax,Oral,55.0,1.0,High,55,Unaspirated,Oral,210.139,210.233,209.914,211.451,398.636,86.524,1691.522,72.208,3571.363,101.337,4489.94,634.514,430.896,1714.425,3559.945,5388.932,21.929,18.994,24.996,8.965,4.771,12.902,24.995,6.173,8.314,3.694,-3.108,16.957,-3.067,10.029,20.224,-3.937,-3.066,12.827,13.614,15.3,25.037,2.037,6.922,38.037,44.287,42.919,42.084,25.979,0.798,high,0.425,0.389,0.456,0.369,-807.617,500.025,1515.314,498.271,1.086,1.186,0.915,Luchun-Lax,0.915682967959528,4179969193018372546
Luchun_F2,2,F,Luchun,,F2_dzii55_02,282.872,598.077,315.205,5,ii55,Vowel,ɿ,Lax,Oral,55.0,1.0,High,55,Unaspirated,Oral,206.703,206.749,206.309,206.055,398.798,84.345,1695.85,90.795,3501.387,76.853,4474.888,258.453,449.873,1706.34,3555.134,4859.948,20.847,18.021,25.86,8.602,7.426,15.331,25.859,6.99,7.007,2.437,-2.233,16.836,-5.013,9.419,18.434,-6.729,-5.012,11.037,13.841,15.584,23.08,1.185,7.579,45.559,50.848,50.535,49.566,27.013,0.73,high,0.433,0.382,0.461,0.361,-581.702,441.657,1307.887,439.907,1.31,1.357,0.966,Luchun-Lax,0.965364775239499,-5015195332213864068
Luchun_F2,2,F,Luchun,,F2_dzji_31_01,261.217,531.834,270.617,5,i_31,Vowel,i,Tense,Oral,31.0,2.0,Mid,31,Unaspirated,Oral,167.566,167.397,170.033,168.628,334.161,24.555,3194.7,133.665,3799.72,303.815,4643.482,359.175,341.863,3248.355,4162.141,4905.068,10.707,8.225,16.78,0.34,-8.68,0.384,16.779,0.317,-4.681,5.779,-7.906,-2.841,-6.073,7.885,25.46,-0.044,-6.072,7.909,15.388,2.446,18.613,11.066,0.728,34.302,49.987,55.036,51.132,24.458,0.59,low,0.621,0.544,0.595,0.571,-538.985,398.738,1355.901,395.32,1.19,2.44,0.488,Luchun-Tense,0.487704918032787,-1645771220213864512
Luchun_F2,2,F,Luchun,,F2_dzji_31_02,199.416,440.796,241.38,5,i_31,Vowel,i,Tense,Oral,31.0,2.0,Mid,31,Unaspirated,Oral,168.748,168.884,170.064,170.286,334.377,43.696,3184.066,68.914,3713.493,325.816,4575.398,282.526,342.978,3203.534,4080.24,4912.562,10.431,7.927,13.195,-3.169,-10.203,-1.046,13.193,-3.235,-1.998,8.631,-8.688,-5.192,-2.764,11.096,23.397,-2.123,-2.763,11.162,12.428,-0.704,19.118,13.119,0.392,33.52,50.092,54.78,50.974,25.26,0.855,low,0.576,0.509,0.558,0.525,-467.767,322.037,1149.543,318.93,1.139,2.216,0.515,Luchun-Tense,0.51398916967509,-6442047405886279718
Luchun_F2,2,F,Luchun,,F2_dzji31_02,221.277,545.08,323.803,5,i31,Vowel,i,Lax,Oral,31.0,2.0,Mid,31,Unaspirated,Oral,165.506,165.469,167.304,166.116,324.224,51.58,2989.687,106.246,3687.912,208.684,4506.882,313.229,341.668,2997.117,3782.717,4701.287,16.593,13.998,19.597,4.153,0.103,9.599,19.596,3.692,3.996,13.765,-0.063,6.225,-3.005,9.845,19.495,-5.445,-3.003,10.306,12.596,0.233,16.656,7.773,1.659,34.406,47.785,50.458,46.482,27.828,0.724,low,0.474,0.418,0.476,0.435,-531.917,385.525,1654.258,382.895,1.875,1.965,0.955,Luchun-Lax,0.954198473282443,4980396548959736849
Luchun_F2,2,F,Luchun,,F2_dzu_31_01,211.024,431.107,220.083,5,u_31,Vowel,u,Tense,Oral,31.0,2.0,Mid,31,Unaspirated,Oral,172.462,172.154,173.783,172.904,348.117,27.217,1251.647,91.706,3460.224,89.735,4492.387,70.363,1093.929,3592.607,4683.975,4696.225,7.461,4.883,18.245,0.757,-3.54,2.849,18.243,0.747,1.661,-4.951,-11.632,14.383,-10.784,4.126,21.785,-2.091,-10.783,4.147,5.8,9.835,19.093,-9.5,0.845,38.933,44.594,50.152,50.14,25.689,0.509,low,0.627,0.582,0.66,0.602,-526.194,322.93,1344.539,319.436,0.731,2.38,0.308,Luchun-Tense,0.307142857142857,8585296111172177029
Luchun_F2,2,F,Luchun,,F2_dzu_31_02,185.03,378.671,193.641,5,u_31,Vowel,u,Tense,Oral,31.0,2.0,Mid,31,Unaspirated,Oral,177.283,176.696,179.19,177.117,361.003,33.482,1407.958,78.888,3429.209,227.652,4441.586,94.232,1339.409,3546.045,4601.086,,9.777,7.231,19.957,2.174,-0.01,6.738,19.956,2.061,4.817,-1.031,-8.588,14.429,-10.18,5.057,19.966,-4.564,-10.179,5.177,4.96,8.262,18.364,-7.199,1.345,38.484,44.812,46.66,45.746,25.125,0.5,low,0.628,0.597,0.664,0.592,-651.808,283.695,1513.409,280.35,0.695,2.19,0.318,Luchun-Tense,0.317351598173516,-3537534539746922021
Luchun_F2,2,F,Luchun,,F2_gu_31_01,202.269,416.04,213.771,5,u_31,Vowel,u,Tense,Oral,31.0,2.0,Mid,31,Unaspirated,Oral,165.867,165.489,169.447,166.525,335.72,26.443,1158.295,101.745,3365.97,89.629,4479.482,125.922,922.707,3418.713,4740.149,4881.353,9.741,7.154,20.243,3.064,-0.118,5.742,20.241,3.041,1.41,-5.947,-12.908,14.385,-10.502,4.09,20.361,-2.679,-10.501,4.125,8.331,13.101,22.649,-7.231,1.197,36.675,41.094,47.407,47.615,25.379,0.504,low,0.6,0.545,0.625,0.566,-497.961,311.017,1365.555,307.585,0.758,0.971,0.171,Luchun-Tense,0.780638516992791,3836350279810873672
Luchun_F2,2,F,Luchun,,F2_la_31_01,338.829,518.364,179.535,5,a_31,Vowel,a,Tense,Oral,31.0,2.0,Mid,31,Unaspirated,Oral,139.739,43.22,69.988,304.004,1152.636,97.829,1783.947,131.433,3340.106,192.062,3856.765,343.278,1283.853,1901.202,3437.831,4096.876,10.407,10.219,13.855,13.091,5.35,2.031,30.564,-2.609,24.928,-2.65,19.866,14.942,-3.448,-2.872,8.505,11.06,-20.157,12.875,-14.521,12.869,-9.459,-4.722,34.111,17.547,10.549,9.89,9.929,24.033,0.169,low,0.633,0.525,0.636,0.649,-275.472,431.075,1009.392,426.44,1.032,3.535,0.294,Luchun-Tense,0.291937765205092,7914328177929673547
Luchun_F2,2,F,Luchun,,F2_la_33_01,248.527,544.012,295.485,5,a_33,Vowel,a,Tense,Oral,33.0,1.0,Mid,33,Unaspirated,Oral,184.361,184.542,185.418,184.402,1101.095,91.971,1804.436,136.075,3441.113,224.349,4386.567,676.797,1120.801,1834.687,3462.157,4545.455,15.366,15.019,16.146,14.707,15.074,8.167,31.249,-0.098,24.117,-1.139,13.073,11.045,-0.78,0.312,1.073,6.539,-15.883,15.172,-8.751,16.158,2.293,3.974,30.239,45.087,38.365,35.811,35.131,32.274,0.481,mid,0.557,0.515,0.57,0.515,-690.385,397.783,1632.122,394.993,1.3,2.024,0.643,Luchun-Tense,0.642292490118577,-7289228462774515789
Luchun_F2,2,F,Luchun,,F2_la_33_02,242.856,532.022,289.166,5,a_33,Vowel,a,Tense,Oral,33.0,1.0,Mid,33,Unaspirated,Oral,183.074,183.222,183.706,183.044,1086.053,62.114,1794.771,95.452,3425.605,245.811,4338.792,605.653,1061.533,1765.985,3487.087,4474.52,13.231,12.881,14.781,13.332,12.638,5.663,26.981,-4.189,17.361,-7.663,6.972,5.075,-1.551,-0.451,2.143,7.669,-13.751,17.122,-4.13,20.545,6.259,7.807,10.915,44.537,39.054,36.593,34.969,27.841,0.609,mid,0.585,0.518,0.583,0.558,-407.993,389.243,1124.344,386.196,1.128,2.346,0.482,Luchun-Tense,0.480818414322251,4457454693897819077
Luchun_F2,2,F,Luchun,,F2_la55_02,229.356,483.685,254.329,5,a55,Vowel,a,Lax,Oral,55.0,1.0,High,55,Unaspirated,Oral,197.689,197.716,198.513,198.396,988.253,108.178,1792.499,105.651,3459.761,244.886,4491.118,551.217,957.521,1776.223,3424.901,4596.082,24.263,23.789,21.782,19.778,25.993,14.915,31.908,2.689,23.704,1.583,8.687,7.992,2.481,4.011,-4.21,4.862,-7.645,21.136,0.559,22.206,15.576,15.797,36.338,44.088,39.198,39.19,39.523,30.709,0.0,high,0.445,0.399,0.454,0.397,-517.729,358.021,1067.526,356.012,1.369,1.485,0.921,Luchun-Lax,0.921885521885522,-2852831953380884103
Luchun_F2,2,F,Luchun,,F2_le_31_01,210.136,422.82,212.684,5,e_31,Vowel,e,Tense,Oral,31.0,2.0,Mid,31,Unaspirated,Oral,135.758,87.091,136.628,134.731,795.445,61.009,2475.223,135.188,3485.731,277.702,4488.959,690.171,806.178,2468.362,3499.11,4662.466,8.631,8.338,11.956,10.731,8.844,2.726,22.702,-3.989,14.646,3.424,8.376,2.961,-3.325,-2.394,3.112,8.005,-14.071,12.329,-6.015,4.914,0.255,5.377,4.444,28.488,24.642,23.196,19.651,23.867,0.675,low,0.579,0.487,0.607,0.517,-222.128,318.564,914.46,314.741,1.054,3.347,0.323,Luchun-Tense,0.314908873618166,7961310335112434206
Luchun_F2,2,F,Luchun,,F2_le_31_02,215.321,464.624,249.303,5,e_31,Vowel,e,Tense,Oral,31.0,2.0,Mid,31,Unaspirated,Oral,148.236,123.902,151.086,149.86,756.252,60.029,2492.563,163.233,3416.173,209.399,4425.753,471.732,793.015,2531.038,3504.347,4636.238,11.264,10.882,14.897,13.276,16.083,7.016,28.654,2.674,19.246,9.197,15.169,9.841,-3.633,-2.395,-1.186,6.26,-17.39,8.21,-7.982,1.685,-3.905,1.04,10.763,41.15,36.392,35.349,31.08,29.755,0.0,low,0.579,0.511,0.593,0.572,-324.812,342.316,986.844,338.448,1.075,2.751,0.392,Luchun-Tense,0.390766993820429,2553190342134616286
Luchun_F2,2,F,Luchun,,F2_le_33_01,271.704,582.901,311.197,5,e_33,Vowel,e,Tense,Oral,33.0,1.0,Mid,33,Unaspirated,Oral,171.933,171.918,172.184,172.904,829.735,112.828,2474.438,412.922,3481.57,197.518,4459.975,812.207,781.866,2300.122,3432.654,4487.865,18.502,18.069,21.239,19.392,25.456,14.495,25.23,-1.136,6.085,-5.476,4.857,-0.13,-2.738,-1.324,-4.217,4.897,-6.728,19.209,12.417,23.545,13.644,18.199,11.106,45.206,40.869,40.643,37.168,27.508,0.921,mid,0.597,0.55,0.591,0.552,-779.044,429.477,1686.505,426.265,1.35,2.184,0.618,Luchun-Tense,0.618131868131868,-3290562896513229967
Luchun_F2,2,F,Luchun,,F2_le_33_02,244.513,560.789,316.276,5,e_33,Vowel,e,Tense,Oral,33.0,1.0,Mid,33,Unaspirated,Oral,168.971,169.013,169.147,168.608,835.261,66.796,2457.563,265.503,3421.997,243.442,4419.865,630.593,804.174,2228.703,3295.852,4420.886,17.681,17.27,19.066,17.32,22.721,12.72,26.312,-0.198,1.617,-10.055,1.001,-5.212,-1.385,-0.05,-3.655,4.6,-8.631,17.472,16.064,27.325,16.68,22.482,9.515,44.921,41.375,41.803,38.639,27.06,0.0,mid,0.587,0.508,0.546,0.48,-512.941,404.675,1384.082,401.836,1.213,2.16,0.562,Luchun-Tense,0.561574074074074,-4433159875744005896
Luchun_F2,2,F,Luchun,,F2_lo_31_01,225.562,429.591,204.029,5,o_31,Vowel,o,Tense,Oral,31.0,2.0,Mid,31,Unaspirated,Oral,155.086,154.636,152.809,155.782,473.442,150.04,1003.26,128.168,3595.53,137.268,4216.7,161.243,839.19,3785.239,4281.275,4411.691,12.203,11.02,18.102,12.446,17.3,10.251,18.581,-5.175,13.93,-2.263,-3.665,22.743,-5.899,-1.426,0.802,2.195,-6.378,16.268,-1.727,13.283,15.868,-11.723,2.693,24.202,25.714,35.941,39.468,23.663,0.916,low,0.581,0.509,0.579,0.544,-418.69,329.363,1158.724,325.859,0.977,2.849,0.346,Luchun-Tense,0.342927342927343,8787357832812826124
Luchun_F2,2,F,Luchun,,F2_lo_31_02,218.325,435.088,216.763,5,o_31,Vowel,o,Tense,Oral,31.0,2.0,Mid,31,Unaspirated,Oral,152.693,152.309,154.686,153.562,501.648,127.67,1052.437,104.532,3545.661,155.016,4167.413,133.586,885.755,3721.543,4133.369,4374.129,11.482,10.433,17.677,12.793,17.768,8.492,20.907,-3.203,13.958,-2.906,-6.042,17.86,-6.195,-2.36,-0.092,4.301,-9.425,13.7,-2.477,13.339,17.524,-7.427,2.877,30.229,29.897,37.292,38.482,25.229,0.0,low,0.593,0.519,0.589,0.559,-295.842,328.607,964.449,324.93,1.043,2.706,0.386,Luchun-Tense,0.385439763488544,4969939035361114819
Luchun_F2,2,F,Luchun,,F2_lo_33_01,277.346,595.27,317.924,5,o_33,Vowel,o,Tense,Oral,33.0,1.0,Mid,33,Unaspirated,Oral,179.863,179.788,180.546,180.311,495.876,74.987,906.188,87.209,3531.263,155.603,4163.313,188.945,541.101,911.234,3802.074,4575.822,16.042,14.488,23.902,16.108,15.69,7.894,27.651,3.247,19.852,1.309,-6.028,21.31,-7.86,-1.62,8.212,8.213,-11.609,11.398,-3.81,13.178,22.07,-6.822,11.683,44.656,45.352,49.645,48.861,26.153,0.0,mid,0.596,0.562,0.604,0.549,-772.893,437.631,1462.549,434.58,1.016,2.093,0.486,Luchun-Tense,0.485427615862398,3590151947753197753
Luchun_F2,2,F,Luchun,,F2_lo_33_02,274.111,624.928,350.817,5,o_33,Vowel,o,Tense,Oral,33.0,1.0,Mid,33,Unaspirated,Oral,180.522,180.428,180.746,181.144,509.912,61.924,929.272,132.141,3496.995,181.136,4166.972,218.384,580.73,1395.01,3760.785,5119.991,16.401,14.902,23.794,16.372,15.185,6.962,28.157,3.642,16.861,-2.019,-8.137,18.273,-7.393,-1.47,8.608,9.41,-11.756,11.414,-0.46,16.921,24.538,-3.371,11.91,28.584,31.073,39.969,41.543,22.167,0.0,mid,0.598,0.55,0.59,0.545,-721.038,451.582,1420.324,448.561,1.076,1.134,0.411,Luchun-Tense,0.948853615520282,-611440321249386397
Luchun_F2,2,F,Luchun,,F2_lo55_01,269.106,637.175,368.069,5,o55,Vowel,o,Lax,Oral,55.0,1.0,High,55,Unaspirated,Oral,212.149,212.065,212.52,211.834,423.451,163.357,893.136,136.855,3355.78,556.909,3552.38,525.452,746.673,3357.58,5249.335,5367.71,20.827,17.844,25.045,3.576,19.319,9.275,25.044,3.664,19.318,4.868,-6.099,24.055,-4.218,14.268,5.726,-5.699,-4.217,14.29,1.508,12.976,26.925,-6.212,8.456,40.455,42.798,50.771,51.363,26.842,0.852,high,0.429,0.371,0.461,0.254,-571.024,453.822,1375.67,452.622,1.184,1.42,0.836,Luchun-Lax,0.833802816901408,4094655316787945467
Luchun_F2,2,F,Luchun,,F2_lo55_02,227.808,582.505,354.697,5,o55,Vowel,o,Lax,Oral,55.0,1.0,High,55,Unaspirated,Oral,205.659,205.735,205.867,206.135,526.847,156.708,988.299,113.698,3263.231,724.9,3495.382,344.888,620.195,854.383,3521.799,5290.817,20.342,18.441,25.333,14.879,19.278,12.588,20.486,-3.288,17.547,-0.018,-5.782,17.827,-4.99,3.562,6.055,2.29,-0.144,21.831,2.796,18.459,26.124,0.613,11.856,40.937,41.986,48.843,48.59,27.518,0.0,high,0.468,0.407,0.484,0.409,-582.738,406.564,1340.423,404.571,1.299,1.507,0.863,Luchun-Lax,0.861977438619774,2837277576687071242
Luchun_F2,2,F,Luchun,,F2_lu_31_01,218.771,423.817,205.046,5,u_31,Vowel,u,Tense,Oral,31.0,2.0,Mid,31,Unaspirated,Oral,166.117,165.82,169.054,166.948,424.082,83.93,1299.342,116.538,3391.167,218.201,4404.239,123.065,476.779,1330.587,3794.84,4623.109,15.684,14.159,24.457,16.243,9.111,9.113,20.943,-0.628,12.07,1.239,-8.636,11.891,-8.774,-2.084,15.346,7.13,-5.259,14.801,3.613,12.92,24.32,2.268,6.011,31.806,34.374,39.593,40.866,26.203,0.0,low,0.618,0.572,0.652,0.585,-566.066,322.632,1633.003,319.105,0.718,2.504,0.286,Luchun-Tense,0.286741214057508,-5769922869039026672
Luchun_F2,2,F,Luchun,,F2_lu_31_02,227.131,397.435,170.304,5,u_31,Vowel,u,Tense,Oral,31.0,2.0,Mid,31,Unaspirated,Oral,162.67,162.192,163.276,163.083,392.273,73.311,1411.36,234.798,3296.847,94.8,4439.786,262.161,436.259,1405.423,3406.115,4712.394,14.405,12.78,23.804,14.612,6.494,8.333,18.527,-1.851,1.609,-6.731,-10.455,8.442,-9.399,-1.832,17.31,6.279,-4.122,14.638,12.796,19.511,24.859,4.337,4.027,30.998,35.353,39.785,40.624,23.04,0.741,low,0.627,0.556,0.609,0.584,-488.603,314.08,1257.087,310.495,1.036,2.275,0.367,Luchun-Tense,0.455384615384615,-7358775641588833797
Luchun_F2,2,F,Luchun,,F2_lu_33_01,246.5,584.876,338.376,5,u_33,Vowel,u,Tense,Oral,33.0,1.0,Mid,33,Unaspirated,Oral,181.902,181.848,182.203,181.826,360.772,55.562,1250.131,119.172,3255.345,142.332,4400.091,337.727,394.541,1296.834,3326.975,4652.462,19.029,16.344,24.91,6.93,6.502,12.478,24.909,6.861,7.535,-0.072,-8.991,15.152,-5.881,9.414,18.408,-5.548,-5.88,9.494,11.494,16.417,28.02,1.192,5.087,36.547,44.8,49.253,49.778,26.562,0.635,mid,0.576,0.531,0.596,0.555,-653.414,417.176,1818.332,414.123,1.093,2.132,0.512,Luchun-Tense,0.512664165103189,7136211782837626693
Luchun_F2,2,F,Luchun,,F2_lu_33_02,189.29,510.179,320.889,5,u_33,Vowel,u,Tense,Oral,33.0,1.0,Mid,33,Unaspirated,Oral,178.812,178.898,179.518,177.309,355.468,50.559,1260.496,163.475,3224.632,141.295,4397.768,301.696,390.864,1309.678,3325.938,4707.413,18.45,15.789,24.953,7.152,6.971,13.083,24.952,7.109,6.292,-1.052,-9.948,13.851,-6.504,8.636,17.982,-5.931,-6.503,8.689,12.158,16.84,28.397,1.937,4.984,39.934,49.372,53.68,53.545,27.203,0.608,mid,0.565,0.52,0.579,0.548,-642.756,351.393,1670.729,348.332,1.232,2.113,0.583,Luchun-Tense,0.583057264552769,-1012138296790909003
Luchun_F2,2,F,Luchun,,F2_lu55_02,227.918,553.766,325.848,5,u55,Vowel,u,Lax,Oral,55.0,1.0,High,55,Unaspirated,Oral,205.974,205.754,205.691,204.944,400.646,82.142,1586.321,437.649,3220.126,184.38,4361.457,428.876,441.887,1632.403,3304.409,4799.517,25.178,22.407,29.232,11.03,10.332,17.663,29.231,10.141,4.953,-0.703,-3.689,13.238,-4.054,11.377,18.9,-6.633,-4.053,12.27,20.225,23.11,28.867,9.169,16.398,43.312,47.608,49.562,48.655,28.338,0.785,high,0.406,0.366,0.438,0.332,-666.266,391.795,1523.295,390.183,1.287,1.342,0.958,Luchun-Lax,0.959016393442623,2701660264146009694
Luchun_F2,2,F,Luchun,,F2_lw_33_01,262.331,552.993,290.662,5,w_33,Vowel,ɯ,Tense,Oral,33.0,1.0,Mid,33,Unaspirated,Oral,183.5,183.34,183.537,189.553,365.358,23.578,2023.539,151.622,3412.779,154.044,4547.231,144.041,394.32,2182.684,3503.895,4737.542,14.754,12.202,25.241,7.507,4.825,13.091,25.239,7.475,-2.72,-3.047,-6.373,8.336,-10.487,4.696,20.416,-5.585,-10.486,4.729,17.473,15.249,21.127,3.867,4.568,43.345,55.431,55.608,54.165,28.582,0.419,mid,0.597,0.576,0.648,0.558,-833.312,408.981,2054.184,405.94,0.651,2.103,0.309,Luchun-Tense,0.309557774607703,3336015742095124279
Luchun_F2,2,F,Luchun,,F2_lw_33_02,217.608,512.96,295.352,5,w_33,Vowel,ɯ,Tense,Oral,33.0,1.0,Mid,33,Unaspirated,Oral,181.268,181.2,181.633,181.826,370.981,43.71,2088.907,175.371,3361.603,138.678,4468.47,135.269,414.362,2360.628,3639.428,4776.966,13.856,11.469,23.546,5.982,4.168,11.87,23.544,5.432,-4.551,-4.528,-6.227,6.412,-9.689,5.487,19.378,-5.888,-9.688,6.038,18.407,15.998,20.083,5.057,3.333,45.071,56.485,55.162,52.826,27.168,0.555,mid,0.611,0.579,0.632,0.563,-726.307,366.636,1686.758,363.532,0.812,2.111,0.385,Luchun-Tense,0.384651823780199,-6271523287829552982
Luchun_F2,2,F,Luchun,,F2_ma_31_01,215.581,422.905,207.324,5,a_31,Vowel,a,Tense,Oral,31.0,2.0,Mid,31,Unaspirated,Nasal,127.466,,144.124,140.351,1237.378,125.076,1737.964,114.443,3452.749,229.533,4324.946,387.894,1312.932,1806.969,3474.692,4376.133,5.803,5.639,8.922,8.257,4.425,1.58,23.851,-11.471,22.578,-8.517,12.445,8.409,-3.119,-2.618,4.497,6.676,-18.048,17.208,-16.775,14.156,-6.642,-2.769,8.41,21.757,14.664,13.735,15.422,24.127,0.65,low,0.53,0.415,0.656,0.456,-197.171,320.617,1177.001,316.942,0.692,2.439,0.11,Luchun-Tense,0.283722837228372,8253634931364813812
Luchun_F2,2,F,Luchun,,F2_ma_31_02,190.766,376.84,186.074,5,a_31,Vowel,a,Tense,Oral,31.0,2.0,Mid,31,Unaspirated,Nasal,157.871,157.8,158.868,156.351,1181.205,229.998,1614.117,173.449,3376.985,226.11,3978.572,695.657,1220.358,1641.316,3405.857,4270.353,8.293,8.036,11.469,10.417,12.152,7.456,23.105,-11.33,25.224,-5.459,3.235,2.024,-3.177,-2.381,-0.683,2.962,-14.813,19.495,-16.931,13.495,5.058,6.012,10.57,42.523,34.245,30.856,30.806,27.832,0.783,low,0.607,0.536,0.623,0.586,-326.16,286.148,1129.159,282.43,0.79,2.935,0.27,Luchun-Tense,0.269165247018739,5444346609171928250
Luchun_F2,2,F,Luchun,,F2_me_31_02,178.682,443.926,265.244,5,e_31,Vowel,e,Tense,Oral,31.0,2.0,Mid,31,Unaspirated,Nasal,147.795,147.97,149.305,147.759,804.365,313.675,2491.944,119.052,3536.706,172.724,4438.147,416.023,898.064,2530.687,3559.416,4579.393,7.947,7.585,11.965,10.434,13.347,4.969,12.564,-13.646,18.882,8.513,16.524,12.442,-4.018,-2.849,-1.382,5.465,-4.617,21.234,-10.934,-0.928,-8.577,-4.857,3.518,40.239,36.938,34.959,30.325,29.95,0.642,low,0.588,0.502,0.565,0.55,-264.919,313.554,830.382,309.82,1.102,2.807,0.395,Luchun-Tense,0.392589953687211,7784241698250162976
Luchun_F2,2,F,Luchun,,F2_me_33_01,334.772,636.982,302.21,5,e_33,Vowel,e,Tense,Oral,33.0,1.0,Mid,33,Unaspirated,Nasal,173.365,173.455,173.756,173.029,836.566,112.654,2578.747,212.33,3530.377,214.317,4541.236,745.724,791.969,2496.285,3463.202,4291.149,17.408,16.978,21.382,19.546,24.904,13.991,25.243,-1.093,11.026,0.298,2.847,-2.971,-3.974,-2.569,-3.521,5.556,-7.835,18.075,6.382,16.68,14.561,19.949,11.003,41.138,39.333,37.975,33.506,27.557,0.926,mid,0.605,0.572,0.623,0.566,-707.232,487.732,1739.585,484.46,0.955,2.28,0.419,Luchun-Tense,0.418859649122807,8129356127544534057
Luchun_F2,2,F,Luchun,,F2_me_33_02,234.635,527.447,292.812,5,e_33,Vowel,e,Tense,Oral,33.0,1.0,Mid,33,Unaspirated,Nasal,173.226,173.318,173.611,173.036,476.44,537.664,808.862,135.067,2538.491,185.684,3613.802,260.383,764.79,2517.612,3576.246,4320.965,15.867,14.216,20.417,12.091,24.225,13.874,15.776,-9.149,22.902,3.398,10.992,28.937,-4.549,2.126,-3.808,-1.784,0.092,23.428,-7.035,10.819,4.875,-14.721,8.169,36.319,37.265,39.483,37.102,28.459,0.875,mid,0.609,0.559,0.615,0.564,-674.497,382.578,1513.081,379.321,0.867,2.288,0.38,Luchun-Tense,0.378933566433566,-4072082911428328031
Luchun_F2,2,F,Luchun,,F2_mi_33_01,281.254,576.64,295.386,5,i_33,Vowel,i,Tense,Oral,33.0,1.0,Mid,33,Unaspirated,Nasal,185.524,185.526,185.573,192.093,360.168,19.604,669.272,166.571,3279.487,182.419,4081.253,375.2,402.525,3253.301,4174.393,4796.151,11.397,8.081,21.547,2.003,3.984,1.729,21.545,1.606,3.228,-12.393,-0.61,35.926,-10.149,6.078,17.563,0.274,-10.148,6.691,8.169,20.474,12.008,-27.845,2.07,39.762,52.68,59.722,55.249,27.281,0.414,mid,0.598,0.574,0.632,0.56,-700.773,430.215,1639.947,427.189,0.713,2.096,0.34,Luchun-Tense,0.340171755725191,-1981848777267455426
Luchun_F2,2,F,Luchun,,F2_mi_33_02,224.474,508.518,284.044,5,i_33,Vowel,i,Tense,Oral,33.0,1.0,Mid,33,Unaspirated,Nasal,177.148,177.319,177.334,358.634,340.704,18.737,646.039,143.99,3322.31,171.048,4126.343,424.097,386.518,3236.039,4224.873,4679.097,12.406,9.065,21.889,3.586,5.5,2.247,21.887,2.904,5.178,-9.827,-2.425,35.591,-9.483,5.479,16.388,1.339,-9.481,6.368,7.228,18.892,14.832,-26.527,2.202,32.498,50.222,57.983,54.742,28.611,0.381,mid,0.595,0.559,0.615,0.56,-676.476,368.068,1641.552,364.905,0.923,2.262,0.408,Luchun-Tense,0.408045977011494,4083583366674985907
Luchun_F2,2,F,Luchun,,F2_mo_31_01,206.695,428.002,221.307,5,o_31,Vowel,o,Tense,Oral,31.0,2.0,Mid,31,Unaspirated,Nasal,159.733,159.482,164.198,160.908,445.59,196.794,814.435,99.1,3800.381,105.48,4482.174,82.726,759.735,3879.425,4569.024,4652.996,7.1,5.553,15.067,7.323,13.987,6.204,15.662,-8.271,16.36,-1.763,-8.013,25.066,-7.967,-1.77,1.08,1.119,-8.562,14.057,-9.26,7.316,15.113,-19.513,1.362,37.109,37.887,44.524,46.861,25.366,0.391,low,0.584,0.527,0.627,0.568,-392.35,319.356,1258.36,315.78,0.582,1.5,0.154,Luchun-Tense,0.388,-5688011900222778305
Luchun_F2,2,F,Luchun,,F2_mo_31_02,179.868,391.357,211.489,5,o_31,Vowel,o,Tense,Oral,31.0,2.0,Mid,31,Unaspirated,Nasal,163.067,162.691,167.648,164.96,461.485,178.846,836.526,111.205,3827.726,93.134,4404.309,44.314,762.79,4024.963,4341.944,4565.788,8.028,6.427,15.554,7.415,13.78,6.417,16.251,-7.555,15.17,-2.685,-11.251,21.876,-7.526,-0.988,1.774,0.999,-8.222,14.212,-7.142,9.112,19.279,-15.449,1.532,35.827,35.916,44.173,46.166,23.192,0.231,low,0.597,0.548,0.637,0.568,-397.488,287.313,1152.655,283.821,0.646,0.862,0.139,Luchun-Tense,0.749419953596288,-8843731377299425032
Luchun_F2,2,F,Luchun,,F2_mo31_02,141.827,436.929,295.102,5,o31,Vowel,o,Lax,Oral,31.0,2.0,Mid,31,Unaspirated,Nasal,164.05,163.721,166.102,164.494,478.64,262.607,915.447,96.194,2614.976,327.148,4370.998,95.143,841.447,3665.319,4399.988,4776.895,12.294,10.896,16.77,9.906,14.514,7.482,14.38,-9.858,15.164,-2.477,-13.598,2.774,-4.475,0.99,2.256,2.424,-2.086,20.789,-2.869,13.374,25.893,8.122,1.713,45.129,45.327,51.436,52.026,28.909,0.872,low,0.502,0.443,0.49,0.463,-660.594,291.066,1642.552,288.242,1.818,2.026,0.898,Luchun-Lax,0.897334649555775,-5160110827462751645
Luchun_F2,2,F,Luchun,,F2_na_31_01,240.522,439.432,198.91,5,a_31,Vowel,a,Tense,Oral,31.0,2.0,Mid,31,Unaspirated,Nasal,147.64,20.001,154.612,243.074,1186.388,130.577,1814.953,134.337,3473.662,273.54,3839.99,609.348,1190.036,1825.771,3547.751,4405.437,9.739,9.527,14.75,13.882,2.158,-1.66,23.454,-9.86,19.164,-8.673,8.953,5.279,-5.011,-4.355,12.592,15.542,-13.715,19.45,-9.425,18.199,0.786,4.247,7.283,29.086,23.709,21.803,22.188,24.669,0.375,low,0.679,0.558,0.632,0.646,-437.315,342.567,1113.683,338.182,1.24,3.238,0.387,Luchun-Tense,0.382952439777641,-3493558087725143189
Luchun_F2,2,F,Luchun,,F2_na_31_02,252.834,481.743,228.909,5,a_31,Vowel,a,Tense,Oral,31.0,2.0,Mid,31,Unaspirated,Nasal,151.414,151.384,154.781,217.55,1195.876,140.013,1829.748,179.071,3535.762,225.441,3943.858,580.286,1204.405,1825.336,3600.121,4321.144,9.3,9.083,13.776,12.889,9.031,5.119,22.699,-10.455,19.546,-7.984,8.799,5.515,-4.477,-3.807,4.746,7.771,-13.399,19.601,-10.246,17.067,0.501,3.567,7.057,34.574,27.963,24.636,25.063,26.42,0.494,low,0.636,0.539,0.587,0.582,-331.854,369.822,914.919,365.972,1.258,2.662,0.473,Luchun-Tense,0.472577009767092,-3642560561227321341
Luchun_F2,2,F,Luchun,,F2_na_33_01,259.437,599.439,340.002,5,a_33,Vowel,a,Tense,Oral,33.0,1.0,Mid,33,Unaspirated,Nasal,168.993,169.025,169.371,168.608,1187.008,52.678,1772.418,151.753,3670.876,303.213,4206.575,712.954,1120.651,1563.893,3842.415,4238.886,16.011,15.746,19.83,18.745,18.749,13.859,27.98,-5.348,14.358,-13.986,1.614,0.989,-3.819,-2.998,1.081,4.886,-11.969,21.2,1.653,29.732,14.397,14.758,11.344,33.178,28.163,27.023,28.995,24.102,0.0,mid,0.617,0.552,0.582,0.551,-956.22,431.763,1629.7,428.499,1.507,2.121,0.712,Luchun-Tense,0.71051390853371,-7617176823756747001
Luchun_F2,2,F,Luchun,,F2_na_33_02,266.389,568.729,302.34,5,a_33,Vowel,a,Tense,Oral,33.0,1.0,Mid,33,Unaspirated,Nasal,160.466,160.467,162.38,160.406,1158.743,118.725,1784.939,92.003,3577.201,208.286,4513.077,603.313,1111.459,1750.342,3576.703,4716.227,13.157,12.909,17.26,16.242,14.105,9.54,26.0,-6.834,17.961,-9.392,3.422,1.979,-4.103,-3.333,3.155,6.701,-12.843,19.819,-4.804,22.301,9.735,10.93,7.83,33.714,28.446,27.366,29.458,25.925,0.086,mid,0.654,0.552,0.581,0.569,-602.924,419.502,1311.866,415.944,1.398,2.405,0.581,Luchun-Tense,0.581288981288981,7813021078216004072
Luchun_F2,2,F,Luchun,,F2_na55_02,186.287,473.47,287.183,5,a55,Vowel,a,Lax,Oral,55.0,1.0,High,55,Unaspirated,Nasal,192.309,192.388,192.81,191.575,1139.708,85.784,1788.434,126.288,3563.891,251.775,4291.708,484.196,1062.189,1705.856,3517.21,4211.57,18.566,18.207,17.298,15.81,13.075,5.929,24.076,-7.823,16.043,-10.24,4.895,4.07,1.267,2.397,4.224,9.882,-5.51,26.11,2.523,28.447,13.671,14.138,7.286,45.058,41.139,42.361,43.737,30.211,0.731,high,0.485,0.435,0.5,0.454,-498.671,331.419,1217.262,329.059,1.389,1.711,0.813,Luchun-Lax,0.811805961426067,-6580443700969420501
Luchun_F2,2,F,Luchun,,F2_ne_33_01,212.833,507.979,295.146,5,e_33,Vowel,e,Tense,Oral,33.0,1.0,Mid,33,Unaspirated,Nasal,176.632,176.623,177.136,176.722,873.88,139.781,2671.264,375.567,3517.407,270.095,4606.612,785.437,828.058,2528.845,3367.526,4718.014,15.82,15.412,20.355,18.622,20.379,10.454,24.602,-2.046,12.52,2.052,8.091,-0.32,-4.535,-3.21,-0.024,8.168,-8.782,17.461,3.299,13.36,7.729,15.732,8.051,41.358,40.552,41.231,36.879,28.839,0.0,mid,0.621,0.583,0.656,0.595,-690.781,362.462,1690.546,359.09,0.663,2.262,0.293,Luchun-Tense,0.293103448275862,2861885814996073015
Luchun_F2,2,F,Luchun,,F2_ne_33_02,229.839,492.658,262.819,5,e_33,Vowel,e,Tense,Oral,33.0,1.0,Mid,33,Unaspirated,Nasal,171.033,171.044,171.532,171.895,438.898,441.073,816.642,142.88,2578.362,193.171,3428.077,386.834,752.362,2569.664,3207.04,4779.067,15.516,13.655,18.189,8.161,20.973,13.925,8.913,-14.301,19.049,1.934,7.511,27.562,-2.674,5.495,-2.784,-5.764,6.603,28.002,-3.533,11.721,8.005,-13.907,4.249,51.501,48.361,47.127,41.501,28.433,0.908,mid,0.567,0.508,0.561,0.511,-493.741,362.619,1369.527,359.632,1.11,2.211,0.502,Luchun-Tense,0.502035278154681,-2312742436037659091
Luchun_F2,2,F,Luchun,,F2_ne33_02,158.743,457.677,298.934,5,e33,Vowel,e,Lax,Oral,33.0,1.0,Mid,33,Unaspirated,Nasal,173.131,173.164,173.761,173.032,757.123,268.479,2448.082,372.94,3491.337,240.493,4490.243,619.292,752.047,2536.289,3435.405,4688.045,20.806,20.284,21.289,19.025,21.889,5.297,21.888,-3.535,14.567,4.697,13.238,10.395,-0.483,1.259,-0.6,13.728,-1.082,23.823,6.239,15.587,7.568,9.89,9.306,46.15,47.828,48.016,43.702,33.304,0.0,mid,0.504,0.437,0.478,0.441,-651.31,309.87,1608.321,307.321,1.745,1.912,0.914,Luchun-Lax,0.91265690376569,-5648718769847281208
Luchun_F2,2,F,Luchun,,F2_nga_31_01,182.404,380.366,197.962,5,a_31,Vowel,a,Tense,Oral,31.0,2.0,Mid,31,Unaspirated,Nasal,145.775,139.3,48.376,293.11,1186.102,75.854,1779.079,114.249,3389.582,132.904,4322.215,589.244,1217.166,1833.84,3377.89,4341.088,8.12,7.922,12.264,11.457,6.544,3.031,28.329,-5.523,22.916,-5.823,15.096,10.56,-4.144,-3.535,5.72,8.426,-20.209,13.511,-14.796,13.745,-6.976,-2.638,14.403,28.688,20.168,16.423,15.478,24.322,0.189,low,0.585,0.495,0.644,0.61,-278.563,283.64,1210.765,279.439,0.577,3.393,0.171,Luchun-Tense,0.170055997642205,-2120331702104177611
Luchun_F2,2,F,Luchun,,F2_nga_31_02,186.1,365.169,179.069,5,a_31,Vowel,a,Tense,Oral,31.0,2.0,Mid,31,Unaspirated,Nasal,145.85,145.651,145.221,292.208,1167.128,47.602,1812.911,157.037,3380.733,173.299,4217.372,983.373,1170.656,1832.199,3390.824,4470.064,7.638,7.44,12.174,11.368,5.066,1.547,27.678,-5.526,17.444,-10.087,8.999,3.594,-4.537,-3.928,7.108,9.821,-20.04,13.014,-9.806,17.527,-1.361,3.846,9.348,33.154,26.08,23.192,23.141,25.489,0.239,low,0.612,0.513,0.649,0.625,-279.034,277.998,1137.051,273.721,0.689,3.24,0.211,Luchun-Tense,0.212654320987654,-5471947733575399626
Luchun_F2,2,F,Luchun,,F2_sa_31_01,240.913,444.0,203.087,5,a_31,Vowel,a,Tense,Oral,31.0,2.0,Mid,31,Unaspirated,Oral,148.448,,202.825,156.449,1122.367,132.794,1714.509,222.904,2880.182,1075.718,3824.744,558.639,1173.293,1781.283,3418.684,4233.85,7.193,6.958,10.851,9.892,5.661,1.389,24.829,-7.948,22.827,-4.672,3.68,-6.112,-3.658,-2.933,5.19,8.502,-17.637,14.942,-15.634,11.63,3.513,13.07,12.742,22.721,13.724,12.416,14.981,22.979,0.646,low,0.624,0.529,0.652,0.638,-370.944,345.147,1352.016,340.835,0.787,3.16,0.251,Luchun-Tense,0.249050632911392,-7563628596191585467
Luchun_F2,2,F,Luchun,,F2_se_31_01,205.101,414.248,209.147,5,e_31,Vowel,e,Tense,Oral,31.0,2.0,Mid,31,Unaspirated,Oral,155.394,285.518,156.635,155.944,779.322,17.73,2583.609,318.981,3502.08,329.004,4521.047,702.243,785.773,2498.853,3499.6,4723.112,7.422,7.03,12.06,10.398,9.668,0.245,25.497,-0.555,6.975,-2.655,3.182,-2.701,-4.639,-3.368,2.393,10.153,-18.075,7.587,0.446,9.685,4.24,9.731,5.528,34.517,32.041,32.351,29.683,25.501,0.0,low,0.626,0.551,0.651,0.616,-332.556,312.209,1180.402,308.234,0.71,1.266,0.137,Luchun-Tense,0.560821484992101,-8153428145513019652
Luchun_F2,2,F,Luchun,,F2_si_31_01,303.536,554.107,250.571,5,i_31,Vowel,i,Tense,Oral,31.0,2.0,Mid,31,Unaspirated,Oral,150.013,150.619,153.688,305.405,303.728,16.793,3213.568,132.767,3750.166,282.072,4627.839,275.991,430.484,3288.038,3906.905,4733.946,5.025,2.641,16.266,1.103,-3.271,5.588,16.264,1.07,11.02,22.9,7.444,11.205,-11.241,1.538,19.538,-4.484,-11.239,1.571,-5.995,-20.258,-2.419,-8.563,0.968,33.256,47.906,51.775,44.712,26.31,0.266,low,0.575,0.506,0.598,0.503,-237.901,429.908,1026.754,426.563,0.829,1.189,0.165,Luchun-Tense,0.697224558452481,379746229862847540
Luchun_F2,2,F,Luchun,,F2_si_31_02,290.205,509.28,219.075,5,i_31,Vowel,i,Tense,Oral,31.0,2.0,Mid,31,Unaspirated,Oral,164.465,164.143,165.814,328.406,328.214,15.816,3142.391,132.345,3672.313,264.841,4625.634,428.271,343.774,3142.91,3713.306,4748.029,12.951,10.471,23.642,7.498,4.009,13.095,23.64,7.475,7.982,18.497,4.464,7.717,-10.691,2.973,19.633,-5.598,-10.69,2.996,4.969,-8.026,8.487,2.754,2.921,36.229,51.217,54.929,49.396,28.295,0.231,low,0.602,0.534,0.581,0.536,-560.833,401.402,1395.701,398.129,1.145,2.404,0.477,Luchun-Tense,0.476289517470882,1527555455837203493
Luchun_F2,2,F,Luchun,,F2_si_33_01,352.542,681.077,328.535,5,i_33,Vowel,i,Tense,Oral,33.0,1.0,Mid,33,Unaspirated,Oral,189.035,188.834,189.658,188.818,365.4,51.439,3141.133,154.169,3833.733,334.867,4623.949,358.226,371.799,3151.286,3971.512,4754.244,19.67,16.954,21.171,5.128,-1.869,7.873,21.17,3.753,6.28,15.599,2.851,8.112,-1.501,11.826,23.04,-2.745,-1.5,13.202,13.39,1.355,16.819,8.842,3.338,31.004,46.922,52.732,49.027,28.563,0.918,mid,0.558,0.515,0.563,0.517,-944.044,518.892,1994.984,516.15,1.407,1.855,0.759,Luchun-Tense,0.758490566037736,-2878101612461927365
Luchun_F2,2,F,Luchun,,F2_si_33_02,306.508,609.471,302.963,5,i_33,Vowel,i,Tense,Oral,33.0,1.0,Mid,33,Unaspirated,Oral,184.446,184.471,185.354,185.792,357.787,53.819,3121.871,70.459,3951.702,254.298,4714.527,336.257,366.813,3130.969,4109.136,4829.761,17.918,15.241,19.996,3.801,-3.12,6.521,19.994,2.795,8.668,18.12,3.081,10.772,-2.077,11.44,23.115,-2.72,-2.076,12.447,9.25,-2.878,14.837,4.469,2.422,29.886,46.151,52.019,49.715,29.218,0.884,mid,0.563,0.509,0.557,0.529,-739.717,459.922,1677.222,457.054,1.499,1.974,0.76,Luchun-Tense,0.759371833839919,-713847183124876592
Luchun_F2,2,F,Luchun,,F2_si33_01,404.862,645.7,240.838,5,i33,Vowel,i,Lax,Oral,33.0,1.0,Mid,33,Unaspirated,Oral,195.778,195.353,196.434,196.08,376.786,29.877,2999.577,236.993,3564.887,281.909,4563.203,348.528,377.959,3008.072,3636.328,4739.928,20.802,18.034,22.876,6.977,-1.261,8.521,22.875,5.082,2.028,9.937,0.004,2.617,-2.074,11.057,24.137,-1.544,-2.073,12.952,18.774,8.097,20.798,15.417,4.575,29.827,45.795,50.32,46.973,27.005,0.762,mid,0.495,0.437,0.512,0.471,-591.899,526.757,1542.865,524.342,1.46,1.702,0.859,Luchun-Lax,0.857814336075206,1298687827203396657
Luchun_F2,2,F,Luchun,,F2_si33_02,463.58,704.254,240.674,5,i33,Vowel,i,Lax,Oral,33.0,1.0,Mid,33,Unaspirated,Oral,186.703,186.873,186.127,187.682,365.043,38.805,2987.08,176.575,3491.485,266.21,4606.901,256.442,366.036,3022.697,3579.049,4744.971,17.667,15.02,20.797,4.144,-3.388,6.063,20.796,3.405,-1.713,6.575,-4.144,-2.877,-3.13,10.876,24.184,-1.919,-3.129,11.615,19.38,8.446,21.81,17.897,2.395,30.09,46.479,51.621,47.683,26.277,0.745,mid,0.494,0.436,0.494,0.462,-459.052,585.75,1194.999,583.279,1.665,1.794,0.933,Luchun-Lax,0.92809364548495,-3055390004034186499
Luchun_F2,2,F,Luchun,,F2_x1a_31_01,143.429,386.001,242.572,5,a_31,Vowel,a,Tense,Oral,31.0,2.0,Mid,31,Unaspirated,Oral,161.481,161.02,163.882,162.225,1096.01,121.197,1707.317,178.365,3224.286,213.364,3897.376,1172.231,1102.064,1706.473,3233.798,4040.91,8.188,7.9,11.41,10.221,10.436,4.963,25.822,-6.247,20.418,-6.339,8.075,4.783,-3.221,-2.321,0.973,5.257,-17.634,14.197,-12.23,14.238,0.114,3.116,11.365,46.427,36.444,34.016,32.307,27.746,0.231,low,0.61,0.542,0.651,0.601,-326.199,266.89,1141.022,263.159,0.616,1.06,0.117,Luchun-Tense,0.581132075471698,1947469650069130326
Luchun_F2,2,F,Luchun,,F2_x1a_31_02,165.816,394.697,228.881,5,a_31,Vowel,a,Tense,Oral,31.0,2.0,Mid,31,Unaspirated,Oral,163.637,164.083,166.525,165.145,1074.765,197.844,1702.072,228.453,3186.037,194.472,3727.641,706.64,1102.567,1708.034,3222.441,3909.641,8.33,8.022,11.5,10.225,11.345,5.38,23.54,-8.005,20.703,-5.309,8.208,5.219,-3.17,-2.203,0.155,4.844,-15.21,16.071,-12.373,13.331,0.122,2.802,8.802,40.067,29.931,27.616,26.276,26.871,0.236,low,0.623,0.548,0.623,0.598,-425.82,281.783,1179.184,278.142,0.876,2.645,0.332,Luchun-Tense,0.331190926275992,6943378098248068287
Luchun_F2,2,F,Luchun,,F2_xa_31_01,237.059,460.748,223.689,5,a_31,Vowel,a,Tense,Oral,31.0,2.0,Mid,31,Unaspirated,Oral,119.307,,118.153,119.028,1062.393,56.233,1689.218,113.973,3118.954,292.911,4093.586,563.524,1151.158,1847.607,3215.239,4136.448,6.984,6.826,9.457,8.818,3.34,0.6,30.594,-2.245,23.496,-3.929,17.854,12.508,-2.473,-1.991,6.117,8.217,-23.61,9.104,-16.512,10.755,-10.87,-5.682,21.793,24.551,14.469,13.392,12.992,26.693,0.22,low,0.557,0.422,0.658,0.398,-179.855,349.589,887.724,346.273,0.784,4.337,0.181,Luchun-Tense,0.180770117592806,-211883471154280715
Luchun_F2,2,F,Luchun,,F2_xa_31_02,189.153,437.487,248.334,5,a_31,Vowel,a,Tense,Oral,31.0,2.0,Mid,31,Unaspirated,Oral,144.191,14.906,149.034,146.134,1026.034,91.233,1680.304,174.941,3112.079,386.247,4199.144,934.031,1068.689,1754.61,3161.464,4126.118,8.605,8.355,11.764,10.739,8.857,4.234,28.383,-3.365,19.745,-6.374,7.15,2.926,-3.159,-2.383,2.907,6.505,-19.777,11.756,-11.139,14.729,1.455,5.429,12.867,32.87,22.234,19.476,17.903,24.143,0.0,low,0.603,0.497,0.63,0.61,-240.299,316.335,908.17,312.067,0.808,1.403,0.133,Luchun-Tense,0.575908766928011,-2912667179454539382
Luchun_F2,2,F,Luchun,,F2_xa_33_01,217.228,597.539,380.311,5,a_33,Vowel,a,Tense,Oral,33.0,1.0,Mid,33,Unaspirated,Oral,171.033,170.955,170.832,170.548,1033.05,85.394,1696.11,87.392,3481.999,206.447,4269.622,608.691,1052.646,1726.485,3495.459,4404.424,16.459,16.123,16.887,15.494,17.382,10.741,31.141,0.055,26.088,0.693,12.91,13.853,-0.428,0.628,-0.494,4.753,-14.683,16.129,-9.629,15.43,3.549,2.27,27.943,36.29,26.204,24.825,24.442,28.213,0.528,mid,0.551,0.519,0.567,0.509,-685.684,409.197,1615.366,406.222,1.355,2.015,0.673,Luchun-Tense,0.672456575682382,-2421564495824154154
Luchun_F2,2,F,Luchun,,F2_xa_33_02,260.64,631.333,370.693,5,a_33,Vowel,a,Tense,Oral,33.0,1.0,Mid,33,Unaspirated,Oral,166.263,166.409,166.569,166.016,1006.796,101.273,1667.786,100.025,3323.952,295.476,4319.34,499.275,1039.062,1707.327,3318.175,4314.679,15.148,14.815,15.985,14.601,17.502,10.9,31.225,0.348,26.51,1.342,13.4,13.107,-0.837,0.213,-1.517,3.701,-16.077,14.515,-11.362,13.473,1.748,1.708,29.238,38.276,29.114,27.56,26.426,30.171,0.55,mid,0.55,0.52,0.568,0.522,-600.727,447.758,1384.054,444.617,1.174,2.064,0.569,Luchun-Tense,0.568798449612403,25339162101083226
Luchun_F2,2,F,Luchun,,F2_xa33_02,243.287,532.018,288.731,5,a33,Vowel,a,Lax,Oral,33.0,1.0,Mid,33,Unaspirated,Oral,173.944,173.896,173.31,173.036,1027.35,127.159,1705.186,107.751,3328.251,336.612,4330.201,787.696,1013.79,1700.337,3328.049,4276.251,16.229,15.881,14.839,13.391,15.203,8.228,26.193,-4.717,20.697,-4.412,4.369,3.48,1.391,2.49,-0.365,5.163,-9.964,20.646,-4.468,20.292,11.86,12.401,11.453,42.54,37.09,37.169,36.563,30.855,0.815,mid,0.531,0.457,0.493,0.452,-564.003,389.368,1063.075,386.767,1.745,1.801,0.968,Luchun-Lax,0.968906163242643,7735242367349965403
Luchun_F2,2,F,Luchun,,F2_xa55_01,321.307,610.049,288.742,5,a55,Vowel,a,Lax,Oral,55.0,1.0,High,55,Unaspirated,Oral,204.407,204.414,204.538,203.62,1089.238,178.584,1769.207,173.487,3168.451,395.49,3758.602,958.831,1005.311,1699.59,3282.729,4395.508,18.173,17.734,15.238,13.398,19.431,9.969,21.477,-9.477,14.503,-10.63,1.217,-3.245,2.935,4.335,-4.194,3.43,-3.304,27.257,3.67,28.363,16.955,20.979,7.103,53.564,47.28,46.436,45.157,29.968,0.965,high,0.374,0.336,0.419,0.238,-412.905,465.663,902.969,464.498,0.813,1.366,0.52,Luchun-Lax,0.595168374816984,-3086618999862410174
Luchun_F2,2,F,Luchun,,F2_xe=_33_01,144.926,469.565,324.639,5,e=_33,Vowel,ɤ,Tense,Oral,33.0,1.0,Mid,33,Unaspirated,Oral,178.203,178.155,178.147,177.309,581.342,175.028,1544.853,197.593,3557.618,85.169,4337.482,207.265,649.46,1539.795,3583.799,4473.462,16.245,15.261,20.571,15.957,22.959,15.104,25.856,2.107,10.637,-3.283,7.733,22.385,-4.326,-0.696,-2.388,0.854,-9.611,13.173,5.609,18.544,8.512,-7.124,9.435,42.705,41.597,45.641,47.162,31.062,0.0,mid,0.597,0.561,0.612,0.563,-838.164,309.253,1917.581,306.092,1.017,2.144,0.475,Luchun-Tense,0.474347014925373,5755585991406540753
Luchun_F2,2,F,Luchun,,F2_xe=_33_02,161.065,478.183,317.118,5,e=_33,Vowel,ɤ,Tense,Oral,33.0,1.0,Mid,33,Unaspirated,Oral,174.685,174.593,175.085,174.667,553.134,180.28,1520.454,146.601,3612.237,149.37,4349.341,129.645,626.517,1495.328,3701.809,4463.719,14.383,13.312,18.619,13.49,20.653,14.9,24.396,1.158,8.745,-4.189,-1.05,15.601,-4.236,-0.178,-2.035,-1.41,-10.013,12.172,5.638,17.501,15.433,-2.288,6.194,40.96,40.802,46.232,48.057,30.305,0.0,mid,0.597,0.563,0.627,0.573,-683.35,321.883,1772.753,318.602,0.705,2.236,0.314,Luchun-Tense,0.315295169946333,-3788148076431944568
Luchun_F2,2,F,Luchun,,F2_xe=33_01,239.02,576.174,337.154,5,e=33,Vowel,ɤ,Lax,Oral,33.0,1.0,Mid,33,Unaspirated,Oral,175.838,175.797,176.806,176.142,597.577,200.955,1589.14,129.462,3337.595,200.771,4251.814,228.075,640.506,1603.585,3400.454,4311.263,16.961,16.054,18.386,14.197,19.143,9.373,20.128,-3.866,11.337,-2.647,1.862,12.781,-1.425,1.857,-0.757,4.824,-3.167,19.933,5.624,18.701,15.099,3.273,4.082,42.532,44.728,48.018,48.323,31.098,0.0,mid,0.525,0.447,0.484,0.454,-717.444,409.569,1558.355,406.983,1.814,1.863,0.975,Luchun-Lax,0.973698336017177,5850225445899913636
Luchun_F2,2,F,Luchun,,F2_xe=33_02,241.648,523.669,282.021,5,e=33,Vowel,ɤ,Lax,Oral,33.0,1.0,Mid,33,Unaspirated,Oral,170.665,170.596,171.619,171.755,579.82,199.984,1543.553,161.488,3441.859,185.102,4289.166,179.366,639.747,1559.963,3473.152,4345.999,14.886,13.97,16.28,12.042,17.694,8.256,19.454,-4.375,8.242,-5.602,0.334,13.601,-1.394,1.928,-1.414,3.786,-4.568,18.361,6.643,19.572,14.552,0.369,2.901,45.706,45.358,49.905,51.207,31.016,0.0,mid,0.518,0.454,0.499,0.46,-532.622,384.427,1334.239,381.728,1.671,1.961,0.854,Luchun-Lax,0.852116267210607,-3898697454244140811
Luchun_F2,2,F,Luchun,,F2_za_31_01,208.909,409.751,200.842,5,a_31,Vowel,a,Tense,Oral,31.0,2.0,Mid,31,Unaspirated,Oral,148.629,123.027,150.761,150.24,1134.158,89.826,1776.02,182.479,3317.362,273.0,3808.541,547.787,1199.752,1882.739,3345.95,3995.961,4.632,4.402,8.752,7.812,5.336,1.149,25.701,-6.644,21.269,-5.255,13.144,9.192,-4.12,-3.41,3.416,6.664,-21.069,11.091,-16.637,9.658,-8.512,-4.79,10.772,41.582,32.534,29.157,27.384,29.172,0.467,low,0.602,0.523,0.669,0.594,-221.445,311.4,1023.126,307.401,0.497,0.983,0.064,Luchun-Tense,0.50559511698881,4983613926840851448
Luchun_F2,2,F,Luchun,,F2_za_31_02,204.503,377.873,173.37,5,a_31,Vowel,a,Tense,Oral,31.0,2.0,Mid,31,Unaspirated,Oral,157.13,157.161,159.538,158.839,1121.46,53.802,1746.841,113.369,3283.807,230.838,3720.071,478.937,1174.313,1848.985,3321.063,3990.414,5.517,5.266,8.561,7.531,9.011,4.378,29.063,-3.353,22.907,-3.839,14.569,10.056,-3.043,-2.264,-0.451,3.153,-23.545,8.667,-17.39,9.106,-9.051,-4.789,15.032,47.478,37.941,33.624,31.328,29.916,0.0,low,0.573,0.514,0.628,0.56,-243.134,292.722,947.803,289.161,0.556,0.63,0.11,Luchun-Tense,0.882539682539683,-3552470285037241391
Luchun_F3,3,F,Luchun,,F3_ba_31_01,177.821,457.034,279.213,5,a_31,Vowel,a,Tense,Oral,31.0,2.0,Mid,31,Unaspirated,Oral,171.947,171.323,172.611,171.755,1031.856,102.689,1618.776,135.349,2951.009,269.938,4449.845,907.487,1058.741,1650.873,3003.387,4311.817,10.971,10.621,8.395,6.94,13.87,6.914,28.908,-2.734,23.1,-3.592,8.224,2.847,2.576,3.68,-5.475,0.026,-17.936,13.394,-12.128,14.213,2.747,7.773,15.662,58.291,46.073,41.238,37.277,27.899,0.713,low,0.56,0.436,0.652,0.284,-450.507,316.735,1488.506,315.08,0.503,2.05,0.108,Luchun-Tense,0.245365853658537,-2893110570833110365
Luchun_F3,3,F,Luchun,,F3_ba_31_02,125.464,383.065,257.601,5,a_31,Vowel,a,Tense,Oral,31.0,2.0,Mid,31,Unaspirated,Oral,163.442,163.585,164.731,163.528,1039.9,305.226,1587.262,622.284,3046.076,225.924,4415.163,553.739,1051.899,1533.17,3089.129,4708.973,9.986,9.654,7.484,6.111,6.051,-0.419,11.808,-20.217,2.542,-24.946,-5.16,-8.017,2.502,3.543,1.433,6.529,-1.823,29.926,7.443,34.6,15.146,17.671,0.692,52.78,43.688,39.854,36.434,24.673,0.0,low,0.461,0.395,0.439,0.335,-366.554,255.171,793.718,253.119,1.386,1.75,0.658,Luchun-Tense,0.792,8771786955529609131
Luchun_F3,3,F,Luchun,,F3_ba_33_01,169.323,506.726,337.403,5,a_33,Vowel,a,Tense,Oral,33.0,1.0,Mid,33,Unaspirated,Oral,199.905,199.926,201.206,200.173,1048.863,185.289,1562.291,135.245,2903.959,459.33,4094.354,352.424,1050.348,1556.915,3049.073,4206.436,13.326,12.842,12.94,10.908,16.743,6.079,26.086,-5.545,22.666,-4.599,-0.742,-5.273,0.386,1.934,-3.803,4.829,-12.76,18.444,-9.34,17.441,14.067,18.115,13.344,53.489,41.811,40.193,38.497,27.09,0.1,mid,0.575,0.489,0.615,0.381,-488.441,338.959,1416.983,337.051,0.913,2.136,0.428,Luchun-Tense,0.427434456928839,664647839384671712
Luchun_F3,3,F,Luchun,,F3_ba_33_02,156.688,475.555,318.867,5,a_33,Vowel,a,Tense,Oral,33.0,1.0,Mid,33,Unaspirated,Oral,201.252,201.264,202.386,201.835,995.362,146.489,1615.495,315.382,2963.319,207.569,4097.484,482.193,1029.584,1637.493,2965.273,4214.323,13.269,12.756,12.651,10.481,21.04,9.007,27.941,-2.293,20.944,-3.966,5.931,2.645,0.619,2.275,-8.39,1.475,-14.671,15.091,-7.675,16.722,7.338,10.111,16.616,61.911,49.282,45.714,42.995,28.894,0.0,mid,0.623,0.532,0.772,0.32,-412.139,315.925,1356.844,314.335,0.411,2.524,0.163,Luchun-Tense,0.16283676703645,-7719481036107341793
Luchun_F3,3,F,Luchun,,F3_ba31_01,228.929,529.218,300.289,5,a31,Vowel,a,Lax,Oral,31.0,2.0,Mid,31,Unaspirated,Oral,174.081,174.178,177.909,174.548,994.872,181.199,1581.097,394.758,2947.486,244.475,4364.603,531.305,1017.443,1539.706,3056.983,4589.716,14.691,14.298,13.055,11.42,14.514,6.437,19.826,-11.319,9.922,-16.288,-1.966,-5.395,1.636,2.879,-1.459,4.982,-5.135,25.662,4.769,30.586,16.657,19.693,3.291,42.485,36.65,35.829,33.792,25.713,0.73,low,0.382,0.344,0.381,0.324,-602.823,380.023,1010.888,378.153,1.157,1.279,0.903,Luchun-Lax,0.904612978889758,7584187235597841966
Luchun_F3,3,F,Luchun,,F3_ba33_01,128.108,481.64,353.532,5,a33,Vowel,a,Lax,Oral,33.0,1.0,Mid,33,Unaspirated,Oral,200.138,200.261,201.004,200.707,996.543,145.093,1575.202,313.357,3052.869,387.761,4278.998,532.094,1046.826,1692.712,3379.261,4688.187,17.599,17.092,16.018,13.874,19.737,8.008,25.906,-4.637,15.465,-10.079,1.729,-0.06,1.582,3.218,-3.719,5.866,-8.307,21.782,2.134,27.17,15.871,17.152,9.814,55.356,46.213,44.235,41.566,28.832,0.0,mid,0.447,0.397,0.488,0.316,-558.797,305.749,1542.792,304.169,0.681,1.545,0.441,Luchun-Lax,0.440776699029126,-477458426430841172
Luchun_F3,3,F,Luchun,,F3_ba33_02,110.658,419.772,309.114,5,a33,Vowel,a,Lax,Oral,33.0,1.0,Mid,33,Unaspirated,Oral,190.184,190.223,191.227,190.321,1005.029,190.479,1585.325,237.472,3038.203,220.28,4169.482,825.613,1004.796,1549.4,3181.465,4719.83,15.725,15.262,14.345,12.401,17.101,6.889,21.452,-9.198,13.29,-12.304,0.71,-1.535,1.38,2.861,-2.756,5.512,-5.727,24.508,2.434,27.566,15.014,16.797,4.567,50.715,42.346,41.077,38.278,26.612,0.493,mid,0.445,0.381,0.448,0.295,-527.098,266.102,1270.147,264.55,0.959,1.629,0.59,Luchun-Lax,0.588704726826274,-8915961283786306157
Luchun_F3,3,F,Luchun,,F3_be_33_01,171.925,619.807,447.882,5,e_33,Vowel,e,Tense,Oral,33.0,1.0,Mid,33,Unaspirated,Oral,208.253,208.252,208.66,208.245,767.439,269.437,2280.643,122.071,3007.806,459.047,4095.51,399.687,732.021,2321.848,3305.871,4228.525,20.353,19.586,21.939,18.468,25.134,10.495,25.347,0.495,17.188,6.432,8.459,0.091,-1.586,1.118,-3.195,7.972,-4.993,19.093,3.165,13.154,11.894,19.495,17.499,48.306,43.945,39.762,35.322,27.896,0.0,mid,0.54,0.493,0.604,0.413,-361.432,396.379,1037.039,394.394,0.718,1.842,0.39,Luchun-Tense,0.389793702497286,-4269986749094734753
Luchun_F3,3,F,Luchun,,F3_be_33_02,109.195,492.843,383.648,5,e_33,Vowel,e,Tense,Oral,33.0,1.0,Mid,33,Unaspirated,Oral,201.666,201.774,202.261,203.384,738.413,129.099,2316.376,279.99,3081.44,299.059,4156.925,422.681,768.271,2337.423,3104.47,4219.015,18.8,18.043,19.935,16.512,24.712,10.297,24.586,-0.072,17.075,7.05,14.308,7.173,-1.135,1.531,-4.778,6.215,-5.786,18.117,1.724,10.992,4.492,10.869,12.336,47.493,42.598,39.251,34.718,28.439,0.842,mid,0.584,0.495,0.702,0.191,-216.255,300.156,885.686,299.207,0.379,2.543,0.149,Luchun-Tense,0.149036570979158,3113680019242157637
Luchun_F3,3,F,Luchun,,F3_be33_01,172.653,562.22,389.567,5,e33,Vowel,e,Lax,Oral,33.0,1.0,Mid,33,Unaspirated,Oral,217.986,218.075,219.15,219.521,656.311,35.698,2487.426,181.98,3201.47,277.039,4287.323,349.308,674.441,2485.182,3164.148,4265.098,19.613,18.522,22.453,17.109,22.095,18.524,35.357,12.174,21.981,16.033,18.766,13.956,-2.84,1.412,0.358,-1.415,-15.744,6.35,-2.368,2.488,0.847,4.565,60.16,50.728,43.418,43.018,37.004,28.934,0.0,mid,0.584,0.508,0.779,0.397,-331.236,367.519,1054.58,365.697,0.319,2.322,0.137,Luchun-Lax,0.137381567614126,6473354044396702095
Luchun_F3,3,F,Luchun,,F3_be33_02,150.044,550.0,399.956,5,e33,Vowel,e,Lax,Oral,33.0,1.0,Mid,33,Unaspirated,Oral,207.252,207.211,208.403,207.591,652.313,96.863,2378.406,146.987,3229.044,279.356,4299.753,282.174,673.847,2385.79,3208.349,4314.912,19.088,18.083,20.663,15.844,21.883,16.615,28.937,5.558,17.44,10.403,12.22,9.654,-1.574,2.239,-1.221,-0.771,-9.848,12.527,1.648,7.68,6.868,8.429,17.952,52.769,48.066,44.078,37.524,27.823,0.0,mid,0.576,0.499,0.73,0.313,-252.063,349.627,949.381,348.118,0.347,2.359,0.147,Luchun-Lax,0.147096227214922,-1803174662798064477
Luchun_F3,3,F,Luchun,,F3_bi_31_02,175.982,525.594,349.612,5,i_31,Vowel,i,Tense,Oral,31.0,2.0,Mid,31,Unaspirated,Oral,175.216,175.157,176.122,175.103,343.104,47.403,2776.463,175.458,3634.07,343.754,4201.716,353.115,372.822,2806.122,3634.985,4306.034,18.061,15.459,24.2,7.909,4.211,13.525,24.198,7.484,7.411,14.836,2.756,10.966,-6.138,7.55,19.989,-5.616,-6.137,7.975,10.65,0.623,15.306,4.492,4.109,40.385,53.808,55.004,47.439,28.267,0.598,low,0.487,0.43,0.483,0.342,-495.235,351.817,1038.632,349.861,1.387,1.711,0.839,Luchun-Tense,0.810637054354179,4683878454111714507
Luchun_F3,3,F,Luchun,,F3_bi31_01,73.879,583.904,510.025,5,i31,Vowel,i,Lax,Oral,31.0,2.0,Mid,31,Unaspirated,Oral,184.164,183.97,188.722,185.89,348.739,46.582,2653.938,243.259,3388.682,243.891,4194.671,256.053,351.237,2932.274,3763.175,4815.897,23.491,20.6,23.652,9.697,-0.19,9.932,23.64,6.789,-3.832,2.45,-1.399,4.807,-0.161,10.903,23.842,-0.235,-0.149,13.812,27.323,18.15,24.89,15.793,5.594,18.494,34.192,37.35,33.0,19.53,0.593,low,0.451,0.419,0.488,0.385,-349.147,330.152,770.283,328.049,0.992,1.513,0.653,Luchun-Lax,0.655651024454726,-4606583605251604268
Luchun_F3,3,F,Luchun,,F3_bi31_02,202.53,640.995,438.465,5,i31,Vowel,i,Lax,Oral,31.0,2.0,Mid,31,Unaspirated,Oral,169.195,168.857,171.408,170.461,322.589,77.518,2716.584,200.275,3453.474,278.431,4254.106,355.278,334.243,2821.325,3671.977,4730.862,20.849,18.098,20.775,6.44,-0.701,9.218,20.773,4.945,-1.042,6.647,-2.075,5.198,0.074,11.657,21.476,-2.778,0.076,13.153,21.891,11.45,22.924,12.9,2.706,28.138,41.688,43.121,37.572,23.077,0.0,low,0.442,0.39,0.452,0.331,-482.633,422.853,1232.858,420.885,1.259,1.792,0.704,Luchun-Lax,0.702566964285714,2998272017959626545
Luchun_F3,3,F,Luchun,,F3_bja_31_02,381.312,628.14,246.828,5,a_31,Vowel,a,Tense,Oral,31.0,2.0,Mid,31,Unaspirated,Oral,164.157,164.417,166.186,164.573,1001.484,235.577,1727.721,298.245,2873.559,299.227,4426.699,619.999,979.035,1750.677,3076.074,4367.322,17.139,16.806,16.951,15.569,14.38,7.718,18.802,-11.39,9.744,-13.821,3.234,-4.094,0.188,1.237,2.571,7.851,-1.663,28.215,7.395,30.627,13.905,20.9,3.566,37.607,31.435,28.612,25.718,24.207,0.213,low,0.471,0.403,0.462,0.343,-383.481,506.46,947.363,504.367,1.594,1.928,0.828,Luchun-Tense,0.826763485477178,-1365465610888568501
Luchun_F3,3,F,Luchun,,F3_bja_33_01,347.098,636.082,288.984,5,a_33,Vowel,a,Tense,Oral,33.0,1.0,Mid,33,Unaspirated,Oral,168.523,168.793,169.74,168.737,992.073,91.511,1705.933,146.566,3005.344,228.189,4249.261,453.432,998.227,1760.174,3193.542,4285.28,16.655,16.308,16.707,15.267,18.291,11.311,29.155,-1.152,18.383,-5.549,8.39,3.145,-0.052,1.041,-1.584,3.957,-12.5,17.485,-1.728,21.858,8.264,13.164,18.153,43.928,35.319,32.168,28.571,26.686,0.771,mid,0.483,0.39,0.47,0.224,-219.132,491.436,654.74,490.109,1.275,2.331,0.561,Luchun-Tense,0.546975546975547,-2387940298762642738
Luchun_F3,3,F,Luchun,,F3_bja31_01,353.937,635.83,281.893,5,a31,Vowel,a,Lax,Oral,31.0,2.0,Mid,31,Unaspirated,Oral,163.777,163.793,165.696,164.301,931.136,164.717,1468.254,1117.504,2936.693,466.679,3722.754,1111.853,944.552,2093.976,3039.891,4301.719,16.444,16.056,16.759,15.138,16.237,8.223,22.935,-8.145,7.487,-18.222,5.282,3.032,-0.315,0.917,0.522,6.915,-6.491,24.28,8.957,34.278,11.163,13.024,5.481,41.265,34.02,32.228,28.305,24.145,0.863,low,0.507,0.431,0.502,0.328,-306.458,495.889,909.057,493.882,1.382,2.219,0.623,Luchun-Lax,0.622803064443443,2326860680721100375
Luchun_F3,3,F,Luchun,,F3_bja31_02,425.045,656.846,231.801,5,a31,Vowel,a,Lax,Oral,31.0,2.0,Mid,31,Unaspirated,Oral,160.491,160.667,161.909,161.012,907.186,206.167,1770.978,368.505,2906.083,214.468,3904.115,1060.158,922.84,1839.753,2995.746,4573.373,17.791,17.438,15.979,14.506,15.558,8.212,20.113,-8.74,9.245,-11.683,6.385,0.145,1.812,2.932,0.421,6.294,-2.322,26.19,8.546,29.12,11.406,17.293,4.473,46.807,37.297,29.867,25.676,23.78,0.0,low,0.487,0.413,0.474,0.435,-371.023,543.058,1009.893,540.346,1.589,1.97,0.808,Luchun-Lax,0.806598984771574,5745447676383004088
Luchun_F3,3,F,Luchun,,F3_bja33_01,406.507,713.993,307.486,5,a33,Vowel,a,Lax,Oral,33.0,1.0,Mid,33,Unaspirated,Oral,190.657,190.767,192.035,191.352,931.149,156.652,1779.025,613.664,2837.08,188.634,4398.703,1293.095,933.22,1861.254,2888.027,4671.75,21.376,20.892,21.18,19.131,25.113,13.507,28.685,0.021,13.434,-7.825,12.201,5.354,0.196,1.762,-3.934,5.624,-7.309,20.886,7.942,28.717,9.175,15.538,18.901,44.8,36.372,34.464,31.054,26.241,0.0,mid,0.488,0.419,0.498,0.354,-486.712,561.538,1291.378,559.681,1.01,1.746,0.579,Luchun-Lax,0.578465063001146,8622027291170242334
Luchun_F3,3,F,Luchun,,F3_bja33_02,285.514,602.739,317.225,5,a33,Vowel,a,Lax,Oral,33.0,1.0,Mid,33,Unaspirated,Oral,184.644,184.893,185.083,184.127,939.906,233.131,1734.077,483.655,2934.431,339.364,4411.702,1037.953,933.96,1825.127,3075.242,5281.828,20.983,20.523,20.46,18.52,24.208,13.6,24.992,-3.97,11.951,-10.125,5.407,0.58,0.522,2.003,-3.748,4.92,-4.009,24.511,9.032,30.648,15.575,19.943,13.466,36.75,30.465,28.191,25.134,24.495,0.903,mid,0.489,0.404,0.52,0.231,-494.353,444.117,1225.188,442.864,0.882,1.727,0.395,Luchun-Lax,0.510712217718587,2039235100356890236
Luchun_F3,3,F,Luchun,,F3_bja55_01,303.758,580.312,276.554,5,a55,Vowel,a,Lax,Oral,55.0,1.0,High,55,Unaspirated,Oral,231.708,231.838,232.583,232.988,1071.175,773.951,1815.814,271.084,2929.447,241.723,3997.751,1631.189,900.444,1797.797,3003.91,4535.803,22.157,21.496,18.286,15.42,24.201,1.09,23.464,-5.209,15.508,-6.065,5.215,-0.877,3.871,6.076,-5.915,14.329,-1.308,26.73,6.649,27.561,16.942,22.373,10.897,48.66,39.454,34.547,31.199,25.165,0.0,high,0.506,0.465,0.579,0.406,-396.279,442.611,881.092,440.862,0.594,0.711,0.311,Luchun-Lax,0.835443037974684,4994717060626423030
Luchun_F3,3,F,Luchun,,F3_bja55_02,305.533,623.212,317.679,5,a55,Vowel,a,Lax,Oral,55.0,1.0,High,55,Unaspirated,Oral,218.778,219.011,218.604,219.583,1011.924,189.927,1703.131,162.069,2936.245,460.342,4503.398,767.978,943.036,1687.83,3123.467,5419.823,22.034,21.451,19.579,17.089,24.228,8.776,23.944,-5.578,16.863,-6.646,4.189,-0.086,2.455,4.362,-4.649,8.313,-1.91,27.062,5.171,28.097,17.845,21.537,13.074,42.979,34.298,32.137,29.012,25.956,0.0,high,0.46,0.416,0.523,0.266,-640.729,464.49,1311.567,463.274,0.673,0.772,0.442,Luchun-Lax,0.871761658031088,-6468025509889041243
Luchun_F3,3,F,Luchun,,F3_bu_31_01,191.999,552.461,360.462,5,u_31,Vowel,u,Tense,Oral,31.0,2.0,Mid,31,Unaspirated,Oral,177.238,177.104,179.093,177.538,386.145,179.994,964.206,217.954,2494.981,805.141,4052.626,290.7,752.972,3331.431,4262.584,4139.187,18.763,16.395,19.789,3.833,5.987,6.778,19.781,-0.223,9.634,-2.375,-14.327,2.878,-1.026,12.562,13.802,-2.945,-1.019,16.631,9.129,18.77,33.089,13.517,2.671,25.953,33.233,37.99,39.247,22.784,0.0,low,0.459,0.413,0.497,0.362,-319.894,373.577,914.343,371.527,0.813,0.907,0.313,Luchun-Tense,0.896361631753032,6525044664776985767
Luchun_F3,3,F,Luchun,,F3_bu_31_02,174.197,523.967,349.77,5,u_31,Vowel,u,Tense,Oral,31.0,2.0,Mid,31,Unaspirated,Oral,173.762,173.618,175.509,174.276,396.866,161.595,918.592,285.358,3185.241,764.124,4092.059,208.541,662.082,929.244,3459.482,4115.908,16.034,13.851,18.955,5.315,6.929,5.966,18.554,-2.186,9.824,-3.42,-16.403,8.893,-2.921,8.535,12.026,-0.651,-2.52,16.078,6.21,17.271,32.437,4.957,2.137,38.614,42.105,44.726,44.484,25.137,0.0,low,0.453,0.41,0.488,0.394,-313.771,350.649,924.256,348.38,0.801,1.904,0.421,Luchun-Tense,0.420693277310924,3891911548544487772
Luchun_F3,3,F,Luchun,,F3_bu31_01,283.487,756.303,472.816,5,u31,Vowel,u,Lax,Oral,31.0,2.0,Mid,31,Unaspirated,Oral,171.522,171.26,174.332,172.566,420.157,193.67,975.465,458.407,2865.09,577.915,4024.431,244.65,634.735,2639.753,4089.677,4289.452,19.441,17.557,19.601,8.852,5.655,4.109,13.554,-8.175,7.025,-6.816,-12.654,8.171,-0.16,8.705,13.945,4.743,5.886,25.759,12.415,24.372,32.094,9.386,2.996,24.501,29.929,34.75,36.171,21.056,0.0,low,0.443,0.41,0.522,0.35,-249.152,520.197,632.665,518.149,0.54,1.189,0.279,Luchun-Lax,0.454163162321278,8361197256874512678
Luchun_F3,3,F,Luchun,,F3_bu31_02,220.042,609.179,389.137,5,u31,Vowel,u,Lax,Oral,31.0,2.0,Mid,31,Unaspirated,Oral,164.099,163.798,166.795,165.012,430.941,154.054,1097.791,411.765,2709.269,522.97,3895.224,290.447,577.913,2317.604,3914.839,3858.443,18.271,16.68,18.303,9.792,4.035,2.578,15.079,-6.86,1.966,-11.151,-14.179,2.282,-0.032,6.888,14.268,7.215,3.193,23.554,16.305,27.831,32.45,14.398,2.248,31.641,35.965,40.461,40.814,22.268,0.0,low,0.43,0.397,0.492,0.351,-218.756,414.989,537.305,412.84,0.609,2.085,0.316,Luchun-Lax,0.292086330935252,8742489888004918724
Luchun_F3,3,F,Luchun,,F3_cjo31_02,224.836,556.61,331.774,5,o31,Vowel,o,Lax,Oral,31.0,2.0,Mid,31,Unaspirated,Oral,160.786,160.689,161.876,161.456,291.226,236.128,935.424,416.0,2982.026,393.473,3994.411,162.214,564.91,1534.642,3862.041,4325.996,14.304,11.038,13.098,1.797,6.958,13.299,12.981,-1.747,-3.21,-9.341,-22.224,4.237,1.206,9.241,6.14,-11.502,1.323,12.8,17.514,20.379,36.528,6.8,0.647,37.485,40.323,45.901,47.001,21.903,0.0,low,0.432,0.39,0.458,0.381,-310.873,392.157,683.309,389.786,1.088,1.566,0.608,Luchun-Lax,0.694763729246488,-4046418787906801957
Luchun_F3,3,F,Luchun,,F3_de_31_01,78.21,499.474,421.264,5,e_31,Vowel,e,Tense,Oral,31.0,2.0,Mid,31,Unaspirated,Oral,181.164,181.044,182.609,181.65,704.285,78.087,2362.949,159.208,3095.089,775.399,3934.716,920.794,724.582,2376.571,3354.35,4514.586,13.621,12.947,13.749,10.737,22.336,2.014,22.668,-1.911,12.464,3.435,1.214,-5.61,-0.128,2.21,-8.586,8.723,-9.047,14.861,1.157,9.512,12.407,18.558,4.503,38.194,37.728,35.018,31.829,25.529,0.687,low,0.506,0.438,0.509,0.363,-318.769,289.877,992.354,287.862,1.103,1.607,0.395,Luchun-Tense,0.686372121966397,-6852580603020742021
Luchun_F3,3,F,Luchun,,F3_de_33_01,120.653,509.017,388.364,5,e_33,Vowel,e,Tense,Oral,33.0,1.0,Mid,33,Unaspirated,Oral,213.102,213.057,213.245,214.128,677.769,129.946,2347.86,79.043,3052.905,273.159,4340.655,227.41,739.911,2383.415,3151.365,4377.667,16.073,15.09,18.856,14.184,23.851,17.818,28.392,4.747,23.993,16.098,17.038,10.859,-2.783,0.907,-4.995,-3.634,-12.319,10.346,-7.921,-1.008,-0.965,4.232,21.862,44.708,37.866,35.217,31.623,29.551,0.0,mid,0.622,0.53,0.787,0.419,-497.61,314.987,1588.494,313.022,0.345,2.332,0.148,Luchun-Tense,0.147941680960549,5090355200614524547
Luchun_F3,3,F,Luchun,,F3_de_33_02,144.871,537.107,392.236,5,e_33,Vowel,e,Tense,Oral,33.0,1.0,Mid,33,Unaspirated,Oral,205.416,205.392,205.649,206.198,717.131,103.563,2263.369,104.728,2977.579,418.138,4236.475,478.042,742.78,2298.935,3099.739,4233.26,16.375,15.549,18.38,14.59,24.752,13.671,23.468,-0.905,21.62,11.69,13.791,6.713,-2.004,0.958,-6.373,0.919,-7.092,16.456,-5.244,3.859,2.584,8.836,15.621,52.489,48.05,45.198,41.216,30.765,0.0,mid,0.603,0.525,0.77,0.286,-434.938,340.535,1505.819,339.143,0.339,2.525,0.135,Luchun-Tense,0.134257425742574,-1581361184513354078
Luchun_F3,3,F,Luchun,,F3_de-_33_01,112.202,544.904,432.702,5,e-_33,Vowel,ø,Tense,Oral,33.0,1.0,Mid,33,Unaspirated,Oral,193.8,193.881,194.891,194.879,412.7,84.218,2303.605,114.605,2868.032,337.576,3913.779,366.011,467.358,2355.365,3126.633,4036.092,19.819,17.57,27.632,10.824,12.0,19.063,27.631,8.212,14.564,15.112,7.365,6.737,-7.813,6.746,15.632,-8.239,-7.811,9.358,5.255,2.458,12.455,10.833,10.337,46.842,51.584,47.35,41.3,26.993,0.639,mid,0.506,0.43,0.572,0.326,-311.99,329.186,886.1,327.505,0.585,1.977,0.295,Luchun-Tense,0.295902883156297,2062299221478622313
Luchun_F3,3,F,Luchun,,F3_de-_33_02,168.698,635.471,466.773,5,e-_33,Vowel,ø,Tense,Oral,33.0,1.0,Mid,33,Unaspirated,Oral,204.975,204.964,205.615,204.593,427.078,70.571,2424.567,110.8,2983.232,216.433,4056.18,294.733,476.232,2538.893,3274.299,4129.955,21.553,19.222,29.967,11.862,12.851,20.253,29.966,10.217,17.999,19.094,15.495,14.206,-8.414,7.36,17.116,-8.39,-8.413,9.005,3.554,0.128,6.058,5.017,19.733,46.405,49.757,47.096,40.475,29.172,0.605,mid,0.527,0.509,0.604,0.483,-373.823,403.455,960.041,401.098,0.497,1.592,0.312,Luchun-Tense,0.312185929648241,-4004247635060872254
Luchun_F3,3,F,Luchun,,F3_de-33_01,93.817,587.8,493.983,5,e-33,Vowel,ø,Lax,Oral,33.0,1.0,Mid,33,Unaspirated,Oral,215.985,216.035,216.474,218.505,428.32,86.922,2334.049,166.299,2962.359,413.602,4249.524,230.126,465.933,2386.12,3189.327,4323.811,22.595,20.004,28.453,8.927,9.452,17.678,28.452,8.813,6.562,6.987,1.93,2.711,-5.858,11.077,19.001,-8.751,-5.857,11.192,16.032,13.017,20.664,17.293,13.247,50.916,55.149,50.661,44.382,27.703,0.706,mid,0.456,0.397,0.521,0.237,-641.26,341.167,1483.15,340.071,0.601,1.5,0.404,Luchun-Lax,0.400666666666667,-8743443500624979014
Luchun_F3,3,F,Luchun,,F3_de-33_02,170.134,608.903,438.769,5,e-33,Vowel,ø,Lax,Oral,33.0,1.0,Mid,33,Unaspirated,Oral,216.392,216.409,217.682,218.324,437.638,91.885,2238.066,149.621,2915.631,254.671,4255.141,317.547,458.927,2304.762,3042.102,4257.197,23.071,20.573,26.746,6.969,7.189,14.847,26.745,6.789,9.097,8.13,5.283,5.924,-3.675,13.604,19.557,-7.878,-3.674,13.785,13.974,12.443,17.788,14.649,10.107,40.368,46.17,44.6,40.386,28.208,0.854,mid,0.496,0.454,0.538,0.412,-561.899,390.401,1298.456,388.496,0.723,1.507,0.48,Luchun-Lax,0.479761114797611,-1193984553864068055
Luchun_F3,3,F,Luchun,,F3_de31_01,77.633,620.587,542.954,5,e31,Vowel,e,Lax,Oral,31.0,2.0,Mid,31,Unaspirated,Oral,203.569,203.45,206.973,205.158,598.594,74.217,2339.427,154.842,3010.04,454.053,3989.432,691.542,611.058,2383.961,3281.732,4448.074,20.187,19.042,23.8,18.106,14.083,11.511,29.686,6.915,11.69,5.767,3.186,-1.386,-3.613,0.935,9.717,6.596,-9.499,12.128,8.497,13.275,17.001,20.428,17.4,45.5,44.1,41.023,36.445,25.326,0.0,low,0.481,0.423,0.515,0.287,-481.187,349.428,1226.847,348.017,0.872,1.178,0.482,Luchun-Lax,0.740237691001698,5906026765250929619
Luchun_F3,3,F,Luchun,,F3_de31_02,155.403,615.397,459.994,5,e31,Vowel,e,Lax,Oral,31.0,2.0,Mid,31,Unaspirated,Oral,178.444,178.341,180.011,179.177,703.222,198.078,2253.653,179.808,3064.837,402.171,4255.381,1134.869,681.419,2285.239,3131.379,4706.028,17.664,17.009,16.996,14.084,18.633,-2.944,18.632,-6.065,6.929,-3.127,0.81,-5.59,0.668,2.925,-1.637,17.028,-0.968,23.076,10.735,20.135,16.854,22.599,2.958,40.24,43.549,40.031,35.686,26.082,0.478,low,0.436,0.373,0.434,0.295,-409.971,385.307,1054.416,383.655,1.014,1.735,0.586,Luchun-Lax,0.584438040345821,-5612676964176093857
Luchun_F3,3,F,Luchun,,F3_de33_01,149.543,620.112,470.569,5,e33,Vowel,e,Lax,Oral,33.0,1.0,Mid,33,Unaspirated,Oral,215.907,215.943,216.798,217.412,759.889,210.764,2365.529,245.075,2956.415,547.36,4414.69,480.61,696.908,2426.687,3081.705,4437.153,20.529,19.685,23.06,19.176,22.922,12.181,26.496,2.002,13.3,3.825,11.931,2.073,-2.532,0.509,0.139,6.994,-5.967,17.685,7.228,15.86,8.597,17.612,20.162,53.692,47.241,43.342,35.926,26.473,0.0,mid,0.511,0.445,0.56,0.303,-356.984,384.966,1035.879,383.561,0.667,1.727,0.385,Luchun-Lax,0.386218876664737,-4394090283328985986
Luchun_F3,3,F,Luchun,,F3_de33_02,103.84,573.874,470.034,5,e33,Vowel,e,Lax,Oral,33.0,1.0,Mid,33,Unaspirated,Oral,203.187,203.247,203.547,203.62,757.033,230.742,2267.217,159.225,2884.612,297.833,4435.863,526.164,689.17,2332.75,3015.096,4443.309,19.466,18.742,21.117,17.869,20.989,3.527,20.86,-4.141,12.872,1.817,9.556,-0.781,-1.651,0.873,0.128,14.342,-1.395,22.885,6.594,16.924,9.91,19.523,8.2,48.711,45.46,41.729,35.643,27.24,0.0,mid,0.489,0.447,0.525,0.39,-483.163,339.546,1172.326,337.627,0.667,1.609,0.415,Luchun-Lax,0.414543194530764,7949659926957978049
Luchun_F3,3,F,Luchun,,F3_de55_01,180.165,667.06,486.895,5,e55,Vowel,e,Lax,Oral,55.0,1.0,High,55,Unaspirated,Oral,261.983,262.1,263.581,263.735,779.38,49.126,2302.748,314.381,3157.583,276.763,4322.28,1226.885,775.276,2412.315,3226.622,4723.044,23.817,22.65,23.106,17.39,11.191,7.138,31.509,7.402,11.562,1.537,12.123,6.986,0.711,5.26,11.916,10.252,-7.692,15.253,12.255,21.113,11.694,15.664,31.859,41.569,37.913,36.236,31.986,25.619,0.0,high,0.47,0.44,0.525,0.339,-492.033,424.494,876.352,423.198,0.746,1.057,0.705,Luchun-Lax,0.705771050141911,-2152738935400770576
Luchun_F3,3,F,Luchun,,F3_de55_02,60.239,503.831,443.592,5,e55,Vowel,e,Lax,Oral,55.0,1.0,High,55,Unaspirated,Oral,240.572,240.55,239.648,240.985,704.886,75.807,2449.58,484.591,3221.049,256.535,4339.644,1201.356,715.426,2416.559,3231.747,4626.42,21.161,19.998,21.62,15.854,10.449,7.554,28.094,4.715,8.004,1.251,5.897,0.928,-0.459,4.144,11.171,8.3,-6.933,15.286,13.157,18.747,15.264,19.07,14.633,44.93,41.963,39.804,34.777,26.816,0.0,high,0.46,0.418,0.552,0.314,-590.766,281.857,1360.066,280.551,0.466,1.407,0.35,Luchun-Lax,0.331201137171286,-3999977597312737486
Luchun_F3,3,F,Luchun,,F3_do_31_01,147.216,517.595,370.379,5,o_31,Vowel,o,Tense,Oral,31.0,2.0,Mid,31,Unaspirated,Oral,185.579,185.332,187.06,186.749,506.219,109.123,916.048,102.787,2964.154,356.008,4217.127,290.46,527.397,1318.151,3575.37,4217.451,20.258,18.611,26.12,17.71,21.737,13.875,28.555,4.221,23.074,4.536,-2.088,18.658,-5.862,0.901,4.382,3.836,-8.297,14.47,-2.816,14.076,22.346,-0.047,20.32,36.829,38.213,46.676,45.091,28.022,0.0,low,0.507,0.447,0.541,0.361,-521.215,332.605,1431.475,330.659,0.783,1.959,0.401,Luchun-Tense,0.399693721286371,-1005126092803369860
Luchun_F3,3,F,Luchun,,F3_do_31_02,187.229,561.527,374.298,5,o_31,Vowel,o,Tense,Oral,31.0,2.0,Mid,31,Unaspirated,Oral,176.778,176.615,177.816,177.15,504.277,95.393,970.855,171.909,2956.702,435.732,4004.126,641.999,567.12,997.609,3161.967,4193.134,18.96,17.515,22.898,15.753,15.368,8.322,28.602,4.369,20.233,2.231,-8.284,10.718,-3.938,1.762,7.53,7.431,-9.642,13.202,-1.272,15.284,27.245,6.797,13.39,43.453,45.371,50.681,48.127,26.404,0.0,low,0.52,0.444,0.538,0.311,-279.549,375.024,759.813,373.26,0.834,2.099,0.397,Luchun-Tense,0.397332062887089,2246275168469947151
Luchun_F3,3,F,Luchun,,F3_do_33_01,134.385,571.306,436.921,5,o_33,Vowel,o,Tense,Oral,33.0,1.0,Mid,33,Unaspirated,Oral,221.348,221.365,222.209,221.629,459.306,62.314,881.052,43.368,3100.592,169.735,3979.155,232.978,398.301,1155.76,3463.662,4159.376,21.434,18.577,32.348,11.34,30.837,14.857,32.347,9.701,30.836,14.64,2.68,28.366,-10.914,7.237,1.511,-3.517,-10.913,8.979,-9.402,3.936,18.754,-9.789,53.142,47.594,41.382,48.719,47.415,28.035,0.491,mid,0.615,0.596,0.782,0.536,-529.655,353.612,1529.737,351.191,0.379,1.961,0.194,Luchun-Tense,0.193268740438552,1889830600159673955
Luchun_F3,3,F,Luchun,,F3_do_33_02,103.195,527.603,424.408,5,o_33,Vowel,o,Tense,Oral,33.0,1.0,Mid,33,Unaspirated,Oral,206.549,206.534,207.438,206.689,437.44,101.232,828.403,126.032,3145.765,199.992,4273.462,279.175,743.709,3553.581,4303.717,4304.431,18.584,15.838,27.161,7.845,22.403,6.097,27.16,4.695,22.402,6.069,-2.798,24.996,-8.578,7.993,4.758,1.749,-8.577,11.262,-3.819,9.769,21.382,-9.158,13.888,43.555,42.812,50.111,51.067,29.658,0.696,mid,0.671,0.571,0.823,0.461,-226.53,315.247,805.82,313.017,0.449,2.35,0.191,Luchun-Tense,0.191063829787234,-1132264335287599782
Luchun_F3,3,F,Luchun,,F3_do+_31_01,121.592,510.437,388.845,5,o+_31,Vowel,ɔ,Tense,Oral,31.0,2.0,Mid,31,Unaspirated,Oral,170.758,170.873,170.805,170.223,783.067,112.953,1084.655,168.905,3078.694,251.615,3917.213,667.987,914.052,1111.223,3230.914,4158.464,11.562,10.921,13.409,10.672,26.154,9.652,29.339,-1.688,25.134,-3.047,2.594,13.183,-1.846,0.249,-12.746,1.02,-17.776,12.811,-13.571,13.968,8.968,-2.262,20.844,47.035,36.115,40.234,37.11,26.974,0.761,low,0.602,0.539,0.688,0.473,-430.019,316.799,1629.883,314.029,0.513,1.872,0.135,Luchun-Tense,0.274038461538462,2851793706705373708
Luchun_F3,3,F,Luchun,,F3_do+_31_02,189.403,545.877,356.474,5,o+_31,Vowel,ɔ,Tense,Oral,31.0,2.0,Mid,31,Unaspirated,Oral,167.957,167.806,167.389,168.503,768.453,118.015,1109.81,198.147,3157.99,250.736,4210.408,296.77,832.143,1062.36,3390.16,4397.618,14.724,14.082,12.265,9.524,21.006,4.115,22.931,-7.359,13.152,-13.947,-8.855,3.177,2.458,4.558,-8.74,5.409,-8.208,21.626,1.572,28.029,23.579,10.905,4.834,20.411,17.65,26.475,28.589,20.242,0.0,low,0.518,0.441,0.503,0.392,-539.219,368.706,1360.936,366.374,1.346,2.01,0.681,Luchun-Tense,0.669651741293532,-1631861914664499228
Luchun_F3,3,F,Luchun,,F3_do+31_01,87.949,662.388,574.439,5,o+31,Vowel,ɔ,Lax,Oral,31.0,2.0,Mid,31,Unaspirated,Oral,188.834,188.784,191.514,189.707,765.536,211.307,1132.835,154.347,3249.536,311.83,4350.159,303.649,923.256,1005.614,3475.476,4620.57,17.451,16.639,18.665,15.121,25.446,-1.442,25.445,-3.796,21.445,-4.22,-3.759,8.898,-1.214,1.518,-6.781,16.563,-7.994,20.61,-3.994,20.859,21.209,7.741,11.134,44.072,37.157,43.436,42.45,28.101,0.772,low,0.468,0.409,0.486,0.238,-599.561,375.899,1611.395,374.634,0.947,1.708,0.554,Luchun-Lax,0.554449648711944,-5277144590440465265
Luchun_F3,3,F,Luchun,,F3_do+31_02,112.326,556.399,444.073,5,o+31,Vowel,ɔ,Lax,Oral,31.0,2.0,Mid,31,Unaspirated,Oral,170.553,170.743,172.714,171.319,799.35,182.434,1214.33,363.994,3320.87,353.126,4332.541,511.978,833.03,1211.277,3403.837,4577.02,15.87,15.276,14.38,11.853,19.921,4.978,21.249,-8.783,12.706,-13.672,-10.058,0.828,1.49,3.423,-5.541,6.876,-5.379,24.21,3.164,28.948,25.928,14.448,3.802,43.414,38.447,42.82,41.598,25.586,0.0,low,0.417,0.375,0.438,0.349,-562.515,335.477,1349.247,333.429,1.013,1.601,0.634,Luchun-Lax,0.632729544034978,5534768859661631946
Luchun_F3,3,F,Luchun,,F3_do+33_01,71.661,572.229,500.568,5,o+33,Vowel,ɔ,Lax,Oral,33.0,1.0,Mid,33,Unaspirated,Oral,206.217,206.25,206.764,206.198,696.964,305.222,1139.755,209.886,3167.212,263.058,4178.188,318.71,858.031,1046.124,3475.981,4426.271,19.626,18.511,20.906,15.789,24.943,11.057,24.498,-2.517,22.316,-0.128,-4.184,9.736,-1.28,2.722,-4.037,4.732,-4.872,21.138,-2.689,18.639,23.81,8.774,15.026,55.541,47.529,48.512,44.392,24.661,0.07,mid,0.477,0.42,0.516,0.312,-703.831,322.475,1823.733,320.961,0.69,1.464,0.471,Luchun-Lax,0.471311475409836,-632912549484143113
Luchun_F3,3,F,Luchun,,F3_do+33_02,146.14,584.353,438.213,5,o+33,Vowel,ɔ,Lax,Oral,33.0,1.0,Mid,33,Unaspirated,Oral,194.056,194.079,194.275,193.629,754.191,365.581,1189.082,218.109,3204.94,253.55,4311.655,389.43,858.029,1118.705,3289.006,4427.436,17.414,16.575,18.584,14.895,22.797,-2.986,22.795,-5.646,19.615,-4.689,-3.875,7.52,-1.169,1.68,-4.213,17.881,-5.381,22.339,-2.201,21.264,21.289,9.055,7.593,45.297,38.103,42.215,40.405,27.637,0.751,mid,0.486,0.424,0.51,0.466,-580.444,366.702,1525.798,364.303,0.836,1.671,0.499,Luchun-Lax,0.500299222022741,7246166905064464505
Luchun_F3,3,F,Luchun,,F3_do+55_01,117.265,579.257,461.992,5,o+55,Vowel,ɔ,Lax,Oral,55.0,1.0,High,55,Unaspirated,Oral,255.853,255.871,255.617,257.101,800.303,208.47,1264.029,162.396,3197.673,254.269,4231.67,460.199,807.27,1191.518,3514.132,4814.782,18.996,17.667,21.34,15.081,19.715,6.926,25.696,-1.758,16.272,-6.853,-4.219,6.181,-2.344,2.587,1.625,8.155,-6.7,19.554,2.724,24.52,23.214,11.486,12.278,45.374,35.56,41.068,39.876,25.466,0.0,high,0.526,0.489,0.653,0.383,-553.059,348.185,1296.747,346.686,0.521,1.432,0.37,Luchun-Lax,0.363826815642458,-9145076171991496785
Luchun_F3,3,F,Luchun,,F3_do+55_02,107.184,563.935,456.751,5,o+55,Vowel,ɔ,Lax,Oral,55.0,1.0,High,55,Unaspirated,Oral,250.277,250.222,249.687,249.016,732.099,198.589,1233.874,167.72,3230.427,160.266,4183.717,403.102,813.339,1229.177,3445.737,4663.116,18.249,16.803,21.661,14.656,23.437,12.837,27.115,0.715,22.089,0.519,-0.662,12.029,-3.412,2.146,-1.776,1.82,-8.865,16.198,-3.839,16.283,18.911,4.774,18.229,48.394,38.282,42.577,41.864,28.026,0.0,high,0.521,0.447,0.626,0.249,-409.622,335.657,984.07,334.661,0.44,1.465,0.3,Luchun-Lax,0.300341296928328,6418327083627626420
Luchun_F3,3,F,Luchun,,F3_do31_01,131.995,574.533,442.538,5,o31,Vowel,o,Lax,Oral,31.0,2.0,Mid,31,Unaspirated,Oral,174.586,174.567,177.55,175.744,489.102,106.629,960.613,180.936,2976.288,600.757,4068.05,369.821,571.779,925.983,3491.997,4422.841,20.484,18.98,19.809,12.259,7.062,0.729,23.568,-0.564,12.654,-4.822,-12.377,7.45,0.675,6.721,12.747,11.53,-3.084,19.6,7.829,23.802,32.86,11.529,5.211,30.651,35.156,40.611,41.035,23.228,0.0,low,0.475,0.431,0.506,0.419,-312.121,353.701,636.759,351.293,0.835,1.72,0.507,Luchun-Lax,0.48546511627907,8618911222572940956
Luchun_F3,3,F,Luchun,,F3_do31_02,93.662,448.661,354.999,5,o31,Vowel,o,Lax,Oral,31.0,2.0,Mid,31,Unaspirated,Oral,176.993,177.193,180.819,178.383,493.879,85.027,1025.337,97.044,3003.36,398.577,4084.433,229.207,561.096,1003.493,3422.008,4283.169,20.191,18.703,21.802,14.287,8.904,3.725,24.25,0.485,12.996,-3.638,-10.785,8.257,-1.611,4.416,12.898,10.562,-4.059,18.261,7.195,22.341,30.976,10.447,6.444,31.483,35.723,41.897,41.314,24.204,0.0,low,0.454,0.404,0.481,0.31,-468.787,271.586,1216.714,269.823,0.904,1.638,0.551,Luchun-Lax,0.551892551892552,-3709735445508670918
Luchun_F3,3,F,Luchun,,F3_do33_01,190.313,640.276,449.963,5,o33,Vowel,o,Lax,Oral,33.0,1.0,Mid,33,Unaspirated,Oral,211.96,211.782,213.029,212.397,426.204,100.474,956.671,218.374,2947.866,622.601,4011.063,218.825,535.843,1040.848,3377.133,4124.136,23.47,20.556,30.166,9.105,20.957,16.908,30.165,9.009,19.937,6.421,-6.117,17.15,-6.695,11.451,9.209,-7.803,-6.695,11.589,3.533,14.135,29.587,3.405,22.55,46.196,43.818,45.897,44.539,24.98,0.753,mid,0.493,0.447,0.549,0.462,-772.603,416.96,1931.34,414.776,0.557,1.468,0.379,Luchun-Lax,0.379427792915531,-6985424962749128396
Luchun_F3,3,F,Luchun,,F3_do33_02,95.549,528.029,432.48,5,o33,Vowel,o,Lax,Oral,33.0,1.0,Mid,33,Unaspirated,Oral,207.411,207.547,208.14,207.104,429.607,102.612,1031.726,54.487,2908.614,510.226,4113.724,412.996,502.487,1042.016,3369.572,4357.888,22.411,19.747,28.439,8.65,17.296,17.006,28.438,7.354,23.271,10.533,-7.516,13.842,-6.027,11.097,11.143,-8.356,-6.026,12.422,-0.859,9.215,29.927,5.906,18.176,46.583,43.151,45.771,44.266,24.886,0.02,mid,0.46,0.418,0.508,0.432,-655.443,313.003,1667.795,310.917,0.69,1.491,0.461,Luchun-Lax,0.462776659959758,-1963505659647870178
Luchun_F3,3,F,Luchun,,F3_do55_01,128.604,575.056,446.452,5,o55,Vowel,o,Lax,Oral,55.0,1.0,High,55,Unaspirated,Oral,282.348,282.426,282.12,282.395,506.894,247.709,1002.184,215.901,2902.057,131.516,3936.569,303.412,644.459,2359.91,3781.198,4121.78,27.515,23.288,27.322,14.064,13.584,15.072,24.849,3.166,16.78,1.949,-3.477,17.145,0.193,9.225,13.738,-1.009,2.667,20.189,10.736,21.34,30.992,6.143,23.945,36.827,40.534,46.758,46.721,23.851,0.0,high,0.53,0.515,0.649,0.433,-640.114,352.189,1311.248,350.656,0.384,1.266,0.306,Luchun-Lax,0.303317535545024,6766030757108111018
Luchun_F3,3,F,Luchun,,F3_do55_02,123.802,558.491,434.689,5,o55,Vowel,o,Lax,Oral,55.0,1.0,High,55,Unaspirated,Oral,274.455,274.323,273.138,274.748,516.974,65.259,1097.685,79.579,3262.197,163.254,4281.234,286.732,576.936,1078.349,3331.807,4490.674,24.691,21.29,27.169,8.878,16.612,2.649,27.168,5.303,16.612,1.963,-2.39,19.69,-2.478,12.413,10.557,6.229,-2.478,16.06,8.079,19.328,27.081,1.601,15.68,37.998,39.412,44.889,44.01,26.25,0.0,high,0.513,0.496,0.707,0.421,-785.282,341.141,1532.581,339.607,0.438,1.253,0.355,Luchun-Lax,0.349561053471668,-4485787082258317341
Luchun_F3,3,F,Luchun,,F3_dze_33_01,197.738,529.717,331.979,5,e_33,Vowel,e,Tense,Oral,33.0,1.0,Mid,33,Unaspirated,Oral,202.816,202.814,203.23,203.62,611.63,21.668,2375.872,160.495,3154.399,484.428,4178.903,1171.269,619.421,2372.26,3144.54,4480.055,18.295,17.212,20.231,14.925,18.198,14.688,32.619,9.703,16.042,10.14,7.053,3.827,-1.936,2.287,2.033,0.237,-14.323,7.511,2.254,7.072,11.243,13.385,29.903,56.327,52.458,47.878,41.259,27.711,0.0,mid,0.6,0.512,0.709,0.334,-339.244,363.931,1235.53,362.286,0.462,1.66,0.144,Luchun-Tense,0.278313253012048,-8477132480432686707
Luchun_F3,3,F,Luchun,,F3_dze_33_02,140.773,547.027,406.254,5,e_33,Vowel,e,Tense,Oral,33.0,1.0,Mid,33,Unaspirated,Oral,205.179,205.193,205.528,205.694,637.553,69.664,2279.891,144.399,3042.116,309.517,4095.312,815.33,664.605,2320.393,3099.969,4170.343,18.795,17.762,20.657,15.678,21.963,17.176,30.183,6.919,19.533,12.035,15.224,11.266,-1.862,2.084,-1.306,-1.498,-11.388,10.844,-0.738,5.727,3.571,6.496,23.174,52.056,48.807,45.08,39.197,28.563,0.0,mid,0.603,0.521,0.746,0.327,-370.175,343.808,1460.407,342.215,0.375,2.409,0.156,Luchun-Tense,0.155666251556663,6849116649364524473
Luchun_F3,3,F,Luchun,,F3_dze33_01,98.149,463.044,364.895,5,e33,Vowel,e,Lax,Oral,33.0,1.0,Mid,33,Unaspirated,Oral,204.919,204.954,205.272,204.848,622.272,130.496,2278.523,176.784,2976.541,264.073,4422.568,703.741,623.215,2328.682,3071.788,4403.811,20.119,19.04,22.985,17.723,17.93,14.063,29.519,6.455,11.142,4.028,8.288,3.161,-2.866,1.317,5.055,3.659,-9.4,12.587,8.977,15.011,11.831,15.878,17.834,55.143,52.682,50.051,44.707,29.862,0.0,mid,0.51,0.453,0.549,0.267,-426.53,280.942,1212.542,279.638,0.876,1.777,0.493,Luchun-Lax,0.492965672481711,1816446536431266107
Luchun_F3,3,F,Luchun,,F3_dze33_02,131.866,499.011,367.145,5,e33,Vowel,e,Lax,Oral,33.0,1.0,Mid,33,Unaspirated,Oral,211.382,211.398,213.197,212.726,620.719,48.533,2308.201,455.15,3239.809,542.99,4334.673,526.443,627.523,2231.594,3209.813,4441.812,22.152,20.999,27.229,21.5,15.637,12.985,33.656,10.745,9.162,2.643,3.442,3.135,-5.077,-0.501,11.592,8.515,-11.504,10.257,12.99,18.356,18.71,17.864,42.897,47.459,45.332,42.942,39.071,27.31,0.0,mid,0.501,0.436,0.573,0.246,-489.236,315.56,1581.126,314.396,0.515,1.803,0.285,Luchun-Lax,0.285635052689961,-8571710455932034230
Luchun_F3,3,F,Luchun,,F3_dzii_31_01,203.584,621.317,417.733,5,ii_31,Vowel,ɿ,Tense,Oral,31.0,2.0,Mid,31,Unaspirated,Oral,192.842,192.727,193.701,193.686,481.855,162.845,1644.406,136.112,3049.683,382.315,4023.796,1153.055,553.168,1678.725,3205.507,5138.667,19.219,17.564,22.146,12.723,9.319,11.13,14.015,-7.748,11.039,2.309,-5.321,4.719,-2.926,4.841,12.827,1.593,5.204,25.317,8.18,15.255,24.54,12.846,5.176,46.2,47.274,45.483,42.482,27.687,0.0,low,0.566,0.493,0.654,0.301,-241.43,412.35,958.682,410.791,0.434,2.256,0.193,Luchun-Tense,0.192375886524823,2908632040403817068
Luchun_F3,3,F,Luchun,,F3_dzii_31_02,158.712,502.347,343.635,5,ii_31,Vowel,ɿ,Tense,Oral,31.0,2.0,Mid,31,Unaspirated,Oral,195.346,195.212,195.441,196.08,465.429,137.053,1629.61,155.663,3064.331,346.187,4123.075,805.254,512.609,1698.691,3257.458,5419.442,18.864,17.036,22.126,11.043,8.869,11.888,19.672,-1.661,7.206,-0.939,-5.695,5.822,-3.262,5.992,13.257,-0.844,-0.808,18.702,11.658,17.975,24.559,11.214,4.286,46.394,49.194,45.131,41.185,26.114,0.0,low,0.483,0.443,0.538,0.34,-504.418,331.283,1427.598,329.543,0.721,1.701,0.423,Luchun-Tense,0.423868312757202,6227430928488409163
Luchun_F3,3,F,Luchun,,F3_dzii_33_01,288.816,536.293,247.477,5,ii_33,Vowel,ɿ,Tense,Oral,33.0,1.0,Mid,33,Unaspirated,Oral,210.464,210.336,212.283,210.895,472.048,143.362,1475.116,140.91,2946.487,206.474,4262.265,378.664,566.048,1482.631,3277.127,4607.672,20.053,17.963,25.936,12.181,14.277,17.492,25.753,4.283,12.995,3.168,-1.431,10.639,-5.883,5.783,11.659,-5.311,-5.7,13.688,7.059,14.796,21.485,7.325,9.263,45.195,43.774,44.53,44.407,26.65,0.8,mid,0.521,0.474,0.574,0.49,-607.041,413.991,1688.157,411.662,0.643,1.71,0.374,Luchun-Tense,0.376023391812866,2798301485100521297
Luchun_F3,3,F,Luchun,,F3_dzii_33_02,219.273,529.158,309.885,5,ii_33,Vowel,ɿ,Tense,Oral,33.0,1.0,Mid,33,Unaspirated,Oral,221.54,221.296,223.339,222.295,463.854,134.37,1474.825,170.853,3069.345,255.575,4310.92,562.459,585.687,1461.834,3522.104,4996.706,22.332,19.958,28.413,10.887,15.985,19.922,28.412,7.189,14.217,4.422,-1.511,12.777,-6.081,9.071,12.428,-9.035,-6.081,12.779,8.114,15.537,23.843,7.181,16.506,46.855,41.931,43.137,40.603,26.135,0.875,mid,0.503,0.466,0.574,0.476,-775.938,375.395,1958.694,373.243,0.56,1.511,0.369,Luchun-Tense,0.370615486432826,3364932347008823614
Luchun_F3,3,F,Luchun,,F3_dzii31_01,282.581,679.459,396.878,5,ii31,Vowel,ɿ,Lax,Oral,31.0,2.0,Mid,31,Unaspirated,Oral,178.152,178.345,182.71,179.923,506.802,108.116,1619.615,146.31,2944.719,277.62,4517.644,711.042,525.686,1715.883,3158.359,5119.127,21.015,19.724,21.091,14.514,8.617,6.809,22.88,0.478,5.294,-5.297,-6.265,1.841,-0.075,5.21,12.474,7.705,-1.864,19.251,15.721,25.021,27.28,17.883,5.251,33.427,38.012,37.514,35.452,24.037,0.0,low,0.485,0.428,0.514,0.42,-460.137,482.129,1241.16,479.769,0.817,0.981,0.37,Luchun-Lax,0.832823649337411,5072876093945434363
Luchun_F3,3,F,Luchun,,F3_dzii33_01,326.789,677.708,350.919,5,ii33,Vowel,ɿ,Lax,Oral,33.0,1.0,Mid,33,Unaspirated,Oral,214.273,213.81,213.659,214.128,429.749,110.61,1465.752,269.772,3029.124,564.439,4304.069,538.888,917.163,1925.537,3673.437,4957.072,16.726,14.142,21.88,2.181,9.356,14.804,21.879,1.568,10.497,2.235,-6.357,6.528,-5.154,11.96,12.524,-12.622,-5.153,12.579,6.229,11.907,23.083,7.614,3.758,43.614,43.135,40.731,38.746,26.43,0.734,mid,0.606,0.573,0.71,0.522,-565.908,502.878,1672.94,500.436,0.395,1.959,0.202,Luchun-Lax,0.20163348647269,-8356512073265679987
Luchun_F3,3,F,Luchun,,F3_dzii33_02,181.444,529.676,348.232,5,ii33,Vowel,ɿ,Lax,Oral,33.0,1.0,Mid,33,Unaspirated,Oral,207.192,207.133,209.138,207.452,460.447,129.316,1457.806,238.293,3124.587,170.448,4241.229,567.167,543.565,1509.831,3271.781,5329.293,18.227,16.091,24.18,9.862,12.992,16.391,24.121,2.828,10.987,1.225,-2.779,12.441,-5.953,6.229,11.188,-6.529,-5.894,13.272,7.24,14.865,21.006,3.65,5.779,44.558,43.63,42.786,40.648,26.421,0.735,mid,0.558,0.543,0.634,0.526,-438.731,357.015,1037.172,354.474,0.469,1.671,0.281,Luchun-Lax,0.28067025733094,3704245885760762039
Luchun_F3,3,F,Luchun,,F3_dzii55_01,178.594,569.118,390.524,5,ii55,Vowel,ɿ,Lax,Oral,55.0,1.0,High,55,Unaspirated,Oral,272.638,272.615,274.258,273.773,520.74,84.307,1467.788,219.683,3156.637,265.443,4474.138,675.35,544.712,1547.082,3212.148,5400.359,23.882,20.743,25.983,8.482,7.443,10.724,25.981,5.009,7.974,-2.768,-2.301,12.274,-2.101,12.261,18.54,-2.242,-2.1,15.751,15.907,23.511,26.182,8.469,11.688,38.458,43.325,45.165,43.554,25.906,0.0,high,0.514,0.498,0.596,0.42,-914.022,374.228,1800.052,372.689,0.465,1.276,0.373,Luchun-Lax,0.364420062695925,3655880519770099443
Luchun_F3,3,F,Luchun,,F3_dzii55_02,213.576,578.493,364.917,5,ii55,Vowel,ɿ,Lax,Oral,55.0,1.0,High,55,Unaspirated,Oral,279.436,279.447,278.161,281.103,531.549,107.825,1496.417,140.319,3210.413,244.329,4021.145,861.705,569.801,1516.167,3364.017,5114.49,23.551,20.419,27.179,9.796,10.346,14.042,27.179,6.224,12.901,2.47,-2.5,12.198,-3.628,10.622,16.834,-4.245,-3.628,14.211,10.651,17.949,26.051,8.221,14.732,41.09,42.205,43.168,42.143,25.499,0.0,high,0.487,0.459,0.49,0.369,-792.424,395.835,1885.801,394.517,0.387,1.19,0.327,Luchun-Lax,0.325210084033613,-4856865577678253922
Luchun_F3,3,F,Luchun,,F3_dzu_31_01,308.923,562.424,253.501,5,u_31,Vowel,u,Tense,Oral,31.0,2.0,Mid,31,Unaspirated,Oral,183.269,183.056,185.682,184.056,444.667,177.052,1195.308,222.393,2955.185,241.208,3981.722,189.212,811.688,2526.455,3818.569,4039.577,18.402,16.583,19.768,9.211,3.686,4.547,14.932,-6.749,6.555,-5.177,-4.344,12.504,-1.367,7.371,16.082,4.665,3.47,23.345,11.846,21.76,22.746,4.079,2.76,37.284,40.593,42.628,40.802,24.78,0.0,low,0.449,0.416,0.493,0.39,-363.732,436.833,1071.831,434.704,0.854,1.775,0.475,Luchun-Tense,0.48112676056338,5526044899573347126
Luchun_F3,3,F,Luchun,,F3_dzu31_01,299.429,692.746,393.317,5,u31,Vowel,u,Lax,Oral,31.0,2.0,Mid,31,Unaspirated,Oral,169.814,169.766,173.418,171.112,461.923,149.499,1228.716,589.434,2691.166,669.287,3996.096,300.142,552.787,2200.819,3626.432,4198.058,20.073,18.606,18.487,10.809,4.976,3.42,18.697,-3.712,1.378,-11.304,-11.134,0.174,1.586,7.796,13.511,7.389,1.376,22.326,18.695,29.91,31.207,18.431,2.98,22.51,27.545,31.512,33.213,20.689,0.0,low,0.414,0.389,0.44,0.343,-530.113,496.692,979.579,494.669,0.942,1.281,0.741,Luchun-Lax,0.73536299765808,2995253199717628779
Luchun_F3,3,F,Luchun,,F3_dzu31_02,182.925,517.787,334.862,5,u31,Vowel,u,Lax,Oral,31.0,2.0,Mid,31,Unaspirated,Oral,156.595,156.453,159.274,157.668,424.015,114.558,1234.361,530.66,2999.928,513.924,4102.201,449.006,470.119,1861.471,3360.385,4433.834,17.576,16.178,15.023,7.779,1.186,-0.098,16.458,-5.215,-5.788,-17.2,-16.814,-0.964,2.553,8.399,13.838,7.878,1.118,21.402,23.364,33.378,34.39,17.143,1.32,27.239,33.892,37.383,38.163,19.622,0.0,low,0.398,0.359,0.409,0.324,-397.64,350.65,833.646,348.576,1.12,1.608,0.696,Luchun-Lax,0.696517412935323,-892906708322338750
Luchun_F3,3,F,Luchun,,F3_gu_31_01,229.654,602.704,373.05,5,u_31,Vowel,u,Tense,Oral,31.0,2.0,Mid,31,Unaspirated,Oral,185.36,185.132,185.856,185.699,369.743,108.972,867.123,167.649,2978.859,496.119,4089.291,538.986,698.4,2491.745,3982.468,4463.326,16.437,13.488,21.12,2.524,12.82,10.928,21.119,1.969,10.747,-1.49,-12.166,15.165,-4.683,10.964,8.3,-8.405,-4.682,11.559,5.69,14.978,28.603,-1.677,2.812,37.072,39.939,43.532,42.672,23.934,0.878,low,0.57,0.533,0.624,0.532,-384.169,417.487,1023.261,414.612,0.576,1.185,0.245,Luchun-Tense,0.486075949367089,-2327926016079936563
Luchun_F3,3,F,Luchun,,F3_gu31_01,195.263,701.504,506.241,5,u31,Vowel,u,Lax,Oral,31.0,2.0,Mid,31,Unaspirated,Oral,175.79,175.401,178.222,176.311,456.048,186.205,1077.024,379.004,2917.457,700.985,4070.947,337.988,639.764,2264.775,4000.565,4298.017,21.309,19.645,20.055,11.075,6.167,4.208,15.937,-6.617,6.117,-8.0,-10.33,7.072,1.254,8.57,13.888,6.867,5.371,26.283,15.192,27.645,31.639,12.573,4.26,27.338,30.87,33.008,33.631,21.381,0.0,low,0.427,0.406,0.584,0.359,-309.231,448.482,711.041,446.436,0.522,2.112,0.281,Luchun-Lax,0.247159090909091,5255863931020092792
Luchun_F3,3,F,Luchun,,F3_gu31_02,182.155,535.033,352.878,5,u31,Vowel,u,Lax,Oral,31.0,2.0,Mid,31,Unaspirated,Oral,158.76,158.499,160.784,159.402,430.85,185.61,1193.489,699.832,3110.504,643.586,4245.518,493.027,513.159,1855.19,3109.567,4483.583,17.258,15.844,14.701,7.38,2.277,0.679,16.103,-5.786,-3.691,-15.75,-17.716,1.987,2.557,8.464,12.424,6.701,1.156,21.646,20.95,31.595,34.974,13.857,1.328,21.425,26.973,31.251,33.018,20.047,0.0,low,0.419,0.387,0.46,0.346,-392.776,359.193,916.443,357.008,0.913,1.036,0.477,Luchun-Lax,0.881274131274131,4023059736273517774
Luchun_F3,3,F,Luchun,,F3_la_33_01,231.574,638.071,406.497,5,a_33,Vowel,a,Tense,Oral,33.0,1.0,Mid,33,Unaspirated,Oral,188.704,188.364,188.873,188.818,1066.339,245.04,1633.453,152.116,2984.554,155.345,3987.927,354.283,1080.262,1622.467,3028.771,4092.025,12.543,12.141,11.54,9.866,17.822,9.562,26.214,-5.6,24.492,-2.549,9.161,4.089,1.002,2.275,-6.282,0.304,-13.672,17.792,-11.949,14.689,3.381,8.052,16.173,55.186,45.854,44.583,42.865,30.657,0.694,mid,0.583,0.492,0.685,0.359,-464.152,435.014,1561.278,433.108,0.432,1.866,0.138,Luchun-Tense,0.231511254019293,3353425999974501300
Luchun_F3,3,F,Luchun,,F3_la_33_02,236.478,565.119,328.641,5,a_33,Vowel,a,Tense,Oral,33.0,1.0,Mid,33,Unaspirated,Oral,186.505,186.304,185.751,185.456,1061.886,139.83,1629.804,198.316,3019.725,173.736,4044.86,515.956,1074.316,1642.501,3032.803,4040.18,13.477,13.087,12.351,10.726,16.995,9.028,28.192,-3.541,21.952,-4.902,9.587,5.032,1.127,2.361,-4.644,1.697,-14.714,16.678,-8.475,17.989,3.89,8.055,18.657,45.198,36.171,33.916,30.935,27.861,0.634,mid,0.593,0.486,0.674,0.393,-482.0,401.253,1625.048,399.141,0.653,2.693,0.244,Luchun-Tense,0.242480505012997,6057558428374592382
Luchun_F3,3,F,Luchun,,F3_la31_02,233.717,546.339,312.622,5,a31,Vowel,a,Lax,Oral,31.0,2.0,Mid,31,Unaspirated,Oral,172.538,172.36,174.268,173.035,1036.447,94.026,1632.744,186.172,3170.494,160.768,3916.78,458.653,1040.903,1634.022,3324.11,4383.266,12.487,12.132,8.433,6.96,9.739,2.67,23.658,-7.85,11.691,-14.758,1.033,-1.201,4.054,5.172,-1.306,4.29,-11.171,20.035,0.796,26.89,11.454,13.333,4.814,40.529,33.856,34.639,32.972,26.056,0.828,low,0.445,0.389,0.453,0.289,-457.654,390.502,1103.798,388.829,1.06,1.793,0.595,Luchun-Lax,0.591187953151143,8110462113727606191
Luchun_F3,3,F,Luchun,,F3_la33_011,242.806,574.606,331.8,5,a33,Vowel,a,Tense,Oral,33.0,1.0,Mid,33,Unaspirated,Oral,201.263,201.288,202.391,202.348,981.135,102.625,1506.055,284.678,3038.227,495.014,4367.386,593.785,979.639,1446.844,3320.282,4545.398,17.554,17.02,17.05,14.791,21.874,9.29,26.959,-3.772,15.78,-10.368,-2.508,-3.473,0.504,2.229,-4.824,5.501,-9.405,20.857,1.774,27.388,20.062,20.493,11.074,51.498,40.744,38.509,35.366,25.486,0.0,mid,0.486,0.415,0.502,0.24,-587.63,409.406,1426.387,408.215,0.952,1.758,0.542,Luchun-Tense,0.541524459613197,2864838226932327975
Luchun_F3,3,F,Luchun,,F3_la55_02,184.115,572.888,388.773,5,a55,Vowel,a,Lax,Oral,55.0,1.0,High,55,Unaspirated,Oral,254.872,254.871,254.897,255.36,996.153,65.192,1773.548,152.497,2857.567,453.336,4435.949,484.27,959.089,1754.706,3116.926,4731.253,18.641,17.86,16.669,13.239,26.467,0.086,26.467,-1.974,13.862,-7.82,1.061,-6.067,1.972,4.621,-9.798,13.153,-7.826,19.857,4.779,25.68,17.58,23.927,12.422,52.19,42.866,41.301,38.324,26.478,0.795,high,0.496,0.452,0.625,0.273,-611.273,378.363,1270.796,377.293,0.521,0.938,0.343,Luchun-Lax,0.55543710021322,-4513867424890242746
Luchun_F3,3,F,Luchun,,F3_le_33_01,241.037,688.88,447.843,5,e_33,Vowel,e,Tense,Oral,33.0,1.0,Mid,33,Unaspirated,Oral,201.128,201.129,201.571,202.672,786.216,35.201,2344.246,202.41,3326.602,325.696,4182.412,406.732,804.004,2408.623,3355.704,4286.749,16.602,15.942,18.726,15.804,31.73,8.392,31.729,6.401,23.181,12.187,16.973,12.868,-2.124,0.138,-13.003,7.413,-15.127,9.546,-6.579,3.756,-0.371,3.074,33.03,52.435,47.635,44.597,40.147,30.53,0.485,mid,0.579,0.503,0.733,0.298,-227.862,464.772,950.637,463.289,0.399,2.58,0.155,Luchun-Tense,0.154651162790698,-7858544696701031802
Luchun_F3,3,F,Luchun,,F3_le_33_02,229.495,623.845,394.35,5,e_33,Vowel,e,Tense,Oral,33.0,1.0,Mid,33,Unaspirated,Oral,198.369,198.444,198.588,198.562,751.136,77.539,2167.242,466.899,2981.478,381.637,4117.772,641.844,766.418,2306.94,3113.507,4350.113,15.683,14.972,18.157,14.982,25.544,7.067,25.543,0.504,9.277,-2.415,8.544,2.471,-2.474,-0.01,-7.387,7.915,-9.86,14.472,6.406,17.388,7.139,12.501,8.669,51.32,47.9,43.577,38.099,28.737,0.659,mid,0.597,0.509,0.678,0.263,-376.789,426.17,1287.161,424.845,0.522,2.477,0.211,Luchun-Tense,0.210738796931772,-3051491654678588720
Luchun_F3,3,F,Luchun,,F3_le31_01,160.182,593.136,432.954,5,e31,Vowel,e,Lax,Oral,31.0,2.0,Mid,31,Unaspirated,Oral,179.334,179.49,182.828,180.565,838.073,102.761,2192.412,218.642,3172.695,543.474,4352.739,710.712,815.315,2233.439,3256.387,4486.285,17.497,17.013,16.266,14.192,22.456,9.366,22.228,-4.375,7.983,-6.357,2.66,-3.18,1.231,2.821,-6.19,4.826,-4.731,21.393,9.514,23.369,14.837,20.193,5.39,39.295,37.705,34.236,30.647,25.951,0.305,low,0.481,0.42,0.485,0.365,-345.661,377.616,959.736,375.581,1.145,1.835,0.624,Luchun-Lax,0.623978201634877,3617104900221763100
Luchun_F3,3,F,Luchun,,F3_le33_01,237.228,684.185,446.957,5,e33,Vowel,e,Lax,Oral,33.0,1.0,Mid,33,Unaspirated,Oral,216.161,216.128,216.627,218.076,806.881,168.865,2327.371,331.041,3279.263,412.145,4450.316,614.284,748.817,2313.382,3131.592,4466.318,21.551,20.801,22.068,18.694,25.728,9.607,25.632,0.453,11.06,-0.109,7.147,2.179,-0.517,2.107,-3.661,9.088,-4.082,20.353,10.491,20.91,14.403,18.622,18.755,51.886,44.538,40.499,34.542,26.577,0.0,mid,0.506,0.462,0.621,0.452,-461.183,461.082,1368.757,458.993,0.399,1.162,0.213,Luchun-Lax,0.343373493975904,9129272914782760501
Luchun_F3,3,F,Luchun,,F3_le33_02,209.056,605.063,396.007,5,e33,Vowel,e,Lax,Oral,33.0,1.0,Mid,33,Unaspirated,Oral,207.437,207.555,207.505,206.198,750.841,312.462,2289.959,240.181,3398.413,342.583,4481.604,678.786,702.227,2270.938,3304.257,4637.076,21.005,20.225,19.239,15.704,18.665,5.097,17.902,-6.81,10.293,-0.152,2.057,0.439,1.765,4.522,0.575,10.607,3.103,27.04,10.712,20.378,18.948,19.786,6.631,47.018,42.785,38.253,33.493,26.494,0.0,mid,0.467,0.417,0.503,0.283,-538.303,407.931,1318.409,406.567,0.816,1.48,0.551,Luchun-Lax,0.551351351351351,3710388899990461409
Luchun_F3,3,F,Luchun,,F3_le55_01,160.305,593.138,432.833,5,e55,Vowel,e,Lax,Oral,55.0,1.0,High,55,Unaspirated,Oral,254.064,254.078,254.652,255.295,819.515,189.599,2313.236,174.594,3312.369,363.484,4361.994,723.0,806.093,2265.467,3222.012,4130.448,19.514,18.504,19.507,14.739,20.236,13.176,26.987,2.304,13.527,2.543,4.372,0.616,0.006,3.764,-0.728,1.563,-7.473,16.206,5.987,15.961,15.141,17.888,13.288,38.737,30.484,28.588,26.203,26.611,0.0,high,0.517,0.458,0.652,0.257,-494.263,376.238,1059.141,375.225,0.494,1.412,0.353,Luchun-Lax,0.34985835694051,1264408022022774141
Luchun_F3,3,F,Luchun,,F3_le55_02,143.26,548.562,405.302,5,e55,Vowel,e,Lax,Oral,55.0,1.0,High,55,Unaspirated,Oral,238.976,238.961,240.257,240.79,806.47,177.318,2265.737,202.074,3253.543,474.856,4420.022,931.907,775.366,2236.636,3179.38,4217.19,18.923,18.013,17.63,13.421,20.109,10.494,25.388,0.437,10.489,-1.317,4.408,0.687,1.294,4.592,-2.479,2.927,-6.465,17.582,8.434,19.33,14.516,17.326,9.679,56.029,50.795,46.748,42.076,28.736,0.0,high,0.51,0.455,0.621,0.285,-471.346,345.983,1077.262,344.789,0.55,1.088,0.326,Luchun-Lax,0.505514705882353,7342144299998715868
Luchun_F3,3,F,Luchun,,F3_lo_31_01,192.291,591.631,399.34,5,o_31,Vowel,o,Tense,Oral,31.0,2.0,Mid,31,Unaspirated,Oral,183.191,183.235,184.613,184.447,526.584,137.149,843.931,252.391,3193.832,227.26,4079.88,457.647,639.681,2120.925,3741.622,4095.19,17.483,15.988,22.399,15.129,21.986,9.832,28.143,2.485,19.001,-2.041,-0.804,22.64,-4.916,0.86,0.413,5.297,-10.661,13.691,-1.518,18.029,18.287,-6.651,12.679,37.583,39.089,47.156,45.64,27.93,0.0,low,0.619,0.565,0.696,0.504,-428.489,392.864,1363.548,390.112,0.526,1.703,0.178,Luchun-Tense,0.308866705813271,8819908571127229044
Luchun_F3,3,F,Luchun,,F3_lo_31_02,237.482,655.651,418.169,5,o_31,Vowel,o,Tense,Oral,31.0,2.0,Mid,31,Unaspirated,Oral,160.08,160.042,160.807,160.047,510.269,116.802,937.847,68.531,3190.226,434.686,4012.2,537.252,589.981,860.459,3418.547,4096.839,15.11,13.95,15.925,10.505,20.118,9.949,23.91,-1.004,19.544,0.48,-6.889,15.27,-0.815,3.444,-4.193,0.556,-8.8,15.04,-4.434,13.47,21.999,-1.32,6.193,46.694,46.734,54.768,53.725,29.589,0.0,low,0.55,0.458,0.581,0.373,-409.156,447.056,1231.094,444.722,0.75,1.8,0.213,Luchun-Tense,0.416666666666667,413989501460016189
Luchun_F3,3,F,Luchun,,F3_lo_33_01,151.616,523.635,372.019,5,o_33,Vowel,o,Tense,Oral,33.0,1.0,Mid,33,Unaspirated,Oral,218.64,218.542,220.705,220.052,449.462,60.627,854.408,53.015,3222.538,170.948,4184.267,175.833,625.447,887.615,3319.89,4236.82,19.581,16.635,29.693,7.93,26.212,13.054,29.692,7.195,26.211,10.002,-2.486,25.364,-10.112,8.705,3.481,-5.124,-10.111,9.568,-6.63,6.633,22.067,-8.729,25.169,43.14,38.041,44.29,43.84,26.439,0.544,mid,0.627,0.592,0.758,0.544,-552.91,338.387,1636.276,335.898,0.409,1.9,0.219,Luchun-Tense,0.215263157894737,6639003440660320827
Luchun_F3,3,F,Luchun,,F3_lo_33_02,202.69,541.595,338.905,5,o_33,Vowel,o,Tense,Oral,33.0,1.0,Mid,33,Unaspirated,Oral,212.638,212.394,213.993,213.583,559.271,129.145,1055.524,162.204,3133.566,149.513,4242.917,102.731,719.23,912.17,3271.377,4282.834,19.029,17.298,26.737,17.68,19.73,12.942,26.018,1.778,20.375,2.128,0.592,19.437,-7.709,-0.382,7.007,4.739,-6.99,15.597,-1.346,15.17,18.437,-2.139,19.133,43.747,38.643,44.026,42.813,28.953,0.0,mid,0.616,0.555,0.787,0.476,-480.862,372.218,1626.322,369.977,0.36,1.482,0.128,Luchun-Tense,0.242914979757085,-3817320846498751251
Luchun_F3,3,F,Luchun,,F3_lo31_01,171.066,673.846,502.78,5,o31,Vowel,o,Lax,Oral,31.0,2.0,Mid,31,Unaspirated,Oral,195.723,195.568,198.865,197.238,458.938,132.955,927.451,142.961,3099.404,242.843,4100.142,278.608,545.567,933.574,3268.68,4228.74,20.497,18.224,26.85,12.461,19.201,13.848,24.928,2.35,18.281,2.693,-7.489,17.274,-6.353,5.762,7.649,-1.387,-4.431,15.944,2.216,15.531,27.986,0.95,12.495,40.812,40.601,46.264,45.481,25.475,0.366,low,0.492,0.441,0.527,0.373,-449.357,423.72,1192.387,421.81,0.801,1.638,0.488,Luchun-Lax,0.489010989010989,2114984912314336883
Luchun_F3,3,F,Luchun,,F3_lo31_02,186.581,634.645,448.064,5,o31,Vowel,o,Lax,Oral,31.0,2.0,Mid,31,Unaspirated,Oral,187.641,187.74,190.913,189.041,498.563,133.331,952.435,79.849,3124.198,296.116,4119.073,249.679,547.75,951.451,3330.048,4252.556,20.586,18.882,23.432,14.525,14.584,8.288,22.822,-1.133,21.3,3.731,-10.275,12.415,-2.846,4.357,8.848,6.236,-2.237,20.097,-0.715,15.151,30.861,6.467,9.618,38.798,38.95,45.477,44.486,23.673,0.0,low,0.467,0.418,0.49,0.33,-447.201,411.365,1142.106,409.605,0.951,1.643,0.578,Luchun-Lax,0.578819233110164,-5157629523020958417
Luchun_F3,3,F,Luchun,,F3_lo33_01,195.286,511.893,316.607,5,o33,Vowel,o,Lax,Oral,33.0,1.0,Mid,33,Unaspirated,Oral,214.437,214.25,215.307,215.636,416.791,72.267,863.294,168.332,3057.393,406.855,3985.517,260.988,515.336,961.596,3408.884,4103.775,22.406,19.205,29.975,9.868,22.27,8.89,29.975,8.83,22.248,7.916,-6.671,19.659,-7.57,9.336,7.705,0.978,-7.569,10.445,0.158,11.288,29.076,-0.455,21.315,44.194,41.684,46.289,45.505,24.874,0.638,mid,0.499,0.467,0.558,0.458,-595.61,355.466,1451.495,353.327,0.6,1.429,0.415,Luchun-Lax,0.419874037788663,-1866108638945652524
Luchun_F3,3,F,Luchun,,F3_lo33_02,162.585,467.796,305.211,5,o33,Vowel,o,Lax,Oral,33.0,1.0,Mid,33,Unaspirated,Oral,198.087,197.93,198.407,198.562,531.343,125.622,972.499,126.132,3136.901,139.771,4054.657,189.128,692.985,836.601,3268.561,4138.723,20.056,18.373,26.925,18.243,22.681,15.188,28.593,4.291,24.127,5.65,1.655,22.805,-6.869,0.129,4.244,3.055,-8.537,14.172,-4.071,12.722,18.401,-4.432,24.672,44.215,41.409,47.359,45.494,26.878,0.0,mid,0.621,0.583,0.731,0.536,-458.039,316.533,1494.194,313.828,0.463,1.076,0.137,Luchun-Lax,0.430297397769517,293855396604880079
Luchun_F3,3,F,Luchun,,F3_lo55_01,154.732,535.293,380.561,5,o55,Vowel,o,Lax,Oral,55.0,1.0,High,55,Unaspirated,Oral,263.983,263.005,260.634,262.882,528.848,46.751,1038.347,29.875,3073.271,316.206,4171.112,387.219,552.728,1042.747,3323.204,4270.523,23.055,19.955,31.076,8.859,26.525,11.809,31.052,8.539,26.524,10.565,-3.304,17.439,-8.022,11.096,4.552,-2.95,-7.997,11.493,-3.469,9.39,26.359,2.515,34.005,40.181,35.961,42.576,41.749,24.86,0.097,high,0.496,0.469,0.622,0.383,-791.833,345.455,1702.671,344.006,0.466,1.188,0.393,Luchun-Lax,0.392255892255892,3006525129400756100
Luchun_F3,3,F,Luchun,,F3_lo55_02,144.013,438.993,294.98,5,o55,Vowel,o,Lax,Oral,55.0,1.0,High,55,Unaspirated,Oral,272.887,272.777,272.978,274.772,541.33,118.432,1050.474,175.41,3227.254,161.261,4099.166,210.674,615.68,1134.658,3365.317,4237.387,22.213,19.064,27.512,4.924,18.191,6.971,27.512,4.854,18.19,1.834,-5.774,15.761,-5.299,14.14,9.322,-2.046,-5.299,14.308,4.023,17.23,27.987,3.303,15.796,44.627,44.435,49.731,50.14,27.357,0.0,high,0.539,0.505,0.497,0.301,-583.63,291.421,1705.748,290.317,0.361,1.478,0.246,Luchun-Lax,0.24424898511502,4251924647076275099
Luchun_F3,3,F,Luchun,,F3_lu_31_01,190.197,567.432,377.235,5,u_31,Vowel,u,Tense,Oral,31.0,2.0,Mid,31,Unaspirated,Oral,220.004,219.889,223.241,221.676,433.87,99.495,1002.402,171.277,2916.325,505.495,4230.562,567.697,768.374,2088.027,3917.094,4459.617,18.355,15.335,24.456,3.91,16.549,13.843,24.455,3.308,15.166,2.11,-7.528,14.771,-6.101,11.425,7.907,-9.933,-6.1,12.064,3.189,13.225,25.883,0.564,6.443,41.474,38.512,40.909,40.087,25.295,0.782,low,0.627,0.568,0.776,0.438,-524.612,378.612,1639.419,376.623,0.357,1.299,0.155,Luchun-Tense,0.274826789838337,4268206994022639181
Luchun_F3,3,F,Luchun,,F3_lu_31_02,176.437,467.994,291.557,5,u_31,Vowel,u,Tense,Oral,31.0,2.0,Mid,31,Unaspirated,Oral,212.097,211.969,213.569,212.749,431.794,107.894,983.864,218.612,3076.773,468.72,4158.768,578.11,726.333,1078.926,3221.487,4408.122,17.204,14.416,23.202,2.297,13.557,11.015,23.202,1.876,13.175,-0.255,-6.808,17.305,-5.998,12.119,9.645,-8.718,-5.997,12.586,4.029,14.671,24.012,-2.889,5.002,43.718,42.291,43.784,44.096,28.009,0.936,low,0.619,0.556,0.781,0.459,-547.0,322.718,1608.584,320.556,0.397,2.136,0.187,Luchun-Tense,0.185861423220974,-1104773378949670557
Luchun_F3,3,F,Luchun,,F3_lu_33_01,207.583,500.186,292.603,5,u_33,Vowel,u,Tense,Oral,33.0,1.0,Mid,33,Unaspirated,Oral,221.71,221.908,224.08,222.8,430.838,112.331,1283.039,129.629,2818.429,703.899,4149.853,272.946,496.316,1311.591,3844.475,4196.354,22.412,19.534,26.403,6.834,9.572,13.928,26.403,5.984,12.134,2.267,-8.864,6.143,-3.991,12.7,16.832,-7.094,-3.99,13.559,10.279,17.267,31.276,13.391,9.49,42.0,39.129,40.941,39.349,23.545,0.915,mid,0.498,0.458,0.566,0.46,-824.848,355.186,2062.846,353.115,0.487,1.45,0.335,Luchun-Tense,0.335862068965517,155110998961582494
Luchun_F3,3,F,Luchun,,F3_lu_33_02,216.042,564.014,347.972,5,u_33,Vowel,u,Tense,Oral,33.0,1.0,Mid,33,Unaspirated,Oral,221.661,221.382,223.997,222.596,409.175,77.395,949.363,401.63,2896.245,185.503,4086.335,200.684,610.748,1202.343,3198.11,4192.431,19.702,16.221,25.003,9.587,13.125,6.292,25.0,4.693,12.46,0.004,-6.213,16.991,-5.3,6.634,11.878,3.295,-5.298,11.566,7.242,16.217,25.915,-0.77,6.456,42.894,41.528,43.703,42.516,24.638,0.687,mid,0.518,0.467,0.595,0.485,-668.201,391.203,1898.734,389.012,0.473,1.592,0.297,Luchun-Tense,0.297110552763819,-9221834224395663803
Luchun_F3,3,F,Luchun,,F3_lu31_01,260.51,578.438,317.928,5,u31,Vowel,u,Lax,Oral,31.0,2.0,Mid,31,Unaspirated,Oral,198.528,198.315,201.593,199.696,449.169,151.47,1031.938,303.104,2929.157,185.822,4027.62,248.42,611.045,946.271,3093.864,4118.724,20.364,18.138,27.247,12.901,19.038,18.477,27.094,5.202,17.147,3.715,-0.433,19.178,-6.882,5.237,8.209,-5.576,-6.73,12.964,3.218,14.424,20.797,-1.04,13.169,39.712,37.753,41.529,39.508,26.033,0.879,low,0.542,0.513,0.608,0.46,-509.679,420.751,1325.126,418.429,0.577,1.456,0.293,Luchun-Lax,0.396291208791209,2283779319625579513
Luchun_F3,3,F,Luchun,,F3_lu31_02,149.33,432.073,282.743,5,u31,Vowel,u,Lax,Oral,31.0,2.0,Mid,31,Unaspirated,Oral,187.21,186.88,187.363,186.974,453.638,187.228,1126.52,164.268,2890.9,363.468,3967.126,204.609,970.47,2787.205,3970.214,4605.202,18.373,16.401,21.404,9.413,12.197,12.702,18.079,-3.534,14.496,2.016,-6.517,11.375,-3.031,6.988,9.207,-3.289,0.294,19.952,3.877,14.385,24.89,5.026,4.485,37.631,38.066,39.804,37.919,25.505,0.354,low,0.568,0.503,0.666,0.4,-425.31,291.005,1313.804,288.866,0.461,1.003,0.123,Luchun-Lax,0.459621136590229,5142378649168697063
Luchun_F3,3,F,Luchun,,F3_lu33_01,235.918,628.141,392.223,5,u33,Vowel,u,Lax,Oral,33.0,1.0,Mid,33,Unaspirated,Oral,239.753,239.66,240.204,240.672,422.474,132.537,1136.659,153.861,2916.468,634.394,4083.263,135.363,844.082,2755.352,4111.389,4148.457,21.482,17.843,21.102,8.497,8.874,10.399,20.72,0.633,8.056,-2.678,-8.967,10.483,0.38,9.346,12.228,-1.903,0.763,17.23,13.426,20.521,30.45,7.36,4.344,41.152,42.876,45.373,43.531,22.687,0.0,mid,0.53,0.509,0.673,0.467,-494.371,432.442,1077.373,430.496,0.446,1.381,0.323,Luchun-Lax,0.322954380883418,-9036314379390049906
Luchun_F3,3,F,Luchun,,F3_lu33_02,200.099,527.085,326.986,5,u33,Vowel,u,Lax,Oral,33.0,1.0,Mid,33,Unaspirated,Oral,239.464,239.53,241.443,240.601,450.728,93.195,1174.571,87.724,2819.928,336.335,4131.828,263.503,501.783,1158.041,3155.892,4202.832,22.425,19.187,23.273,6.382,9.018,10.355,23.272,2.421,10.906,-0.58,-8.649,8.306,-0.848,12.805,14.255,-3.973,-0.848,16.784,11.518,19.767,31.074,10.881,6.275,39.71,40.818,44.239,42.923,23.572,0.0,mid,0.48,0.448,0.563,0.405,-840.46,364.04,1901.998,362.347,0.472,1.261,0.376,Luchun-Lax,0.374306106264869,1237748540756768038
Luchun_F3,3,F,Luchun,,F3_lu55_01,143.058,517.992,374.934,5,u55,Vowel,u,Lax,Oral,55.0,1.0,High,55,Unaspirated,Oral,284.585,284.581,284.942,285.544,483.94,113.07,1121.921,61.383,2852.155,315.107,4210.671,371.311,511.262,1090.882,3004.897,4272.697,21.38,17.113,19.34,9.03,12.769,1.163,16.575,-4.455,12.769,0.128,-7.576,9.99,2.04,8.083,6.571,7.868,4.804,21.599,8.611,16.985,28.956,7.123,4.582,45.007,48.087,51.645,51.095,24.695,0.0,high,0.519,0.509,0.562,0.442,-556.39,330.562,1150.439,329.011,0.421,1.179,0.358,Luchun-Lax,0.357082273112807,5991507277954293855
Luchun_F3,3,F,Luchun,,F3_lu55_02,176.753,474.455,297.702,5,u55,Vowel,u,Lax,Oral,55.0,1.0,High,55,Unaspirated,Oral,278.27,278.352,278.986,280.734,509.246,277.79,1316.067,602.777,2834.203,520.825,3440.536,466.128,560.21,1192.243,3225.462,4379.274,20.983,17.717,21.322,4.06,3.262,3.719,21.206,-0.028,0.164,-11.921,-10.857,2.134,-0.339,13.657,18.06,0.341,-0.223,17.763,20.82,29.638,31.84,15.583,4.71,44.716,48.198,52.742,52.727,25.379,0.0,high,0.511,0.5,0.677,0.427,-770.489,326.138,1515.749,324.604,0.467,1.308,0.37,Luchun-Lax,0.357033639143731,4492414850305363099
Luchun_F3,3,F,Luchun,,F3_lw_33_01,254.225,638.964,384.739,5,w_33,Vowel,ɯ,Tense,Oral,33.0,1.0,Mid,33,Unaspirated,Oral,197.538,197.343,198.354,197.548,433.025,156.465,1599.859,154.553,2985.475,227.088,4397.395,381.313,524.791,1671.163,3527.21,4408.703,20.586,18.363,26.264,10.349,13.803,18.994,26.209,5.952,7.403,0.49,-4.843,7.527,-5.678,8.013,12.46,-8.645,-5.623,12.415,13.183,17.873,25.429,10.836,8.891,47.494,50.768,50.306,46.431,27.013,0.829,mid,0.501,0.448,0.56,0.343,-479.29,447.141,1246.533,445.403,0.558,1.727,0.321,Luchun-Tense,0.323103647944412,-5737428372805483515
Luchun_F3,3,F,Luchun,,F3_lw_33_02,266.781,631.429,364.648,5,w_33,Vowel,ɯ,Tense,Oral,33.0,1.0,Mid,33,Unaspirated,Oral,185.151,185.086,186.073,186.177,512.615,142.941,1570.132,139.813,3159.305,479.813,4367.153,229.335,520.94,1565.964,3529.552,4402.892,18.838,17.483,22.225,15.231,10.103,8.84,22.523,0.173,2.64,-8.146,-8.64,3.153,-3.386,2.252,12.121,6.391,-3.685,17.319,16.198,25.629,27.478,14.33,5.371,45.513,48.903,50.253,48.609,27.765,0.0,mid,0.473,0.408,0.497,0.289,-246.628,449.472,682.132,447.907,0.783,1.922,0.409,Luchun-Tense,0.40738813735692,1959449883764767517
Luchun_F3,3,F,Luchun,,F3_lw33_01,178.957,558.99,380.033,5,w33,Vowel,ɯ,Lax,Oral,33.0,1.0,Mid,33,Unaspirated,Oral,201.105,201.017,201.966,203.088,428.952,176.993,1646.173,155.913,2891.212,323.542,4261.514,471.676,507.971,1622.349,3189.438,4376.813,23.011,20.764,27.891,11.614,12.011,17.407,27.89,7.57,7.593,0.998,-4.839,5.14,-4.881,9.15,15.88,-5.793,-4.879,13.197,15.418,19.766,27.849,15.624,13.774,50.69,49.711,47.549,44.472,25.77,0.16,mid,0.475,0.422,0.51,0.331,-434.946,369.818,1219.727,368.174,0.698,0.91,0.334,Luchun-Lax,0.767032967032967,1332496745377745076
Luchun_F3,3,F,Luchun,,F3_lw33_02,176.78,492.884,316.104,5,w33,Vowel,ɯ,Lax,Oral,33.0,1.0,Mid,33,Unaspirated,Oral,184.171,184.192,184.776,184.516,524.259,120.388,1677.364,84.61,2907.224,562.345,4287.809,309.601,529.233,1707.27,3541.373,4361.087,20.166,18.921,21.031,14.768,10.386,8.139,22.632,0.096,7.187,-3.271,-9.279,-3.597,-0.865,4.153,10.645,6.629,-2.466,18.83,12.979,22.192,29.445,22.518,5.208,46.046,49.55,46.751,44.011,26.615,0.0,mid,0.44,0.389,0.453,0.324,-395.365,335.974,1010.238,334.216,0.939,1.76,0.535,Luchun-Lax,0.533522727272727,8649857496298336053
Luchun_F3,3,F,Luchun,,F3_ma31_01,236.839,662.727,425.888,5,a31,Vowel,a,Lax,Oral,31.0,2.0,Mid,31,Unaspirated,Nasal,173.912,174.163,176.959,174.342,1016.776,185.83,1520.887,211.269,3100.244,250.983,4349.753,610.682,987.131,1440.444,3211.626,4410.063,16.385,15.997,13.291,11.677,14.226,6.372,20.165,-11.923,13.096,-14.845,-0.696,-1.544,3.094,4.32,-0.935,5.305,-3.78,27.997,3.289,30.842,17.081,17.541,3.374,45.973,39.936,38.817,35.767,25.647,0.651,low,0.43,0.379,0.448,0.346,-211.262,451.135,570.707,449.142,1.045,1.935,0.54,Luchun-Lax,0.540051679586563,8681905920576327304
Luchun_F3,3,F,Luchun,,F3_ma31_02,214.286,562.09,347.804,5,a31,Vowel,a,Lax,Oral,31.0,2.0,Mid,31,Unaspirated,Nasal,163.975,164.056,167.331,164.606,1156.394,262.474,1608.727,946.504,3146.675,238.676,4366.509,368.93,1083.533,1245.32,3134.004,4441.838,15.906,15.609,13.324,12.105,10.11,4.534,15.61,-18.717,6.744,-23.949,-2.795,-6.484,2.581,3.504,3.214,7.571,0.296,34.439,9.161,39.559,18.7,22.093,1.716,42.136,35.423,34.915,33.248,25.143,0.0,low,0.418,0.365,0.431,0.343,-199.27,389.155,509.446,387.057,1.212,1.794,0.673,Luchun-Lax,0.675585284280936,3117479869238701664
Luchun_F3,3,F,Luchun,,F3_me_31_02,280.47,601.508,321.038,5,e_31,Vowel,e,Tense,Oral,31.0,2.0,Mid,31,Unaspirated,Nasal,157.138,157.307,158.942,157.694,815.331,167.09,2439.488,337.276,3105.301,544.559,3932.774,933.845,847.325,2537.353,3276.796,4523.071,9.075,8.7,7.521,5.937,14.631,5.979,19.173,-7.373,8.688,-2.988,7.753,-3.93,1.553,2.762,-7.109,-0.042,-10.098,16.075,0.386,11.688,1.322,12.63,2.215,50.073,43.529,40.688,34.679,27.553,0.0,low,0.634,0.565,0.68,0.503,-224.279,442.055,726.098,438.853,0.652,2.676,0.244,Luchun-Tense,0.243647234678625,6866031860076401500
Luchun_F3,3,F,Luchun,,F3_me_33_01,277.015,758.54,481.525,5,e_33,Vowel,e,Tense,Oral,33.0,1.0,Mid,33,Unaspirated,Nasal,199.29,199.37,199.733,199.521,795.398,88.763,2367.819,156.77,3287.561,217.648,4146.26,476.354,822.718,2374.852,3285.238,4214.377,18.803,18.168,16.804,14.002,27.375,2.135,27.374,1.928,23.212,12.171,17.207,11.765,1.999,4.166,-10.572,11.867,-8.571,16.244,-4.408,5.997,1.596,6.403,16.996,52.534,47.828,43.62,37.759,28.72,0.754,mid,0.586,0.502,0.727,0.362,-463.223,517.98,1859.923,516.161,0.404,2.559,0.158,Luchun-Tense,0.157874169597499,-8711096823367002913
Luchun_F3,3,F,Luchun,,F3_me_33_02,238.19,605.322,367.132,5,e_33,Vowel,e,Tense,Oral,33.0,1.0,Mid,33,Unaspirated,Nasal,197.338,197.306,198.585,197.799,777.499,139.848,2192.766,168.503,3109.665,276.077,3914.459,413.6,839.694,2222.962,3204.925,4130.937,18.61,17.948,15.13,12.205,23.057,-0.918,23.056,-2.376,21.883,9.456,13.704,8.321,3.48,5.743,-7.927,13.122,-4.447,20.329,-3.273,8.493,4.906,9.627,10.042,52.122,46.002,39.057,33.167,27.494,0.777,mid,0.551,0.463,0.688,0.342,-568.885,422.097,1687.827,420.363,0.427,2.387,0.18,Luchun-Tense,0.178885630498534,6724672810372248453
Luchun_F3,3,F,Luchun,,F3_me31_01,193.429,610.569,417.14,5,e31,Vowel,e,Lax,Oral,31.0,2.0,Mid,31,Unaspirated,Nasal,183.096,183.141,186.276,184.504,786.747,116.947,2277.713,254.495,3186.758,323.462,4318.401,518.698,762.448,2299.388,3188.354,4312.348,18.958,18.402,16.183,13.765,23.153,4.414,23.151,-2.629,7.99,-4.186,5.239,-0.199,2.775,4.637,-6.97,9.351,-4.193,21.035,10.969,22.588,13.719,18.6,5.475,41.209,39.262,35.973,31.076,26.398,0.93,low,0.454,0.385,0.466,0.271,-370.35,402.543,963.767,401.059,1.021,1.802,0.57,Luchun-Lax,0.566592674805771,2123755902665793025
Luchun_F3,3,F,Luchun,,F3_me31_02,152.63,505.388,352.758,5,e31,Vowel,e,Lax,Oral,31.0,2.0,Mid,31,Unaspirated,Nasal,168.838,168.744,171.841,169.617,826.242,187.56,2180.873,133.142,3143.361,486.895,4342.213,866.905,757.309,2204.591,3296.008,4413.932,16.025,15.581,16.542,14.65,15.716,4.504,16.602,-10.001,6.449,-7.679,-2.386,-8.579,-0.517,0.93,0.825,10.147,-0.578,25.587,9.576,23.26,18.411,24.16,2.071,39.755,39.184,35.519,32.052,24.486,0.696,low,0.463,0.387,0.447,0.358,-298.594,330.281,793.113,328.149,1.395,1.399,0.657,Luchun-Lax,0.997140814867763,4373223050703042105
Luchun_F3,3,F,Luchun,,F3_me55_01,197.384,628.453,431.069,5,e55,Vowel,e,Lax,Oral,55.0,1.0,High,55,Unaspirated,Nasal,243.788,243.847,244.877,245.088,830.463,194.468,2367.963,347.575,3162.124,208.773,4153.261,645.736,786.625,2312.994,3139.592,4174.816,23.083,22.174,21.769,17.555,22.543,13.002,27.01,2.087,7.924,-2.906,11.531,4.197,1.314,4.62,-0.774,4.552,-3.927,20.091,15.16,25.08,11.552,17.977,18.508,50.601,44.007,40.203,34.045,26.302,0.0,high,0.541,0.472,0.611,0.272,-656.469,412.588,1527.566,411.472,0.591,1.436,0.411,Luchun-Lax,0.411559888579387,-5840702592603873683
Luchun_F3,3,F,Luchun,,F3_me55_02,170.722,652.284,481.562,5,e55,Vowel,e,Lax,Oral,55.0,1.0,High,55,Unaspirated,Nasal,253.909,253.919,255.294,255.49,820.358,175.489,2306.862,315.74,3297.824,216.144,4327.557,588.314,776.253,2227.561,3245.144,4168.218,23.642,22.642,22.571,17.862,20.332,13.017,27.724,2.971,11.169,0.022,10.629,6.801,1.071,4.779,2.239,4.845,-4.082,19.677,12.473,22.619,13.013,15.841,18.802,47.0,40.976,38.488,33.933,27.497,0.0,high,0.461,0.421,0.582,0.249,-580.801,411.381,1172.427,410.4,0.487,1.206,0.407,Luchun-Lax,0.403814262023217,858312728431919768
Luchun_F3,3,F,Luchun,,F3_mi_31_01,287.122,699.938,412.816,5,i_31,Vowel,i,Tense,Oral,31.0,2.0,Mid,31,Unaspirated,Nasal,201.851,201.141,202.942,203.179,392.234,207.173,2990.807,143.329,3717.728,405.819,4304.755,357.666,461.39,2993.7,3720.59,4434.518,17.673,14.782,17.191,2.857,2.083,12.139,17.135,-0.817,11.828,19.649,5.215,10.02,0.483,11.926,15.107,-9.282,0.538,15.6,5.845,-4.867,12.458,4.762,2.199,55.799,62.023,61.669,52.656,28.369,0.0,low,0.614,0.564,0.735,0.462,-320.816,494.124,1150.137,491.831,0.367,2.203,0.166,Luchun-Tense,0.166591012256015,-2230339137353745958
Luchun_F3,3,F,Luchun,,F3_mi_31_02,246.227,580.364,334.137,5,i_31,Vowel,i,Tense,Oral,31.0,2.0,Mid,31,Unaspirated,Nasal,193.374,193.304,194.462,194.274,569.96,197.516,2799.491,271.236,3706.194,219.634,4209.93,171.851,543.173,2908.7,3660.647,4233.121,16.563,15.429,12.23,6.546,4.097,2.247,13.725,-8.576,10.013,9.252,9.036,9.589,4.333,8.884,8.133,4.299,2.838,24.006,6.55,6.177,7.527,5.841,1.709,52.401,59.61,62.227,54.923,29.363,0.0,low,0.574,0.498,0.719,0.369,-247.945,413.098,962.864,411.186,0.391,2.573,0.152,Luchun-Tense,0.151962689467548,-5513607882250255561
Luchun_F3,3,F,Luchun,,F3_mi31_01,269.799,715.976,446.177,5,i31,Vowel,i,Lax,Oral,31.0,2.0,Mid,31,Unaspirated,Nasal,222.781,222.702,223.375,223.418,321.811,213.919,2870.853,114.806,3436.179,199.831,4176.51,208.58,476.561,2880.808,3436.178,4216.948,21.763,16.097,18.395,18.199,4.212,19.935,10.643,-3.544,6.003,16.55,4.746,10.729,3.368,-2.102,14.183,-1.736,11.12,19.641,15.76,-0.453,17.017,5.369,3.741,43.575,48.211,50.13,41.848,26.543,0.0,low,0.493,0.429,0.567,0.303,-372.981,493.555,1045.127,492.194,0.479,1.551,0.308,Luchun-Lax,0.308833010960671,4865229095183578573
Luchun_F3,3,F,Luchun,,F3_mi31_02,167.989,512.094,344.105,5,i31,Vowel,i,Lax,Oral,31.0,2.0,Mid,31,Unaspirated,Nasal,202.975,203.078,203.843,203.62,266.108,244.269,2796.351,114.359,3529.787,385.434,4186.343,379.644,487.914,2859.622,3662.501,4402.211,20.381,13.844,15.403,17.777,0.987,18.33,15.636,4.061,5.781,18.324,1.832,13.351,4.978,-3.933,14.416,-0.553,4.746,9.783,14.6,-4.479,18.549,0.493,2.435,46.436,53.154,55.278,46.73,26.143,0.0,low,0.468,0.425,0.489,0.378,-507.653,341.148,1224.382,339.285,0.809,1.552,0.52,Luchun-Lax,0.521262886597938,-6353814759657551879
Luchun_F3,3,F,Luchun,,F3_mo_31_01,252.13,664.057,411.927,5,o_31,Vowel,o,Tense,Oral,31.0,2.0,Mid,31,Unaspirated,Nasal,176.132,176.133,177.194,176.981,503.695,84.154,841.637,132.698,3872.039,800.747,4129.557,165.989,515.954,847.118,3863.532,4195.579,17.512,15.968,21.275,13.673,17.825,6.814,25.318,0.319,14.241,-6.072,-9.32,22.533,-3.762,2.295,3.45,6.86,-7.805,16.011,3.271,22.04,26.832,-6.565,7.141,42.789,47.979,53.776,53.606,26.031,0.0,low,0.483,0.417,0.539,0.283,-330.851,458.28,946.089,456.668,0.706,1.283,0.249,Luchun-Tense,0.550272798129384,3458767175031065379
Luchun_F3,3,F,Luchun,,F3_mo_31_02,177.378,523.694,346.316,5,o_31,Vowel,o,Tense,Oral,31.0,2.0,Mid,31,Unaspirated,Nasal,173.344,173.182,174.371,173.779,528.88,305.207,809.988,104.814,3151.679,529.216,4038.44,399.189,657.339,761.665,3239.957,4121.353,15.974,14.481,15.301,8.011,19.753,5.296,16.116,-10.082,17.608,-4.513,-17.12,8.065,0.673,6.47,-4.452,2.715,-0.142,24.812,-1.634,18.994,33.094,6.416,2.831,50.464,50.761,52.877,50.283,24.87,0.0,low,0.512,0.454,0.552,0.273,-156.542,350.938,524.391,349.362,0.652,2.223,0.294,Luchun-Tense,0.293297345928925,1323939560031276959
Luchun_F3,3,F,Luchun,,F3_mo31_01,246.018,690.439,444.421,5,o31,Vowel,o,Lax,Oral,31.0,2.0,Mid,31,Unaspirated,Nasal,170.438,170.479,173.049,171.671,447.931,158.701,838.791,52.913,2533.153,733.119,3912.105,245.605,461.929,859.47,3808.055,4012.407,18.252,16.577,16.656,8.021,13.165,5.481,17.717,-6.341,15.6,-2.439,-16.805,0.7,1.596,8.556,3.491,2.54,0.535,22.962,2.653,19.017,35.057,15.877,2.809,39.674,44.625,49.915,49.842,23.462,0.0,low,0.441,0.396,0.513,0.285,-226.254,468.276,592.314,466.601,0.605,1.112,0.28,Luchun-Lax,0.544064748201439,6784752369820143749
Luchun_F3,3,F,Luchun,,F3_mo31_02,172.96,572.299,399.339,5,o31,Vowel,o,Lax,Oral,31.0,2.0,Mid,31,Unaspirated,Nasal,161.981,162.119,164.184,162.824,382.043,317.726,843.819,103.795,2756.764,515.037,4142.049,271.284,621.974,2317.865,3862.413,4214.594,16.128,14.151,15.193,3.81,12.342,9.291,9.73,-11.448,12.614,-1.913,-18.794,4.539,0.935,10.341,2.851,-5.481,6.399,25.636,3.515,16.065,34.922,9.613,1.365,40.668,44.047,49.967,49.92,23.786,0.0,low,0.445,0.391,0.459,0.295,-313.812,373.375,779.603,371.547,1.133,1.571,0.549,Luchun-Lax,0.721196690006365,-1342790083519371136
Luchun_F3,3,F,Luchun,,F3_na_31_01,283.855,656.875,373.02,5,a_31,Vowel,a,Tense,Oral,31.0,2.0,Mid,31,Unaspirated,Nasal,166.456,166.591,168.74,166.866,1163.619,134.357,1607.522,209.502,2914.788,550.629,3273.631,440.823,1139.898,1550.694,3148.185,4476.038,13.116,12.833,14.119,12.955,11.753,6.49,23.839,-10.674,16.415,-14.356,0.891,-6.953,-1.002,-0.122,2.366,6.465,-10.723,23.581,-3.298,27.189,12.226,19.786,5.352,38.968,30.481,28.324,26.487,24.363,0.0,low,0.549,0.456,0.559,0.254,-337.521,470.528,1103.129,468.999,0.823,2.575,0.321,Luchun-Tense,0.319611650485437,-7204153616576948387
Luchun_F3,3,F,Luchun,,F3_na_31_02,277.499,652.966,375.467,5,a_31,Vowel,a,Tense,Oral,31.0,2.0,Mid,31,Unaspirated,Nasal,173.25,173.313,173.91,172.803,1071.279,204.566,1661.184,212.332,3021.142,233.177,4309.454,821.897,1022.896,1606.894,3041.086,4551.019,14.957,14.626,13.095,11.725,11.592,5.133,19.917,-12.029,13.138,-13.683,-2.261,-8.074,1.862,2.901,1.503,6.592,-4.96,26.698,1.819,28.309,17.218,22.7,4.077,42.238,35.528,31.741,29.766,23.629,0.865,low,0.486,0.424,0.478,0.4,-513.347,467.073,1305.005,464.76,1.467,1.93,0.761,Luchun-Tense,0.760103626943005,-7404177231872752240
Luchun_F3,3,F,Luchun,,F3_na_33_01,325.189,759.397,434.208,5,a_33,Vowel,a,Tense,Oral,33.0,1.0,Mid,33,Unaspirated,Nasal,199.775,199.812,199.509,199.177,1103.422,234.33,1519.863,156.189,3067.189,244.81,3934.046,499.971,1026.384,1473.048,3153.532,4058.561,19.025,18.58,16.428,14.574,22.255,13.011,26.387,-7.096,24.469,-5.601,3.95,1.292,2.596,4.007,-5.827,1.563,-7.363,25.799,-5.445,24.182,15.074,17.288,20.09,48.606,38.547,36.301,32.63,25.631,0.822,mid,0.526,0.461,0.543,0.343,-726.265,542.95,1855.271,541.23,1.014,1.699,0.597,Luchun-Tense,0.596821659799882,-3398137562656508152
Luchun_F3,3,F,Luchun,,F3_na_33_02,247.404,701.373,453.969,5,a_33,Vowel,a,Tense,Oral,33.0,1.0,Mid,33,Unaspirated,Nasal,195.619,195.557,196.215,195.797,1065.81,224.166,1521.308,235.282,3196.327,275.602,3925.697,1287.963,992.679,1449.158,3242.995,4404.183,18.845,18.395,15.705,13.824,19.613,10.132,22.32,-10.372,17.228,-11.759,1.013,1.194,3.139,4.57,-3.908,3.692,-3.476,28.894,1.617,30.154,17.832,17.201,8.28,46.041,37.59,36.245,33.219,24.366,0.822,mid,0.569,0.503,0.529,0.471,-581.027,475.985,1007.051,473.577,1.326,1.742,0.762,Luchun-Tense,0.761194029850746,439733563060521943
Luchun_F3,3,F,Luchun,,F3_na31_01,231.899,712.828,480.929,5,a31,Vowel,a,Lax,Oral,31.0,2.0,Mid,31,Unaspirated,Nasal,192.891,193.279,196.488,194.215,970.001,199.196,1486.342,237.813,2945.682,300.179,4256.295,667.494,1000.931,1475.953,3187.716,4590.57,20.694,20.178,18.91,16.728,25.463,13.513,27.595,-3.217,20.846,-5.517,3.921,2.417,1.785,3.449,-6.553,3.215,-6.901,23.453,-0.152,25.695,16.773,17.76,19.512,40.346,30.989,30.323,27.974,24.842,0.557,low,0.45,0.39,0.469,0.253,-608.186,473.054,1457.945,471.743,0.984,1.671,0.589,Luchun-Lax,0.58886894075404,272831063792400920
Luchun_F3,3,F,Luchun,,F3_na31_02,223.663,600.759,377.096,5,a31,Vowel,a,Lax,Oral,31.0,2.0,Mid,31,Unaspirated,Nasal,176.162,176.149,178.801,176.394,1003.451,266.659,1626.977,249.86,2983.732,386.544,3815.893,762.012,1052.667,1701.699,3426.104,5407.359,19.288,18.905,17.801,16.206,19.305,11.458,22.721,-8.289,15.431,-10.289,-0.466,-3.741,1.486,2.698,-1.504,4.748,-3.433,27.238,3.857,29.193,19.754,22.646,7.67,37.894,32.443,29.844,27.552,24.893,0.82,low,0.448,0.369,0.424,0.207,-586.798,413.06,1280.131,411.881,1.272,1.672,0.763,Luchun-Lax,0.760765550239235,-2187829910898011426
Luchun_F3,3,F,Luchun,,F3_na33_01,215.318,596.525,381.207,5,a33,Vowel,a,Lax,Oral,33.0,1.0,Mid,33,Unaspirated,Nasal,222.613,222.579,222.71,222.363,366.316,497.038,1093.248,147.959,1671.54,219.275,2982.049,292.41,1076.4,1613.213,3178.199,5080.066,21.126,16.984,16.826,8.42,19.784,23.765,12.954,-5.056,24.794,15.926,15.653,14.939,4.3,8.564,-2.958,-15.345,8.172,22.042,-3.668,1.059,5.473,2.046,10.181,43.188,33.844,33.272,30.827,25.33,0.0,mid,0.478,0.423,0.503,0.258,-828.026,406.406,1645.52,405.247,0.945,1.308,0.723,Luchun-Lax,0.722477064220183,2105185461333599410
Luchun_F3,3,F,Luchun,,F3_na33_02,188.356,566.036,377.68,5,a33,Vowel,a,Lax,Oral,33.0,1.0,Mid,33,Unaspirated,Nasal,223.228,223.322,223.744,224.195,359.103,492.253,1080.26,134.082,1656.918,201.334,3090.694,271.917,1069.841,1566.567,3360.248,4681.283,19.612,15.212,15.162,8.034,19.072,23.039,9.503,-8.082,23.082,14.522,14.67,13.951,4.45,7.178,-3.91,-15.006,10.108,23.295,-3.47,0.689,4.942,1.26,7.002,53.179,43.252,41.058,37.485,26.555,0.0,mid,0.481,0.432,0.521,0.251,-777.022,377.674,1621.267,376.549,0.851,1.377,0.619,Luchun-Lax,0.618010167029775,-2485827334451768302
Luchun_F3,3,F,Luchun,,F3_na55_01,179.569,667.451,487.882,5,a55,Vowel,a,Lax,Oral,55.0,1.0,High,55,Unaspirated,Nasal,236.777,236.863,237.422,237.439,970.586,355.832,1513.858,217.981,3284.83,138.292,4249.894,451.774,1039.685,1463.941,3391.855,4752.763,21.027,20.271,15.927,12.649,24.09,-2.089,24.09,-6.015,22.78,-2.985,7.365,11.027,5.099,7.622,-8.163,14.738,-3.063,26.404,-1.753,23.256,13.662,9.244,14.337,48.662,40.014,38.765,36.209,26.93,0.0,high,0.508,0.458,0.573,0.267,-796.786,423.833,1763.144,422.703,0.705,1.363,0.516,Luchun-Lax,0.517241379310345,-4705670855625369146
Luchun_F3,3,F,Luchun,,F3_na55_02,176.755,598.931,422.176,5,a55,Vowel,a,Lax,Oral,55.0,1.0,High,55,Unaspirated,Nasal,230.775,230.558,230.985,230.914,1027.645,310.969,1584.138,281.257,3211.394,161.085,4232.291,691.409,995.667,1512.562,3311.289,4962.851,19.975,19.33,15.598,12.837,23.244,5.611,23.105,-7.524,16.658,-9.369,4.676,5.092,4.377,6.493,-7.646,7.226,-3.129,26.944,3.318,28.699,15.299,14.239,11.002,50.368,42.641,41.961,41.116,28.088,0.0,high,0.484,0.432,0.536,0.263,-842.05,388.222,1775.585,387.083,0.727,1.316,0.552,Luchun-Lax,0.552431610942249,-565613481637401656
Luchun_F3,3,F,Luchun,,F3_nga_31_01,222.942,556.058,333.116,5,a_31,Vowel,a,Tense,Oral,31.0,2.0,Mid,31,Unaspirated,Nasal,170.065,170.194,171.439,170.127,1104.643,179.119,1584.629,157.098,3252.588,453.563,3790.223,707.949,1080.048,1559.218,3388.511,4161.209,14.951,14.626,10.318,8.975,13.232,6.982,24.576,-8.558,21.386,-7.703,-1.629,-2.837,4.633,5.651,-2.914,1.993,-9.625,23.281,-6.435,22.329,16.581,17.463,10.655,46.947,36.139,33.967,32.759,27.25,0.071,low,0.506,0.438,0.532,0.3,-251.894,390.091,754.275,388.324,0.914,2.191,0.417,Luchun-Tense,0.417161113646737,-4146513343781080260
Luchun_F3,3,F,Luchun,,F3_nga31_01,140.982,604.827,463.845,5,a31,Vowel,a,Lax,Oral,31.0,2.0,Mid,31,Unaspirated,Nasal,180.214,180.792,184.101,181.404,1034.959,176.821,1535.333,358.839,3144.737,265.867,4264.631,685.546,1063.849,1369.538,3338.39,4738.765,18.879,18.479,16.132,14.467,18.006,9.85,22.399,-9.811,12.472,-15.56,-0.328,-1.319,2.747,4.011,-1.874,4.617,-3.52,28.375,6.407,34.039,19.206,19.798,6.194,41.227,35.9,35.211,33.138,26.158,0.823,low,0.422,0.387,0.464,0.347,-304.911,373.758,756.703,371.83,0.788,1.658,0.475,Luchun-Lax,0.475271411338963,3907059977114671992
Luchun_F3,3,F,Luchun,,F3_nga31_02,228.458,645.748,417.29,5,a31,Vowel,a,Lax,Oral,31.0,2.0,Mid,31,Unaspirated,Nasal,174.708,174.858,178.208,175.125,1012.139,153.017,1494.488,231.558,3292.241,314.802,4372.612,975.242,999.53,1435.321,3368.14,4849.541,17.526,17.131,14.961,13.321,17.452,9.452,24.393,-7.818,16.135,-12.1,0.109,1.994,2.565,3.811,-2.491,3.868,-6.867,25.058,1.391,29.232,17.416,15.137,7.381,43.207,36.586,36.782,34.504,26.824,0.806,low,0.465,0.4,0.49,0.287,-404.822,437.774,1130.504,436.123,1.142,1.945,0.586,Luchun-Lax,0.587146529562982,-5546127148701509454
Luchun_F3,3,F,Luchun,,F3_sa31_02,248.16,601.216,353.056,5,a31,Vowel,a,Lax,Oral,31.0,2.0,Mid,31,Unaspirated,Oral,159.094,159.095,161.149,159.296,958.863,409.437,1778.563,488.916,3371.12,582.897,4379.494,448.314,767.705,1569.303,3260.172,4406.844,13.331,12.99,10.586,9.167,6.382,-0.559,6.711,-22.871,-4.495,-27.161,-17.326,-16.822,2.745,3.823,4.204,9.726,6.62,35.893,17.826,40.152,30.657,29.812,0.53,35.539,33.548,34.955,36.423,22.274,0.0,low,0.481,0.405,0.478,0.317,-292.06,425.542,690.297,423.548,1.39,2.143,0.648,Luchun-Lax,0.648623425104993,1057469973999068461
Luchun_F3,3,F,Luchun,,F3_se_31_01,230.953,597.732,366.779,5,e_31,Vowel,e,Tense,Oral,31.0,2.0,Mid,31,Unaspirated,Oral,176.959,177.033,178.78,177.634,708.883,96.966,2362.691,418.202,3017.696,474.911,4124.768,837.712,700.692,2544.023,3306.593,4493.373,18.429,17.81,17.48,14.748,23.982,-0.672,23.981,-0.838,4.958,-4.555,3.452,-5.319,0.949,3.062,-6.502,15.42,-5.552,18.65,13.471,22.365,14.977,23.129,5.825,29.514,32.709,31.614,27.332,23.472,0.748,low,0.53,0.465,0.559,0.446,-313.47,415.344,954.711,412.82,0.778,1.311,0.243,Luchun-Tense,0.593440122044241,-3842866309477240913
Luchun_F3,3,F,Luchun,,F3_se31_01,267.569,579.114,311.545,5,e31,Vowel,e,Lax,Oral,31.0,2.0,Mid,31,Unaspirated,Oral,196.705,197.056,202.334,199.241,578.436,86.229,2383.543,345.714,3182.915,360.506,4059.077,503.089,594.311,2434.142,3301.575,4371.364,20.197,19.033,25.138,19.308,16.009,13.912,29.52,6.964,4.442,-0.567,3.638,2.054,-4.941,-0.275,9.128,5.396,-9.324,12.071,15.755,19.6,16.558,16.98,18.501,35.963,35.697,35.298,31.77,25.842,0.0,low,0.499,0.418,0.568,0.218,-400.42,423.263,1190.482,422.15,0.559,1.435,0.202,Luchun-Lax,0.389547038327526,-1301440121598537144
Luchun_F3,3,F,Luchun,,F3_si_31_01,223.678,537.437,313.759,5,i_31,Vowel,i,Tense,Oral,31.0,2.0,Mid,31,Unaspirated,Oral,196.065,199.818,203.853,201.107,357.794,121.114,3191.96,202.354,3569.449,531.465,3995.663,425.348,785.118,3319.562,3978.22,4785.097,20.334,16.35,18.003,11.668,-0.218,12.512,12.484,-4.957,21.733,30.257,17.779,17.043,2.331,4.683,18.22,-0.845,7.85,21.307,-1.4,-13.907,2.555,-0.693,1.995,44.177,51.758,52.205,45.174,28.223,0.365,low,0.616,0.575,0.703,0.502,-431.815,381.1,1068.39,378.595,0.547,1.265,0.198,Luchun-Tense,0.432411067193676,-8652338460682263074
Luchun_F3,3,F,Luchun,,F3_si_31_02,282.439,549.845,267.406,5,i_31,Vowel,i,Tense,Oral,31.0,2.0,Mid,31,Unaspirated,Oral,198.992,199.07,203.273,184.769,359.029,82.459,2949.033,270.96,3507.115,448.971,4277.453,480.434,383.928,2950.305,3543.059,4461.847,15.648,12.395,16.001,5.067,-4.667,6.567,15.76,-1.082,2.971,11.645,0.536,3.088,-0.353,7.328,20.668,-1.5,-0.111,13.477,12.677,0.75,15.112,9.307,1.581,9.689,24.416,29.277,25.774,17.805,0.547,low,0.546,0.489,0.64,0.266,-592.129,415.488,1505.521,414.161,0.668,2.139,0.399,Luchun-Tense,0.312295465170641,-734219767326590352
Luchun_F3,3,F,Luchun,,F3_si_33_01,243.335,610.227,366.892,5,i_33,Vowel,i,Tense,Oral,33.0,1.0,Mid,33,Unaspirated,Oral,225.303,225.262,227.04,226.537,423.096,133.872,2828.4,207.697,3466.156,308.531,4215.241,256.282,444.394,2826.365,3499.645,4342.827,21.447,18.517,20.378,5.179,0.266,10.12,20.377,1.195,14.885,20.013,12.856,14.295,1.069,13.338,20.112,-4.94,1.07,17.323,6.562,-1.496,8.591,4.222,5.402,46.959,52.999,52.095,43.504,27.607,0.0,mid,0.663,0.622,0.78,0.529,-543.732,427.806,1697.303,425.458,0.441,1.879,0.235,Luchun-Tense,0.234699308142629,-3733174082405146438
Luchun_F3,3,F,Luchun,,F3_si_33_02,308.501,669.531,361.03,5,i_33,Vowel,i,Tense,Oral,33.0,1.0,Mid,33,Unaspirated,Oral,214.98,214.941,216.493,216.86,404.257,76.713,2906.464,357.226,3519.086,481.18,4302.472,239.305,403.438,2876.843,3556.227,4399.581,21.292,18.413,23.902,8.418,2.603,12.466,23.902,5.137,19.259,25.374,14.93,17.525,-2.611,9.995,21.3,-4.048,-2.61,13.277,2.033,-6.961,6.362,0.888,9.697,44.469,52.028,52.812,45.05,29.484,0.82,mid,0.575,0.503,0.721,0.231,-670.501,488.369,2042.652,487.296,0.367,2.218,0.166,Luchun-Tense,0.16546438232642,3451380688250024797
Luchun_F3,3,F,Luchun,,F3_si31_01,222.691,678.363,455.672,5,i31,Vowel,i,Lax,Oral,31.0,2.0,Mid,31,Unaspirated,Oral,190.959,193.15,198.896,194.879,378.688,39.764,2815.109,218.499,3330.081,502.534,4217.85,398.303,388.67,2891.255,3620.493,4668.504,21.047,18.488,26.494,8.417,3.901,12.789,26.493,8.155,6.402,12.456,3.644,2.913,-5.447,10.072,22.593,-4.372,-5.446,10.334,14.645,6.032,17.403,15.575,7.377,29.093,41.983,43.31,36.098,22.216,0.552,low,0.482,0.426,0.503,0.27,-507.658,450.877,1393.197,449.459,1.037,1.111,0.462,Luchun-Lax,0.933393339333933,6051912327465816452
Luchun_F3,3,F,Luchun,,F3_si31_02,221.769,597.698,375.929,5,i31,Vowel,i,Lax,Oral,31.0,2.0,Mid,31,Unaspirated,Oral,179.124,179.171,183.866,181.099,354.94,126.073,2757.016,296.943,3317.354,452.677,4353.553,350.508,390.373,2825.507,3545.04,4826.902,16.994,14.401,19.004,2.258,1.37,10.532,19.003,1.706,-1.084,5.649,-4.531,-1.97,-2.01,12.143,17.634,-8.274,-2.009,12.695,18.077,8.752,21.525,16.371,1.55,33.814,46.664,47.491,40.954,23.746,0.465,low,0.5,0.453,0.517,0.414,-394.538,410.331,1019.985,408.013,0.771,1.237,0.329,Luchun-Lax,0.623282134195635,-7344118153924818276
Luchun_F3,3,F,Luchun,,F3_si33_01,736.81,1009.618,272.808,5,i33,Vowel,i,Lax,Oral,33.0,1.0,Mid,33,Unaspirated,Oral,206.214,206.287,207.525,205.036,396.975,45.194,2749.236,128.976,3270.641,127.067,4433.737,275.357,413.665,2742.384,3288.156,4594.503,21.204,18.452,25.053,8.176,1.087,10.526,25.052,6.454,10.77,16.059,8.75,8.768,-3.849,10.275,23.966,-2.35,-3.848,11.998,10.434,2.392,12.455,9.684,6.71,45.243,54.561,51.982,42.594,27.21,0.689,mid,0.539,0.438,0.631,0.314,-595.188,873.534,1793.917,872.012,0.466,2.073,0.225,Luchun-Lax,0.224794983116257,-1661759258785421831
Luchun_F3,3,F,Luchun,,F3_si33_02,668.37,994.409,326.039,5,i33,Vowel,i,Lax,Oral,33.0,1.0,Mid,33,Unaspirated,Oral,197.656,197.573,198.837,198.19,385.936,24.129,2796.718,147.571,3434.309,251.98,4274.346,258.742,394.384,2830.866,3603.366,4461.394,20.344,17.683,26.387,8.893,0.166,9.4,26.386,8.093,3.403,9.27,-0.123,2.887,-6.043,8.79,26.222,-0.507,-6.042,9.59,16.941,8.413,20.467,14.796,7.131,40.856,52.618,53.42,46.476,25.84,0.516,mid,0.566,0.479,0.625,0.236,-410.848,831.556,1648.925,830.36,0.66,2.498,0.264,Luchun-Lax,0.264211369095276,-1849577844726421222
Luchun_F3,3,F,Luchun,,F3_si55_01,295.601,705.242,409.641,5,i55,Vowel,i,Lax,Oral,55.0,1.0,High,55,Unaspirated,Oral,286.369,286.404,286.604,286.442,309.645,56.087,2841.219,131.374,3525.102,342.578,4412.189,380.243,385.522,2866.839,3618.334,4641.86,26.674,15.23,15.842,22.929,0.791,20.813,26.672,13.905,8.426,20.166,4.423,13.476,10.832,-7.699,15.051,2.116,0.002,1.325,18.249,-4.936,22.251,1.754,9.854,44.333,55.128,56.115,50.719,26.525,0.0,high,0.545,0.519,0.507,0.296,-755.447,499.736,2123.761,498.703,0.394,1.483,0.268,Luchun-Lax,0.265677680377613,8937458730708285658
Luchun_F3,3,F,Luchun,,F3_si55_02,267.882,640.429,372.547,5,i55,Vowel,i,Lax,Oral,55.0,1.0,High,55,Unaspirated,Oral,283.342,283.475,284.559,282.894,321.972,95.58,2373.124,521.324,2856.479,241.904,4485.104,247.735,419.023,2742.616,3395.062,4600.258,25.934,15.186,16.641,22.697,2.398,21.031,25.861,12.508,7.034,14.195,10.046,13.063,9.293,-7.511,14.243,1.666,0.072,2.679,18.899,0.991,15.887,2.123,8.669,43.951,53.007,51.905,47.178,27.606,0.0,high,0.555,0.514,0.487,0.271,-828.373,453.146,2212.039,452.192,0.352,1.395,0.253,Luchun-Lax,0.252329749103943,8265596394028423877
Luchun_F3,3,F,Luchun,,F3_x1a_31_02,184.371,493.521,309.15,5,a_31,Vowel,a,Tense,Oral,31.0,2.0,Mid,31,Unaspirated,Oral,167.932,168.227,170.215,168.494,988.738,181.711,1415.495,531.861,2854.304,316.766,3769.037,941.398,1039.682,1794.261,2977.003,4696.174,14.716,14.332,11.222,9.625,12.348,4.593,21.281,-10.763,11.739,-16.193,0.7,-3.026,3.495,4.707,-1.127,5.032,-6.565,25.157,2.977,30.526,14.016,17.358,3.629,41.295,34.052,32.54,30.0,24.218,0.587,low,0.509,0.454,0.512,0.455,-474.672,340.587,1100.629,337.875,1.254,2.084,0.605,Luchun-Tense,0.60172744721689,-6838074068670683799
Luchun_F3,3,F,Luchun,,F3_xa_33_01,263.278,631.87,368.592,5,a_33,Vowel,a,Tense,Oral,33.0,1.0,Mid,33,Unaspirated,Oral,208.905,208.771,210.517,207.949,1028.766,135.63,1508.057,149.603,2983.984,167.747,4296.555,513.319,1000.473,1463.231,3093.287,4227.377,17.287,16.737,18.903,16.579,25.994,13.129,30.05,-1.648,23.304,-4.437,7.872,5.762,-1.616,0.158,-7.091,3.45,-12.763,18.468,-6.017,21.174,9.415,10.975,28.036,53.462,41.004,39.789,36.065,27.56,0.0,mid,0.562,0.495,0.598,0.388,-551.646,448.82,1623.308,446.963,0.873,1.913,0.456,Luchun-Tense,0.456351280710925,1349530871654140742
Luchun_F3,3,F,Luchun,,F3_xa_33_02,243.469,596.525,353.056,5,a_33,Vowel,a,Tense,Oral,33.0,1.0,Mid,33,Unaspirated,Oral,200.305,200.273,200.83,200.83,993.179,149.497,1611.836,663.712,2942.882,325.591,4339.229,541.847,973.216,1452.832,3015.968,4217.351,15.421,14.919,16.177,14.058,18.042,6.406,22.457,-7.772,8.082,-16.711,0.387,-4.068,-0.757,0.861,-1.865,7.652,-7.036,22.727,7.339,31.629,15.034,18.986,5.073,51.717,44.183,43.153,40.342,26.67,0.0,mid,0.533,0.47,0.558,0.333,-386.767,420.071,1093.214,418.409,0.916,1.968,0.468,Luchun-Tense,0.465447154471545,-3633788164147451326
Luchun_F3,3,F,Luchun,,F3_xa55_01,191.265,702.441,511.176,5,a55,Vowel,a,Lax,Oral,55.0,1.0,High,55,Unaspirated,Oral,239.179,239.264,239.727,239.794,910.644,269.974,1436.362,155.187,2896.925,256.693,4306.584,827.629,1064.836,1388.968,3053.41,4487.303,15.005,14.144,12.634,8.844,21.154,-4.326,21.154,-8.178,19.563,-5.316,2.862,3.224,2.371,5.3,-8.52,13.17,-6.149,22.388,-4.558,19.46,12.143,10.92,6.104,60.389,50.303,48.609,45.183,27.888,0.0,high,0.496,0.453,0.568,0.394,-432.711,447.964,978.767,446.317,0.623,1.376,0.452,Luchun-Lax,0.452761627906977,-3562792685821226939
Luchun_F3,3,F,Luchun,,F3_xa55_02,203.338,613.724,410.386,5,a55,Vowel,a,Lax,Oral,55.0,1.0,High,55,Unaspirated,Oral,233.463,233.531,234.248,233.97,620.496,387.387,1601.417,346.01,3093.143,157.608,4173.418,673.047,991.597,1391.672,3185.361,4764.129,12.144,10.625,10.696,2.719,18.666,16.832,16.806,-6.455,9.778,-3.925,-1.977,5.906,1.448,7.906,-7.97,-14.113,-4.663,17.094,2.366,14.55,14.121,4.719,4.033,55.675,43.556,42.455,40.186,24.961,0.0,high,0.535,0.486,0.652,0.413,-486.061,408.621,1359.825,406.853,0.516,0.607,0.219,Luchun-Lax,0.8500823723229,4317387857795094107
Luchun_F3,3,F,Luchun,,F3_xe=_33_01,165.701,565.372,399.671,5,e=_33,Vowel,ɤ,Tense,Oral,33.0,1.0,Mid,33,Unaspirated,Oral,197.347,197.311,198.451,197.862,557.211,139.523,1417.135,171.783,3102.066,486.291,4395.295,465.795,597.327,1420.099,3247.914,4480.211,18.01,16.671,21.816,15.083,11.725,8.391,24.879,1.63,12.402,-1.796,-8.011,4.084,-3.805,1.588,10.09,6.692,-6.869,15.057,5.608,18.467,26.021,12.587,7.675,52.193,48.965,49.295,45.128,26.933,0.0,mid,0.476,0.424,0.513,0.243,-461.378,365.523,1315.582,364.29,0.728,1.892,0.385,Luchun-Tense,0.384778012684989,-5323533775480497178
Luchun_F3,3,F,Luchun,,F3_xe=_33_02,106.093,485.098,379.005,5,e=_33,Vowel,ɤ,Tense,Oral,33.0,1.0,Mid,33,Unaspirated,Oral,188.561,188.734,188.539,188.818,657.973,283.394,1540.552,292.839,2984.293,227.99,4379.803,289.507,611.192,1482.309,3265.936,4440.75,15.121,14.219,17.875,13.745,12.765,1.045,15.817,-8.966,0.056,-16.121,-10.583,-4.918,-2.754,0.473,5.11,12.7,-0.696,23.197,15.065,30.34,25.704,19.137,2.472,40.094,41.382,45.068,43.883,25.224,0.0,mid,0.501,0.432,0.53,0.221,-324.329,295.467,941.036,294.292,0.848,2.134,0.398,Luchun-Tense,0.397375820056232,-6677275196996770276
Luchun_F3,3,F,Luchun,,F3_xe=33_01,191.581,552.409,360.828,5,e=33,Vowel,ɤ,Lax,Oral,33.0,1.0,Mid,33,Unaspirated,Oral,198.174,198.099,198.834,198.624,593.33,268.194,1430.35,347.197,3078.438,222.583,4387.521,383.336,635.761,1355.525,3206.765,4544.418,16.409,15.147,18.89,12.636,13.772,9.137,18.092,-5.519,3.293,-11.534,-6.936,4.249,-2.481,2.511,5.118,3.499,-1.683,20.683,13.116,26.681,23.346,10.898,2.933,45.041,44.289,46.788,44.162,25.164,0.0,mid,0.457,0.402,0.487,0.27,-486.224,372.816,1155.331,371.45,0.851,1.572,0.542,Luchun-Lax,0.541348600508906,-26497699953527276
Luchun_F3,3,F,Luchun,,F3_xe=33_02,161.258,459.534,298.276,5,e=33,Vowel,ɤ,Lax,Oral,33.0,1.0,Mid,33,Unaspirated,Oral,183.54,183.485,184.207,184.127,370.489,243.027,1648.293,540.314,2896.877,353.268,4521.311,339.103,620.334,1324.577,3041.985,4643.116,15.33,12.793,17.421,-0.591,12.954,20.305,17.42,-0.697,-7.813,-11.988,-12.829,-0.408,-2.091,13.384,4.467,-20.896,-2.09,13.492,23.143,24.781,28.159,13.201,1.853,42.05,44.767,46.859,45.336,24.208,0.0,mid,0.474,0.409,0.503,0.21,-367.231,309.922,925.665,308.779,0.87,0.882,0.304,Luchun-Lax,0.986394557823129,-7931610079531573638
Luchun_F3,3,F,Luchun,,F3_za31_01,208.318,659.452,451.134,5,a31,Vowel,a,Lax,Oral,31.0,2.0,Mid,31,Unaspirated,Oral,165.849,166.045,168.595,166.609,946.166,189.914,1685.732,392.506,3013.687,269.449,4428.696,514.972,915.847,1488.71,3073.718,4697.415,17.263,16.894,13.039,11.497,11.449,3.788,14.713,-15.022,1.824,-21.441,-5.556,-9.252,4.225,5.397,1.59,7.709,2.551,31.939,15.44,38.335,22.819,26.146,1.737,38.187,33.879,34.643,33.657,24.43,0.0,low,0.412,0.375,0.428,0.357,-349.737,434.171,668.422,432.018,1.094,1.553,0.71,Luchun-Lax,0.704443013522215,-3481876264193914176
Luchun_F4,4,F,Luchun,,F4_ba_31_01,235.838,738.886,503.048,5,a_31,Vowel,a,Tense,Oral,31.0,2.0,Mid,31,Unaspirated,Oral,178.433,172.382,180.428,184.713,1051.096,90.068,1766.085,120.648,3030.557,240.928,4296.217,294.066,1138.004,1869.402,3383.734,4502.045,1.898,1.545,4.971,3.506,10.156,3.063,24.908,-6.011,19.205,-5.541,5.618,-0.961,-3.074,-1.961,-5.184,0.442,-23.01,7.585,-17.307,7.086,-3.72,2.506,7.238,49.85,40.335,35.707,33.379,27.804,0.455,low,0.614,0.567,0.671,0.567,-211.007,489.074,704.839,485.89,0.535,0.672,0.137,Luchun-Tense,0.796130952380952,1450522608551656721
Luchun_F4,4,F,Luchun,,F4_ba_31_02,188.061,604.031,415.97,5,a_31,Vowel,a,Tense,Oral,31.0,2.0,Mid,31,Unaspirated,Oral,175.379,171.508,177.294,175.104,1016.087,86.356,1707.547,174.15,3054.703,214.531,4326.563,300.686,1119.285,1829.779,3289.75,4545.251,0.801,0.437,3.849,2.333,9.82,2.421,23.735,-7.014,16.884,-7.963,4.269,-0.381,-3.048,-1.896,-5.971,-0.088,-22.933,7.483,-16.083,8.4,-3.468,0.818,5.307,41.097,29.903,26.283,25.447,24.922,0.532,low,0.583,0.528,0.645,0.509,-198.163,397.305,738.446,394.398,0.515,1.027,0.128,Luchun-Tense,0.501460564751704,-5962622492762450719
Luchun_F4,4,F,Luchun,,F4_ba_33_01,216.675,654.615,437.94,5,a_33,Vowel,a,Tense,Oral,33.0,1.0,Mid,33,Unaspirated,Oral,202.116,202.169,201.709,201.381,1053.739,333.36,1791.911,195.274,3177.889,209.178,4248.653,323.419,1210.27,1811.442,3440.397,4569.811,3.851,3.4,5.063,3.168,12.271,2.252,17.674,-12.464,16.78,-6.884,3.944,0.093,-1.213,0.232,-7.208,0.916,-13.823,15.899,-12.93,10.284,-0.093,3.306,3.7,52.759,42.022,38.756,37.467,29.054,0.776,mid,0.59,0.559,0.657,0.567,-329.446,436.656,897.62,433.849,0.609,1.895,0.324,Luchun-Tense,0.321372031662269,-7218128832813121755
Luchun_F4,4,F,Luchun,,F4_ba_33_02,223.494,623.151,399.657,5,a_33,Vowel,a,Tense,Oral,33.0,1.0,Mid,33,Unaspirated,Oral,189.663,170.94,188.462,188.772,1041.513,226.386,1699.694,180.154,3151.766,221.151,4284.424,356.515,1152.782,1741.981,3339.803,4524.74,2.402,1.994,4.842,3.135,10.324,1.736,18.562,-12.23,15.874,-9.254,3.748,0.563,-2.439,-1.141,-5.482,1.399,-16.16,14.267,-13.471,11.248,-1.346,1.431,2.972,57.868,48.622,46.306,44.081,30.924,0.722,mid,0.597,0.548,0.65,0.575,-249.918,425.026,794.293,421.996,0.673,1.706,0.282,Luchun-Tense,0.394490035169988,-3689272839020249909
Luchun_F4,4,F,Luchun,,F4_ba31_01,209.101,767.684,558.583,5,a31,Vowel,a,Lax,Oral,31.0,2.0,Mid,31,Unaspirated,Oral,181.565,181.392,184.174,181.582,1015.11,153.778,1715.117,218.896,3102.86,258.499,4222.593,374.513,1178.137,1856.295,3348.66,4552.203,3.159,2.764,5.448,3.803,10.293,2.069,18.872,-11.672,15.513,-9.082,4.071,0.295,-2.29,-1.039,-4.845,1.735,-15.713,14.472,-12.354,11.847,-0.912,2.469,2.693,51.05,43.48,40.353,38.295,29.353,0.627,low,0.569,0.537,0.612,0.551,-300.464,489.993,847.914,486.945,0.728,1.494,0.295,Luchun-Lax,0.487282463186078,4716028746233602807
Luchun_F4,4,F,Luchun,,F4_ba31_02,148.345,676.438,528.093,5,a31,Vowel,a,Lax,Oral,31.0,2.0,Mid,31,Unaspirated,Oral,178.903,178.777,180.781,178.828,987.642,173.301,1710.716,182.508,2999.468,260.538,4253.986,402.55,1191.115,1847.797,3254.37,4555.044,3.015,2.619,3.418,1.764,8.296,-0.043,15.633,-14.471,12.761,-11.075,2.102,-2.784,-0.403,0.855,-4.878,1.807,-12.618,17.116,-9.746,13.694,0.913,5.403,1.553,59.402,54.335,51.797,50.322,33.586,0.778,low,0.492,0.456,0.558,0.385,-281.296,413.35,965.744,411.192,0.622,0.922,0.208,Luchun-Lax,0.674620390455531,5310964467987039148
Luchun_F4,4,F,Luchun,,F4_ba33_01,340.688,822.673,481.985,5,a33,Vowel,a,Lax,Oral,33.0,1.0,Mid,33,Unaspirated,Oral,215.339,215.353,216.185,215.935,1013.573,174.375,1678.163,243.567,3165.512,268.588,4281.033,344.006,1241.542,1871.831,3336.549,4563.614,7.607,7.049,7.126,4.756,18.282,4.334,21.266,-8.676,18.298,-5.955,8.246,6.716,0.481,2.294,-11.156,0.422,-13.659,15.776,-10.692,13.004,-0.639,0.333,5.979,59.08,49.34,47.015,45.666,32.36,0.0,mid,0.538,0.518,0.628,0.442,-504.907,582.384,1308.789,580.33,0.721,1.801,0.401,Luchun-Lax,0.400333148250972,-4487958981292380361
Luchun_F4,4,F,Luchun,,F4_ba33_02,187.969,617.685,429.716,5,a33,Vowel,a,Lax,Oral,33.0,1.0,Mid,33,Unaspirated,Oral,191.432,191.668,192.15,191.559,1020.804,287.556,1739.827,289.099,3135.699,223.146,4243.568,291.988,1284.279,1835.315,3348.164,4526.59,4.371,3.94,3.972,2.168,10.236,0.89,12.322,-17.851,12.033,-11.934,2.131,-1.26,0.398,1.773,-6.264,1.278,-7.952,21.827,-7.663,15.874,2.24,5.201,1.31,42.318,34.83,32.688,31.525,29.067,0.656,mid,0.511,0.483,0.57,0.46,-498.658,403.516,1442.537,401.112,0.633,1.461,0.25,Luchun-Lax,0.433264887063655,7843421916474988877
Luchun_F4,4,F,Luchun,,F4_bi_31_01,275.915,806.426,530.511,5,i_31,Vowel,i,Tense,Oral,31.0,2.0,Mid,31,Unaspirated,Oral,222.602,222.491,224.033,223.226,383.934,139.372,2864.477,170.87,3608.438,147.905,4573.851,497.961,190.661,2995.876,3784.652,5053.86,11.787,8.158,8.45,0.126,-8.627,3.3,6.116,-11.446,1.666,8.903,3.923,9.678,3.337,8.032,17.077,-3.174,5.671,19.605,10.12,-0.745,7.864,-1.519,0.476,57.326,67.598,71.459,66.306,31.392,0.0,low,0.535,0.507,0.609,0.41,-401.118,541.612,918.919,539.769,0.68,1.215,0.398,Luchun-Tense,0.559670781893004,-8389442634344529128
Luchun_F4,4,F,Luchun,,F4_bi_31_02,193.245,707.308,514.063,5,i_31,Vowel,i,Tense,Oral,31.0,2.0,Mid,31,Unaspirated,Oral,205.493,205.527,207.02,205.407,404.76,66.102,2826.281,129.719,3677.09,169.909,4550.431,419.256,386.074,2908.293,3880.63,5088.813,6.291,3.642,9.795,-8.236,-10.259,-1.157,9.794,-9.026,-0.467,5.117,-0.971,5.243,-3.504,11.877,20.054,-7.079,-3.503,12.668,6.758,-1.476,7.262,-1.601,0.268,57.404,70.414,72.973,67.103,31.466,0.764,low,0.576,0.522,0.607,0.405,-363.329,450.786,938.651,448.815,0.935,1.213,0.487,Luchun-Tense,0.770816158285243,7341346041865815375
Luchun_F4,4,F,Luchun,,F4_bi31_01,226.434,791.825,565.391,5,i31,Vowel,i,Lax,Oral,31.0,2.0,Mid,31,Unaspirated,Oral,200.569,200.365,202.779,201.58,372.24,72.981,2648.922,259.236,3471.894,172.103,4435.472,431.204,928.606,2997.105,3928.827,4738.165,8.446,5.456,11.187,-2.415,-9.913,0.327,11.176,-6.501,1.179,6.511,2.625,9.52,-2.741,7.871,21.1,-2.742,-2.73,11.957,7.266,-1.055,5.821,-4.064,0.38,52.46,64.711,64.999,58.922,32.108,0.768,low,0.437,0.43,0.484,0.376,-825.844,509.789,1743.185,507.911,1.014,1.674,0.612,Luchun-Lax,0.60573476702509,974937968025004851
Luchun_F4,4,F,Luchun,,F4_bi31_02,110.669,677.689,567.02,5,i31,Vowel,i,Lax,Oral,31.0,2.0,Mid,31,Unaspirated,Oral,196.181,196.027,198.503,197.762,369.344,65.042,2636.937,166.577,3455.086,145.544,4514.965,514.41,1046.377,2997.885,3981.033,4828.046,9.261,6.398,13.22,-1.732,-7.807,2.068,13.219,-4.491,2.919,8.191,3.437,10.036,-3.959,8.129,21.027,-3.8,-3.958,10.889,6.342,-1.793,5.824,-3.639,0.511,43.778,56.342,57.372,52.033,30.233,0.658,low,0.435,0.412,0.465,0.359,-767.403,394.765,1771.235,392.929,1.425,1.728,0.835,Luchun-Lax,0.824652777777778,-4448220252140923085
Luchun_F4,4,F,Luchun,,F4_bja_31_01,387.84,764.088,376.248,5,a_31,Vowel,a,Tense,Oral,31.0,2.0,Mid,31,Unaspirated,Oral,176.949,148.457,180.427,177.607,1028.329,70.091,1998.723,177.56,3025.432,732.569,4353.211,482.602,1128.523,2164.499,3579.658,4554.569,3.714,3.366,6.766,5.315,11.792,4.6,25.568,-3.912,21.838,1.14,11.007,1.457,-3.051,-1.949,-5.026,0.715,-21.854,7.29,-18.123,2.226,-7.293,1.91,12.595,48.227,38.805,32.337,28.921,30.228,0.551,low,0.612,0.55,0.646,0.601,-179.141,577.984,508.586,574.582,0.962,1.503,0.267,Luchun-Tense,0.640053226879574,7209746167610719326
Luchun_F4,4,F,Luchun,,F4_bja_31_02,385.51,697.191,311.681,5,a_31,Vowel,a,Tense,Oral,31.0,2.0,Mid,31,Unaspirated,Oral,173.211,163.537,174.646,173.815,1015.009,240.528,1875.858,104.749,2962.235,429.302,3895.397,388.542,1163.629,1975.657,3688.735,4503.703,2.307,1.956,7.732,6.269,8.858,1.624,19.542,-10.057,19.301,-2.437,6.025,-2.619,-5.425,-4.314,-1.126,4.645,-17.235,12.027,-16.994,4.393,-3.718,4.575,3.882,49.856,43.004,39.764,38.633,32.358,0.71,low,0.582,0.502,0.606,0.533,-172.692,543.151,530.361,540.069,1.014,1.443,0.276,Luchun-Tense,0.702702702702703,-6216163833800849214
Luchun_F4,4,F,Luchun,,F4_bja_33_01,305.09,600.999,295.909,5,a_33,Vowel,a,Tense,Oral,33.0,1.0,Mid,33,Unaspirated,Oral,198.639,198.608,199.537,199.324,957.44,186.51,1873.406,211.718,3298.028,960.288,4064.204,567.421,1145.986,2013.313,3643.901,4534.289,5.562,5.064,6.337,4.224,15.329,2.962,18.522,-9.855,15.936,-4.197,6.252,5.656,-0.775,0.841,-8.992,1.262,-12.961,14.944,-10.374,9.262,-0.691,-0.591,3.371,53.899,46.06,42.671,41.617,32.143,0.467,mid,0.578,0.56,0.634,0.537,-359.8,454.114,876.586,451.422,0.594,1.629,0.363,Luchun-Tense,0.3646408839779,-6072025590345204910
Luchun_F4,4,F,Luchun,,F4_bja_33_02,311.961,642.25,330.289,5,a_33,Vowel,a,Tense,Oral,33.0,1.0,Mid,33,Unaspirated,Oral,193.567,193.595,194.343,193.236,1111.138,304.434,1874.173,157.569,3041.043,327.201,4007.551,389.073,1222.188,1973.389,3523.323,4470.454,2.862,2.492,7.135,5.593,11.495,3.834,16.279,-14.638,14.769,-9.339,4.187,-4.821,-4.273,-3.101,-4.36,1.759,-13.417,17.155,-11.907,11.83,-1.326,7.313,2.033,49.987,43.151,40.001,39.38,32.047,0.445,mid,0.589,0.559,0.629,0.56,-292.79,478.407,738.476,475.519,0.669,1.003,0.303,Luchun-Tense,0.666999002991027,-8414640070583273936
Luchun_F4,4,F,Luchun,,F4_bja31_01,318.272,773.999,455.727,5,a31,Vowel,a,Lax,Oral,31.0,2.0,Mid,31,Unaspirated,Oral,170.254,169.897,172.069,170.376,960.414,152.072,1792.291,185.197,2953.831,380.718,4075.544,456.891,1157.056,2001.23,3461.157,4488.861,4.271,3.904,4.727,3.195,9.146,1.496,18.919,-10.567,14.853,-7.358,4.995,-1.379,-0.456,0.709,-4.419,1.699,-14.648,14.487,-10.581,11.262,-0.724,5.283,2.791,54.541,46.108,42.699,40.67,34.277,0.886,low,0.544,0.49,0.603,0.396,-176.105,546.594,726.283,544.263,0.646,2.678,0.223,Luchun-Lax,0.241224794622853,3365403617233143026
Luchun_F4,4,F,Luchun,,F4_bja33_01,259.83,645.964,386.134,5,a33,Vowel,a,Lax,Oral,33.0,1.0,Mid,33,Unaspirated,Oral,205.362,205.515,206.687,205.846,949.113,153.109,1833.042,220.317,3028.369,450.809,4152.107,392.541,1120.227,2026.556,3417.879,4519.11,7.557,7.019,7.814,5.516,18.195,4.026,19.239,-9.129,16.565,-3.935,5.518,0.266,-0.257,1.503,-10.381,1.49,-11.682,16.165,-9.008,10.954,2.04,6.752,3.858,50.772,43.473,40.144,38.743,31.824,0.749,mid,0.549,0.48,0.518,0.456,-512.111,454.413,1004.218,452.194,1.425,1.774,0.81,Luchun-Lax,0.803269447576099,4391513453966979008
Luchun_F4,4,F,Luchun,,F4_bja33_02,295.911,636.814,340.903,5,a33,Vowel,a,Lax,Oral,33.0,1.0,Mid,33,Unaspirated,Oral,187.822,187.967,188.682,187.911,986.126,328.084,1733.042,278.298,2970.293,386.031,4133.444,357.899,1245.54,1949.498,3416.059,4412.772,6.117,5.68,7.22,5.384,12.019,2.338,13.291,-16.313,12.669,-10.287,2.161,-3.448,-1.103,0.296,-4.799,3.046,-7.174,22.015,-6.553,15.966,3.956,9.128,1.62,55.221,48.886,47.063,46.026,33.505,0.689,mid,0.52,0.507,0.571,0.467,-433.224,467.588,1086.497,465.101,0.892,1.228,0.315,Luchun-Lax,0.726384364820847,5151126408289599532
Luchun_F4,4,F,Luchun,,F4_bu_31_01,314.683,869.238,554.555,5,u_31,Vowel,u,Tense,Oral,31.0,2.0,Mid,31,Unaspirated,Oral,220.489,220.464,222.344,221.712,473.667,85.442,1025.846,142.481,3084.943,91.208,4056.593,220.879,658.508,1019.79,3115.75,4222.995,6.822,4.239,16.612,-1.852,7.84,3.778,16.609,-5.679,6.395,-8.236,-9.674,12.582,-9.79,6.091,8.772,-5.63,-9.787,9.97,0.427,12.475,16.496,-8.343,1.041,59.41,55.308,60.013,58.576,27.927,0.755,low,0.573,0.55,0.634,0.497,-385.532,592.852,836.156,590.594,0.642,0.72,0.29,Luchun-Tense,0.891666666666667,1380946696629700271
Luchun_F4,4,F,Luchun,,F4_bu_31_02,192.587,719.612,527.025,5,u_31,Vowel,u,Tense,Oral,31.0,2.0,Mid,31,Unaspirated,Oral,213.128,213.046,214.564,214.231,481.482,102.097,1007.415,151.809,3007.498,117.697,4082.17,166.368,528.519,906.761,3092.502,4218.233,6.851,4.508,15.408,0.174,7.19,3.268,15.125,-7.524,9.007,-6.164,-9.83,11.191,-8.558,4.334,8.218,-3.094,-8.275,12.081,-2.156,10.672,16.68,-6.683,1.005,60.658,59.079,62.92,62.697,29.119,0.344,low,0.572,0.533,0.621,0.469,-338.401,456.758,835.262,454.552,0.664,1.606,0.326,Luchun-Tense,0.413449564134496,9000301716571461170
Luchun_F4,4,F,Luchun,,F4_bu31_01,312.82,859.578,546.758,5,u31,Vowel,u,Lax,Oral,31.0,2.0,Mid,31,Unaspirated,Oral,182.152,182.006,183.652,182.145,518.058,73.683,1127.714,131.598,2970.453,174.498,4155.505,199.85,878.768,3117.307,4351.889,4421.803,6.043,4.648,11.925,4.959,4.191,-0.574,17.256,-6.309,8.058,-8.012,-8.912,7.262,-5.883,-0.311,7.734,5.533,-11.214,10.986,-2.015,12.66,14.955,-2.614,1.049,51.235,52.805,58.835,58.467,30.229,0.0,low,0.574,0.497,0.622,0.383,-292.355,586.482,1140.65,584.374,0.737,2.695,0.275,Luchun-Lax,0.273469387755102,1015965374686774280
Luchun_F4,4,F,Luchun,,F4_bu31_02,258.964,751.11,492.146,5,u31,Vowel,u,Lax,Oral,31.0,2.0,Mid,31,Unaspirated,Oral,181.246,181.151,183.257,181.027,499.452,110.747,1131.431,185.56,2980.163,159.516,4191.174,230.739,905.678,3084.545,4332.058,5011.236,6.118,4.626,11.395,3.708,2.791,-0.579,13.584,-9.622,5.592,-9.486,-9.886,7.01,-5.277,0.918,8.604,4.287,-7.466,14.274,0.526,14.112,16.004,-2.384,0.701,49.714,51.069,56.238,55.701,29.291,0.0,low,0.573,0.507,0.611,0.529,-432.477,506.493,1575.983,503.565,0.966,2.583,0.379,Luchun-Lax,0.373983739837398,8791531001743881053
Luchun_F4,4,F,Luchun,,F4_cjo_31_01,251.496,813.184,561.688,5,o_31,Vowel,o,Tense,Oral,31.0,2.0,Mid,31,Unaspirated,Oral,214.129,213.956,215.063,215.235,497.631,147.539,847.429,68.912,2914.751,135.975,4052.451,161.232,807.361,3226.746,4201.445,4589.477,6.011,3.639,14.109,-0.099,16.255,-1.834,12.983,-11.288,16.254,-2.63,-12.718,9.727,-8.098,3.738,-2.146,1.735,-6.972,15.049,-10.243,6.269,18.729,-6.088,1.541,58.938,57.366,64.947,65.552,30.94,0.707,low,0.582,0.55,0.647,0.493,-312.459,533.24,813.818,530.935,0.688,0.857,0.257,Luchun-Tense,0.802800466744457,931653393104154424
Luchun_F4,4,F,Luchun,,F4_cjo_31_02,292.154,790.875,498.721,5,o_31,Vowel,o,Tense,Oral,31.0,2.0,Mid,31,Unaspirated,Oral,198.379,198.208,199.561,199.473,499.714,146.525,817.551,169.857,2915.938,104.853,3975.623,179.032,718.947,3154.976,4182.696,4466.395,4.664,2.603,12.852,1.602,11.649,-6.709,6.668,-18.238,11.648,-8.268,-12.31,10.528,-8.188,1.001,1.203,8.31,-2.004,20.983,-6.984,10.871,16.974,-7.925,0.884,55.878,57.062,64.139,63.283,30.572,0.64,low,0.586,0.551,0.641,0.517,-324.004,542.541,972.501,539.933,0.746,2.007,0.374,Luchun-Tense,0.371699053313403,2474106653467474069
Luchun_F4,4,F,Luchun,,F4_cjo31_01,407.259,1011.19,603.931,5,o31,Vowel,o,Lax,Oral,31.0,2.0,Mid,31,Unaspirated,Oral,203.604,203.521,205.023,204.08,563.112,136.238,975.927,100.788,2966.176,185.972,4064.917,123.191,863.484,3080.85,4144.452,4356.588,6.039,4.424,14.775,6.667,15.277,5.554,16.939,-8.204,13.524,-6.47,-4.42,13.462,-8.736,-2.243,-0.502,1.113,-10.9,12.72,-7.485,10.894,10.459,-9.038,1.906,51.821,49.994,57.166,56.116,31.459,0.333,low,0.512,0.486,0.631,0.406,-447.383,709.329,1276.471,707.336,0.56,2.235,0.252,Luchun-Lax,0.250559284116331,766182196090666738
Luchun_F4,4,F,Luchun,,F4_cjo31_02,292.139,794.259,502.12,5,o31,Vowel,o,Lax,Oral,31.0,2.0,Mid,31,Unaspirated,Oral,200.136,199.924,202.318,201.189,541.808,134.356,950.105,110.546,2961.194,138.276,4032.68,159.139,833.117,3058.413,4093.315,,5.609,3.895,14.865,6.065,14.561,4.847,15.091,-9.71,13.322,-6.185,-3.469,15.775,-9.256,-2.169,0.305,1.218,-9.482,13.699,-7.713,10.08,9.078,-11.879,1.643,50.998,50.264,57.606,56.358,31.167,0.349,low,0.502,0.475,0.618,0.41,-441.566,544.076,1324.92,542.021,0.639,2.261,0.284,Luchun-Lax,0.282618310482088,5421051594445826266
Luchun_F4,4,F,Luchun,,F4_de_31_01,186.855,647.841,460.986,5,e_31,Vowel,e,Tense,Oral,31.0,2.0,Mid,31,Unaspirated,Oral,194.017,194.217,195.724,195.329,739.863,90.362,2438.789,103.706,3147.576,249.826,4456.45,546.931,779.944,2497.575,3338.702,4878.761,2.393,1.692,8.114,4.972,18.086,0.009,17.992,-6.712,11.222,2.216,5.42,-2.442,-5.721,-3.28,-9.972,4.963,-15.6,8.407,-8.829,-0.524,-3.027,4.134,2.026,39.522,33.899,33.46,31.169,27.024,0.658,low,0.657,0.63,0.708,0.623,-236.916,418.519,577.357,415.308,0.608,0.807,0.222,Luchun-Tense,0.753407682775712,382352681425930922
Luchun_F4,4,F,Luchun,,F4_de_33_01,205.256,660.953,455.697,5,e_33,Vowel,e,Tense,Oral,33.0,1.0,Mid,33,Unaspirated,Oral,233.48,233.445,233.826,233.722,703.19,68.317,2318.966,108.74,3184.721,271.811,4137.418,1401.28,781.581,2381.928,3341.622,4979.694,8.171,7.058,12.666,7.235,12.783,8.791,22.854,-0.746,18.519,10.09,11.584,8.09,-4.496,-0.177,-0.116,-1.556,-14.683,7.807,-10.348,-3.032,-3.413,-1.032,5.662,62.786,57.938,55.799,53.809,33.939,0.0,mid,0.595,0.572,0.681,0.482,-412.312,433.743,948.439,431.674,0.403,0.921,0.282,Luchun-Tense,0.43756786102063,6820074760315334123
Luchun_F4,4,F,Luchun,,F4_de_33_02,179.569,633.957,454.388,5,e_33,Vowel,e,Tense,Oral,33.0,1.0,Mid,33,Unaspirated,Oral,221.619,221.618,222.147,222.697,690.486,85.49,2298.272,134.33,3200.498,445.572,4727.273,687.63,756.735,2390.913,3434.689,5071.931,8.117,7.078,12.88,7.889,15.331,10.174,22.352,-1.307,13.561,5.023,7.99,5.264,-4.763,-0.811,-2.451,-2.285,-14.235,8.388,-5.444,2.054,0.126,1.813,4.407,65.005,58.832,59.159,56.291,35.507,0.0,mid,0.569,0.556,0.657,0.511,-357.346,407.918,873.449,405.614,0.562,0.714,0.279,Luchun-Tense,0.787114845938375,-568517955201425992
Luchun_F4,4,F,Luchun,,F4_de-_33_01,251.66,695.486,443.826,5,e-_33,Vowel,ø,Tense,Oral,33.0,1.0,Mid,33,Unaspirated,Oral,224.856,224.643,225.723,226.325,481.442,84.527,2390.155,220.386,3033.878,214.183,4159.413,371.049,442.358,2570.377,3305.743,4686.226,9.819,7.557,18.721,1.445,2.672,9.324,18.72,-1.952,9.55,8.702,8.292,7.485,-8.902,6.112,16.048,-7.879,-8.9,9.51,0.269,-1.145,1.527,0.072,1.861,61.26,63.207,62.07,57.289,32.31,0.641,mid,0.587,0.56,0.719,0.44,-394.473,473.908,1197.012,471.951,0.392,1.155,0.166,Luchun-Tense,0.339393939393939,7134048733901303808
Luchun_F4,4,F,Luchun,,F4_de-_33_02,207.771,645.085,437.314,5,e-_33,Vowel,ø,Tense,Oral,33.0,1.0,Mid,33,Unaspirated,Oral,222.327,222.303,223.581,223.104,461.653,52.977,2364.304,223.3,3047.239,165.455,4237.605,416.51,482.585,2620.909,3309.957,4910.616,9.331,6.951,19.64,0.711,1.706,8.929,19.639,-0.747,5.272,4.745,6.102,6.624,-10.309,6.24,17.934,-8.218,-10.308,7.698,4.059,2.206,3.229,0.327,1.764,66.564,68.695,67.577,62.023,32.569,0.491,mid,0.564,0.545,0.64,0.494,-411.752,427.15,940.641,424.929,0.598,1.203,0.326,Luchun-Tense,0.497090606816293,-3512629493138401274
Luchun_F4,4,F,Luchun,,F4_de-33_01,204.948,716.003,511.055,5,e-33,Vowel,ø,Lax,Oral,33.0,1.0,Mid,33,Unaspirated,Oral,235.673,235.734,236.24,236.797,505.86,71.742,2384.61,144.401,3045.863,144.753,4288.27,448.172,511.409,2633.423,3253.027,4806.654,9.977,7.757,20.018,3.514,2.079,8.342,20.017,-0.701,10.861,9.257,12.458,11.241,-10.041,4.244,17.939,-4.829,-10.04,8.459,-0.884,-1.499,-2.481,-3.484,2.71,63.026,65.752,63.802,59.295,32.314,0.605,mid,0.571,0.569,0.704,0.503,-431.864,461.118,980.212,458.984,0.471,0.933,0.222,Luchun-Lax,0.504823151125402,8183108686415550929
Luchun_F4,4,F,Luchun,,F4_de-33_02,274.512,803.749,529.237,5,e-33,Vowel,ø,Lax,Oral,33.0,1.0,Mid,33,Unaspirated,Oral,220.081,220.106,220.868,219.815,454.715,48.679,2392.115,114.543,3064.765,82.618,4170.924,272.328,1692.538,3010.287,4261.395,4884.993,8.357,5.971,19.041,0.019,1.725,9.082,19.04,-1.231,9.418,9.445,9.964,10.56,-10.684,5.952,17.316,-9.063,-10.683,7.202,-1.061,-3.474,-1.607,-4.589,1.821,64.017,67.468,68.415,64.262,34.353,0.467,mid,0.578,0.56,0.664,0.521,-409.812,539.889,1052.86,537.524,0.58,1.236,0.304,Luchun-Lax,0.469255663430421,83499128168704311
Luchun_F4,4,F,Luchun,,F4_de31_01,350.737,976.661,625.924,5,e31,Vowel,e,Lax,Oral,31.0,2.0,Mid,31,Unaspirated,Oral,196.603,196.828,200.221,281.435,763.354,67.647,2178.489,221.347,3077.252,330.57,4324.588,469.233,844.241,2369.22,3311.727,4816.353,7.221,6.533,10.377,7.316,21.065,-0.076,21.062,-4.188,14.512,2.367,10.279,4.827,-3.155,-0.783,-10.688,7.392,-13.841,10.726,-7.29,4.166,-3.058,1.706,3.994,50.846,46.222,42.687,39.041,31.228,0.504,low,0.593,0.549,0.663,0.451,-342.202,664.308,1097.573,662.012,0.523,1.161,0.207,Luchun-Lax,0.450473729543497,569503024585298923
Luchun_F4,4,F,Luchun,,F4_de31_02,219.457,894.323,674.866,5,e31,Vowel,e,Lax,Oral,31.0,2.0,Mid,31,Unaspirated,Oral,194.798,194.722,197.565,196.148,749.805,92.825,2221.437,207.546,3133.786,289.745,4279.858,967.772,832.163,2385.83,3308.03,4903.521,7.59,6.9,9.718,6.646,18.058,-2.281,18.057,-7.043,12.603,1.079,9.001,4.273,-2.128,0.254,-8.34,8.927,-10.467,13.947,-5.013,5.821,-1.411,2.627,2.233,54.08,51.015,48.048,44.264,33.121,0.66,low,0.546,0.501,0.617,0.472,-386.993,557.787,1302.163,555.363,0.407,1.498,0.176,Luchun-Lax,0.271695594125501,-8249269925214430831
Luchun_F4,4,F,Luchun,,F4_de33_01,254.014,810.482,556.468,5,e33,Vowel,e,Lax,Oral,33.0,1.0,Mid,33,Unaspirated,Oral,231.355,231.415,231.722,231.796,777.246,159.742,2227.975,223.285,3099.075,396.479,4373.004,803.174,883.172,2380.309,3344.087,4803.966,10.998,10.073,13.982,9.682,18.696,9.852,20.706,-3.929,15.43,4.23,12.152,6.763,-2.984,0.39,-4.714,-0.17,-9.708,14.006,-4.432,5.843,-1.154,3.31,5.675,54.29,48.166,45.526,43.79,33.49,0.0,mid,0.538,0.532,0.591,0.485,-583.516,533.579,1117.612,531.481,1.037,1.569,0.663,Luchun-Lax,0.660930528999363,-6808552011225461609
Luchun_F4,4,F,Luchun,,F4_de33_02,225.572,739.34,513.768,5,e33,Vowel,e,Lax,Oral,33.0,1.0,Mid,33,Unaspirated,Oral,224.497,224.47,224.604,225.177,780.988,161.865,2232.995,205.466,3177.131,394.52,4457.617,674.81,877.749,2342.836,3379.309,4840.743,11.373,10.514,13.783,9.84,17.913,7.064,17.572,-7.239,16.115,4.758,10.308,6.124,-2.41,0.674,-4.13,2.776,-6.199,17.758,-4.742,5.756,1.065,4.39,4.476,51.932,45.707,43.943,40.695,32.612,0.0,mid,0.553,0.532,0.584,0.494,-615.127,483.313,1144.941,481.112,1.162,1.278,0.645,Luchun-Lax,0.90923317683881,3571132447476299911
Luchun_F4,4,F,Luchun,,F4_do_31_01,192.364,749.644,557.28,5,o_31,Vowel,o,Tense,Oral,31.0,2.0,Mid,31,Unaspirated,Oral,218.501,218.244,219.991,219.687,614.23,143.285,929.135,223.155,3011.04,154.07,3944.484,381.868,739.656,1862.82,3544.296,4058.752,7.196,5.489,13.987,5.486,14.367,-4.097,18.893,-7.819,14.366,-8.587,-6.858,11.491,-6.791,0.003,-0.38,9.582,-11.698,13.508,-7.17,14.075,14.054,-6.002,2.102,61.735,57.178,64.49,62.625,31.384,0.0,low,0.584,0.566,0.662,0.514,-414.549,471.819,987.539,469.461,0.621,0.989,0.269,Luchun-Tense,0.627906976744186,-4532227970746942870
Luchun_F4,4,F,Luchun,,F4_do_31_02,261.708,755.837,494.129,5,o_31,Vowel,o,Tense,Oral,31.0,2.0,Mid,31,Unaspirated,Oral,207.599,207.591,209.277,208.633,599.484,72.841,995.16,142.673,2918.154,103.887,3767.053,298.019,798.745,3079.136,4060.732,4499.434,4.283,2.762,12.163,4.721,12.338,0.952,19.263,-6.647,10.684,-10.571,-4.307,11.735,-7.88,-1.959,-0.175,3.769,-14.98,9.512,-6.402,13.333,8.59,-8.973,1.955,60.586,57.701,63.929,62.835,30.858,0.0,low,0.567,0.558,0.643,0.511,-428.412,509.943,1031.983,507.48,0.623,1.676,0.373,Luchun-Tense,0.371718377088306,-8053642721941832877
Luchun_F4,4,F,Luchun,,F4_do_33_01,110.684,563.176,452.492,5,o_33,Vowel,o,Tense,Oral,33.0,1.0,Mid,33,Unaspirated,Oral,232.006,231.954,232.874,232.691,492.432,90.736,931.879,44.312,2980.114,158.541,3930.494,98.908,893.89,3055.268,3998.414,4301.13,9.391,6.649,20.528,1.034,20.775,3.977,20.527,-2.62,20.775,4.001,-3.872,18.185,-11.137,5.616,-0.247,-2.944,-11.136,9.355,-11.384,2.648,13.262,-11.535,4.327,58.052,54.164,59.319,59.603,31.368,0.462,mid,0.599,0.506,0.747,0.395,-561.377,337.354,1857.621,335.65,0.486,2.258,0.215,Luchun-Tense,0.215234720992028,-4349048664640533425
Luchun_F4,4,F,Luchun,,F4_do_33_02,111.064,635.448,524.384,5,o_33,Vowel,o,Tense,Oral,33.0,1.0,Mid,33,Unaspirated,Oral,217.444,217.328,218.039,219.071,573.364,140.131,1002.843,166.607,2877.969,246.402,3906.757,122.693,803.113,3090.117,3976.185,4270.216,8.344,6.552,16.395,7.02,12.568,3.089,14.139,-10.641,9.311,-10.113,-6.982,9.234,-8.051,-0.468,3.828,3.931,-5.795,17.269,-0.966,16.665,15.327,-2.682,1.781,64.172,60.875,69.682,68.85,32.116,0.218,mid,0.567,0.531,0.648,0.47,-437.845,374.128,1251.399,371.963,0.636,1.966,0.327,Luchun-Tense,0.323499491353001,-7924241428084625418
Luchun_F4,4,F,Luchun,,F4_do+_31_01,307.536,786.919,479.383,5,o+31,Vowel,ɔ,Tense,Oral,31.0,2.0,Mid,31,Unaspirated,Oral,188.043,188.463,190.479,236.507,780.459,81.446,1137.057,72.316,3076.066,137.744,3918.55,163.325,1031.096,3252.324,4093.693,4107.579,3.563,2.784,7.712,4.323,23.968,-3.011,23.966,-5.74,23.219,-3.067,4.341,14.404,-4.148,-1.54,-16.256,7.335,-20.403,8.673,-19.655,5.851,-0.778,-11.621,7.735,52.238,40.425,44.804,42.768,28.525,0.467,low,0.606,0.574,0.663,0.587,-289.599,548.448,856.203,545.329,0.593,1.406,0.209,Luchun-Tense,0.42176386913229,-4297117654601808239
Luchun_F4,4,F,Luchun,,F4_do+_31_02,239.666,718.798,479.132,5,o+_31,Vowel,ɔ,Tense,Oral,31.0,2.0,Mid,31,Unaspirated,Oral,194.319,194.601,195.657,392.471,766.205,54.455,1169.151,65.46,3105.183,130.812,3750.925,396.799,1014.643,1087.01,3308.142,4699.221,5.753,4.924,9.288,5.656,25.999,-2.182,25.998,-2.944,23.06,-2.05,4.345,14.763,-3.535,-0.733,-16.712,7.839,-20.246,7.994,-17.308,6.974,1.408,-9.84,9.123,55.881,46.254,51.951,51.587,31.923,0.33,low,0.57,0.512,0.629,0.431,-298.268,479.587,955.251,477.366,0.666,2.128,0.314,Luchun-Tense,0.31296992481203,4236830800180935220
Luchun_F4,4,F,Luchun,,F4_do+_33_01,337.325,818.45,481.125,5,o+_33,Vowel,ɔ,Tense,Oral,33.0,1.0,Mid,33,Unaspirated,Oral,224.062,224.025,224.061,224.819,842.834,211.026,1312.757,105.354,3079.575,251.166,4156.228,305.946,998.451,1202.0,3190.269,4266.783,10.594,9.69,12.202,8.205,22.44,0.111,22.439,-6.449,23.425,-1.308,9.226,15.744,-1.609,1.486,-10.237,8.094,-11.845,16.24,-12.832,10.998,1.368,-6.054,10.495,54.399,43.027,47.837,46.912,32.527,0.0,mid,0.474,0.46,0.526,0.391,-634.599,578.951,1238.425,577.207,1.171,1.551,0.757,Luchun-Tense,0.754996776273372,-5351766292262220600
Luchun_F4,4,F,Luchun,,F4_do+_33_02,222.021,716.765,494.744,5,o+_33,Vowel,ɔ,Tense,Oral,33.0,1.0,Mid,33,Unaspirated,Oral,209.838,209.969,210.428,206.198,793.23,142.414,1255.892,53.983,3065.343,246.016,4088.616,301.282,1178.396,3200.135,4217.487,4522.055,7.315,6.429,10.602,6.683,22.123,-0.341,22.122,-6.371,24.351,0.109,6.59,14.627,-3.287,-0.254,-11.521,7.024,-14.808,12.894,-17.036,6.32,0.724,-8.198,8.71,58.882,49.122,53.388,53.389,33.943,0.524,mid,0.501,0.501,0.593,0.445,-592.597,469.727,1354.455,467.608,0.698,1.897,0.369,Luchun-Tense,0.367949393779652,-2546703312399027844
Luchun_F4,4,F,Luchun,,F4_do+31_01,315.302,926.462,611.16,5,o+31,Vowel,ɔ,Lax,Oral,31.0,2.0,Mid,31,Unaspirated,Oral,192.211,192.249,195.379,239.898,737.027,148.595,1167.047,63.778,2976.867,183.326,3976.804,220.841,1091.39,3053.722,4047.05,4377.005,4.568,3.697,6.793,2.944,18.424,-4.807,18.423,-9.795,20.011,-3.968,2.469,11.774,-2.224,0.753,-11.631,7.751,-13.854,13.58,-15.443,7.665,2.1,-8.077,2.974,51.875,43.781,49.046,47.704,31.203,0.462,low,0.518,0.499,0.571,0.468,-501.886,621.53,1241.939,619.083,0.758,1.457,0.34,Luchun-Lax,0.520247083047358,815820161016664190
Luchun_F4,4,F,Luchun,,F4_do+31_02,253.2,926.291,673.091,5,o+31,Vowel,ɔ,Lax,Oral,31.0,2.0,Mid,31,Unaspirated,Oral,183.24,183.176,185.043,183.105,746.694,208.597,1151.194,105.564,3043.222,154.641,4019.434,276.011,1063.72,3100.272,4113.714,4442.207,6.073,5.292,6.165,2.757,17.57,-9.679,17.569,-11.243,19.104,-5.763,1.969,12.166,-0.092,2.534,-11.405,12.436,-11.495,16.642,-13.03,11.054,4.105,-6.875,2.498,45.728,38.657,43.877,42.887,31.717,0.534,low,0.518,0.494,0.579,0.472,-509.625,591.126,1515.328,588.544,0.666,1.814,0.272,Luchun-Lax,0.367144432194046,-7121928554773821442
Luchun_F4,4,F,Luchun,,F4_do+33_01,233.635,756.511,522.876,5,o+33,Vowel,ɔ,Lax,Oral,33.0,1.0,Mid,33,Unaspirated,Oral,237.299,237.298,237.182,237.966,803.055,142.767,1347.411,238.802,3054.575,131.758,4121.38,408.771,1091.23,1266.984,3145.221,4209.836,9.995,8.919,13.087,8.178,23.931,9.982,23.314,-4.123,19.463,-3.008,13.016,19.717,-3.092,0.741,-10.844,-1.804,-13.319,13.112,-9.468,11.927,-3.021,-10.798,11.603,57.381,48.158,52.071,51.421,32.661,0.0,mid,0.516,0.504,0.623,0.421,-555.787,496.256,1209.844,494.482,0.847,1.697,0.5,Luchun-Lax,0.499116087212728,4878618472920528133
Luchun_F4,4,F,Luchun,,F4_do+33_02,264.559,777.224,512.665,5,o+33,Vowel,ɔ,Lax,Oral,33.0,1.0,Mid,33,Unaspirated,Oral,223.473,223.392,223.653,224.158,833.463,162.422,1306.88,102.391,3123.692,142.403,4034.783,316.94,1170.728,3214.386,4243.409,4300.461,10.336,9.42,12.51,8.445,23.71,2.5,23.709,-4.986,23.058,-1.408,12.822,20.221,-2.174,0.975,-11.2,5.945,-13.372,14.509,-12.721,10.828,-2.486,-10.8,11.419,54.003,43.497,49.237,48.273,32.439,0.0,mid,0.486,0.488,0.602,0.416,-639.972,521.604,1457.992,519.741,0.58,1.77,0.328,Luchun-Lax,0.327683615819209,876675987062938059
Luchun_F4,4,F,Luchun,,F4_do31_01,152.65,674.105,521.455,5,o31,Vowel,o,Lax,Oral,31.0,2.0,Mid,31,Unaspirated,Oral,209.448,209.212,212.756,211.022,565.774,147.655,988.765,123.937,2896.253,156.222,4031.168,378.747,856.107,3110.762,4124.262,4159.285,7.756,5.997,15.761,6.571,15.445,6.009,14.827,-9.954,13.576,-5.839,-3.439,13.607,-8.005,-0.574,0.316,0.562,-7.071,16.029,-5.819,11.836,11.195,-7.61,2.217,49.754,46.835,53.983,52.711,29.963,0.318,low,0.497,0.47,0.584,0.403,-443.934,414.074,1137.262,412.144,0.679,2.064,0.33,Luchun-Lax,0.328972868217054,-2848276877193304615
Luchun_F4,4,F,Luchun,,F4_do31_02,239.881,828.613,588.732,5,o31,Vowel,o,Lax,Oral,31.0,2.0,Mid,31,Unaspirated,Oral,205.332,205.369,208.408,206.726,583.42,75.516,1017.094,86.475,2942.009,123.447,3826.681,297.779,859.174,3158.431,4205.577,4295.081,7.134,5.588,14.447,6.755,12.838,3.753,20.21,-4.974,15.69,-4.203,-1.809,14.317,-7.313,-1.166,1.609,3.002,-13.076,10.64,-8.556,9.791,8.943,-8.729,2.919,54.036,49.615,55.837,54.411,30.317,0.0,low,0.539,0.487,0.599,0.417,-397.936,534.601,1231.664,532.567,0.732,1.976,0.369,Luchun-Lax,0.370445344129555,-7557307782063443968
Luchun_F4,4,F,Luchun,,F4_do33_01,171.986,639.644,467.658,5,o33,Vowel,o,Lax,Oral,33.0,1.0,Mid,33,Unaspirated,Oral,230.88,230.835,231.746,231.907,494.307,120.639,1071.333,124.139,2962.677,146.187,4086.49,232.347,964.771,3063.936,4150.326,4365.811,10.386,7.812,18.896,0.5,13.627,9.683,18.895,-3.564,11.717,-3.063,0.525,19.669,-8.51,7.312,5.269,-9.183,-8.509,11.417,-1.331,10.875,9.861,-11.858,2.239,59.434,56.437,61.5,61.371,32.721,0.774,mid,0.445,0.444,0.528,0.37,-795.98,406.448,1839.838,404.844,0.971,1.525,0.636,Luchun-Lax,0.63672131147541,-6895343263057362010
Luchun_F4,4,F,Luchun,,F4_do33_02,227.245,731.798,504.553,5,o33,Vowel,o,Lax,Oral,33.0,1.0,Mid,33,Unaspirated,Oral,225.262,225.24,225.961,226.357,476.857,119.98,1057.601,119.546,2958.527,212.494,4032.923,129.835,926.36,3033.352,4060.452,4185.71,9.335,6.719,17.331,-1.756,10.727,7.453,17.33,-4.88,8.067,-6.278,-4.128,15.719,-7.996,8.475,6.605,-9.209,-7.996,11.638,1.267,12.997,13.462,-9.0,1.325,54.558,53.112,60.787,60.375,30.909,0.75,mid,0.484,0.471,0.529,0.438,-1001.32,480.854,1798.564,478.903,1.148,1.413,0.813,Luchun-Lax,0.812455767869781,3981449557134767082
Luchun_F4,4,F,Luchun,,F4_do55_01,138.781,733.142,594.361,5,o55,Vowel,o,Lax,Oral,55.0,1.0,High,55,Unaspirated,Oral,260.842,260.79,261.491,261.524,557.835,115.714,1064.489,169.046,2891.603,167.131,4187.216,207.889,921.935,3010.0,4180.739,4206.072,11.939,9.241,22.025,3.111,17.357,1.104,22.024,-1.239,17.356,0.175,2.465,19.044,-10.086,6.13,4.668,2.007,-10.086,10.544,-5.417,9.066,9.473,-9.803,5.181,62.044,56.35,62.366,61.37,32.066,0.07,high,0.429,0.444,0.539,0.356,-824.659,436.272,1599.838,434.907,0.787,1.222,0.643,Luchun-Lax,0.644026186579378,4855093351710043285
Luchun_F4,4,F,Luchun,,F4_do55_02,189.347,740.7,551.353,5,o55,Vowel,o,Lax,Oral,55.0,1.0,High,55,Unaspirated,Oral,255.89,255.78,256.045,257.515,526.392,91.664,1033.88,89.713,3008.976,144.208,4066.997,227.115,948.478,3082.863,4149.876,4228.182,8.83,5.942,18.366,-3.295,14.936,-1.128,18.365,-4.387,14.935,-1.387,-3.411,16.236,-9.536,9.236,3.43,-2.167,-9.536,10.399,-6.105,7.328,12.241,-10.295,2.125,68.492,63.094,69.273,68.393,31.429,0.524,high,0.401,0.414,0.474,0.333,-893.825,465.971,1321.111,464.667,0.879,0.993,0.883,Luchun-Lax,0.885196374622356,-5785859246912592857
Luchun_F4,4,F,Luchun,,F4_dze_33_01,309.629,705.56,395.931,5,e_33,Vowel,e,Tense,Oral,33.0,1.0,Mid,33,Unaspirated,Oral,213.41,213.269,214.576,214.495,703.595,158.623,2433.658,231.087,3191.777,374.959,4538.498,752.13,805.938,2552.484,3393.756,5011.446,4.929,3.985,9.386,4.93,13.173,6.246,16.729,-7.066,8.197,0.651,7.127,1.877,-4.457,-0.945,-3.787,-1.316,-11.8,11.053,-3.268,3.334,-2.198,2.108,1.636,54.945,49.48,47.669,43.882,31.814,0.0,mid,0.623,0.608,0.689,0.587,-334.619,508.785,794.645,506.027,0.6,0.983,0.332,Luchun-Tense,0.610376398779247,6340399247197124984
Luchun_F4,4,F,Luchun,,F4_dze33_01,206.821,693.966,487.145,5,e33,Vowel,e,Lax,Oral,33.0,1.0,Mid,33,Unaspirated,Oral,197.509,197.422,197.654,197.614,765.547,123.37,2249.531,292.43,3164.804,241.312,4303.993,780.519,854.068,2432.856,3334.1,4931.428,5.518,4.842,7.384,4.381,14.16,-7.568,14.159,-11.041,6.746,-4.777,5.492,0.489,-1.866,0.461,-6.776,11.949,-8.641,15.886,-1.228,9.619,0.026,4.353,0.898,50.846,48.278,46.389,43.369,30.389,0.612,mid,0.54,0.508,0.553,0.485,-493.242,451.896,1073.427,449.436,1.24,1.506,0.63,Luchun-Lax,0.823373173970784,-2237169751072445503
Luchun_F4,4,F,Luchun,,F4_dze33_02,109.25,621.499,512.249,5,e33,Vowel,e,Lax,Oral,33.0,1.0,Mid,33,Unaspirated,Oral,196.019,196.02,196.667,196.208,775.893,116.272,2322.523,406.034,3220.895,293.523,4215.371,846.978,861.962,2511.283,3408.214,4939.243,6.611,5.966,8.468,5.616,15.979,-8.608,15.979,-9.337,7.771,-3.373,6.951,1.56,-1.856,0.35,-7.512,14.224,-9.367,15.307,-1.159,9.339,-0.339,4.406,1.313,55.333,53.286,51.665,48.283,34.502,0.59,mid,0.515,0.492,0.55,0.463,-478.107,366.254,1229.528,363.893,1.022,1.472,0.455,Luchun-Lax,0.69429347826087,3041158602810268999
Luchun_F4,4,F,Luchun,,F4_dzii_31_01,286.847,828.896,542.049,5,ii_31,Vowel,ɿ,Tense,Oral,31.0,2.0,Mid,31,Unaspirated,Oral,222.576,222.651,223.533,224.347,621.972,92.468,1559.798,32.41,3020.873,266.202,4572.219,213.145,1486.255,2970.139,4915.264,5115.751,10.14,8.739,16.329,9.18,3.893,1.055,18.529,-4.92,16.481,2.395,-2.107,5.478,-6.189,-0.441,12.436,8.125,-8.389,13.672,-6.341,6.343,12.247,3.26,2.732,61.801,57.043,58.421,57.401,33.202,0.0,low,0.59,0.563,0.673,0.503,-327.277,558.466,808.689,556.206,0.644,0.795,0.328,Luchun-Tense,0.810062893081761,-4067582452972659019
Luchun_F4,4,F,Luchun,,F4_dzii_31_02,236.414,783.164,546.75,5,ii_31,Vowel,ɿ,Tense,Oral,31.0,2.0,Mid,31,Unaspirated,Oral,227.613,227.652,229.028,228.549,567.632,115.539,1591.046,32.229,3044.005,350.079,4532.795,140.981,1525.959,2957.463,4783.926,5049.232,10.776,9.025,18.734,8.716,3.366,4.024,12.392,-9.968,16.483,4.737,0.012,8.974,-7.958,0.309,15.368,4.692,-1.616,19.002,-5.707,4.288,10.764,0.051,2.934,63.062,61.018,61.555,60.923,32.849,0.25,low,0.58,0.571,0.739,0.496,-480.005,510.522,1182.057,508.342,0.371,1.258,0.213,Luchun-Tense,0.294912559618442,-3637152822563931729
Luchun_F4,4,F,Luchun,,F4_dzii_33_01,441.453,921.851,480.398,5,ii_33,Vowel,ɿ,Tense,Oral,33.0,1.0,Mid,33,Unaspirated,Oral,213.816,213.664,214.514,214.285,424.425,46.515,1307.506,152.35,2983.291,76.353,4547.578,251.316,1088.009,2975.468,4907.586,5304.363,12.481,9.703,21.195,1.291,6.052,10.824,21.194,1.049,8.679,-0.715,-0.326,17.257,-8.714,8.412,15.143,-9.532,-8.713,8.664,3.802,10.418,12.807,-7.554,2.374,52.271,56.534,60.962,61.729,31.91,0.441,mid,0.578,0.548,0.705,0.506,-386.765,682.233,1258.024,679.863,0.484,2.253,0.217,Luchun-Tense,0.214824678206835,-3935754295803202686
Luchun_F4,4,F,Luchun,,F4_dzii_33_02,264.01,764.191,500.181,5,ii_33,Vowel,ɿ,Tense,Oral,33.0,1.0,Mid,33,Unaspirated,Oral,209.179,209.047,210.718,209.566,575.648,103.577,1597.019,125.058,2893.996,126.091,4502.839,221.096,1226.143,2797.718,4741.466,5184.047,9.705,8.253,17.074,9.447,7.633,6.181,16.19,-6.617,8.865,-3.534,2.734,9.511,-7.368,-1.194,9.441,3.266,-6.485,14.878,0.841,11.787,6.971,-1.258,2.137,55.394,55.281,56.55,56.721,32.554,0.137,mid,0.574,0.553,0.645,0.487,-414.069,514.841,996.961,512.512,0.731,1.872,0.392,Luchun-Tense,0.390491452991453,5061602598457314805
Luchun_F4,4,F,Luchun,,F4_dzii31_02,244.664,759.489,514.825,5,ii31,Vowel,ɿ,Lax,Oral,31.0,2.0,Mid,31,Unaspirated,Oral,215.106,215.035,216.997,216.351,564.332,126.154,1496.241,66.317,3013.967,143.515,4508.565,224.747,1349.762,2981.416,4689.549,5286.377,9.931,8.3,17.082,8.1,6.72,6.155,13.223,-9.395,11.824,-0.91,2.754,13.005,-7.151,0.2,10.362,1.945,-3.292,17.707,-1.893,9.21,7.178,-4.705,1.912,52.871,50.13,53.234,52.953,32.293,0.295,low,0.567,0.541,0.61,0.502,-368.444,503.058,812.751,500.718,0.798,0.851,0.408,Luchun-Lax,0.937720329024677,5698446907013456032
Luchun_F4,4,F,Luchun,,F4_dzii33_01,282.838,629.464,346.626,5,ii33,Vowel,ɿ,Lax,Oral,33.0,1.0,Mid,33,Unaspirated,Oral,237.834,237.795,240.204,239.192,465.151,57.039,1395.901,73.016,3105.014,170.59,4540.449,157.87,1156.617,3135.426,4978.443,,12.435,9.547,18.665,-1.203,0.321,4.769,18.665,-2.198,6.039,-3.833,-2.675,13.939,-6.231,10.75,18.344,-5.972,-6.23,11.758,6.396,13.38,15.11,-4.392,1.711,44.685,47.439,51.65,51.544,28.524,0.634,mid,0.589,0.585,0.744,0.531,-579.21,456.932,1346.002,454.695,0.334,1.57,0.214,Luchun-Lax,0.212738853503185,-8573418935051072234
Luchun_F4,4,F,Luchun,,F4_dzii33_02,398.426,844.429,446.003,5,ii33,Vowel,ɿ,Lax,Oral,33.0,1.0,Mid,33,Unaspirated,Oral,249.184,249.069,250.622,248.83,485.31,69.277,1465.386,62.479,3200.948,191.003,4595.172,320.13,1287.416,3141.837,4980.592,5163.68,16.016,13.101,21.372,1.73,3.714,8.247,21.371,0.38,10.473,0.669,-0.828,15.384,-5.355,11.37,17.657,-6.517,-5.355,12.734,5.543,12.431,16.844,-2.283,3.495,45.906,49.214,52.234,52.19,30.079,0.604,mid,0.572,0.556,0.673,0.542,-667.082,622.372,1633.861,620.194,0.618,1.664,0.37,Luchun-Lax,0.371394230769231,-8906665876784675287
Luchun_F4,4,F,Luchun,,F4_dzii55_01,337.477,708.166,370.689,5,ii55,Vowel,ɿ,Lax,Oral,55.0,1.0,High,55,Unaspirated,Oral,262.346,262.343,263.195,264.392,493.444,117.408,1448.59,149.978,3147.827,146.305,4540.046,404.562,1227.646,3117.265,4783.78,4895.233,16.794,13.629,19.864,3.081,2.955,7.031,19.864,-1.092,9.389,-0.777,3.075,18.98,-3.07,10.548,16.909,-3.95,-3.07,14.737,7.404,14.406,13.719,-5.351,3.033,52.179,54.567,57.985,57.683,31.424,0.0,high,0.508,0.495,0.607,0.42,-695.584,523.69,1553.173,522.086,0.816,1.457,0.561,Luchun-Lax,0.560054907343857,-3636115789999745405
Luchun_F4,4,F,Luchun,,F4_dzii55_02,298.018,738.045,440.027,5,ii55,Vowel,ɿ,Lax,Oral,55.0,1.0,High,55,Unaspirated,Oral,263.456,263.323,263.836,265.181,514.201,90.834,1577.31,16.537,3335.535,375.919,4666.973,277.578,1564.277,3374.609,4766.084,4947.067,17.176,14.293,20.944,1.081,2.599,7.338,20.944,0.047,18.082,8.571,0.439,15.604,-3.769,13.212,18.345,-6.256,-3.768,14.26,-0.907,5.722,16.737,-1.311,4.651,49.545,54.618,57.352,57.808,31.406,0.0,high,0.482,0.466,0.496,0.34,-744.4,518.501,1552.011,517.209,0.971,1.335,0.729,Luchun-Lax,0.727340823970037,4895981746539424965
Luchun_F4,4,F,Luchun,,F4_dzji_31_02,246.34,732.725,486.385,5,i_31,Vowel,i,Tense,Oral,31.0,2.0,Mid,31,Unaspirated,Oral,229.018,229.225,230.89,230.983,337.073,139.259,2780.338,129.162,3551.394,193.086,4620.295,440.95,2828.987,3678.243,4899.064,4878.256,10.213,4.886,5.351,4.152,-17.436,-2.391,-3.266,-18.389,5.282,14.218,2.458,10.876,4.862,0.734,22.787,6.543,13.479,23.275,4.931,-9.332,7.755,-5.99,0.375,42.177,54.561,56.739,52.433,28.754,0.0,low,0.493,0.502,0.555,0.427,-619.088,490.258,952.379,488.393,0.752,0.838,0.576,Luchun-Tense,0.897374701670644,-3351446293749296845
Luchun_F4,4,F,Luchun,,F4_dzji31_01,280.396,945.291,664.895,5,i31,Vowel,i,Lax,Oral,31.0,2.0,Mid,31,Unaspirated,Oral,226.995,227.034,228.645,228.216,299.14,122.515,2731.46,147.514,3589.977,161.863,4605.598,290.586,2774.43,3649.716,4769.231,4769.209,11.603,4.938,5.838,7.756,-10.678,6.19,5.862,-7.435,6.11,16.46,4.589,16.202,5.764,-2.819,16.516,1.566,5.741,12.374,5.493,-11.522,7.013,-11.264,0.512,51.29,61.131,62.963,58.661,31.405,0.0,low,0.453,0.442,0.586,0.357,-608.216,612.832,1360.113,611.258,0.534,1.688,0.318,Luchun-Lax,0.316350710900474,1321408337939903635
Luchun_F4,4,F,Luchun,,F4_dzji31_02,239.5,820.122,580.622,5,i31,Vowel,i,Lax,Oral,31.0,2.0,Mid,31,Unaspirated,Oral,213.087,212.841,214.706,214.571,344.832,142.769,2727.959,164.285,3527.75,171.984,4588.877,332.413,2797.975,3638.29,4780.508,4808.943,10.959,6.609,8.095,3.626,-8.614,4.898,0.53,-15.105,3.36,11.372,2.787,11.243,2.864,2.982,16.709,-1.272,10.429,21.714,7.599,-4.763,8.172,-4.634,0.399,51.731,62.052,64.229,59.626,30.876,0.0,low,0.425,0.417,0.505,0.343,-673.195,530.731,1352.234,529.118,0.838,1.56,0.538,Luchun-Lax,0.537179487179487,1062934238233869267
Luchun_F4,4,F,Luchun,,F4_dzu_31_01,459.033,799.092,340.059,5,u_31,Vowel,u,Tense,Oral,31.0,2.0,Mid,31,Unaspirated,Oral,201.172,200.767,201.67,201.992,458.166,133.336,1259.73,292.314,2961.36,117.466,3985.226,224.966,993.319,3051.813,4220.213,,6.201,4.08,12.246,-1.519,0.84,2.883,11.903,-9.579,1.674,-9.716,-4.329,12.191,-6.045,5.599,11.405,-4.402,-5.702,13.671,4.527,13.796,10.531,-8.111,0.444,58.398,58.661,60.987,59.008,30.111,0.812,low,0.59,0.538,0.66,0.426,-267.889,629.366,898.864,627.246,0.619,1.068,0.198,Luchun-Tense,0.579588014981273,-300882687690911256
Luchun_F4,4,F,Luchun,,F4_dzu_31_02,330.375,733.216,402.841,5,u_31,Vowel,u,Tense,Oral,31.0,2.0,Mid,31,Unaspirated,Oral,189.732,189.588,190.853,189.858,443.32,122.581,1209.172,260.081,2851.678,111.591,3928.32,204.152,882.723,2955.473,4170.685,,3.855,1.875,11.039,-1.061,-0.183,1.151,9.649,-11.854,0.128,-11.621,-6.358,9.615,-7.183,2.936,11.222,-2.212,-5.794,13.742,3.728,13.497,10.214,-7.74,0.302,49.293,54.57,60.215,59.828,29.868,0.805,low,0.56,0.508,0.622,0.381,-297.767,532.331,971.297,530.322,0.655,1.068,0.225,Luchun-Tense,0.613295880149813,-6536340221675252131
Luchun_F4,4,F,Luchun,,F4_dzu31_01,415.845,943.626,527.781,5,u31,Vowel,u,Lax,Oral,31.0,2.0,Mid,31,Unaspirated,Oral,209.39,209.258,209.919,206.373,472.621,140.238,1234.539,326.088,2876.839,242.059,3987.948,268.533,1041.989,3027.957,4384.11,4333.285,10.882,8.722,17.054,3.044,6.958,8.214,16.85,-5.008,8.28,-4.017,-5.901,9.287,-6.172,5.677,10.096,-5.17,-5.968,13.744,2.602,12.739,16.783,-0.565,1.43,61.685,60.826,62.005,60.723,30.17,0.821,low,0.57,0.546,0.663,0.479,-416.961,680.66,1084.199,678.369,0.554,1.055,0.249,Luchun-Lax,0.525118483412322,-7980504789353309704
Luchun_F4,4,F,Luchun,,F4_dzu31_02,301.975,790.895,488.92,5,u31,Vowel,u,Lax,Oral,31.0,2.0,Mid,31,Unaspirated,Oral,210.625,210.489,211.185,209.575,466.338,140.599,1268.629,335.873,2866.659,247.348,3973.973,210.632,1030.441,2799.631,4095.229,4672.839,10.881,8.634,16.699,1.414,5.502,7.641,16.665,-4.885,6.193,-5.358,-5.924,8.741,-5.818,7.22,11.197,-6.227,-5.784,13.531,4.688,13.992,16.805,-0.107,1.242,59.99,59.06,59.796,58.862,30.115,0.846,low,0.558,0.531,0.66,0.454,-361.381,547.145,976.016,544.986,0.537,1.885,0.286,Luchun-Lax,0.284880636604775,-9004410213250023712
Luchun_F4,4,F,Luchun,,F4_la_31_01,247.524,775.602,528.078,5,a_31,Vowel,a,Tense,Oral,31.0,2.0,Mid,31,Unaspirated,Oral,193.176,193.223,195.718,193.821,961.016,215.995,1681.383,230.975,3059.993,299.689,4222.647,461.095,1229.451,1788.771,3236.565,4579.457,8.311,7.818,9.813,7.726,17.933,6.257,21.456,-7.931,19.126,-3.988,8.987,6.513,-1.502,0.092,-8.12,1.469,-13.145,15.779,-10.815,11.806,-0.676,1.305,6.233,53.154,43.51,41.134,39.428,32.075,0.853,low,0.541,0.508,0.597,0.494,-414.023,512.587,1131.569,510.027,0.477,0.834,0.2,Luchun-Tense,0.571942446043165,-3055678070493149014
Luchun_F4,4,F,Luchun,,F4_la_31_02,252.42,667.367,414.947,5,a_31,Vowel,a,Tense,Oral,31.0,2.0,Mid,31,Unaspirated,Oral,170.532,170.558,173.191,171.127,1040.321,166.942,1705.857,184.443,3060.269,287.992,4197.86,599.169,1152.506,1792.942,3210.411,4530.986,4.651,4.312,7.898,6.492,10.256,3.529,21.9,-9.184,19.174,-6.128,5.748,1.057,-3.247,-2.18,-2.358,2.962,-17.249,13.531,-14.524,10.44,-1.097,3.255,5.27,51.378,42.935,40.366,38.747,31.449,0.786,low,0.607,0.551,0.655,0.598,-217.723,461.293,653.659,457.79,0.62,0.952,0.18,Luchun-Tense,0.651260504201681,237725013403975717
Luchun_F4,4,F,Luchun,,F4_la_33_01,244.267,744.74,500.473,5,a_33,Vowel,a,Tense,Oral,33.0,1.0,Mid,33,Unaspirated,Oral,224.655,224.626,225.254,225.177,1069.259,124.27,1772.273,216.652,3070.089,319.221,4162.71,491.912,1138.494,1862.096,3224.28,4447.973,11.897,11.355,14.218,11.917,23.759,10.512,29.164,-1.067,23.754,-0.405,11.301,5.719,-2.321,-0.563,-9.541,1.405,-17.267,12.46,-11.857,11.759,0.596,5.636,25.224,53.939,43.768,41.822,41.351,31.631,0.0,mid,0.559,0.544,0.646,0.524,-467.744,495.512,1101.832,493.181,0.335,0.568,0.185,Luchun-Tense,0.589788732394366,8282844676036020074
Luchun_F4,4,F,Luchun,,F4_la_33_02,182.255,638.706,456.451,5,a_33,Vowel,a,Tense,Oral,33.0,1.0,Mid,33,Unaspirated,Oral,214.895,215.016,215.312,215.379,1054.519,91.975,1802.75,220.293,3113.959,256.11,4272.497,531.86,1088.822,1824.253,3141.136,4447.555,9.135,8.631,11.796,9.663,19.604,7.752,28.551,-1.545,21.883,-1.884,7.135,2.43,-2.66,-1.032,-7.808,1.911,-19.415,10.213,-12.748,10.515,2.0,6.201,17.165,61.243,53.243,51.746,52.307,32.132,0.0,mid,0.567,0.534,0.634,0.52,-411.924,411.491,982.45,409.074,0.413,1.435,0.285,Luchun-Tense,0.28780487804878,3504003518527544595
Luchun_F4,4,F,Luchun,,F4_la33_01,329.567,825.949,496.382,5,a33,Vowel,a,Lax,Oral,33.0,1.0,Mid,33,Unaspirated,Oral,221.258,221.402,222.265,221.772,1038.087,175.063,1704.852,228.895,3059.48,310.531,4359.964,617.241,1098.851,1786.759,3174.276,4588.562,13.534,12.974,12.963,10.584,23.682,9.736,26.171,-4.036,19.931,-4.61,10.834,6.993,0.571,2.39,-10.718,0.848,-12.637,17.056,-6.397,17.584,2.7,5.981,14.752,49.868,38.801,38.847,38.452,30.772,0.0,mid,0.505,0.49,0.531,0.443,-686.855,579.314,1114.44,577.314,1.271,1.332,0.956,Luchun-Lax,0.954204204204204,993740605395742980
Luchun_F4,4,F,Luchun,,F4_le31_01,230.489,776.413,545.924,5,e31,Vowel,e,Lax,Oral,31.0,2.0,Mid,31,Unaspirated,Oral,198.491,198.326,201.256,199.569,788.786,75.829,2178.267,290.084,2973.484,633.362,3934.409,725.331,860.746,2342.876,3337.493,5050.511,7.787,7.132,10.204,7.314,21.107,-3.678,21.106,-4.496,12.489,-0.379,9.995,-2.324,-2.418,-0.182,-10.902,10.992,-13.319,11.631,-4.702,7.51,-2.208,9.455,3.489,49.507,44.247,41.495,38.812,33.279,0.502,low,0.558,0.536,0.617,0.492,-424.401,504.566,1162.611,502.084,0.754,1.947,0.395,Luchun-Lax,0.387262455059065,4952201512696838901
Luchun_F4,4,F,Luchun,,F4_le31_02,202.79,802.972,600.182,5,e31,Vowel,e,Lax,Oral,31.0,2.0,Mid,31,Unaspirated,Oral,191.676,191.845,194.52,313.451,765.519,49.918,2189.212,303.439,3176.211,310.35,4283.35,739.258,823.144,2332.037,3347.606,5001.805,7.551,6.91,9.913,7.086,23.548,-1.651,23.547,-1.9,12.807,0.362,8.638,4.638,-2.361,-0.176,-13.636,8.737,-15.996,8.815,-5.256,6.548,-1.086,2.271,4.564,48.299,43.345,40.397,37.497,32.212,0.375,low,0.579,0.552,0.65,0.484,-396.239,503.884,1120.83,501.352,0.564,1.069,0.225,Luchun-Lax,0.527595884003742,42071421626522652
Luchun_F4,4,F,Luchun,,F4_le33_01,250.71,735.412,484.702,5,e33,Vowel,e,Lax,Oral,33.0,1.0,Mid,33,Unaspirated,Oral,229.637,229.571,229.465,230.914,812.716,155.149,2288.983,195.131,3370.279,424.231,4399.587,725.341,887.106,2418.363,3418.469,5130.945,10.9,10.079,13.525,9.79,19.976,7.418,18.149,-6.988,16.225,4.621,12.263,9.42,-2.625,0.289,-6.451,2.372,-7.249,17.074,-5.325,5.458,-1.363,0.659,5.722,60.616,55.483,54.497,53.29,34.467,0.337,mid,0.533,0.542,0.614,0.487,-547.397,493.937,1069.425,491.819,0.685,1.012,0.372,Luchun-Lax,0.676877470355731,-5326774845289071138
Luchun_F4,4,F,Luchun,,F4_le33_02,247.805,751.547,503.742,5,e33,Vowel,e,Lax,Oral,33.0,1.0,Mid,33,Unaspirated,Oral,219.202,219.219,219.421,219.583,817.019,134.958,2296.359,278.478,3269.621,346.306,4244.362,1051.797,875.679,2384.978,3372.603,5043.465,10.506,9.766,13.095,9.777,20.108,3.106,20.107,-5.284,12.763,0.873,9.962,5.347,-2.589,-0.011,-7.013,6.671,-9.601,15.055,-2.257,8.892,0.544,4.419,4.082,59.523,53.356,52.631,48.999,34.806,0.845,mid,0.541,0.518,0.577,0.479,-520.127,500.688,1134.435,498.502,1.095,1.39,0.563,Luchun-Lax,0.787769784172662,-6164660044418440903
Luchun_F4,4,F,Luchun,,F4_lo_31_01,197.14,707.457,510.317,5,o_31,Vowel,o,Tense,Oral,31.0,2.0,Mid,31,Unaspirated,Oral,228.664,228.694,229.714,229.72,538.896,153.624,918.341,102.509,2977.515,141.565,3873.489,109.517,860.909,3183.445,3975.442,4324.243,8.694,6.304,18.108,3.476,19.107,0.406,16.283,-7.834,19.106,0.259,-6.585,14.562,-9.415,2.828,-0.999,3.07,-7.589,14.258,-10.412,6.045,15.279,-8.258,3.362,64.731,59.103,65.145,63.948,30.536,0.742,low,0.574,0.554,0.718,0.509,-457.944,452.606,1300.814,450.377,0.44,2.018,0.22,Luchun-Tense,0.218037661050545,6073431053086235604
Luchun_F4,4,F,Luchun,,F4_lo_31_02,215.941,753.244,537.303,5,o_31,Vowel,o,Tense,Oral,31.0,2.0,Mid,31,Unaspirated,Oral,211.991,211.905,214.094,213.524,571.394,156.463,886.858,164.806,2968.003,112.364,3762.738,226.944,766.832,3182.123,4061.016,4092.918,7.001,5.141,14.857,5.228,15.408,-3.113,15.054,-10.807,15.407,-6.259,-4.592,15.4,-7.856,-0.087,-0.55,8.341,-8.053,16.121,-8.406,11.4,11.593,-10.259,2.003,58.942,55.814,62.981,61.279,30.958,0.357,low,0.567,0.547,0.647,0.484,-534.375,485.332,1286.225,483.043,0.629,1.278,0.322,Luchun-Tense,0.492175273865415,8635812693024586521
Luchun_F4,4,F,Luchun,,F4_lo_33_01,277.499,750.964,473.465,5,o_33,Vowel,o,Tense,Oral,33.0,1.0,Mid,33,Unaspirated,Oral,223.953,223.805,224.936,225.237,502.369,116.393,883.733,55.213,3098.577,141.115,4037.102,62.196,836.917,3189.81,4103.253,4302.819,8.526,6.007,17.485,1.496,18.05,0.988,17.346,-6.381,18.049,-0.161,-6.979,17.066,-8.959,4.511,-0.565,0.508,-8.82,12.524,-9.523,6.167,15.505,-11.059,2.625,60.413,57.608,65.38,64.95,30.459,0.669,mid,0.585,0.563,0.687,0.505,-425.964,514.708,1062.466,512.45,0.578,1.169,0.205,Luchun-Tense,0.494439692044482,3619066709715252495
Luchun_F4,4,F,Luchun,,F4_lo_33_02,248.354,715.772,467.418,5,o_33,Vowel,o,Tense,Oral,33.0,1.0,Mid,33,Unaspirated,Oral,215.77,215.596,217.274,217.418,525.187,149.946,870.884,137.892,3014.569,61.895,3939.928,312.928,783.511,3100.297,4165.08,4404.258,6.714,4.48,15.225,2.414,14.128,-5.002,11.736,-12.777,14.127,-5.467,-2.874,19.779,-8.511,2.067,1.097,7.416,-5.022,17.407,-7.413,9.947,9.588,-15.299,1.591,59.943,57.04,65.759,65.471,31.004,0.9,mid,0.582,0.568,0.654,0.508,-486.517,483.256,1110.415,480.898,0.658,0.762,0.303,Luchun-Tense,0.863517060367454,771042800250686567
Luchun_F4,4,F,Luchun,,F4_lo31_01,218.221,773.004,554.783,5,o31,Vowel,o,Lax,Oral,31.0,2.0,Mid,31,Unaspirated,Oral,208.957,208.807,211.437,209.908,574.485,152.376,989.78,111.219,2903.344,189.248,3936.834,262.559,864.519,3131.432,4093.389,3808.188,7.057,5.38,14.769,6.236,15.456,5.394,15.707,-9.427,13.732,-6.276,-3.381,13.395,-7.712,-0.856,-0.686,0.842,-8.65,14.892,-6.675,11.656,10.438,-8.015,1.922,53.435,50.115,56.728,55.497,30.915,0.3,low,0.532,0.501,0.679,0.424,-605.133,495.919,1828.12,493.889,0.428,2.256,0.191,Luchun-Lax,0.189716312056738,-7521975424079634291
Luchun_F4,4,F,Luchun,,F4_lo31_02,229.62,773.764,544.144,5,o31,Vowel,o,Lax,Oral,31.0,2.0,Mid,31,Unaspirated,Oral,192.718,192.588,194.689,193.458,547.879,76.722,995.231,122.521,2949.304,160.241,3864.056,435.677,813.359,3125.73,4131.029,4000.211,5.801,4.296,11.901,4.44,8.289,0.066,18.518,-6.278,13.238,-5.927,-3.936,13.751,-6.1,-0.144,3.612,4.374,-12.717,10.644,-7.437,10.223,9.737,-9.454,1.53,56.672,54.39,60.858,59.167,32.262,0.0,low,0.523,0.481,0.632,0.427,-564.257,502.156,1900.136,499.937,0.491,2.341,0.211,Luchun-Lax,0.209739427595045,-449047729304144858
Luchun_F4,4,F,Luchun,,F4_lo33_01,274.278,783.332,509.054,5,o33,Vowel,o,Lax,Oral,33.0,1.0,Mid,33,Unaspirated,Oral,240.415,240.354,241.167,241.658,527.853,83.471,920.647,84.545,3106.348,80.892,4105.59,184.052,814.377,3171.726,4268.262,4284.457,7.979,5.336,19.223,1.787,15.728,2.679,19.215,-4.52,15.727,-2.645,1.791,24.552,-11.245,3.549,3.495,-0.892,-11.236,9.995,-7.748,7.981,6.188,-19.215,2.995,63.715,60.122,65.307,64.221,30.617,0.699,mid,0.583,0.577,0.715,0.531,-495.807,529.794,1233.631,527.586,0.481,1.771,0.273,Luchun-Lax,0.271597967250141,-5816329397986577589
Luchun_F4,4,F,Luchun,,F4_lo33_02,319.841,817.898,498.057,5,o33,Vowel,o,Lax,Oral,33.0,1.0,Mid,33,Unaspirated,Oral,233.145,233.103,234.227,234.312,507.263,91.291,883.956,102.771,3060.329,106.923,3960.928,199.124,767.957,3272.372,4212.96,4334.737,8.051,5.362,18.308,0.397,13.621,3.303,18.307,-5.399,13.621,-4.779,-2.218,21.264,-10.257,4.965,4.687,-2.905,-10.256,10.903,-5.569,10.141,10.27,-15.902,2.284,61.042,58.858,64.259,64.294,31.472,0.77,mid,0.578,0.568,0.673,0.515,-551.05,569.816,1212.032,567.603,0.554,1.737,0.32,Luchun-Lax,0.318940702360392,5016068314195371947
Luchun_F4,4,F,Luchun,,F4_lo55_01,229.229,702.167,472.938,5,o55,Vowel,o,Lax,Oral,55.0,1.0,High,55,Unaspirated,Oral,256.384,256.412,256.511,258.593,559.323,65.56,1000.181,44.848,3127.305,147.385,4108.027,100.3,930.245,3202.481,4150.855,4529.909,8.633,5.97,22.512,4.608,20.654,5.606,22.506,-1.175,20.654,2.48,-2.115,18.699,-13.879,1.363,1.858,-0.998,-13.874,7.265,-12.021,3.491,10.747,-12.728,6.886,60.369,54.755,62.529,63.869,29.894,0.541,high,0.609,0.614,0.757,0.561,-461.625,466.308,1010.954,464.12,0.434,1.752,0.25,Luchun-Lax,0.247716894977169,9199015616598403913
Luchun_F4,4,F,Luchun,,F4_lo55_02,232.923,731.798,498.875,5,o55,Vowel,o,Lax,Oral,55.0,1.0,High,55,Unaspirated,Oral,251.95,252.016,252.272,252.168,540.471,58.604,982.441,42.245,3139.365,184.366,4006.089,400.62,929.212,3461.605,4359.246,4540.265,9.356,6.611,22.052,2.894,20.739,6.378,22.051,-1.352,20.738,3.033,-3.63,18.159,-12.695,3.717,1.312,-3.484,-12.694,8.079,-11.382,3.578,12.986,-11.548,6.284,55.515,54.195,60.304,61.408,28.77,0.482,high,0.584,0.586,0.706,0.541,-525.182,483.315,1154.952,481.168,0.479,1.697,0.283,Luchun-Lax,0.282262816735415,-6280956150906760069
Luchun_F4,4,F,Luchun,,F4_lu_31_01,233.742,670.29,436.548,5,u_31,Vowel,u,Tense,Oral,31.0,2.0,Mid,31,Unaspirated,Oral,230.661,230.584,234.52,232.321,457.679,99.649,1030.44,205.19,2911.888,155.596,4009.782,224.196,887.766,3038.797,4235.75,4202.804,7.914,4.933,16.276,-5.423,9.996,5.136,16.275,-5.498,9.805,-4.071,-7.434,12.619,-8.362,10.356,6.28,-10.559,-8.361,10.469,-1.891,9.005,15.348,-7.686,0.953,51.242,50.478,53.724,52.981,27.536,0.476,low,0.535,0.518,0.7,0.469,-535.824,452.523,1346.117,450.485,0.31,1.039,0.17,Luchun-Tense,0.298363811357074,-344351007113441979
Luchun_F4,4,F,Luchun,,F4_lu_31_02,255.259,721.633,466.374,5,u_31,Vowel,u,Tense,Oral,31.0,2.0,Mid,31,Unaspirated,Oral,208.417,208.317,211.198,208.54,422.36,132.771,1081.85,203.11,2985.315,161.292,4141.076,239.696,954.666,3110.725,4339.707,4223.009,8.394,5.557,13.628,-5.57,5.435,6.932,13.627,-6.863,4.027,-7.589,-10.032,11.508,-5.234,11.127,8.193,-12.502,-5.233,12.443,4.367,13.146,18.426,-5.951,0.557,48.49,49.594,54.265,53.563,27.617,0.746,low,0.531,0.506,0.62,0.477,-605.608,489.254,1632.215,486.961,0.369,1.68,0.222,Luchun-Tense,0.219642857142857,5785203602935559735
Luchun_F4,4,F,Luchun,,F4_lu_33_01,365.956,870.51,504.554,5,u_33,Vowel,u,Tense,Oral,33.0,1.0,Mid,33,Unaspirated,Oral,233.139,233.141,234.004,233.684,451.334,83.738,1262.921,149.755,3002.709,133.357,4192.532,95.765,1101.092,3016.423,4326.966,4524.085,13.65,10.673,19.64,0.37,6.354,9.664,19.639,-1.152,8.325,-2.373,-3.116,14.621,-5.989,10.303,13.286,-9.295,-5.988,11.841,5.326,13.046,16.767,-3.948,2.087,53.535,52.458,53.713,53.205,28.073,0.724,mid,0.526,0.504,0.63,0.43,-767.717,619.164,1818.56,617.32,0.365,1.478,0.246,Luchun-Tense,0.246955345060893,-3844567952294273438
Luchun_F4,4,F,Luchun,,F4_lu_33_02,279.603,759.078,479.475,5,u_33,Vowel,u,Tense,Oral,33.0,1.0,Mid,33,Unaspirated,Oral,230.603,230.511,231.588,231.302,437.625,80.093,1260.027,140.306,2973.443,118.841,4173.811,189.482,1118.361,3036.729,4418.391,4533.453,13.657,10.547,19.199,2.029,5.487,9.423,19.198,-1.19,8.072,-2.087,-3.244,14.751,-5.541,8.517,13.711,-7.394,-5.541,11.751,5.585,12.634,16.901,-4.204,1.885,51.204,52.002,54.933,54.585,27.201,0.7,mid,0.529,0.509,0.602,0.453,-943.429,519.801,2022.404,517.837,0.522,1.454,0.359,Luchun-Tense,0.359009628610729,6798633233144922884
Luchun_F4,4,F,Luchun,,F4_lu31_01,204.541,744.885,540.344,5,u31,Vowel,u,Lax,Oral,31.0,2.0,Mid,31,Unaspirated,Oral,201.86,201.567,203.246,202.086,525.233,142.165,1305.398,206.704,2883.954,160.383,4058.018,254.475,1014.849,3057.175,4387.444,4355.693,8.631,6.935,15.163,5.724,6.077,5.007,12.458,-10.19,7.685,-5.945,-2.008,10.6,-6.532,1.211,9.086,0.718,-3.827,17.14,0.946,12.88,10.639,-3.664,1.243,54.398,53.444,58.468,58.211,32.517,0.466,low,0.493,0.465,0.546,0.421,-711.707,475.636,1876.003,473.544,0.918,1.98,0.469,Luchun-Lax,0.463636363636364,2375303384214479850
Luchun_F4,4,F,Luchun,,F4_lu31_02,190.102,754.764,564.662,5,u31,Vowel,u,Lax,Oral,31.0,2.0,Mid,31,Unaspirated,Oral,193.771,193.481,195.279,194.177,549.239,83.88,1280.218,212.083,2903.521,159.487,4028.522,221.87,908.634,3013.884,4400.13,4522.58,9.767,8.39,15.313,8.404,7.938,3.917,20.491,-2.982,9.333,-6.019,1.006,12.946,-5.546,-0.014,7.375,4.487,-10.724,11.391,0.434,14.409,8.761,-4.556,2.387,47.789,44.539,46.478,44.428,27.399,0.0,low,0.507,0.472,0.549,0.442,-643.484,473.48,1881.465,471.19,0.947,2.135,0.445,Luchun-Lax,0.443559718969555,-2435070986781521459
Luchun_F4,4,F,Luchun,,F4_lu33_01,197.365,637.938,440.573,5,u33,Vowel,u,Lax,Oral,33.0,1.0,Mid,33,Unaspirated,Oral,217.581,217.292,219.518,218.661,452.726,117.027,1230.458,159.956,2906.729,224.516,4135.808,172.409,1091.555,3070.851,4369.957,4406.511,10.453,7.88,17.303,-2.284,7.163,9.742,17.302,-3.863,7.121,-4.198,-5.822,10.686,-6.849,10.164,10.14,-12.025,-6.848,11.757,3.332,12.078,16.275,-2.806,1.23,52.004,49.101,54.933,54.623,28.657,0.742,mid,0.559,0.518,0.639,0.47,-665.631,418.823,1894.047,416.658,0.469,1.699,0.276,Luchun-Lax,0.276044732195409,6313279095492445507
Luchun_F4,4,F,Luchun,,F4_lu33_02,265.891,711.001,445.11,5,u33,Vowel,u,Lax,Oral,33.0,1.0,Mid,33,Unaspirated,Oral,258.813,258.946,260.005,259.706,486.642,152.235,1268.03,97.26,2849.739,273.998,4198.818,228.749,1137.895,3154.313,4315.444,4383.618,15.276,12.023,17.659,0.755,8.188,9.471,17.659,-3.533,10.957,-0.704,-2.139,12.553,-2.384,11.268,9.471,-8.716,-2.383,15.572,4.319,12.727,17.414,-0.531,2.076,53.759,52.014,57.079,57.119,28.095,0.565,mid,0.452,0.452,0.547,0.358,-961.974,489.242,1688.846,487.858,0.951,1.203,0.79,Luchun-Lax,0.790523690773067,4343009845150369237
Luchun_F4,4,F,Luchun,,F4_lu55_01,392.97,942.947,549.977,5,u55,Vowel,u,Lax,Oral,55.0,1.0,High,55,Unaspirated,Oral,279.276,279.236,279.899,281.33,488.55,257.182,1360.303,178.651,3057.242,119.678,4195.117,156.898,695.856,1994.21,3584.697,4278.687,18.101,14.338,15.822,4.288,5.663,8.204,14.925,-5.786,8.924,-1.562,-0.455,15.851,2.279,10.051,10.159,-3.916,3.176,20.143,9.177,15.901,18.556,-1.512,2.303,52.21,56.172,58.734,58.368,29.605,0.0,high,0.393,0.42,0.108,0.324,-1173.85,668.585,1684.004,667.423,0.645,0.902,0.715,Luchun-Lax,0.715077605321508,-9164778746558396646
Luchun_F4,4,F,Luchun,,F4_lu55_02,267.888,836.898,569.01,5,u55,Vowel,u,Lax,Oral,55.0,1.0,High,55,Unaspirated,Oral,284.255,284.305,284.8,284.238,460.806,282.092,1352.606,266.775,3024.335,281.216,4257.413,162.732,605.818,1250.615,3128.396,4297.333,18.131,13.587,14.921,7.946,5.924,9.235,7.292,-12.627,6.129,-3.094,-4.676,12.551,3.21,5.64,8.996,-1.288,10.839,26.229,12.002,16.681,22.807,1.036,2.117,53.696,58.194,59.675,59.894,28.991,0.0,high,0.405,0.425,0.117,0.33,-1187.183,553.073,1695.059,551.91,0.616,0.899,0.685,Luchun-Lax,0.685205784204672,-8654043125923811126
Luchun_F4,4,F,Luchun,,F4_ma_31_01,383.802,691.239,307.437,5,a_31,Vowel,a,Tense,Oral,31.0,2.0,Mid,31,Unaspirated,Nasal,151.241,134.641,154.324,203.17,1187.796,211.019,1756.619,179.492,3033.772,391.035,4295.182,636.623,1268.114,1822.099,3258.184,4472.512,-2.075,-2.295,3.721,2.823,0.947,-3.004,20.718,-13.233,17.609,-11.532,4.016,-4.969,-5.796,-5.117,2.774,5.827,-22.792,10.985,-19.683,9.238,-6.09,2.674,4.112,50.368,39.27,34.832,32.712,29.045,0.478,low,0.669,0.577,0.718,0.682,-181.697,539.845,700.369,535.322,0.607,3.396,0.18,Luchun-Tense,0.178739693757362,-6989230607533379788
Luchun_F4,4,F,Luchun,,F4_ma_31_02,234.425,513.16,278.735,5,a_31,Vowel,a,Tense,Oral,31.0,2.0,Mid,31,Unaspirated,Nasal,147.966,102.482,151.749,149.412,1075.439,192.219,1637.623,150.305,3076.654,176.907,4163.442,586.29,1182.439,1676.635,3189.806,4486.552,-1.879,-2.133,3.475,2.43,1.078,-3.623,17.174,-15.408,15.561,-12.135,1.509,-3.122,-5.354,-4.564,2.397,6.054,-19.053,13.321,-17.44,10.002,-3.387,0.989,1.94,44.253,33.166,30.865,30.055,27.594,0.614,low,0.635,0.558,0.653,0.631,-187.564,376.55,708.856,372.245,0.821,1.532,0.202,Luchun-Tense,0.535900783289817,-8159963277916845485
Luchun_F4,4,F,Luchun,,F4_ma31_02,251.496,794.33,542.834,5,a31,Vowel,a,Lax,Oral,31.0,2.0,Mid,31,Unaspirated,Nasal,183.525,183.241,185.089,182.835,1068.573,293.132,1662.195,292.73,3124.239,217.755,4177.76,501.104,1276.619,1758.059,3267.282,4539.426,4.674,4.295,6.604,5.025,7.49,-0.207,14.812,-16.859,12.15,-14.466,3.635,0.105,-1.93,-0.73,-0.885,5.232,-10.138,21.208,-7.475,18.761,1.039,4.19,1.605,55.634,50.614,48.805,47.208,33.032,0.748,low,0.53,0.485,0.597,0.41,-360.942,523.606,1322.566,521.361,0.665,1.78,0.237,Luchun-Lax,0.373595505617978,-8903402583413730536
Luchun_F4,4,F,Luchun,,F4_me_31_01,250.71,722.057,471.347,5,e_31,Vowel,e,Tense,Oral,31.0,2.0,Mid,31,Unaspirated,Nasal,209.565,209.745,213.118,238.4,831.631,38.362,2446.314,185.563,3318.816,290.293,4362.927,906.823,859.589,2535.414,3464.461,5109.633,5.901,5.251,8.628,5.753,22.331,-2.315,22.33,-3.329,14.054,3.033,11.015,4.109,-2.726,-0.502,-13.703,8.068,-16.428,8.584,-8.153,2.218,-5.114,1.141,4.706,48.303,42.003,39.762,35.395,28.07,0.517,low,0.627,0.607,0.709,0.599,-270.555,487.752,700.28,484.888,0.529,0.67,0.237,Luchun-Tense,0.78955223880597,-3650993528081682470
Luchun_F4,4,F,Luchun,,F4_me_31_02,185.528,561.66,376.132,5,e_31,Vowel,e,Tense,Oral,31.0,2.0,Mid,31,Unaspirated,Nasal,193.335,193.676,196.143,391.441,779.184,32.24,2394.102,105.73,3296.59,463.012,4324.46,840.199,804.654,2449.81,3529.077,5107.764,3.767,3.148,7.181,4.453,23.876,-1.347,23.875,-1.514,13.865,3.209,5.358,0.111,-3.414,-1.305,-16.695,5.8,-20.108,4.665,-10.098,-0.061,-1.59,3.037,4.143,42.85,36.173,34.484,31.643,27.991,0.336,low,0.627,0.594,0.687,0.6,-295.541,374.94,794.341,371.836,0.508,0.572,0.156,Luchun-Tense,0.888111888111888,-7616610916850377864
Luchun_F4,4,F,Luchun,,F4_me_33_01,244.673,660.725,416.052,5,e_33,Vowel,e,Tense,Oral,33.0,1.0,Mid,33,Unaspirated,Nasal,215.267,215.23,216.489,216.616,848.517,70.816,2361.273,137.013,3186.495,616.891,3952.417,1332.306,883.617,2426.018,3386.198,4989.513,7.829,7.166,7.493,4.562,19.889,-4.529,19.888,-5.912,15.111,3.135,8.712,1.676,0.336,2.604,-12.397,9.091,-12.059,13.083,-7.282,4.031,-0.883,5.49,3.103,61.284,56.781,55.637,53.069,33.709,0.693,mid,0.605,0.576,0.682,0.539,-359.464,453.553,938.19,451.048,0.457,0.975,0.243,Luchun-Tense,0.468717948717949,3942577321854693037
Luchun_F4,4,F,Luchun,,F4_me_33_02,312.419,706.651,394.232,5,e_33,Vowel,e,Tense,Oral,33.0,1.0,Mid,33,Unaspirated,Nasal,217.228,217.258,217.943,219.209,843.703,113.534,2372.095,116.446,3265.103,315.16,4049.74,1238.437,881.105,2475.618,3466.55,5136.011,7.566,6.88,7.7,4.655,17.889,-3.913,17.888,-7.758,13.142,1.488,8.685,2.156,-0.134,2.225,-10.189,8.568,-10.323,14.642,-5.576,5.392,-1.119,4.724,2.316,62.942,57.936,58.684,55.836,33.923,0.869,mid,0.6,0.587,0.695,0.553,-405.362,510.509,1044.197,507.964,0.462,0.955,0.254,Luchun-Tense,0.483769633507853,-3860088462667934216
Luchun_F4,4,F,Luchun,,F4_me31_01,307.898,826.962,519.064,5,e31,Vowel,e,Lax,Oral,31.0,2.0,Mid,31,Unaspirated,Nasal,207.085,207.429,210.76,215.906,821.019,50.563,2238.917,286.441,3197.608,277.381,4132.961,859.685,868.877,2413.778,3369.386,5016.037,8.285,7.624,8.492,5.577,20.823,-3.945,20.822,-4.966,11.879,-0.984,8.899,3.484,-0.208,2.047,-12.33,9.522,-12.538,12.595,-3.594,8.608,-0.614,4.14,3.278,54.386,49.269,46.589,43.407,31.94,0.529,low,0.578,0.544,0.643,0.502,-438.507,568.531,1296.8,566.108,0.64,1.781,0.363,Luchun-Lax,0.359348680516564,3884760450918007985
Luchun_F4,4,F,Luchun,,F4_me31_02,242.069,778.619,536.55,5,e31,Vowel,e,Lax,Oral,31.0,2.0,Mid,31,Unaspirated,Nasal,206.063,206.208,209.15,207.365,825.216,62.634,2268.041,296.703,3220.257,292.208,3965.915,877.067,867.993,2340.965,3330.05,5065.76,9.468,8.823,9.047,6.209,20.807,-4.789,20.806,-5.037,12.154,-0.588,7.486,1.843,0.42,2.614,-11.76,10.999,-11.338,13.865,-2.686,9.411,1.981,6.98,3.159,56.605,51.497,48.595,45.473,32.067,0.534,low,0.54,0.503,0.576,0.434,-454.711,511.484,1262.597,509.376,0.998,1.85,0.545,Luchun-Lax,0.539459459459459,1563278951111791813
Luchun_F4,4,F,Luchun,,F4_mi_31_01,310.178,772.244,462.066,5,i_31,Vowel,i,Tense,Oral,31.0,2.0,Mid,31,Unaspirated,Nasal,253.977,253.778,254.992,254.823,475.192,114.821,2865.935,261.001,3391.012,431.041,4224.251,257.981,491.274,2965.435,3858.86,4907.638,9.638,6.622,9.76,-5.013,-12.232,-2.483,9.758,-10.184,1.014,4.853,1.816,-4.692,-0.122,11.635,21.991,-2.53,-0.12,16.807,8.623,1.769,7.822,11.314,0.489,57.872,65.712,68.774,63.064,31.297,0.186,low,0.533,0.53,0.645,0.438,-685.681,541.773,1288.688,540.05,0.333,1.2,0.28,Luchun-Tense,0.2775,-5027366417588538749
Luchun_F4,4,F,Luchun,,F4_mi31_01,287.134,780.834,493.7,5,i31,Vowel,i,Lax,Oral,31.0,2.0,Mid,31,Unaspirated,Nasal,255.436,255.211,255.462,257.594,443.878,200.189,2784.978,97.041,3237.377,1090.545,3852.919,314.796,508.96,2840.241,3882.507,4851.329,12.175,8.458,11.033,2.498,-5.34,6.235,7.856,-11.086,5.437,10.309,-0.584,-2.475,1.143,5.961,16.372,-3.737,4.32,19.545,6.738,-1.851,12.759,10.934,0.74,56.45,65.3,72.535,70.076,32.317,0.0,low,0.453,0.465,0.535,0.378,-930.501,534.823,1619.385,533.341,1.008,1.237,0.816,Luchun-Lax,0.814874696847211,5183231033987759097
Luchun_F4,4,F,Luchun,,F4_mi31_02,270.047,728.834,458.787,5,i31,Vowel,i,Lax,Oral,31.0,2.0,Mid,31,Unaspirated,Nasal,246.633,246.457,246.98,248.597,352.892,130.903,836.055,367.59,2716.091,92.84,3704.741,209.379,518.048,2807.651,3749.417,4847.18,12.278,5.866,10.74,6.88,-1.303,7.068,-0.225,-17.393,-3.89,-14.432,4.404,31.088,1.537,-1.014,12.043,-0.188,12.503,23.296,16.168,20.298,7.874,-25.222,0.669,57.787,66.525,71.407,66.337,32.104,0.0,low,0.417,0.424,0.488,0.339,-945.295,500.07,1643.993,498.694,1.119,1.162,0.963,Luchun-Lax,0.962994836488812,4442112938249810934
Luchun_F4,4,F,Luchun,,F4_mo31_01,489.391,1086.594,597.203,5,o31,Vowel,o,Lax,Oral,31.0,2.0,Mid,31,Unaspirated,Nasal,188.44,188.375,190.458,189.272,510.977,112.573,877.385,137.641,3077.417,149.431,3830.331,283.13,752.061,3285.121,4160.507,,5.787,4.126,8.801,0.411,10.301,-0.336,15.247,-9.793,8.984,-10.982,-6.751,15.816,-3.013,3.716,-1.5,0.746,-9.459,14.054,-3.196,15.109,12.538,-11.69,0.811,53.994,54.329,60.99,59.423,31.12,0.0,low,0.547,0.498,0.627,0.439,-405.086,788.678,1442.959,786.34,0.625,2.457,0.254,Luchun-Lax,0.254375254375254,8152717297648546125
Luchun_F4,4,F,Luchun,,F4_mo31_02,307.898,836.082,528.184,5,o31,Vowel,o,Lax,Oral,31.0,2.0,Mid,31,Unaspirated,Nasal,183.871,183.748,186.35,184.916,478.266,128.065,856.494,134.275,3074.311,133.174,3794.493,232.646,747.65,3280.516,4160.171,4238.052,6.268,4.5,9.191,-0.019,9.846,0.109,11.205,-13.291,8.558,-10.467,-7.225,16.767,-2.923,4.519,-0.655,-0.128,-4.937,17.915,-2.29,14.967,13.492,-12.268,0.702,54.155,55.153,60.651,58.782,31.19,0.0,low,0.532,0.5,0.614,0.495,-457.309,572.963,1600.359,570.259,0.605,2.445,0.249,Luchun-Lax,0.247443762781186,-8037831305228456732
Luchun_F4,4,F,Luchun,,F4_na_31_01,227.76,706.573,478.813,5,a_31,Vowel,a,Tense,Oral,31.0,2.0,Mid,31,Unaspirated,Nasal,188.826,188.941,191.704,337.812,1162.685,185.001,1783.348,177.209,3397.718,581.472,4439.052,491.448,1279.415,1894.278,3371.453,4598.962,2.036,1.69,6.357,4.922,9.27,2.454,23.074,-9.253,20.953,-6.026,6.018,2.747,-4.321,-3.232,-2.913,2.468,-21.037,11.014,-18.917,7.716,-3.982,-1.057,6.994,54.44,45.301,41.001,39.531,30.907,0.337,low,0.656,0.613,0.726,0.651,-239.733,468.799,706.292,465.361,0.468,0.965,0.139,Luchun-Tense,0.484974093264249,792099213959964734
Luchun_F4,4,F,Luchun,,F4_na_31_02,244.627,708.875,464.248,5,a_31,Vowel,a,Tense,Oral,31.0,2.0,Mid,31,Unaspirated,Nasal,198.892,198.982,200.607,401.926,1185.591,85.812,1819.877,174.623,3548.445,617.847,4445.966,406.866,1224.146,1949.373,3352.728,4577.86,2.534,2.173,3.859,2.362,11.246,4.077,24.492,-7.845,16.901,-9.916,0.943,-1.13,-1.325,-0.189,-7.387,-1.715,-21.958,10.106,-14.367,12.089,1.59,3.303,6.658,44.742,33.647,29.898,29.653,29.108,0.296,low,0.628,0.594,0.691,0.619,-256.863,478.256,699.665,475.143,0.555,0.885,0.201,Luchun-Tense,0.627118644067797,6243287775554768743
Luchun_F4,4,F,Luchun,,F4_na_33_01,214.15,647.211,433.061,5,a_33,Vowel,a,Tense,Oral,33.0,1.0,Mid,33,Unaspirated,Nasal,243.96,244.029,244.784,244.649,1198.515,176.097,1815.773,185.782,3521.815,566.006,4449.279,694.566,1273.356,1924.657,3388.272,4611.505,8.211,7.671,8.494,6.213,15.107,2.51,24.274,-7.425,21.437,-4.995,7.403,5.878,-0.283,1.458,-6.613,3.703,-16.063,15.209,-13.226,12.665,0.808,1.793,9.678,52.761,43.987,40.527,39.637,31.869,0.476,mid,0.553,0.556,0.647,0.493,-645.557,431.389,1181.966,429.366,0.443,1.293,0.341,Luchun-Tense,0.34261407579273,2569674899133617720
Luchun_F4,4,F,Luchun,,F4_na31_01,218.322,811.294,592.972,5,a31,Vowel,a,Lax,Oral,31.0,2.0,Mid,31,Unaspirated,Nasal,205.354,205.527,209.183,205.765,1018.199,438.499,1689.336,275.242,3516.248,503.631,4362.106,588.48,1231.097,1805.214,3387.342,4536.308,7.165,6.634,5.646,3.391,15.8,2.547,16.704,-13.161,17.441,-6.6,1.085,3.944,1.519,3.243,-10.154,0.844,-9.539,19.868,-10.276,13.234,6.08,2.69,3.404,49.939,40.767,37.492,36.118,29.593,0.521,low,0.555,0.521,0.576,0.47,-518.598,515.815,1173.327,513.522,1.114,1.745,0.649,Luchun-Lax,0.638395415472779,2672557308037437672
Luchun_F4,4,F,Luchun,,F4_na31_02,236.46,811.003,574.543,5,a31,Vowel,a,Lax,Oral,31.0,2.0,Mid,31,Unaspirated,Nasal,199.315,199.401,201.534,202.793,1173.946,321.911,1795.406,246.798,2986.086,319.33,4017.703,704.175,1194.737,1842.264,3291.034,4598.759,6.884,6.514,6.587,5.053,14.401,7.024,17.409,-15.093,12.727,-14.465,1.697,-7.817,0.296,1.461,-7.814,-1.971,-10.525,21.651,-5.843,20.979,5.187,14.331,2.171,52.69,44.929,42.568,41.544,30.925,0.479,low,0.532,0.485,0.533,0.465,-541.498,525.024,1263.146,522.69,1.356,1.777,0.767,Luchun-Lax,0.763083849184018,2419769333948480038
Luchun_F4,4,F,Luchun,,F4_nga_31_01,380.558,709.896,329.338,5,a_31,Vowel,a,Tense,Oral,31.0,2.0,Mid,31,Unaspirated,Nasal,174.707,174.381,176.747,174.762,1101.563,371.007,1729.85,167.09,2985.792,266.661,3864.479,981.721,1223.286,1746.963,3218.634,4828.481,2.203,1.861,8.175,6.757,5.608,-1.2,13.377,-18.017,14.182,-11.504,1.889,-4.99,-5.972,-4.896,2.567,7.956,-11.174,19.91,-11.98,13.365,0.313,6.851,1.754,53.203,49.141,47.086,45.717,31.663,0.637,low,0.625,0.599,0.679,0.596,-312.164,546.526,930.285,543.113,0.554,1.737,0.216,Luchun-Tense,0.318940702360392,-373095882963756751
Luchun_F4,4,F,Luchun,,F4_nga_31_02,178.953,536.672,357.719,5,a_31,Vowel,a,Tense,Oral,31.0,2.0,Mid,31,Unaspirated,Nasal,167.366,167.315,169.157,168.046,1125.294,294.28,1707.05,173.677,2980.235,172.625,4145.411,765.219,1268.225,1712.225,3159.628,4870.924,1.558,1.263,7.624,6.411,3.36,-2.222,15.276,-17.34,14.378,-13.213,2.8,-4.965,-6.066,-5.148,4.264,8.633,-13.718,18.645,-12.821,14.476,-1.242,6.228,1.433,48.833,41.026,39.041,37.666,29.192,0.047,low,0.618,0.592,0.655,0.581,-310.961,359.27,869.868,355.791,0.667,1.097,0.189,Luchun-Tense,0.608021877848678,1291456581638777944
Luchun_F4,4,F,Luchun,,F4_nga31_01,308.053,854.471,546.418,5,a31,Vowel,a,Lax,Oral,31.0,2.0,Mid,31,Unaspirated,Nasal,174.948,174.432,176.979,174.442,985.773,288.434,1577.713,151.902,3016.03,229.633,4085.738,522.365,1382.138,1589.527,3206.631,4818.761,2.721,2.321,7.715,6.048,5.984,-2.328,12.688,-18.163,14.579,-11.163,2.21,-0.477,-4.994,-3.727,1.731,8.375,-9.967,20.527,-11.859,13.484,0.511,2.798,1.383,48.158,42.862,41.486,39.699,29.081,0.63,low,0.605,0.574,0.653,0.555,-349.414,582.392,1051.804,579.217,0.678,1.737,0.262,Luchun-Lax,0.390328151986183,8683437091304902169
Luchun_F4,4,F,Luchun,,F4_nga31_02,226.199,715.254,489.055,5,a31,Vowel,a,Lax,Oral,31.0,2.0,Mid,31,Unaspirated,Nasal,174.604,174.323,176.304,174.583,1013.698,270.779,1704.948,219.824,3004.719,182.631,4177.82,497.47,1314.993,1762.25,3170.763,4918.146,2.777,2.411,6.23,4.708,2.715,-4.74,11.326,-19.266,10.426,-14.155,1.35,-3.885,-3.454,-2.297,3.515,9.448,-8.549,21.706,-7.649,16.565,1.427,6.296,0.887,52.795,48.629,45.967,43.603,31.487,0.801,low,0.572,0.504,0.652,0.458,-263.351,471.392,1225.243,468.763,0.293,1.919,0.093,Luchun-Lax,0.152683689421574,5920388697323724212
Luchun_F4,4,F,Luchun,,F4_sa_31_01,338.297,711.446,373.149,5,a_31,Vowel,a,Tense,Oral,31.0,2.0,Mid,31,Unaspirated,Oral,219.918,219.928,220.609,219.777,1070.424,120.907,1711.601,149.738,3037.362,564.404,4460.782,533.48,1085.665,1757.622,3424.999,4641.522,5.384,4.853,6.586,4.342,16.847,4.277,22.199,-8.458,14.226,-10.952,-1.229,-4.533,-1.203,0.511,-10.261,0.066,-16.816,13.373,-8.842,15.805,6.613,9.387,4.431,55.345,44.339,43.956,43.396,30.096,0.0,low,0.587,0.558,0.694,0.497,-284.427,525.57,856.907,523.311,0.379,1.053,0.186,Luchun-Tense,0.359924026590693,6546534107101547456
Luchun_F4,4,F,Luchun,,F4_sa_31_02,231.432,609.636,378.204,5,a_31,Vowel,a,Tense,Oral,31.0,2.0,Mid,31,Unaspirated,Oral,214.314,214.32,213.994,214.569,1047.357,151.864,1690.515,149.445,2923.812,758.769,3730.18,597.671,1096.366,1742.319,3515.762,4455.004,4.876,4.355,7.252,5.049,15.964,3.699,21.662,-8.862,16.911,-8.116,-2.75,-8.978,-2.376,-0.694,-8.712,1.35,-16.786,13.254,-12.035,12.471,7.626,13.333,4.583,56.892,46.437,43.464,42.909,29.948,0.0,low,0.589,0.564,0.675,0.491,-378.422,421.321,939.789,419.029,0.458,0.487,0.194,Luchun-Tense,0.940451745379877,907585585162057652
Luchun_F4,4,F,Luchun,,F4_sa31_01,266.099,739.565,473.466,5,a31,Vowel,a,Lax,Oral,31.0,2.0,Mid,31,Unaspirated,Oral,183.345,183.32,188.77,184.327,978.186,182.082,1631.17,178.95,2904.274,279.048,4286.612,619.84,1099.364,1689.734,3051.619,4480.364,2.562,2.104,4.063,2.135,11.615,1.256,17.419,-12.588,15.363,-8.963,1.359,-3.12,-1.501,-0.031,-7.552,0.879,-14.857,14.722,-12.801,11.067,1.203,5.224,2.355,45.801,36.695,34.179,32.731,28.568,0.764,low,0.543,0.511,0.589,0.507,-299.933,504.315,832.122,501.541,0.647,1.207,0.28,Luchun-Lax,0.536039768019884,-5513775044134388766
Luchun_F4,4,F,Luchun,,F4_sa31_02,258.094,720.924,462.83,5,a31,Vowel,a,Lax,Oral,31.0,2.0,Mid,31,Unaspirated,Oral,179.234,165.708,183.364,179.841,1010.735,159.201,1702.94,184.587,2979.003,282.063,4050.855,526.987,1172.503,1852.45,3275.675,4506.844,2.91,2.513,3.072,1.417,8.24,-0.07,17.024,-13.481,13.38,-11.218,2.257,-3.133,-0.162,1.096,-5.169,1.487,-14.115,16.024,-10.47,13.732,0.653,5.646,2.001,47.891,39.661,36.238,33.965,29.543,0.709,low,0.522,0.493,0.575,0.469,-279.648,490.676,809.65,488.051,0.624,1.007,0.256,Luchun-Lax,0.619662363455809,-7857249864075512807
Luchun_F4,4,F,Luchun,,F4_se31_01,780.396,1271.46,491.064,5,e31,Vowel,e,Lax,Oral,31.0,2.0,Mid,31,Unaspirated,Oral,196.743,196.543,199.27,197.777,773.809,114.77,2144.884,231.033,3140.498,254.908,4389.449,433.784,870.349,2294.997,3331.127,4654.651,6.639,5.97,8.775,5.818,17.974,-5.659,17.973,-7.511,10.994,-1.988,6.899,3.086,-2.136,0.152,-9.199,11.477,-11.334,13.486,-4.356,7.958,-0.26,2.884,1.852,47.287,43.07,40.755,38.31,29.961,0.577,low,0.54,0.51,0.566,0.494,-336.657,1027.165,810.165,1024.648,1.124,1.35,0.528,Luchun-Lax,0.832592592592593,3659497932672736246
Luchun_F4,4,F,Luchun,,F4_se31_02,354.6,815.349,460.749,5,e31,Vowel,e,Lax,Oral,31.0,2.0,Mid,31,Unaspirated,Oral,177.548,177.596,180.208,178.442,759.106,95.844,2244.421,295.856,3113.655,280.645,4198.592,769.317,845.1,2422.241,3319.756,4904.609,4.658,4.093,6.512,4.048,17.672,-2.322,17.669,-7.829,9.309,-2.494,6.477,0.629,-1.853,0.045,-11.161,6.37,-13.01,11.926,-4.65,6.588,-1.819,3.464,1.502,53.191,50.89,47.614,43.96,33.351,0.708,low,0.529,0.489,0.603,0.502,-253.199,586.435,912.269,583.603,0.329,1.77,0.115,Luchun-Lax,0.185875706214689,5654188588704760342
Luchun_F4,4,F,Luchun,,F4_si_33_01,400.837,864.02,463.183,5,i_33,Vowel,i,Tense,Oral,33.0,1.0,Mid,33,Unaspirated,Oral,245.76,246.121,248.877,246.876,460.243,143.743,2908.662,158.827,3612.299,179.182,4572.06,305.239,3015.525,3901.495,5039.852,5171.586,8.263,5.19,6.883,-7.192,-12.576,-2.517,6.786,-12.897,5.643,10.42,5.882,8.124,1.38,12.381,19.459,-4.674,1.478,18.088,2.62,-5.231,2.382,-2.934,0.49,55.611,64.322,66.28,60.536,31.507,0.0,mid,0.583,0.558,0.656,0.477,-428.851,633.336,939.473,631.397,0.681,1.204,0.468,Luchun-Tense,0.565614617940199,-5791135414376258467
Luchun_F4,4,F,Luchun,,F4_si_33_02,247.588,716.12,468.532,5,i_33,Vowel,i,Tense,Oral,33.0,1.0,Mid,33,Unaspirated,Oral,218.981,218.832,220.58,219.533,333.071,144.888,2841.893,47.633,3655.246,172.727,4544.101,281.131,2888.611,4058.539,5096.487,5235.96,10.339,5.397,4.738,2.564,-12.87,1.773,-3.105,-18.112,5.621,15.232,0.542,9.708,5.602,2.833,17.608,0.791,13.444,23.51,4.719,-9.836,9.797,-4.311,0.382,53.867,65.347,69.657,65.024,32.003,0.0,mid,0.58,0.551,0.645,0.488,-404.586,482.254,1006.341,480.023,0.73,1.22,0.409,Luchun-Tense,0.598360655737705,8612873913619837353
Luchun_F4,4,F,Luchun,,F4_si31_01,556.905,1036.451,479.546,5,i31,Vowel,i,Lax,Oral,31.0,2.0,Mid,31,Unaspirated,Oral,215.745,216.638,221.03,218.022,401.861,70.061,2629.494,150.424,3490.606,169.829,4427.021,472.087,2142.749,3450.533,4546.822,4801.55,10.912,7.862,13.813,0.233,-7.955,2.213,13.787,-4.793,7.261,11.544,5.537,11.947,-2.901,7.629,21.768,-1.981,-2.876,12.656,3.651,-3.682,5.374,-4.085,0.833,44.879,53.438,53.798,48.208,29.647,0.741,low,0.485,0.477,0.536,0.419,-692.518,797.729,1371.106,795.784,0.914,1.019,0.54,Luchun-Lax,0.896957801766438,6449883782060394766
Luchun_F4,4,F,Luchun,,F4_si31_02,288.807,862.838,574.031,5,i31,Vowel,i,Lax,Oral,31.0,2.0,Mid,31,Unaspirated,Oral,203.636,204.062,207.917,205.015,387.848,62.392,2677.767,196.297,3456.262,163.286,4519.03,391.581,2652.51,3562.338,4719.745,4783.253,8.717,5.818,12.604,-2.347,-7.431,2.431,12.573,-5.638,4.271,9.275,5.037,10.604,-3.887,8.164,20.035,-4.778,-3.856,11.456,4.446,-3.457,3.68,-4.786,0.573,46.405,56.432,56.118,49.713,29.633,0.64,low,0.463,0.454,0.544,0.404,-704.537,576.212,1713.151,574.225,0.557,1.773,0.322,Luchun-Lax,0.314156796390299,-4117460531563989341
Luchun_F4,4,F,Luchun,,F4_si33_01,261.539,728.925,467.386,5,i33,Vowel,i,Lax,Oral,33.0,1.0,Mid,33,Unaspirated,Oral,253.862,253.773,254.746,254.584,481.158,109.56,2765.083,89.66,3561.05,247.27,4480.324,398.046,364.563,2778.854,3794.223,4740.209,13.242,10.341,14.37,-2.042,-7.27,2.025,14.369,-5.739,14.194,17.127,8.904,12.021,-1.128,12.383,21.639,-4.067,-1.127,16.08,-0.953,-6.786,4.337,-1.68,2.028,58.043,64.296,65.482,60.949,32.201,0.0,mid,0.505,0.508,0.636,0.421,-852.721,496.061,1831.163,494.4,0.46,1.449,0.317,Luchun-Lax,0.317460317460317,-5079365774923594325
Luchun_F4,4,F,Luchun,,F4_si33_02,259.508,726.409,466.901,5,i33,Vowel,i,Lax,Oral,33.0,1.0,Mid,33,Unaspirated,Oral,245.281,245.291,246.507,246.208,457.539,100.953,2706.287,98.258,3548.396,279.682,4534.817,630.687,306.665,2753.793,3703.174,4799.932,11.192,8.194,13.495,-1.417,-9.04,0.639,13.494,-6.301,13.199,16.373,7.191,11.402,-2.304,9.61,22.535,-2.056,-2.303,14.496,-2.007,-8.179,4.001,-3.208,1.391,52.953,61.672,64.084,59.442,32.112,0.905,mid,0.506,0.514,0.619,0.432,-916.827,493.692,1743.269,491.928,0.448,1.366,0.328,Luchun-Lax,0.32796486090776,-7515070890971612012
Luchun_F4,4,F,Luchun,,F4_si55_01,291.328,773.168,481.84,5,i55,Vowel,i,Lax,Oral,55.0,1.0,High,55,Unaspirated,Oral,256.149,256.126,256.33,258.593,378.201,184.313,2739.108,274.008,3476.973,286.585,4556.5,248.157,304.314,2783.379,3550.213,4667.429,13.614,8.237,8.555,7.114,-13.622,1.025,0.746,-15.875,7.9,15.045,5.406,11.897,5.059,1.123,22.177,6.089,12.869,24.112,5.714,-6.808,8.209,-3.66,0.87,53.012,62.097,63.595,59.166,28.878,0.0,high,0.433,0.45,0.495,0.376,-1253.123,533.424,1659.61,531.957,0.895,0.98,0.913,Luchun-Lax,0.913265306122449,1928768726419788221
Luchun_F4,4,F,Luchun,,F4_si55_02,300.298,750.964,450.666,5,i55,Vowel,i,Lax,Oral,55.0,1.0,High,55,Unaspirated,Oral,252.974,253.084,252.905,251.303,357.515,180.774,2731.399,168.591,3457.2,270.406,4540.804,386.816,279.435,2753.829,3533.541,4707.006,12.602,6.645,6.715,6.744,-11.285,4.212,0.94,-14.774,6.835,14.784,2.669,9.977,5.888,-0.099,18.0,2.532,11.662,21.419,5.767,-8.139,9.933,-3.332,0.615,56.848,65.306,65.872,60.642,32.182,0.0,high,0.426,0.439,0.478,0.364,-1169.839,526.498,1528.362,525.059,0.928,0.957,0.97,Luchun-Lax,0.96969696969697,1222339634872245286
Luchun_F4,4,F,Luchun,,F4_x005F_x1a31_01,160.932,757.245,596.313,5,a31,Vowel,a,Lax,Oral,31.0,2.0,Mid,31,Unaspirated,Oral,193.246,193.383,196.924,194.298,1028.287,205.944,1688.009,230.45,2992.777,261.309,4093.04,692.364,1271.086,1857.96,3208.776,4600.422,5.96,5.503,6.152,4.231,14.068,3.813,19.759,-10.633,17.612,-7.035,7.984,3.332,-0.192,1.272,-7.915,0.418,-13.799,16.172,-11.652,12.538,-2.023,2.172,4.211,55.651,45.649,42.568,40.46,33.046,0.753,low,0.567,0.528,0.633,0.493,-336.84,460.213,1122.782,457.656,0.636,1.683,0.263,Luchun-Lax,0.377896613190731,-1374439684986900428
Luchun_F4,4,F,Luchun,,F4_x005F_x1a31_02,193.245,746.964,553.719,5,a31,Vowel,a,Lax,Oral,31.0,2.0,Mid,31,Unaspirated,Oral,185.359,185.206,187.82,185.567,1035.794,201.048,1683.452,230.572,2981.783,264.945,4189.943,579.615,1256.095,1921.972,3197.001,4751.616,5.268,4.864,4.828,3.14,10.115,1.654,16.673,-14.239,13.434,-11.934,3.98,-1.391,0.44,1.724,-5.286,1.486,-11.405,19.138,-8.166,16.798,1.288,6.255,1.963,56.635,49.053,46.055,43.703,32.514,0.691,low,0.518,0.482,0.608,0.433,-330.79,470.89,1211.856,468.551,0.329,1.572,0.139,Luchun-Lax,0.209287531806616,5894499836954456295
Luchun_F4,4,F,Luchun,,F4_x1a_31_01,184.553,651.844,467.291,5,a_31,Vowel,a,Tense,Oral,31.0,2.0,Mid,31,Unaspirated,Oral,183.311,179.695,186.096,296.171,1078.824,68.869,1754.115,195.658,2981.512,194.736,4092.832,325.314,1195.658,1978.52,3226.077,4507.13,3.03,2.665,6.374,4.859,11.609,4.253,27.764,-3.554,21.682,-3.854,12.791,5.604,-3.345,-2.194,-5.235,0.606,-24.734,6.252,-18.652,6.519,-9.761,-2.939,14.014,53.022,42.633,38.209,36.179,31.205,0.389,low,0.611,0.563,0.665,0.595,-225.99,420.085,703.265,416.833,0.613,1.661,0.234,Luchun-Tense,0.369054786273329,-6045086067288212991
Luchun_F4,4,F,Luchun,,F4_x1a_31_02,222.128,614.27,392.142,5,a_31,Vowel,a,Tense,Oral,31.0,2.0,Mid,31,Unaspirated,Oral,177.513,160.094,179.759,177.323,1025.385,98.884,1739.025,158.014,2937.654,246.245,4149.771,402.455,1119.91,1888.253,3391.972,4602.385,2.696,2.33,6.222,4.696,10.926,3.443,24.889,-5.675,17.72,-6.583,6.483,-0.796,-3.525,-2.366,-4.704,1.254,-22.193,8.028,-15.023,8.912,-3.787,3.125,7.296,50.798,41.778,38.151,36.835,30.394,0.544,low,0.62,0.551,0.639,0.603,-232.907,419.956,669.146,416.553,0.977,1.547,0.357,Luchun-Tense,0.631544925662573,8613951057034018702
Luchun_F4,4,F,Luchun,,F4_xa_31_01,183.262,678.767,495.505,5,a_31,Vowel,a,Tense,Oral,31.0,2.0,Mid,31,Unaspirated,Oral,186.292,186.218,189.446,187.036,1061.163,155.974,1703.665,152.866,2918.578,286.768,3851.999,722.423,1113.541,1741.982,3100.827,4412.757,7.013,6.624,9.094,7.475,13.268,5.286,24.131,-7.124,21.816,-3.887,5.556,-1.877,-2.081,-0.851,-4.175,2.19,-17.119,13.781,-14.804,10.511,1.456,8.501,8.97,49.149,37.908,32.865,30.022,27.804,0.647,low,0.598,0.559,0.663,0.526,-271.323,432.191,809.527,429.378,0.513,0.924,0.183,Luchun-Tense,0.555194805194805,1450522608551656721
Luchun_F4,4,F,Luchun,,F4_xa_31_02,179.771,666.191,486.42,5,a_31,Vowel,a,Tense,Oral,31.0,2.0,Mid,31,Unaspirated,Oral,183.536,183.812,186.472,183.953,1058.744,146.847,1705.201,229.764,2978.2,338.168,4326.899,968.563,1098.825,1757.345,3072.934,4750.889,7.222,6.847,9.286,7.727,12.518,4.914,23.276,-8.113,18.94,-6.963,3.028,-3.304,-2.064,-0.88,-3.232,2.813,-16.055,14.996,-11.719,13.81,4.193,10.151,5.786,47.986,40.043,36.723,34.898,28.533,0.605,low,0.594,0.544,0.644,0.529,-276.001,424.209,821.401,421.332,0.576,0.868,0.185,Luchun-Tense,0.663594470046083,-8393910347472595219
Luchun_F4,4,F,Luchun,,F4_xa_33_01,90.959,660.042,569.083,5,a_33,Vowel,a,Tense,Oral,33.0,1.0,Mid,33,Unaspirated,Oral,222.062,222.193,222.985,223.332,1065.207,121.3,1680.097,208.302,2821.039,473.072,4267.565,786.346,1150.704,1766.865,3192.766,4393.683,12.34,11.788,13.268,10.931,25.317,11.976,30.05,-0.689,26.383,0.917,14.315,6.333,-0.928,0.857,-12.048,-1.045,-17.71,12.514,-14.043,10.872,-1.975,5.456,33.462,57.992,47.437,46.518,45.115,33.335,0.0,mid,0.56,0.548,0.598,0.529,-502.588,376.997,970.178,374.616,1.025,1.347,0.763,Luchun-Tense,0.760950259836674,2011092917055667750
Luchun_F4,4,F,Luchun,,F4_xa31_01,193.414,823.51,630.096,5,a31,Vowel,a,Lax,Oral,31.0,2.0,Mid,31,Unaspirated,Oral,186.112,186.049,189.067,186.67,1035.036,181.674,1739.087,219.093,2837.573,282.675,3866.123,247.137,1177.084,1945.624,3305.054,4105.627,8.684,8.283,9.581,7.906,14.345,5.917,23.297,-7.292,19.827,-4.678,9.584,0.885,-0.896,0.378,-4.765,1.989,-14.612,15.598,-11.143,12.962,-0.9,7.399,8.594,50.388,42.024,38.275,36.528,30.99,0.74,low,0.583,0.536,0.642,0.535,-284.702,509.782,923.357,506.892,0.561,1.021,0.21,Luchun-Lax,0.549461312438786,-7254007871414807800
Luchun_F4,4,F,Luchun,,F4_xa31_02,174.168,768.282,594.114,5,a31,Vowel,a,Lax,Oral,31.0,2.0,Mid,31,Unaspirated,Oral,184.455,184.216,187.447,184.858,1036.406,183.854,1728.082,228.235,2868.328,281.957,3870.008,410.095,1189.817,1934.351,3231.692,4375.717,8.575,8.179,8.653,7.001,13.741,5.479,22.509,-8.223,18.759,-6.059,9.109,1.19,-0.078,1.178,-5.088,1.522,-13.935,16.427,-10.184,14.238,-0.534,6.988,6.954,50.081,41.439,38.465,37.137,31.524,0.704,low,0.536,0.484,0.603,0.394,-295.003,472.143,966.175,470.003,0.452,1.415,0.191,Luchun-Lax,0.319434628975265,4783562958024703975
Luchun_F4,4,F,Luchun,,F4_xa55_01,106.678,609.142,502.464,5,a55,Vowel,a,Lax,Oral,55.0,1.0,High,55,Unaspirated,Oral,253.532,253.736,255.257,253.601,873.407,254.972,1535.026,361.206,2967.394,239.079,4171.657,625.897,1187.017,1693.16,3066.889,4308.033,7.84,6.831,8.156,3.576,20.169,6.029,16.976,-10.435,21.691,0.257,9.791,10.601,-0.315,3.255,-12.014,-2.453,-9.136,17.306,-13.851,6.574,-1.95,-3.769,7.869,63.313,52.672,51.1,50.462,32.499,0.901,high,0.47,0.471,0.545,0.406,-561.715,358.647,926.197,357.042,1.076,1.263,0.852,Luchun-Lax,0.85193982581156,-4247519158656981129
Luchun_F4,4,F,Luchun,,F4_xe=_33_01,196.851,640.23,443.379,5,e=_33,Vowel,ɤ,Tense,Oral,33.0,1.0,Mid,33,Unaspirated,Oral,227.86,227.794,227.016,228.778,643.601,148.162,1594.488,52.766,2945.759,128.683,4359.52,616.682,591.141,1567.902,3053.262,4521.328,9.142,7.804,14.176,7.479,6.182,2.496,17.804,-5.969,17.481,2.894,7.696,12.92,-5.034,0.326,7.994,4.982,-8.662,13.785,-8.339,4.91,1.446,-5.115,2.72,59.034,54.376,55.459,54.638,32.027,0.0,mid,0.539,0.507,0.583,0.444,-609.112,419.586,1309.59,417.638,1.082,1.604,0.677,Luchun-Tense,0.674563591022444,-6345659432683609184
Luchun_F4,4,F,Luchun,,F4_xe=_33_02,251.006,618.152,367.146,5,e=_33,Vowel,ɤ,Tense,Oral,33.0,1.0,Mid,33,Unaspirated,Oral,235.818,235.734,235.892,236.797,644.669,166.785,1564.625,318.707,3036.006,97.692,4341.119,666.851,999.83,1459.192,3113.842,4470.079,9.354,7.892,15.443,7.93,8.003,5.118,18.953,-4.688,12.465,-2.234,10.007,17.296,-6.089,-0.038,7.44,2.812,-9.599,12.596,-3.111,10.127,-0.653,-9.403,3.136,65.706,58.953,59.035,57.189,33.302,0.0,mid,0.538,0.506,0.566,0.476,-764.869,435.958,1357.151,433.941,1.141,1.451,0.788,Luchun-Tense,0.786354238456237,7473784663172968778
Luchun_F4,4,F,Luchun,,F4_xe=33_01,225.061,711.446,486.385,5,e=33,Vowel,ɤ,Lax,Oral,33.0,1.0,Mid,33,Unaspirated,Oral,235.521,235.402,235.897,236.636,620.524,140.22,1584.717,238.825,3018.36,109.033,4152.508,287.241,1128.101,2758.89,4248.767,4516.31,6.496,4.932,14.943,6.626,5.152,3.614,13.702,-9.48,7.374,-6.279,5.376,12.797,-8.446,-1.695,9.79,3.012,-7.206,14.425,-0.878,11.211,1.12,-7.866,1.558,63.933,60.153,61.062,59.665,33.062,0.0,mid,0.573,0.553,0.661,0.522,-398.878,469.338,1107.788,467.118,0.319,1.085,0.14,Luchun-Lax,0.294009216589862,6662527434178790596
Luchun_F4,4,F,Luchun,,F4_xe=33_02,173.035,605.717,432.682,5,e=33,Vowel,ɤ,Lax,Oral,33.0,1.0,Mid,33,Unaspirated,Oral,237.333,237.267,237.351,237.898,650.579,105.27,1451.3,148.703,3056.227,129.798,4210.89,228.781,995.538,2235.717,3879.096,4563.058,6.269,4.786,14.006,6.447,1.894,-2.048,17.034,-6.985,9.902,-6.235,2.516,11.492,-7.738,-1.66,12.112,8.494,-10.766,11.795,-3.633,11.022,3.753,-6.705,1.63,52.695,46.906,48.202,46.808,29.382,0.0,mid,0.574,0.581,0.701,0.519,-533.417,390.216,1113.722,388.031,0.407,0.576,0.242,Luchun-Lax,0.706597222222222,5208480799238402253
Luchun_F4,4,F,Luchun,,F4_za_31_01,271.561,602.559,330.998,5,a_31,Vowel,a,Tense,Oral,31.0,2.0,Mid,31,Unaspirated,Oral,189.534,184.401,192.573,190.445,1059.666,259.149,1827.743,152.5,2960.962,425.222,3764.47,562.677,1120.035,1882.656,3462.664,4661.141,2.769,2.367,6.18,4.497,11.029,2.477,20.837,-9.436,16.049,-7.524,2.912,-4.931,-3.411,-2.13,-4.849,2.02,-18.068,11.826,-13.279,9.891,-0.143,7.298,4.84,44.002,33.703,30.899,30.474,27.985,0.769,low,0.6,0.572,0.654,0.58,-237.565,438.474,618.013,435.417,0.632,1.129,0.25,Luchun-Tense,0.559787422497786,-20589361943868499
Luchun_F4,4,F,Luchun,,F4_za_31_02,230.506,560.978,330.472,5,a_31,Vowel,a,Tense,Oral,31.0,2.0,Mid,31,Unaspirated,Oral,187.368,162.262,190.221,188.025,1000.635,192.822,1756.358,208.051,2916.185,690.42,3778.014,566.141,1063.102,1826.464,3456.094,4691.047,3.325,2.887,5.545,3.706,11.773,2.063,20.171,-9.516,13.977,-9.131,-0.416,-5.594,-2.221,-0.819,-6.227,1.642,-16.846,12.428,-10.652,12.018,3.74,8.48,3.183,56.476,47.192,45.225,44.18,33.797,0.454,low,0.566,0.527,0.618,0.502,-247.856,397.189,750.455,394.505,0.797,0.995,0.309,Luchun-Tense,0.801005025125628,-3528600489586045309
Luchun_F4,4,F,Luchun,,F4_za31_01,226.357,769.192,542.835,5,a31,Vowel,a,Lax,Oral,31.0,2.0,Mid,31,Unaspirated,Oral,196.854,196.846,200.537,197.984,966.836,185.607,1723.24,204.235,2954.211,255.87,4097.325,549.437,1186.418,1876.499,3197.92,4570.19,5.169,4.66,6.286,4.125,15.259,2.717,18.251,-10.849,14.683,-7.682,5.422,0.477,-1.117,0.535,-8.972,1.408,-13.082,15.531,-9.514,12.342,-0.253,4.183,2.763,53.732,45.245,42.277,40.644,31.759,0.788,low,0.508,0.478,0.559,0.439,-394.179,498.405,1058.447,496.173,0.673,0.766,0.286,Luchun-Lax,0.878590078328982,6534164752720997173
Luchun_F4,4,F,Luchun,,F4_za31_02,267.619,751.724,484.105,5,a31,Vowel,a,Lax,Oral,31.0,2.0,Mid,31,Unaspirated,Oral,185.501,185.444,188.474,186.284,967.403,233.871,1758.575,208.652,2984.647,298.476,4290.604,857.496,1178.463,1885.993,3227.676,4731.364,4.606,4.16,4.846,2.967,11.148,1.05,15.489,-13.817,12.574,-9.878,3.044,-1.769,-0.24,1.193,-6.302,1.917,-10.883,17.999,-7.968,14.038,1.561,5.929,1.628,50.753,43.722,41.527,39.984,33.027,0.906,low,0.513,0.471,0.577,0.365,-363.435,510.167,1129.317,508.204,0.509,1.296,0.232,Luchun-Lax,0.392746913580247,-5115833776396631350
Luchun_M1,1,M,Luchun,,M1_ba_33_01,228.045,580.399,352.354,5,a_33,Vowel,a,Tense,Oral,33.0,1.0,Mid,33,Unaspirated,Oral,127.904,127.626,128.133,127.929,821.415,77.895,1310.444,157.695,2698.853,304.476,3517.213,120.802,932.748,1646.138,3504.351,4626.37,11.877,11.573,17.784,16.527,11.629,5.778,26.807,-3.846,16.165,-10.134,2.796,2.444,-5.906,-4.954,6.155,10.75,-14.93,15.452,-4.288,21.707,9.081,9.129,10.883,42.512,34.952,38.061,34.67,28.145,0.821,mid,0.677,0.621,0.698,0.624,-169.702,406.357,475.042,401.471,1.026,1.356,0.173,Luchun-Tense,0.756637168141593,-6706561996855105020
Luchun_M1,1,M,Luchun,,M1_ba_33_02,210.742,536.619,325.877,5,a_33,Vowel,a,Tense,Oral,33.0,1.0,Mid,33,Unaspirated,Oral,126.759,126.852,126.428,126.258,848.278,67.633,1356.285,201.55,2703.518,439.314,3508.754,124.839,911.189,1632.773,3481.421,4646.164,11.978,11.705,16.875,15.749,10.025,4.877,29.988,-0.887,20.282,-6.048,1.845,-1.009,-4.897,-4.044,6.85,10.872,-18.01,12.618,-8.304,17.753,10.133,12.713,15.924,45.172,35.89,37.381,34.895,29.019,0.381,mid,0.627,0.562,0.641,0.589,-178.867,375.479,549.023,370.836,0.944,3.204,0.298,Luchun-Tense,0.294631710362047,-1246407258130188026
Luchun_M1,1,M,Luchun,,M1_ba31_01,197.569,531.996,334.427,5,a31,Vowel,a,Lax,Oral,31.0,2.0,Mid,31,Unaspirated,Oral,109.619,48.425,113.299,110.978,910.792,182.175,1413.366,218.422,2730.537,208.935,4055.837,592.158,1088.459,1823.222,3263.665,4669.753,19.423,19.228,19.611,18.813,12.743,9.253,24.556,-7.56,19.632,-8.14,5.963,1.449,-0.187,0.415,6.868,9.559,-5.132,26.816,-0.209,27.368,13.46,17.779,11.743,13.857,7.417,11.889,13.968,23.108,0.818,low,0.561,0.418,0.538,0.541,-334.244,368.859,976.055,363.845,2.029,3.335,0.604,Luchun-Lax,0.60839580209895,-7604589100577142621
Luchun_M1,1,M,Luchun,,M1_ba31_02,193.764,505.301,311.537,5,a31,Vowel,a,Lax,Oral,31.0,2.0,Mid,31,Unaspirated,Oral,108.939,59.433,112.483,110.146,911.683,213.069,1428.915,311.213,2697.519,247.074,4344.53,452.947,1055.419,2238.049,3870.335,4626.0,17.938,17.748,18.318,17.543,10.721,7.345,21.562,-10.58,16.403,-11.375,1.765,-3.013,-0.38,0.205,7.597,10.198,-3.624,28.356,1.535,29.124,16.173,20.761,5.974,14.517,9.964,14.485,16.318,21.795,0.831,low,0.526,0.435,0.544,0.475,-280.426,352.664,862.348,348.278,1.83,3.271,0.556,Luchun-Lax,0.559461938245185,572521373223827430
Luchun_M1,1,M,Luchun,,M1_ba33_01,227.484,630.409,402.925,5,a33,Vowel,a,Lax,Oral,33.0,1.0,Mid,33,Unaspirated,Oral,128.88,128.929,128.251,128.46,880.478,323.762,1400.955,319.166,2633.516,196.463,3810.248,367.887,1096.68,2402.885,3788.081,4392.305,20.361,20.104,20.8,19.743,16.67,11.883,26.153,-5.109,21.629,-5.002,8.81,3.514,-0.439,0.36,4.13,7.86,-5.792,25.236,-1.268,25.105,11.551,16.59,15.845,36.577,28.0,28.183,27.004,27.604,0.151,mid,0.541,0.45,0.576,0.41,-373.788,430.407,1080.565,427.236,1.04,2.459,0.423,Luchun-Lax,0.422936152907686,-5999483261759930810
Luchun_M1,1,M,Luchun,,M1_ba33_02,163.278,498.154,334.876,5,a33,Vowel,a,Lax,Oral,33.0,1.0,Mid,33,Unaspirated,Oral,126.163,126.254,126.135,125.629,828.533,266.954,1288.55,237.248,2706.405,209.379,3834.656,472.562,1013.237,1930.765,3391.012,4650.886,20.286,20.0,20.332,19.152,14.938,9.509,24.23,-6.667,20.052,-6.523,4.612,3.633,-0.046,0.848,5.393,9.643,-3.944,26.7,0.234,26.523,15.674,16.366,11.036,17.904,12.383,16.163,17.215,23.382,0.0,mid,0.53,0.486,0.576,0.524,-363.804,334.004,969.98,329.847,0.936,2.496,0.374,Luchun-Lax,0.375,7916973744102136228
Luchun_M1,1,M,Luchun,,M1_bi_31_01,255.332,501.637,246.305,5,i_31,Vowel,i,Tense,Oral,31.0,2.0,Mid,31,Unaspirated,Oral,119.49,120.397,121.255,237.882,245.418,25.938,2642.584,92.519,3105.454,147.129,3471.843,431.462,2801.846,3287.723,4636.641,4639.431,10.896,8.666,19.6,7.532,1.334,9.894,19.597,7.469,4.878,15.523,7.867,12.383,-8.704,1.134,18.265,-2.362,-8.701,1.197,6.018,-6.857,3.029,-3.717,1.061,38.423,51.074,51.239,41.792,26.379,0.34,low,0.549,0.482,0.837,0.381,-210.464,377.928,415.23,374.765,1.492,4.213,0.36,Luchun-Tense,0.354141941609305,-9203435062427805588
Luchun_M1,1,M,Luchun,,M1_bi_31_02,217.263,475.602,258.339,5,i_31,Vowel,i,Tense,Oral,31.0,2.0,Mid,31,Unaspirated,Oral,117.173,117.493,118.321,233.837,240.986,30.537,2570.042,171.644,3057.334,177.507,3441.989,338.358,2805.746,3269.977,4587.861,,11.541,9.342,19.978,8.148,3.459,11.899,19.974,8.049,4.097,14.254,8.086,13.661,-8.436,1.194,16.519,-3.751,-8.433,1.293,7.444,-4.912,3.455,-4.319,1.258,41.328,54.205,53.256,43.816,27.638,0.303,low,0.618,0.484,0.769,0.372,-185.4,346.432,453.499,343.272,1.335,4.213,0.319,Luchun-Tense,0.316876335153098,4199885657321534783
Luchun_M1,1,M,Luchun,,M1_bi31_01,161.29,463.164,301.874,5,i31,Vowel,i,Lax,Oral,31.0,2.0,Mid,31,Unaspirated,Oral,114.44,113.466,117.372,116.024,267.113,66.21,2371.314,347.156,2905.208,379.249,3633.81,648.732,2763.537,3597.986,4872.58,4941.551,16.704,14.8,18.302,7.486,2.42,8.933,16.742,3.607,-4.269,3.048,-3.161,1.485,-1.599,7.314,15.883,-1.447,-0.038,11.193,20.972,11.752,19.865,13.314,1.029,12.91,29.939,31.244,28.94,18.958,0.0,low,0.56,0.478,0.613,0.333,-327.855,311.654,682.626,308.716,1.359,3.377,0.407,Luchun-Lax,0.402428190701806,7768754013053345217
Luchun_M1,1,M,Luchun,,M1_bi31_02,170.366,476.519,306.153,5,i31,Vowel,i,Lax,Oral,31.0,2.0,Mid,31,Unaspirated,Oral,108.591,107.671,110.814,109.696,245.281,72.01,2344.548,292.096,2960.99,446.119,4151.848,447.918,2645.514,3622.48,4918.931,4902.304,16.844,14.945,17.966,7.317,3.41,10.163,17.681,5.42,-2.993,5.018,-1.157,6.776,-1.123,7.628,14.556,-2.846,-0.838,9.525,19.836,9.928,18.0,8.169,0.928,11.29,28.45,29.341,27.066,18.222,0.0,low,0.529,0.437,0.563,0.333,-260.185,323.087,679.109,320.012,1.289,3.075,0.42,Luchun-Lax,0.419186991869919,3791030368094355182
Luchun_M1,1,M,Luchun,,M1_bja_31_02,239.804,402.152,162.348,5,a_31,Vowel,a,Tense,Oral,31.0,2.0,Mid,31,Unaspirated,Oral,112.746,18.339,116.988,114.707,806.489,58.226,1564.356,180.302,2555.008,259.669,3228.573,255.764,866.588,1974.312,3080.863,4841.894,6.8,6.561,11.716,10.732,2.066,-2.445,21.916,-6.769,7.335,-14.064,4.922,-2.672,-4.916,-4.171,9.65,13.177,-15.116,13.336,-0.535,20.625,1.878,9.233,3.072,22.809,17.415,18.531,18.894,20.955,0.05,low,0.639,0.555,0.664,0.619,-156.984,322.207,486.574,316.735,1.005,2.245,0.177,Luchun-Tense,0.447661469933185,3991121847706129921
Luchun_M1,1,M,Luchun,,M1_bja_33_01,294.462,524.853,230.391,5,a_33,Vowel,a,Tense,Oral,33.0,1.0,Mid,33,Unaspirated,Oral,135.257,135.278,134.885,134.773,854.833,114.941,1485.961,127.162,2559.55,125.465,3935.912,483.137,1150.157,2214.685,3424.536,4278.897,10.561,10.264,16.636,15.408,10.643,4.881,27.271,-2.556,24.003,-0.184,15.18,8.444,-6.075,-5.144,5.993,10.527,-16.71,12.833,-13.442,10.447,-4.619,1.819,13.945,48.444,38.824,34.968,31.796,28.215,0.754,mid,0.65,0.6,0.662,0.607,-206.92,411.701,560.279,407.218,0.933,2.955,0.318,Luchun-Tense,0.315736040609137,4095341544629389392
Luchun_M1,1,M,Luchun,,M1_bja_33_02,192.487,429.733,237.246,5,a_33,Vowel,a,Tense,Oral,33.0,1.0,Mid,33,Unaspirated,Oral,136.072,136.17,137.787,183.658,830.195,70.192,1481.373,134.179,2575.401,220.972,3504.057,624.063,951.109,1773.339,2981.869,4466.776,9.594,9.276,16.066,14.75,13.988,7.692,30.871,1.574,22.376,-0.92,9.86,3.812,-6.472,-5.474,2.078,7.057,-21.277,7.715,-12.782,10.196,-0.266,5.464,17.427,43.679,34.289,31.233,28.064,26.948,0.448,mid,0.672,0.632,0.696,0.62,-194.623,312.84,557.691,308.271,0.816,1.31,0.15,Luchun-Tense,0.622900763358779,-3998247128025412963
Luchun_M1,1,M,Luchun,,M1_bja31_01,227.488,487.24,259.752,5,a31,Vowel,a,Lax,Oral,31.0,2.0,Mid,31,Unaspirated,Oral,113.259,,123.546,115.043,881.363,180.616,1536.724,236.782,2569.146,230.561,4014.432,442.91,1068.476,2047.417,3084.013,4512.215,13.613,13.402,15.108,14.246,11.186,7.353,23.799,-6.748,16.142,-8.68,4.177,-4.301,-1.496,-0.844,3.923,6.893,-10.186,20.162,-2.529,22.082,9.436,17.703,7.182,15.562,8.02,10.499,14.253,22.439,0.813,low,0.55,0.466,0.57,0.426,-298.221,358.88,1059.636,355.085,1.59,3.401,0.469,Luchun-Lax,0.467509556012937,-4366364567242678437
Luchun_M1,1,M,Luchun,,M1_bja31_02,249.774,492.784,243.01,5,a31,Vowel,a,Lax,Oral,31.0,2.0,Mid,31,Unaspirated,Oral,110.906,,120.683,112.315,872.233,208.43,1548.172,170.772,2650.421,310.116,4251.464,572.932,1107.053,1871.786,3686.335,4363.481,15.055,14.85,16.261,15.423,10.237,6.513,19.108,-11.125,14.05,-10.078,1.452,-5.785,-1.206,-0.573,6.024,8.91,-4.053,25.987,1.005,24.929,13.603,20.635,3.762,13.849,9.581,12.363,15.297,21.05,0.678,low,0.537,0.441,0.531,0.396,-316.04,373.162,1028.331,369.552,1.786,2.595,0.457,Luchun-Lax,0.688246628131021,-4949298038826021916
Luchun_M1,1,M,Luchun,,M1_bja33_01,236.4,470.818,234.418,5,a33,Vowel,a,Lax,Oral,33.0,1.0,Mid,33,Unaspirated,Oral,135.518,135.452,136.269,135.58,816.256,167.573,1496.712,187.805,2588.403,177.818,3904.966,446.61,991.955,2041.671,3384.708,4261.041,16.098,15.772,18.664,17.312,15.445,8.915,27.473,-1.47,18.473,-4.266,6.299,0.726,-2.566,-1.54,3.219,8.397,-11.375,17.254,-2.376,20.038,9.798,15.046,12.563,33.641,27.107,26.19,25.885,24.994,0.79,mid,0.564,0.486,0.579,0.41,-372.85,355.085,1134.143,352.057,1.167,2.62,0.445,Luchun-Lax,0.445419847328244,5439806485149409824
Luchun_M1,1,M,Luchun,,M1_bja33_02,199.546,482.738,283.192,5,a33,Vowel,a,Lax,Oral,33.0,1.0,Mid,33,Unaspirated,Oral,131.767,131.928,131.993,131.96,815.997,225.236,1490.949,198.581,2558.449,150.348,3811.303,505.928,1118.573,1859.736,2856.888,4407.472,16.409,16.101,18.306,17.032,13.928,7.846,24.722,-4.207,18.67,-3.923,9.312,3.081,-1.897,-0.93,4.378,9.185,-8.313,20.318,-2.261,20.024,7.097,13.02,9.167,21.787,16.174,16.879,18.61,24.146,0.881,mid,0.499,0.447,0.526,0.401,-399.129,343.255,1127.532,340.215,1.339,2.459,0.544,Luchun-Lax,0.544530296868646,6379576452286109664
Luchun_M1,1,M,Luchun,,M1_bja55_01,119.711,444.851,325.14,5,a55,Vowel,a,Lax,Oral,55.0,1.0,High,55,Unaspirated,Oral,164.811,164.911,164.965,164.419,793.269,206.798,1471.055,203.591,2493.654,498.624,3424.388,825.545,1040.232,1801.389,3432.052,4353.685,18.977,18.476,18.97,16.844,24.185,11.908,26.862,-1.158,22.59,0.811,11.112,5.078,0.007,1.632,-5.215,4.936,-7.885,19.645,-3.613,17.666,7.865,13.399,15.383,46.781,39.079,38.01,36.925,31.201,0.0,high,0.451,0.439,0.483,0.406,-577.614,283.53,1061.381,281.066,0.703,1.489,0.474,Luchun-Lax,0.472128945601074,6242926295746467874
Luchun_M1,1,M,Luchun,,M1_bja55_02,189.979,489.435,299.456,5,a55,Vowel,a,Lax,Oral,55.0,1.0,High,55,Unaspirated,Oral,156.98,157.104,157.091,156.351,788.802,243.352,1474.95,178.723,2550.206,176.396,3645.85,271.158,1115.568,2144.773,3321.334,4212.698,17.677,17.221,17.782,15.857,21.585,11.03,24.316,-3.782,21.152,-0.607,12.749,7.703,-0.105,1.364,-3.803,4.827,-6.639,21.014,-3.476,17.828,4.928,9.518,10.355,50.484,41.347,40.436,39.223,31.741,0.088,high,0.471,0.454,0.516,0.418,-485.254,341.63,1073.864,338.971,0.546,1.686,0.323,Luchun-Lax,0.323843416370107,-5815308086621877090
Luchun_M1,1,M,Luchun,,M1_bu_31_01,209.113,454.993,245.88,5,u_31,Vowel,u,Tense,Oral,31.0,2.0,Mid,31,Unaspirated,Oral,122.387,122.037,123.507,122.854,279.654,136.098,738.533,116.994,2952.398,458.789,3775.114,330.83,682.853,3161.435,3964.869,4327.229,7.469,5.45,19.269,7.686,8.001,9.253,18.696,3.142,11.896,1.752,-15.543,16.889,-11.799,-2.235,11.268,-1.567,-11.227,2.334,-4.427,3.698,23.012,-11.438,1.018,31.007,35.011,39.214,39.047,22.769,0.488,low,0.607,0.518,0.659,0.392,-130.012,332.336,318.642,329.126,1.429,3.361,0.429,Luchun-Tense,0.425171080035704,-8244327087886933675
Luchun_M1,1,M,Luchun,,M1_bu_31_02,157.011,412.006,254.995,5,u_31,Vowel,u,Tense,Oral,31.0,2.0,Mid,31,Unaspirated,Oral,121.675,121.59,122.059,122.449,258.108,38.086,742.757,150.161,2720.516,504.836,3812.989,268.556,479.178,3394.218,4189.16,4061.051,10.468,8.141,20.672,7.534,4.185,7.458,20.669,6.838,1.638,-6.828,-15.956,14.92,-10.204,0.607,16.487,0.075,-10.201,1.318,8.83,14.969,26.424,-6.78,1.146,27.725,37.003,42.954,43.589,23.25,0.571,low,0.77,0.697,0.827,0.528,-40.067,285.504,104.427,281.158,1.497,2.144,0.338,Luchun-Tense,0.698227611940298,-5596700297623988227
Luchun_M1,1,M,Luchun,,M1_bu31_01,184.833,504.87,320.037,5,u31,Vowel,u,Lax,Oral,31.0,2.0,Mid,31,Unaspirated,Oral,117.53,117.178,120.04,118.785,311.625,103.412,948.573,421.656,1887.439,613.35,4350.372,344.356,626.787,2155.964,4148.179,4895.553,13.399,11.948,20.681,13.108,8.535,8.144,18.698,1.303,2.689,-6.936,-8.988,-0.375,-7.281,-1.16,12.146,4.964,-5.299,10.646,10.71,18.884,22.387,12.322,2.109,13.342,18.737,23.396,27.058,19.008,0.442,low,0.71,0.625,0.721,0.546,-241.535,346.046,574.741,341.388,1.569,3.776,0.417,Luchun-Lax,0.41551906779661,4249057126286204017
Luchun_M1,1,M,Luchun,,M1_bu31_02,154.322,465.811,311.489,5,u31,Vowel,u,Lax,Oral,31.0,2.0,Mid,31,Unaspirated,Oral,113.923,113.397,113.988,114.332,266.115,172.47,896.265,447.264,2749.893,441.155,3761.578,464.558,672.366,1909.701,3806.88,4653.809,13.046,11.298,13.697,4.084,9.127,11.209,8.113,-6.793,-0.04,-8.136,-19.757,8.353,-0.651,7.215,4.57,-7.126,4.933,18.102,13.086,19.434,32.803,2.946,0.453,16.582,23.662,28.373,31.152,17.994,0.698,low,0.621,0.548,0.763,0.495,-147.355,310.82,411.267,306.454,1.39,2.195,0.239,Luchun-Lax,0.633257403189066,4319405777068638857
Luchun_M1,1,M,Luchun,,M1_cjo_31_01,250.63,494.869,244.239,5,o_31,Vowel,o,Tense,Oral,31.0,2.0,Mid,31,Unaspirated,Oral,119.261,118.701,121.776,119.696,361.093,39.259,673.166,41.064,2590.973,242.463,3940.407,155.343,578.772,3249.993,3858.103,5538.646,9.774,8.492,19.161,13.03,14.721,6.524,26.979,5.264,18.764,1.821,-12.867,12.762,-9.386,-4.538,4.44,6.506,-17.205,3.28,-8.99,6.67,22.641,-4.271,5.424,16.907,27.078,36.717,37.745,20.149,0.0,low,0.647,0.579,0.597,0.613,-103.984,374.558,319.133,369.388,1.045,1.268,0.134,Luchun-Tense,0.824132492113565,4561629415369384896
Luchun_M1,1,M,Luchun,,M1_cjo_31_02,249.861,448.688,198.827,5,o_31,Vowel,o,Tense,Oral,31.0,2.0,Mid,31,Unaspirated,Oral,109.3,109.007,111.106,110.121,383.358,102.525,689.547,85.829,2602.475,150.527,3875.678,167.291,598.46,2842.709,3822.233,5276.514,8.979,8.057,15.406,11.257,21.21,6.228,19.333,-4.064,17.341,-0.843,-7.449,15.289,-6.427,-3.199,-5.804,5.029,-10.353,12.169,-8.362,8.901,16.429,-7.231,2.384,22.617,30.612,36.926,35.572,25.308,0.696,low,0.65,0.579,0.785,0.55,-103.47,350.866,302.09,345.836,1.251,4.397,0.289,Luchun-Tense,0.284512167386855,-5203968183062691057
Luchun_M1,1,M,Luchun,,M1_cjo31_01,246.415,585.937,339.522,5,o31,Vowel,o,Lax,Oral,31.0,2.0,Mid,31,Unaspirated,Oral,117.965,117.554,123.334,119.967,349.214,75.121,671.466,61.814,2524.63,156.789,3900.823,188.733,561.745,3389.936,4015.921,,15.722,14.293,22.703,15.652,18.223,11.239,25.156,4.514,19.074,2.907,-10.85,14.824,-6.981,-1.358,4.48,4.413,-9.434,9.823,-3.353,11.387,26.572,-0.53,6.112,8.277,21.747,30.677,31.953,18.889,0.363,low,0.658,0.531,0.706,0.452,-129.967,417.008,403.48,413.187,1.375,4.252,0.326,Luchun-Lax,0.323377234242709,3460958744876179397
Luchun_M1,1,M,Luchun,,M1_cjo31_02,230.509,539.443,308.934,5,o31,Vowel,o,Lax,Oral,31.0,2.0,Mid,31,Unaspirated,Oral,116.182,115.706,119.205,117.478,706.946,88.084,2519.073,162.705,3449.755,641.043,3875.663,399.287,607.453,2746.326,3841.078,5340.206,15.591,15.318,19.463,18.325,18.101,12.47,15.333,-10.705,-13.305,-22.696,-15.569,-19.618,-3.872,-3.007,1.363,5.855,0.258,26.025,28.896,38.014,31.16,34.936,3.167,15.962,28.127,35.174,36.366,21.604,0.566,low,0.529,0.45,0.623,0.355,-136.707,384.91,414.86,381.822,1.122,4.314,0.258,Luchun-Lax,0.260083449235049,8130353005411914045
Luchun_M1,1,M,Luchun,,M1_de_31_01,213.117,467.536,254.419,5,e_31,Vowel,e,Tense,Oral,31.0,2.0,Mid,31,Unaspirated,Oral,113.194,113.279,112.221,113.13,568.185,32.912,2088.187,371.879,2619.751,263.982,3275.371,190.152,596.183,2448.533,3217.123,5267.534,8.998,8.607,12.078,10.414,14.675,5.054,24.737,0.254,7.016,-2.743,8.34,-0.892,-3.08,-1.807,-2.598,5.36,-15.739,8.354,1.982,11.35,0.658,9.499,3.124,36.614,38.103,34.397,29.89,28.061,0.0,low,0.625,0.545,0.625,0.505,-191.962,342.221,471.049,337.755,1.385,3.554,0.399,Luchun-Tense,0.389701744513225,-2600690443137477883
Luchun_M1,1,M,Luchun,,M1_de_33_01,152.809,441.767,288.958,5,e_33,Vowel,e,Tense,Oral,33.0,1.0,Mid,33,Unaspirated,Oral,145.558,145.626,146.046,146.765,496.865,102.225,2081.051,309.404,2698.572,368.546,3495.828,332.922,543.597,2415.824,3507.835,4787.164,13.181,12.328,20.234,16.253,20.168,11.974,22.268,-0.424,5.853,-0.159,7.226,2.135,-7.053,-3.925,0.066,4.28,-9.088,12.753,7.327,12.488,5.955,10.193,4.614,47.175,50.698,44.891,39.39,28.662,0.645,mid,0.671,0.612,0.663,0.566,-192.463,298.963,498.547,295.081,0.864,3.071,0.287,Luchun-Tense,0.281341582546402,8099177128599257055
Luchun_M1,1,M,Luchun,,M1_de_33_02,145.95,420.262,274.312,5,e_33,Vowel,e,Tense,Oral,33.0,1.0,Mid,33,Unaspirated,Oral,139.789,139.763,140.496,140.87,530.865,70.99,2110.926,203.233,2807.286,256.615,3508.453,242.959,571.113,2431.914,3356.519,4835.138,11.863,11.177,18.92,15.828,23.05,6.6,23.02,-0.149,9.222,2.286,8.547,3.561,-7.057,-4.652,-4.131,9.228,-11.157,11.326,2.64,8.891,3.315,7.616,4.619,42.487,46.353,42.261,37.362,27.991,0.663,mid,0.64,0.587,0.637,0.584,-225.503,284.721,578.005,280.54,0.986,2.968,0.333,Luchun-Tense,0.332210242587601,-1622020711714014829
Luchun_M1,1,M,Luchun,,M1_de-_33_01,226.828,604.932,378.104,5,e-_33,Vowel,ø,Tense,Oral,33.0,1.0,Mid,33,Unaspirated,Oral,136.525,136.286,137.87,137.396,361.412,46.395,1695.829,92.199,2445.295,154.102,3190.646,181.738,608.586,2272.826,3491.594,4972.759,10.962,9.547,23.13,15.512,2.395,3.844,19.318,0.626,4.189,-0.379,2.692,6.116,-12.168,-5.965,20.735,11.668,-8.356,8.921,6.773,9.926,8.27,3.431,3.655,29.808,40.008,36.615,33.306,24.687,0.157,mid,0.66,0.595,0.72,0.575,-160.127,417.148,448.158,412.925,1.215,3.413,0.364,Luchun-Tense,0.355991796073835,5324757960663632024
Luchun_M1,1,M,Luchun,,M1_de-_33_02,216.664,566.366,349.702,5,e-_33,Vowel,ø,Tense,Oral,33.0,1.0,Mid,33,Unaspirated,Oral,137.152,137.241,137.083,137.871,350.198,33.984,1658.399,203.0,2543.422,99.044,3947.124,139.85,373.498,2532.895,3699.463,4717.318,12.992,11.5,25.113,16.904,3.139,5.412,16.445,-1.658,0.378,-3.64,2.044,8.065,-12.121,-5.404,21.974,11.491,-3.453,13.159,12.614,15.141,10.948,3.435,4.807,33.175,46.051,43.38,39.137,24.124,0.897,mid,0.658,0.578,0.676,0.5,-159.671,392.198,419.677,388.559,1.22,3.409,0.362,Luchun-Tense,0.357876210032268,4676649502026137753
Luchun_M1,1,M,Luchun,,M1_de-33_01,219.643,611.71,392.067,5,e-33,Vowel,ø,Lax,Oral,33.0,1.0,Mid,33,Unaspirated,Oral,128.732,128.812,128.605,128.883,319.91,61.547,1657.407,129.982,2434.982,254.27,3224.525,446.323,542.858,2081.404,3301.695,4752.901,17.896,16.379,24.693,16.297,6.68,9.392,15.832,-1.074,2.471,-0.633,-2.194,2.787,-6.797,0.081,18.013,6.905,2.064,17.453,15.425,17.011,20.091,13.591,4.083,14.33,27.244,27.617,29.177,20.075,0.568,mid,0.633,0.56,0.687,0.422,-262.13,415.927,758.32,412.648,1.15,1.413,0.216,Luchun-Lax,0.813871196036801,30488369518814359
Luchun_M1,1,M,Luchun,,M1_de-33_02,213.818,560.798,346.98,5,e-33,Vowel,ø,Lax,Oral,33.0,1.0,Mid,33,Unaspirated,Oral,127.443,127.458,128.267,127.735,329.203,60.032,1673.459,227.206,3092.623,286.176,4413.821,571.711,347.201,1884.332,3085.543,4809.896,18.146,16.707,23.743,15.957,5.498,7.513,17.227,-0.076,1.614,-1.686,-10.283,5.836,-5.597,0.751,18.244,8.444,0.919,16.785,16.532,18.394,28.429,10.872,3.784,37.394,46.456,41.294,39.191,24.781,0.0,mid,0.545,0.481,0.64,0.379,-283.114,387.716,798.127,384.739,1.02,3.436,0.301,Luchun-Lax,0.29685681024447,5269156540815838143
Luchun_M1,1,M,Luchun,,M1_de31_01,150.782,482.347,331.565,5,e31,Vowel,e,Lax,Oral,31.0,2.0,Mid,31,Unaspirated,Oral,111.837,111.617,114.934,113.063,589.192,188.951,1967.352,131.267,2698.004,470.63,3711.714,608.608,645.287,2085.825,3278.758,4914.164,15.73,15.356,17.158,15.57,14.616,5.684,18.187,-6.619,10.309,-0.82,1.883,-3.908,-1.428,-0.214,2.542,9.886,-2.457,21.976,5.421,16.176,13.848,19.264,1.989,23.304,24.663,22.309,21.636,22.541,0.413,low,0.562,0.433,0.517,0.539,-319.515,320.601,970.267,315.722,2.275,3.254,0.697,Luchun-Lax,0.699139520590043,-3179045098746887044
Luchun_M1,1,M,Luchun,,M1_de31_02,151.12,428.507,277.387,5,e31,Vowel,e,Lax,Oral,31.0,2.0,Mid,31,Unaspirated,Oral,111.874,111.55,114.115,112.532,526.962,298.908,2021.866,142.528,2672.849,356.155,3816.254,616.735,759.999,2305.102,3481.082,4854.038,15.254,14.805,16.119,14.188,14.089,1.617,14.466,-9.441,8.643,-0.051,2.355,-3.84,-0.865,0.617,2.03,12.572,0.788,24.247,6.611,14.857,12.9,18.645,1.322,24.469,27.591,24.586,23.596,22.769,0.518,low,0.546,0.438,0.522,0.526,-323.61,293.465,969.471,288.726,2.061,3.081,0.667,Luchun-Lax,0.668938656280428,-8244327087886933675
Luchun_M1,1,M,Luchun,,M1_de33_01,108.245,421.446,313.201,5,e33,Vowel,e,Lax,Oral,33.0,1.0,Mid,33,Unaspirated,Oral,128.228,128.059,129.194,128.933,511.387,136.548,1982.964,160.281,2544.75,353.957,4596.413,309.199,548.72,2182.358,3253.257,4960.14,17.361,16.746,19.369,16.641,22.037,-0.334,22.035,-1.268,8.108,0.094,1.992,-5.12,-2.008,0.105,-2.668,16.975,-4.674,18.015,9.253,16.652,15.369,21.867,3.531,20.424,25.759,24.678,24.867,23.697,0.65,mid,0.497,0.437,0.553,0.392,-331.237,266.309,1055.823,263.245,1.022,2.646,0.386,Luchun-Lax,0.386243386243386,5245346961248862872
Luchun_M1,1,M,Luchun,,M1_de33_02,121.47,393.658,272.188,5,e33,Vowel,e,Lax,Oral,33.0,1.0,Mid,33,Unaspirated,Oral,128.569,128.589,128.997,128.657,514.931,161.932,1938.605,165.303,2522.286,307.414,4686.305,530.61,570.404,2137.33,3291.132,4978.971,16.503,15.905,18.947,16.305,21.793,-1.355,21.791,-1.638,8.08,-0.514,2.411,-5.652,-2.444,-0.4,-2.846,17.66,-5.287,17.544,8.423,16.419,14.093,21.557,3.097,19.889,23.794,22.316,23.41,23.507,0.641,mid,0.514,0.448,0.549,0.405,-334.508,259.318,1025.732,256.163,1.262,2.67,0.472,Luchun-Lax,0.472659176029963,-3896327819098109770
Luchun_M1,1,M,Luchun,,M1_de55_01,171.491,503.678,332.187,5,e55,Vowel,e,Lax,Oral,55.0,1.0,High,55,Unaspirated,Oral,158.832,158.766,159.472,159.179,486.847,151.24,1971.596,184.514,2625.771,276.597,4016.524,769.505,519.476,2171.016,2952.843,4704.106,19.272,18.229,21.98,16.907,19.727,15.841,25.371,2.97,15.192,8.628,11.233,7.878,-2.709,1.322,2.254,1.065,-6.1,15.259,4.08,9.601,8.039,10.351,8.193,41.896,43.884,39.114,36.522,29.883,0.0,high,0.478,0.46,0.514,0.417,-494.35,339.379,1080.669,336.749,0.814,1.767,0.46,Luchun-Lax,0.46066779852858,-7840474604888238092
Luchun_M1,1,M,Luchun,,M1_de55_02,168.486,433.413,264.927,5,e55,Vowel,e,Lax,Oral,55.0,1.0,High,55,Unaspirated,Oral,159.549,159.57,160.604,160.021,496.115,171.216,1989.006,169.131,2627.024,292.682,4240.514,1193.605,550.832,2115.842,2835.574,4771.144,18.928,17.884,22.413,17.331,18.988,15.085,23.547,1.149,15.021,8.509,10.702,6.316,-3.485,0.553,3.425,2.247,-4.619,16.736,3.907,9.375,8.225,11.568,7.159,39.932,44.133,39.845,36.688,28.924,0.159,high,0.489,0.467,0.543,0.41,-428.21,302.435,1028.385,299.859,0.53,1.758,0.301,Luchun-Lax,0.301478953356086,266466973166667329
Luchun_M1,1,M,Luchun,,M1_do_31_01,306.231,602.615,296.384,5,o_31,Vowel,o,Tense,Oral,31.0,2.0,Mid,31,Unaspirated,Oral,109.838,109.379,111.186,110.435,386.266,121.519,658.157,87.438,3021.59,343.609,3386.862,124.652,562.546,2831.541,3420.153,4004.489,8.204,7.219,15.898,11.453,20.495,5.315,16.792,-7.014,16.829,-2.724,-2.852,27.375,-7.694,-4.234,-4.596,6.138,-8.587,14.374,-8.625,9.943,11.057,-20.155,2.358,30.052,38.534,43.29,38.027,25.619,0.613,low,0.619,0.535,0.691,0.481,-94.805,455.127,301.197,450.714,1.594,3.05,0.243,Luchun-Tense,0.522622950819672,-2661998067214966533
Luchun_M1,1,M,Luchun,,M1_do_33_01,240.48,615.022,374.542,5,o_33,Vowel,o,Tense,Oral,33.0,1.0,Mid,33,Unaspirated,Oral,134.907,134.895,135.453,134.96,392.04,17.035,673.429,16.07,2694.561,213.402,3318.435,246.241,594.767,3269.838,4337.734,4652.787,15.248,13.807,25.013,18.017,18.45,8.594,34.699,11.397,29.097,10.293,-4.517,21.743,-9.765,-4.211,6.563,9.423,-19.451,2.504,-13.848,3.514,19.765,-7.936,37.905,30.865,42.611,48.977,45.255,25.796,0.0,mid,0.643,0.609,0.844,0.607,-127.175,428.727,276.125,424.223,1.207,2.577,0.248,Luchun-Tense,0.46837407838572,2104557631245754035
Luchun_M1,1,M,Luchun,,M1_do_33_02,196.119,494.671,298.552,5,o_33,Vowel,o,Tense,Oral,33.0,1.0,Mid,33,Unaspirated,Oral,131.96,132.001,133.316,132.233,382.98,34.181,669.301,19.436,2705.273,253.621,3494.023,296.27,617.29,3333.267,4614.0,4790.667,13.961,12.519,23.834,16.82,20.872,11.562,31.777,8.923,29.747,11.373,-5.611,20.885,-9.873,-4.301,2.962,5.258,-17.816,3.682,-15.786,1.146,19.572,-8.366,23.77,28.3,37.997,43.862,41.04,25.064,0.0,mid,0.739,0.665,0.903,0.618,-126.976,346.117,362.034,341.438,1.022,4.288,0.239,Luchun-Tense,0.238339552238806,7882617087173580347
Luchun_M1,1,M,Luchun,,M1_do+_31_01,217.208,483.355,266.147,5,o+_31,Vowel,ɔ,Tense,Oral,31.0,2.0,Mid,31,Unaspirated,Oral,110.449,109.518,112.564,147.39,650.025,94.622,895.263,100.542,2914.582,113.301,3370.17,166.081,726.425,2587.999,4101.62,4427.97,5.878,5.473,10.591,8.904,4.68,-3.57,22.393,-8.689,18.773,-9.432,-1.43,13.066,-4.713,-3.431,5.911,12.474,-16.515,14.342,-12.895,14.904,7.308,-7.593,3.671,28.306,23.904,32.917,30.153,21.609,0.544,low,0.639,0.58,0.754,0.586,-134.517,352.379,453.349,347.042,1.181,4.425,0.27,Luchun-Tense,0.266892655367232,4471634562667146647
Luchun_M1,1,M,Luchun,,M1_do+_33_01,173.389,506.461,333.072,5,o+_33,Vowel,ɔ,Tense,Oral,33.0,1.0,Mid,33,Unaspirated,Oral,135.161,135.393,135.927,135.296,583.347,170.807,768.781,87.347,2778.324,244.36,3461.785,148.256,717.195,3325.073,4344.995,4563.196,8.858,8.093,16.673,13.366,22.772,-0.716,22.963,-7.16,25.229,-2.26,-5.392,12.421,-7.815,-5.274,-6.099,14.082,-14.105,15.514,-16.371,10.352,14.25,-4.329,10.042,35.926,37.353,42.75,39.725,26.286,0.669,mid,0.724,0.65,0.838,0.609,-182.159,341.414,467.201,336.9,0.963,1.581,0.187,Luchun-Tense,0.609108159392789,282023923058820200
Luchun_M1,1,M,Luchun,,M1_do+_33_02,177.089,466.201,289.112,5,o+_33,Vowel,ɔ,Tense,Oral,33.0,1.0,Mid,33,Unaspirated,Oral,133.693,133.837,133.689,133.631,643.843,283.761,699.086,282.997,2832.513,246.01,3485.887,202.076,672.966,2612.96,3723.31,4668.351,9.47,8.752,16.73,13.661,21.773,3.65,27.937,-9.892,27.915,-13.478,-0.113,19.064,-7.26,-4.909,-5.042,10.01,-18.466,22.837,-18.445,22.23,9.583,-10.312,8.361,43.946,44.191,48.413,43.629,27.682,0.0,mid,0.653,0.614,0.712,0.574,-208.533,322.911,522.105,318.618,0.907,1.641,0.171,Luchun-Tense,0.552711761121268,-829076641385693381
Luchun_M1,1,M,Luchun,,M1_do+31_01,208.01,535.096,327.086,5,o+31,Vowel,ɔ,Lax,Oral,31.0,2.0,Mid,31,Unaspirated,Oral,116.754,101.727,120.575,118.087,657.927,292.915,852.008,223.847,2711.562,140.534,4299.078,328.838,776.739,2623.105,4047.044,4372.43,13.557,13.092,15.549,13.603,14.01,4.137,22.541,-9.361,20.177,-9.256,-2.859,9.226,-1.991,-0.51,1.538,9.466,-8.984,22.653,-6.62,22.348,16.417,3.866,4.594,17.704,16.536,24.404,25.139,20.694,0.534,low,0.567,0.515,0.648,0.544,-301.036,373.55,990.233,368.86,0.805,3.113,0.259,Luchun-Lax,0.258592997108898,9119717973920782922
Luchun_M1,1,M,Luchun,,M1_do+31_02,141.112,465.891,324.779,5,o+31,Vowel,ɔ,Lax,Oral,31.0,2.0,Mid,31,Unaspirated,Oral,115.33,115.395,119.707,117.359,656.413,283.111,902.17,237.982,2746.944,168.227,3534.692,177.674,749.116,1853.114,3839.708,4699.588,12.541,12.089,14.534,12.642,12.904,3.248,20.719,-9.939,18.495,-9.076,-6.954,5.226,-1.993,-0.552,1.63,9.394,-8.177,22.159,-5.954,21.165,19.496,6.864,3.075,22.393,19.673,27.745,28.287,23.085,0.549,low,0.583,0.516,0.641,0.593,-319.148,305.828,918.389,300.67,1.053,3.228,0.326,Luchun-Lax,0.326208178438662,3674750283421279460
Luchun_M1,1,M,Luchun,,M1_do+33_01,134.691,464.664,329.973,5,o+33,Vowel,ɔ,Lax,Oral,33.0,1.0,Mid,33,Unaspirated,Oral,133.714,133.817,134.309,134.445,602.837,198.251,895.18,196.407,2638.085,167.513,3591.914,293.447,773.998,2940.368,4360.632,4581.719,14.142,13.504,17.094,14.369,22.702,5.713,25.45,-3.534,20.791,-4.551,-3.028,9.266,-2.953,-0.865,-5.608,8.656,-11.309,17.131,-6.649,18.056,17.17,4.238,8.256,47.276,45.319,47.978,45.054,27.989,0.0,mid,0.587,0.534,0.663,0.574,-342.908,301.71,1066.627,297.422,0.76,2.431,0.314,Luchun-Lax,0.312628547922666,3312534672232549224
Luchun_M1,1,M,Luchun,,M1_do+33_02,114.517,413.214,298.697,5,o+33,Vowel,ɔ,Lax,Oral,33.0,1.0,Mid,33,Unaspirated,Oral,128.099,128.232,129.195,128.616,863.699,161.722,2763.687,152.876,3622.26,215.205,4561.0,648.9,753.647,2897.821,4216.679,4664.443,13.649,13.43,16.679,15.775,19.34,15.13,20.824,-6.715,-2.97,-13.35,-4.322,-13.624,-3.031,-2.345,-2.661,0.645,-7.175,20.147,16.618,26.78,17.97,27.054,5.772,28.168,26.979,33.273,32.495,26.166,0.0,mid,0.57,0.495,0.625,0.524,-344.742,265.334,1017.221,261.238,0.746,2.615,0.286,Luchun-Lax,0.28527724665392,5466584384040088598
Luchun_M1,1,M,Luchun,,M1_do+55_01,163.931,526.248,362.317,5,o+55,Vowel,ɔ,Lax,Oral,55.0,1.0,High,55,Unaspirated,Oral,159.517,159.603,158.568,159.117,588.661,173.072,877.981,170.375,2615.92,347.262,3405.809,163.711,740.303,1259.407,3302.406,4259.436,15.96,15.018,18.095,13.915,27.346,5.41,27.344,-0.805,23.212,-1.234,-1.828,11.112,-2.135,1.103,-9.251,8.505,-11.384,15.921,-7.252,16.252,17.787,3.906,11.639,47.792,44.881,49.357,46.473,29.799,0.835,high,0.544,0.504,0.616,0.422,-393.234,345.463,1012.854,342.818,0.671,1.991,0.344,Luchun-Lax,0.337016574585635,2710342200654491059
Luchun_M1,1,M,Luchun,,M1_do+55_02,157.842,500.467,342.625,5,o+55,Vowel,ɔ,Lax,Oral,55.0,1.0,High,55,Unaspirated,Oral,159.228,159.353,158.507,159.103,594.795,191.967,907.936,167.135,2620.253,276.903,3428.896,133.987,763.413,1473.669,3328.968,4253.818,16.025,15.115,17.783,13.752,26.747,4.886,26.746,-1.007,21.461,-2.262,-0.03,12.445,-1.758,1.363,-8.964,8.866,-10.721,16.202,-5.436,17.377,16.055,2.67,10.2,48.937,45.439,50.087,47.438,30.648,0.806,high,0.52,0.484,0.595,0.42,-406.857,329.897,1003.716,327.265,0.591,1.852,0.322,Luchun-Lax,0.319114470842333,589613002520292467
Luchun_M1,1,M,Luchun,,M1_do31_01,256.485,651.645,395.16,5,o31,Vowel,o,Lax,Oral,31.0,2.0,Mid,31,Unaspirated,Oral,104.963,104.698,108.053,106.101,372.568,73.258,663.321,101.237,2549.128,294.581,3247.483,241.042,536.439,3143.002,4407.087,4556.837,12.912,11.891,19.508,14.842,24.64,10.785,23.415,0.829,16.592,-1.772,-12.515,12.542,-6.596,-2.951,-5.132,4.057,-10.502,11.121,-3.68,13.663,25.427,-0.651,4.782,11.472,24.601,33.45,33.804,21.78,0.595,low,0.669,0.606,0.798,0.61,-146.096,456.278,433.106,450.4,1.293,1.68,0.189,Luchun-Lax,0.769642857142857,5936225615947225019
Luchun_M1,1,M,Luchun,,M1_do31_02,189.279,479.248,289.969,5,o31,Vowel,o,Lax,Oral,31.0,2.0,Mid,31,Unaspirated,Oral,119.081,118.574,125.941,120.867,343.018,99.801,661.569,95.954,2593.313,384.175,3342.065,393.971,568.087,3130.815,4758.101,4912.815,16.444,14.964,22.884,15.532,18.754,12.038,24.403,3.813,18.376,2.194,-11.146,15.521,-6.44,-0.568,4.131,3.495,-7.959,11.202,-1.932,12.77,27.59,-0.556,6.242,5.211,17.346,26.517,28.55,18.623,0.503,low,0.637,0.574,0.664,0.551,-188.97,335.628,496.601,330.961,1.168,4.239,0.278,Luchun-Lax,0.275536683179995,5908975278508099510
Luchun_M1,1,M,Luchun,,M1_do33_01,209.14,609.736,400.596,5,o33,Vowel,o,Lax,Oral,33.0,1.0,Mid,33,Unaspirated,Oral,136.261,136.218,136.399,136.222,365.515,44.757,667.33,67.962,2621.468,333.954,3299.808,155.638,548.647,3204.201,4571.087,4546.576,19.276,17.608,26.625,18.098,14.55,6.893,30.381,8.903,23.764,6.721,-7.007,19.284,-7.348,-0.49,12.075,11.205,-11.105,8.771,-4.487,10.887,26.283,-1.676,19.072,30.085,41.743,46.386,42.297,24.768,0.0,mid,0.729,0.655,0.768,0.431,-185.958,409.401,453.589,406.237,1.467,3.645,0.403,Luchun-Lax,0.402469135802469,-5243724849663708190
Luchun_M1,1,M,Luchun,,M1_do33_02,207.813,547.846,340.033,5,o33,Vowel,o,Lax,Oral,33.0,1.0,Mid,33,Unaspirated,Oral,131.667,131.706,132.75,132.043,359.685,85.044,691.11,70.81,2592.525,195.247,3357.798,284.601,602.084,3044.863,4682.51,4764.529,18.304,16.726,23.932,15.951,17.386,10.896,26.842,5.746,22.906,6.556,-8.603,17.154,-5.628,0.776,6.547,5.055,-8.538,11.032,-4.602,10.17,26.907,-0.427,9.259,25.594,35.861,42.674,41.217,24.417,0.0,mid,0.691,0.603,0.786,0.437,-188.141,377.601,584.539,374.276,1.166,3.69,0.321,Luchun-Lax,0.315989159891599,3916052339224825476
Luchun_M1,1,M,Luchun,,M1_do55_01,134.518,564.569,430.051,5,o55,Vowel,o,Lax,Oral,55.0,1.0,High,55,Unaspirated,Oral,175.486,175.293,174.277,175.056,357.779,69.557,701.459,23.405,2496.3,151.085,3314.826,135.683,669.419,2893.188,3532.286,,22.665,19.789,30.443,11.158,29.958,14.995,30.442,10.549,29.956,14.982,-1.402,23.422,-7.778,8.632,0.485,-3.837,-7.777,9.288,-7.291,4.807,24.067,-3.633,30.078,37.686,44.695,50.008,48.311,28.743,0.485,high,0.69,0.6,0.788,0.427,-372.646,349.355,812.399,346.921,0.967,2.606,0.372,Luchun-Lax,0.371066768994628,-4174380431751825161
Luchun_M1,1,M,Luchun,,M1_do55_02,132.376,487.422,355.046,5,o55,Vowel,o,Lax,Oral,55.0,1.0,High,55,Unaspirated,Oral,175.766,175.759,175.308,175.903,370.673,82.173,711.26,23.151,2494.925,206.544,3250.731,113.207,678.515,3098.401,3901.429,5593.512,22.214,19.502,30.536,12.337,29.803,14.752,30.535,9.953,29.802,14.31,-2.321,21.643,-8.321,7.166,0.733,-2.416,-8.32,9.598,-7.587,5.192,24.536,-2.141,30.162,35.175,43.423,50.275,48.321,27.564,0.464,high,0.725,0.643,0.894,0.439,-373.318,309.819,719.185,307.319,1.123,2.569,0.438,Luchun-Lax,0.437135072012456,-2975880582761773674
Luchun_M1,1,M,Luchun,,M1_dze_33_01,292.628,629.202,336.574,5,e_33,Vowel,e,Tense,Oral,33.0,1.0,Mid,33,Unaspirated,Oral,137.086,137.083,136.741,137.296,460.389,66.015,2091.128,428.802,2723.009,170.962,3612.137,257.523,486.956,2546.683,3486.667,5051.636,12.131,11.248,20.672,16.503,19.296,12.303,24.192,2.166,2.337,-2.168,7.529,5.16,-8.54,-5.255,1.376,4.2,-12.06,9.082,9.795,13.416,4.603,6.088,4.995,36.655,44.134,40.845,35.937,27.984,0.396,mid,0.706,0.644,0.751,0.619,-144.685,462.758,448.083,458.24,0.981,1.895,0.18,Luchun-Tense,0.517678100263852,8247713594102460584
Luchun_M1,1,M,Luchun,,M1_dze_33_02,227.946,512.543,284.597,5,e_33,Vowel,e,Tense,Oral,33.0,1.0,Mid,33,Unaspirated,Oral,133.913,133.956,134.546,134.703,474.14,57.474,2005.319,86.283,2705.993,555.439,3927.321,126.288,472.774,2171.067,3854.881,4161.808,12.116,11.306,20.533,16.772,19.615,9.929,21.958,-0.469,12.726,6.882,4.616,2.263,-8.416,-5.467,0.918,6.844,-9.842,11.775,-0.61,4.424,7.501,9.042,4.388,40.108,49.823,45.876,41.489,28.202,0.613,mid,0.661,0.587,0.674,0.59,-153.392,372.035,498.948,367.626,0.976,3.587,0.273,Luchun-Tense,0.27209367159186,-5405076950692767032
Luchun_M1,1,M,Luchun,,M1_dze33_01,230.303,583.824,353.521,5,e33,Vowel,e,Lax,Oral,33.0,1.0,Mid,33,Unaspirated,Oral,138.224,138.317,138.65,138.169,489.301,158.253,2128.857,142.717,2649.662,238.886,4603.594,447.892,1291.455,2462.8,4086.339,4880.43,20.244,19.45,23.619,19.949,23.524,13.356,22.627,-0.053,16.904,11.622,11.531,5.416,-3.375,-0.499,0.095,6.593,-2.382,19.503,3.34,7.828,8.713,14.034,9.912,29.678,32.768,29.017,26.53,26.967,0.905,mid,0.529,0.476,0.576,0.373,-284.428,407.5,864.628,404.797,0.905,2.342,0.388,Luchun-Lax,0.386421861656704,-2117049955768429222
Luchun_M1,1,M,Luchun,,M1_dze33_02,236.729,562.408,325.679,5,e33,Vowel,e,Lax,Oral,33.0,1.0,Mid,33,Unaspirated,Oral,133.683,134.054,134.971,133.92,458.433,191.515,2078.28,193.09,2629.906,233.688,4695.999,758.688,521.946,2247.752,2754.16,4926.117,19.557,18.719,23.445,19.529,22.198,13.888,21.687,-0.503,15.652,10.961,13.04,7.499,-3.888,-0.811,1.247,5.641,-2.13,19.222,3.905,7.757,6.517,11.22,7.866,28.409,33.364,29.156,26.098,25.145,0.867,mid,0.54,0.475,0.595,0.428,-268.354,400.569,886.215,397.356,0.916,2.596,0.354,Luchun-Lax,0.352850539291217,3518820893209476238
Luchun_M1,1,M,Luchun,,M1_dzii_33_01,387.664,703.838,316.174,5,ii_33,Vowel,ɿ,Tense,Oral,33.0,1.0,Mid,33,Unaspirated,Oral,149.332,149.222,149.465,148.731,330.703,44.373,1274.421,232.589,2721.854,408.741,3991.235,129.598,628.621,2186.425,4019.917,5241.853,17.378,15.173,28.289,14.065,6.382,12.015,28.158,11.715,6.28,0.44,-6.994,11.159,-10.911,1.108,21.907,2.051,-10.779,3.461,11.098,14.733,24.373,4.015,8.917,42.293,46.253,46.398,43.955,27.994,0.623,mid,0.785,0.715,0.914,0.698,-166.089,547.688,366.604,543.007,1.399,3.335,0.422,Luchun-Tense,0.419490254872564,-947235476563592650
Luchun_M1,1,M,Luchun,,M1_dzii_33_02,240.483,506.761,266.278,5,ii_33,Vowel,ɿ,Tense,Oral,33.0,1.0,Mid,33,Unaspirated,Oral,149.399,149.058,149.948,150.059,344.371,55.3,1351.763,236.234,2786.294,127.201,4022.317,186.794,561.222,2708.829,4244.26,5841.339,16.457,14.395,26.241,13.07,6.199,11.296,25.667,8.641,3.34,-2.456,-5.338,11.144,-9.784,1.324,20.042,1.774,-9.21,5.757,13.117,16.85,21.794,3.251,6.33,40.983,45.605,45.797,42.965,25.884,0.733,mid,0.758,0.694,0.909,0.628,-157.475,374.783,370.233,370.571,1.392,3.258,0.428,Luchun-Tense,0.427255985267035,-8689639885532474233
Luchun_M1,1,M,Luchun,,M1_dzii31_01,247.1,616.009,368.909,5,ii31,Vowel,ɿ,Lax,Oral,31.0,2.0,Mid,31,Unaspirated,Oral,105.247,105.101,106.984,105.565,390.199,114.611,1272.152,162.772,2772.269,277.095,3891.368,276.704,596.758,1804.306,3882.364,4689.397,16.558,15.832,19.65,16.377,22.665,7.819,22.429,1.081,5.781,-4.947,-10.787,2.626,-3.092,-0.545,-3.016,8.558,-5.871,14.755,10.776,20.778,27.345,13.205,2.71,19.215,25.864,31.558,32.574,23.581,0.54,low,0.661,0.573,0.797,0.53,-159.743,433.36,579.408,428.29,1.3,4.428,0.294,Luchun-Lax,0.293586269196025,-9130558678072096901
Luchun_M1,1,M,Luchun,,M1_dzii31_02,252.143,505.846,253.703,5,ii31,Vowel,ɿ,Lax,Oral,31.0,2.0,Mid,31,Unaspirated,Oral,109.758,109.104,113.348,110.929,401.544,112.927,1280.659,116.394,2734.266,220.267,3873.7,338.79,711.956,1897.738,3816.191,4808.573,17.789,16.969,19.707,15.931,19.91,8.687,19.044,-2.143,4.685,-5.773,-8.166,5.044,-1.919,1.038,-0.203,7.244,-1.255,19.116,13.104,22.742,25.955,11.925,2.435,11.268,17.965,25.685,27.612,22.316,0.695,low,0.66,0.596,0.832,0.567,-181.975,380.513,648.136,375.318,1.204,4.407,0.275,Luchun-Lax,0.273201724529158,-63169240741806903
Luchun_M1,1,M,Luchun,,M1_dzii33_01,352.967,646.721,293.754,5,ii33,Vowel,ɿ,Lax,Oral,33.0,1.0,Mid,33,Unaspirated,Oral,152.644,152.639,152.525,152.467,368.069,76.64,1403.689,239.855,2658.245,403.393,4130.755,191.178,440.988,2203.123,4154.01,5875.945,21.346,19.573,27.332,16.816,12.986,16.341,24.098,5.483,5.864,-0.938,-3.684,8.48,-5.987,2.758,14.346,0.475,-2.752,14.093,15.481,20.511,25.03,11.094,9.423,35.111,38.975,41.14,40.039,27.847,0.909,mid,0.718,0.64,0.78,0.412,-289.787,499.779,600.814,497.076,1.396,2.9,0.483,Luchun-Lax,0.481379310344828,2008895229502648218
Luchun_M1,1,M,Luchun,,M1_dzii33_02,315.863,584.157,268.294,5,ii33,Vowel,ɿ,Lax,Oral,33.0,1.0,Mid,33,Unaspirated,Oral,147.295,147.18,147.55,147.959,347.885,72.775,1314.226,178.724,2723.424,291.703,4131.591,276.349,778.557,2768.13,4284.075,5430.445,19.531,17.703,26.779,15.831,11.328,14.945,24.947,7.042,7.075,0.192,-3.73,11.314,-7.248,1.873,15.45,0.886,-5.416,10.664,12.456,17.511,23.261,6.389,7.684,33.975,38.507,39.57,37.908,26.167,0.844,mid,0.725,0.643,0.834,0.451,-298.896,449.957,706.732,446.887,1.339,3.001,0.446,Luchun-Lax,0.446184605131623,4241618947569038849
Luchun_M1,1,M,Luchun,,M1_dzii55_01,348.976,621.871,272.895,5,ii55,Vowel,ɿ,Lax,Oral,55.0,1.0,High,55,Unaspirated,Oral,185.937,185.868,185.941,186.458,360.95,57.423,1319.471,172.595,2793.323,138.785,4012.759,350.497,1188.759,2828.022,4712.001,,22.228,19.423,28.679,11.671,13.199,19.99,28.677,10.823,15.378,8.584,0.398,17.052,-6.451,7.752,15.48,-8.319,-6.45,8.604,6.849,10.839,21.829,2.371,11.346,43.438,46.564,48.316,46.273,28.434,0.564,high,0.541,0.519,0.841,0.434,-456.663,485.475,902.444,483.14,0.776,2.169,0.381,Luchun-Lax,0.357768556938681,2992374635374142639
Luchun_M1,1,M,Luchun,,M1_dzii55_02,257.121,515.83,258.709,5,ii55,Vowel,ɿ,Lax,Oral,55.0,1.0,High,55,Unaspirated,Oral,176.19,176.075,175.737,175.314,363.895,100.692,1371.643,171.319,2749.016,193.806,4022.19,278.116,1175.344,2775.564,4538.959,,21.145,18.688,26.455,9.019,13.555,19.684,26.454,8.409,10.736,4.134,-0.54,14.364,-5.31,9.67,12.9,-10.666,-5.308,10.283,10.409,14.554,21.685,4.325,7.409,41.337,45.541,46.345,43.68,28.516,0.671,high,0.546,0.524,0.764,0.457,-437.867,386.877,922.874,384.279,0.76,1.419,0.347,Luchun-Lax,0.535588442565187,-4933131257744839653
Luchun_M1,1,M,Luchun,,M1_dzji_31_01,421.415,713.786,292.371,5,i_31,Vowel,i,Tense,Oral,31.0,2.0,Mid,31,Unaspirated,Oral,113.696,113.358,114.546,232.983,235.442,28.314,2454.569,115.954,3127.349,445.46,3634.431,427.869,2658.244,3596.192,4737.77,4618.22,7.839,5.705,18.527,7.039,0.447,8.592,18.524,6.777,-1.81,7.631,-2.833,6.675,-10.688,-1.334,18.08,-1.553,-10.684,-1.072,9.649,-1.926,10.673,-0.97,0.664,35.675,46.604,44.69,38.058,23.395,0.157,low,0.618,0.522,0.927,0.396,-156.348,567.088,273.295,563.605,1.806,1.862,0.198,Luchun-Tense,0.969924812030075,-2605344584587318377
Luchun_M1,1,M,Luchun,,M1_dzji31_01,237.287,543.962,306.675,5,i31,Vowel,i,Lax,Oral,31.0,2.0,Mid,31,Unaspirated,Oral,120.744,120.22,124.251,122.669,241.422,40.459,2329.461,425.362,3094.592,314.799,3923.549,556.147,2833.19,3507.474,4906.426,,15.144,12.798,20.961,8.821,0.722,9.67,20.959,8.822,-3.262,4.593,1.341,12.345,-5.817,3.977,20.24,-0.849,-5.815,3.976,18.406,8.205,13.803,0.453,1.349,10.491,24.157,25.672,23.335,16.697,0.672,low,0.631,0.537,0.805,0.398,-315.796,390.216,674.473,386.901,1.463,3.842,0.397,Luchun-Lax,0.380791254554919,1792131115231563689
Luchun_M1,1,M,Luchun,,M1_dzu_31_01,264.875,562.408,297.533,5,u_31,Vowel,u,Tense,Oral,31.0,2.0,Mid,31,Unaspirated,Oral,120.983,120.398,122.098,122.039,253.976,43.812,887.354,234.222,2886.555,647.846,3875.049,304.751,534.873,2757.748,4000.732,4415.542,11.344,9.12,19.871,7.188,4.295,9.28,19.868,6.283,2.363,-4.079,-16.391,13.364,-8.527,1.932,15.576,-2.092,-8.525,2.846,8.981,13.199,27.734,-4.244,1.013,18.935,26.859,31.915,33.54,20.158,0.601,low,0.695,0.605,0.841,0.42,-129.473,413.854,262.352,410.376,1.824,3.537,0.462,Luchun-Tense,0.515691263782867,-948349759017197144
Luchun_M1,1,M,Luchun,,M1_dzu_31_02,222.048,455.509,233.461,5,u_31,Vowel,u,Tense,Oral,31.0,2.0,Mid,31,Unaspirated,Oral,119.733,119.368,120.932,206.949,268.127,44.732,887.293,373.471,2670.401,336.221,3791.764,598.598,404.816,2812.456,4450.731,4268.317,7.383,5.408,21.061,9.696,9.009,12.177,20.642,5.93,-1.591,-9.483,-14.788,12.391,-13.678,-4.288,12.051,-2.481,-13.259,-0.513,8.974,14.891,22.17,-6.983,1.29,10.617,20.964,28.96,31.644,18.558,0.359,low,0.64,0.545,0.677,0.393,-137.035,338.837,296.286,335.576,1.676,3.919,0.433,Luchun-Tense,0.427660117376882,-801450325812578098
Luchun_M1,1,M,Luchun,,M1_dzu31_01,200.077,512.228,312.151,5,u31,Vowel,u,Lax,Oral,31.0,2.0,Mid,31,Unaspirated,Oral,113.21,112.558,115.008,113.859,246.209,79.247,988.293,148.598,2011.024,764.26,3189.897,837.498,982.93,2669.661,4102.981,4833.642,16.051,13.978,17.622,5.936,5.835,11.356,17.612,4.707,2.909,-1.748,-13.652,-0.124,-1.571,8.042,11.788,-5.42,-1.561,9.272,13.142,15.727,29.704,14.102,0.945,11.335,20.712,25.793,28.696,17.211,0.085,low,0.665,0.55,0.739,0.339,-186.36,355.269,456.908,352.246,1.567,3.287,0.292,Luchun-Lax,0.476726498326742,1066329314359548519
Luchun_M1,1,M,Luchun,,M1_dzu31_02,201.403,476.384,274.981,5,u31,Vowel,u,Lax,Oral,31.0,2.0,Mid,31,Unaspirated,Oral,113.957,113.076,115.93,115.094,252.933,95.896,1094.073,517.457,2724.081,478.632,4131.07,710.323,1021.236,2615.42,4176.526,4717.001,17.103,15.155,17.759,6.616,6.339,11.609,17.529,4.159,-0.27,-4.311,-12.75,7.685,-0.656,8.539,11.42,-4.993,-0.426,10.998,17.374,19.466,29.854,7.47,1.102,11.921,19.01,23.596,26.227,18.204,0.0,low,0.628,0.56,0.785,0.447,-193.163,339.021,532.711,335.058,1.371,3.643,0.384,Luchun-Lax,0.37633818281636,1712384823938738842
Luchun_M1,1,M,Luchun,,M1_gu31_01,227.686,546.786,319.1,5,u31,Vowel,u,Lax,Oral,31.0,2.0,Mid,31,Unaspirated,Oral,116.774,116.488,120.191,118.27,287.806,65.335,983.435,190.212,1879.449,495.685,4441.635,635.227,911.787,2370.096,4303.332,5235.041,11.505,9.81,20.477,11.042,2.111,4.5,14.841,-0.74,5.845,-1.606,-9.097,-0.389,-8.972,-1.232,18.366,6.542,-3.336,10.551,5.661,11.415,20.602,10.199,1.513,12.541,18.511,22.586,26.256,18.411,0.277,low,0.709,0.65,0.789,0.599,-227.213,388.27,593.669,383.159,1.617,1.948,0.291,Luchun-Lax,0.830082135523614,8244830557509136676
Luchun_M1,1,M,Luchun,,M1_gu31_02,140.71,433.83,293.12,5,u31,Vowel,u,Lax,Oral,31.0,2.0,Mid,31,Unaspirated,Oral,115.115,114.447,117.419,116.669,1003.143,134.129,1840.7,589.639,2648.868,684.723,4440.627,608.737,1007.294,2397.091,4348.978,4384.926,13.108,12.949,18.398,17.751,4.745,1.955,6.704,-24.904,-9.122,-33.963,-14.171,-28.965,-5.29,-4.802,13.653,15.796,6.404,37.861,22.23,46.911,27.278,41.914,1.149,15.24,19.607,24.342,28.166,18.603,0.337,low,0.687,0.62,0.819,0.619,-188.195,288.342,587.618,282.968,1.416,4.027,0.353,Luchun-Lax,0.351626520983362,4527355480754746775
Luchun_M1,1,M,Luchun,,M1_la_31_02,197.625,398.005,200.38,5,a_31,Vowel,a,Tense,Oral,31.0,2.0,Mid,31,Unaspirated,Oral,104.84,,109.138,106.755,837.265,123.618,1405.524,120.281,2674.6,290.417,3368.079,168.226,1248.441,2662.92,3362.88,5815.421,10.175,9.978,13.384,12.579,11.129,7.596,28.425,-2.441,26.886,0.989,15.703,12.262,-3.209,-2.601,2.255,4.984,-18.249,12.439,-16.711,8.99,-5.528,-2.283,22.944,26.098,13.586,13.012,10.643,25.044,0.661,low,0.599,0.551,0.73,0.535,-121.458,298.829,390.129,293.75,1.169,4.049,0.287,Luchun-Tense,0.288713262533959,2716386273903157529
Luchun_M1,1,M,Luchun,,M1_la_33_01,324.448,690.959,366.511,5,a_33,Vowel,a,Tense,Oral,33.0,1.0,Mid,33,Unaspirated,Oral,126.374,126.457,126.525,126.25,791.043,136.109,1369.757,157.891,2368.145,402.085,3542.711,354.913,949.251,1608.596,3767.249,5273.606,13.133,12.832,19.635,18.393,16.021,10.184,29.506,-0.046,23.937,-0.28,4.419,-3.406,-6.502,-5.561,3.615,8.209,-16.373,12.889,-10.804,13.112,8.714,16.239,18.951,50.007,40.016,38.469,37.026,31.014,0.711,mid,0.678,0.641,0.746,0.629,-156.562,509.897,433.239,504.919,0.896,2.102,0.182,Luchun-Tense,0.426260704091342,9178141886156728466
Luchun_M1,1,M,Luchun,,M1_la_33_02,214.108,508.282,294.174,5,a_33,Vowel,a,Tense,Oral,33.0,1.0,Mid,33,Unaspirated,Oral,122.066,121.961,122.869,122.254,789.219,166.009,1372.682,189.206,2588.743,409.334,3541.828,313.035,943.207,1588.538,3444.498,4468.974,14.276,13.991,20.172,18.996,12.487,7.017,26.639,-2.931,20.59,-3.616,3.48,0.494,-5.897,-5.006,7.685,11.979,-12.364,16.938,-6.314,17.607,10.796,13.497,13.061,45.262,37.11,37.11,34.524,30.531,0.718,mid,0.642,0.594,0.68,0.603,-172.348,362.982,494.43,358.046,0.896,3.529,0.256,Luchun-Tense,0.253896287900255,-2372282448723047988
Luchun_M1,1,M,Luchun,,M1_la31_01,188.277,524.249,335.972,5,a31,Vowel,a,Lax,Oral,31.0,2.0,Mid,31,Unaspirated,Oral,104.609,104.43,107.012,105.51,889.045,294.301,1469.213,222.715,2616.481,277.064,3677.237,277.122,1182.942,2287.147,3606.705,5341.364,21.007,20.832,22.714,22.0,16.062,12.963,24.606,-6.731,21.541,-4.666,8.82,1.988,-1.707,-1.169,6.652,9.037,-3.599,27.579,-0.534,25.498,12.187,18.843,16.052,19.365,11.883,12.584,13.023,24.388,0.846,low,0.563,0.482,0.604,0.49,-92.275,358.5,320.206,353.788,1.733,3.52,0.483,Luchun-Lax,0.492329545454545,-3939197851619593011
Luchun_M1,1,M,Luchun,,M1_la33_01,274.617,658.836,384.219,5,a33,Vowel,a,Lax,Oral,33.0,1.0,Mid,33,Unaspirated,Oral,125.132,124.895,98.746,125.118,790.235,213.472,1351.397,177.118,2523.178,660.554,4061.835,640.368,1054.006,1838.009,3802.29,4677.374,21.002,20.702,23.357,22.116,17.1,11.278,25.636,-4.0,22.321,-2.113,3.415,-0.76,-2.355,-1.414,6.256,10.838,-4.634,24.717,-1.319,22.815,17.587,21.462,17.185,9.316,3.863,8.544,11.496,20.206,0.802,mid,0.57,0.475,0.613,0.469,-257.673,468.269,804.485,464.512,0.933,2.856,0.327,Luchun-Lax,0.326680672268908,-6667602837341740199
Luchun_M1,1,M,Luchun,,M1_la33_02,246.687,559.86,313.173,5,a33,Vowel,a,Lax,Oral,33.0,1.0,Mid,33,Unaspirated,Oral,125.555,125.512,125.528,124.803,801.548,334.121,1374.607,207.375,2605.416,513.064,3677.044,791.191,1054.982,1445.557,3789.317,5009.412,20.779,20.483,23.18,21.956,16.406,10.677,25.718,-3.936,23.454,-0.955,0.89,-3.637,-2.401,-1.473,6.774,11.279,-4.939,24.435,-2.675,21.438,19.89,24.12,16.029,22.55,15.36,17.279,18.41,22.646,0.864,mid,0.581,0.49,0.631,0.507,-259.878,404.395,794.026,400.362,0.919,2.773,0.332,Luchun-Lax,0.331410025243419,-5399342874654356590
Luchun_M1,1,M,Luchun,,M1_la55_01,253.496,665.775,412.279,5,a55,Vowel,a,Lax,Oral,55.0,1.0,High,55,Unaspirated,Oral,158.103,158.101,157.803,156.351,718.039,379.766,1289.814,219.191,2589.586,378.155,3654.01,368.875,1115.122,1917.043,3406.384,4068.091,21.4,20.826,22.592,20.135,26.837,11.185,26.49,-1.11,26.169,4.173,9.16,10.574,-1.192,0.692,-4.245,8.95,-5.09,21.956,-4.768,16.653,12.241,10.253,25.705,43.611,35.232,36.505,34.966,30.914,0.879,high,0.498,0.483,0.565,0.434,-468.082,460.855,1030.528,458.11,0.496,1.707,0.291,Luchun-Lax,0.290568248388987,-1880562672079148991
Luchun_M1,1,M,Luchun,,M1_la55_02,196.293,556.596,360.303,5,a55,Vowel,a,Lax,Oral,55.0,1.0,High,55,Unaspirated,Oral,155.077,155.218,155.237,155.731,714.766,459.714,1235.966,212.012,2692.833,481.458,3630.948,275.127,1092.241,1397.797,3573.442,4137.399,19.232,18.66,20.829,18.386,24.248,9.031,23.341,-4.544,24.638,1.968,4.362,8.401,-1.597,0.274,-3.419,9.354,-4.11,23.232,-5.407,16.692,14.87,10.259,14.289,48.165,40.09,42.951,41.691,31.667,0.708,high,0.505,0.491,0.575,0.441,-398.835,377.813,940.742,374.972,0.567,1.858,0.306,Luchun-Lax,0.305166846071044,3874319186025780914
Luchun_M1,1,M,Luchun,,M1_le_31_01,240.214,512.25,272.036,5,e_31,Vowel,e,Tense,Oral,31.0,2.0,Mid,31,Unaspirated,Oral,108.579,108.885,109.633,109.493,626.344,76.828,1975.547,125.097,2632.798,242.601,3250.412,238.923,776.659,2154.083,3012.64,4931.557,8.634,8.335,12.126,10.876,9.309,3.013,22.015,-3.556,18.999,6.489,14.85,5.769,-3.493,-2.542,2.817,7.864,-13.381,11.892,-10.366,1.846,-6.217,2.566,5.335,44.482,42.512,37.298,31.799,28.831,0.536,low,0.582,0.533,0.714,0.522,-173.427,377.743,445.547,372.951,1.314,4.363,0.305,Luchun-Tense,0.301168920467568,3094986290175750347
Luchun_M1,1,M,Luchun,,M1_le_33_01,254.355,585.685,331.33,5,e_33,Vowel,e,Tense,Oral,33.0,1.0,Mid,33,Unaspirated,Oral,139.357,139.807,141.451,140.242,557.082,49.852,2006.324,194.714,2656.02,266.859,3663.647,159.507,576.219,2230.326,3491.738,5000.778,11.479,10.854,18.922,16.144,27.312,5.428,27.31,3.647,7.385,-1.546,3.515,-2.557,-7.442,-5.291,-8.39,10.716,-15.831,7.208,4.094,12.4,7.964,13.41,7.63,39.351,41.845,36.912,33.012,27.191,0.527,mid,0.647,0.597,0.694,0.608,-167.627,421.434,501.88,417.067,0.869,1.666,0.181,Luchun-Tense,0.521608643457383,7441951064386549422
Luchun_M1,1,M,Luchun,,M1_le_33_02,205.144,499.736,294.592,5,e_33,Vowel,e,Tense,Oral,33.0,1.0,Mid,33,Unaspirated,Oral,130.998,131.035,131.411,131.203,530.373,94.886,2021.432,152.325,2655.256,405.461,3633.412,189.655,566.804,2187.379,3547.432,4949.111,12.797,12.206,19.549,16.943,24.654,1.598,24.652,1.13,10.729,2.43,3.108,-2.894,-6.753,-4.737,-5.105,15.346,-11.856,11.077,2.068,9.776,9.689,15.1,5.004,44.369,48.103,42.072,37.801,29.499,0.652,mid,0.65,0.607,0.653,0.58,-202.822,354.321,521.58,349.898,0.931,3.42,0.275,Luchun-Tense,0.272222222222222,-7624063898602406327
Luchun_M1,1,M,Luchun,,M1_le31_01,210.93,537.552,326.622,5,e31,Vowel,e,Lax,Oral,31.0,2.0,Mid,31,Unaspirated,Oral,106.515,106.29,110.525,107.845,654.676,220.934,1962.162,138.307,2746.511,571.046,3498.713,782.474,703.767,2081.89,3221.883,5038.53,14.827,14.537,16.453,15.24,10.476,4.379,16.94,-8.867,6.579,-6.596,-1.065,-9.404,-1.626,-0.703,5.978,10.861,-2.113,23.405,8.248,21.132,15.893,23.941,1.582,13.455,15.743,16.597,18.452,20.274,0.666,low,0.558,0.431,0.536,0.509,-277.326,377.84,885.329,373.021,2.067,3.501,0.593,Luchun-Lax,0.590402742073693,-3916271855338471965
Luchun_M1,1,M,Luchun,,M1_le33_01,284.421,650.257,365.836,5,e33,Vowel,e,Lax,Oral,33.0,1.0,Mid,33,Unaspirated,Oral,130.569,130.609,130.717,130.949,536.973,273.474,2104.309,288.269,2681.508,495.278,3877.257,695.969,608.663,2267.538,3659.397,5060.309,20.316,19.734,21.701,19.132,20.7,-0.971,20.697,-2.79,9.526,2.058,3.846,-2.243,-1.386,0.602,1.002,20.103,-0.381,22.525,10.79,17.676,16.47,21.977,4.397,25.703,29.285,26.934,26.035,25.0,0.86,mid,0.455,0.415,0.503,0.381,-345.729,468.807,931.952,465.892,0.969,2.108,0.461,Luchun-Lax,0.459677419354839,-3930483065688643599
Luchun_M1,1,M,Luchun,,M1_le33_02,252.209,553.297,301.088,5,e33,Vowel,e,Lax,Oral,33.0,1.0,Mid,33,Unaspirated,Oral,128.131,128.132,129.075,128.85,501.792,258.701,1924.364,218.412,2625.434,329.852,3735.613,993.096,515.327,2137.41,2945.499,4864.16,18.898,18.256,19.859,16.991,19.699,-0.602,19.697,-3.526,9.75,1.528,4.694,1.309,-0.961,1.265,0.16,17.592,-0.798,21.782,9.149,16.728,14.205,16.946,3.142,35.29,38.137,34.041,31.179,27.998,0.839,mid,0.449,0.405,0.488,0.356,-352.667,403.796,975.797,401.014,0.954,2.111,0.452,Luchun-Lax,0.451918522027475,4582409361076963316
Luchun_M1,1,M,Luchun,,M1_le55_01,199.745,516.662,316.917,5,e55,Vowel,e,Lax,Oral,55.0,1.0,High,55,Unaspirated,Oral,164.288,164.312,163.98,164.419,498.916,158.374,1985.745,132.965,2711.036,293.971,4255.066,865.768,560.341,2108.38,3008.102,4766.144,20.932,19.86,22.353,17.105,19.241,15.796,26.432,4.027,17.173,10.512,8.567,6.272,-1.422,2.755,3.112,1.309,-5.5,15.835,3.759,9.348,12.365,13.588,9.876,48.608,49.015,43.393,40.183,29.908,0.0,high,0.461,0.443,0.517,0.399,-430.319,359.03,943.538,356.603,0.494,1.655,0.3,Luchun-Lax,0.298489425981873,-4188287725529914479
Luchun_M1,1,M,Luchun,,M1_le55_02,186.034,461.086,275.052,5,e55,Vowel,e,Lax,Oral,55.0,1.0,High,55,Unaspirated,Oral,155.52,155.65,156.149,156.351,526.68,256.426,1909.932,167.902,2553.455,426.201,4570.341,697.025,599.472,2010.735,2841.538,4736.516,20.153,19.258,22.602,18.406,19.912,12.238,20.292,-2.501,16.199,7.832,8.471,3.12,-2.449,0.852,2.689,6.168,-0.139,21.76,3.953,11.426,11.681,16.138,6.433,46.219,46.162,40.339,37.553,29.173,0.902,high,0.481,0.457,0.538,0.417,-402.674,324.961,944.294,322.281,0.49,1.734,0.283,Luchun-Lax,0.282583621683968,2203650200206069509
Luchun_M1,1,M,Luchun,,M1_lo_33_01,306.125,675.676,369.551,5,o_33,Vowel,o,Tense,Oral,33.0,1.0,Mid,33,Unaspirated,Oral,139.305,139.261,139.465,139.58,406.109,17.646,702.157,97.621,2900.844,359.217,3293.152,277.602,474.602,3217.667,4653.776,4113.516,14.797,13.367,25.229,18.299,13.954,4.233,34.582,10.936,20.659,1.811,-5.678,21.99,-10.432,-4.931,11.274,14.066,-19.785,2.549,-5.863,11.557,20.475,-8.623,31.397,28.389,40.512,46.478,43.437,23.053,0.0,mid,0.712,0.669,0.894,0.624,-137.205,492.218,296.431,487.739,1.336,3.596,0.338,Luchun-Tense,0.371523915461624,-1506083338152618658
Luchun_M1,1,M,Luchun,,M1_lo_33_02,205.019,500.244,295.225,5,o_33,Vowel,o,Tense,Oral,33.0,1.0,Mid,33,Unaspirated,Oral,135.305,135.259,135.824,135.597,387.602,19.949,674.249,14.864,2793.284,612.327,3383.31,189.767,615.943,3402.734,4562.216,4469.829,15.226,13.744,25.228,17.969,18.687,9.348,33.548,10.613,29.606,11.174,-6.459,21.717,-10.002,-4.226,6.541,8.622,-18.322,3.239,-14.38,2.57,21.686,-7.974,33.111,34.705,44.64,51.007,47.748,26.834,0.0,mid,0.692,0.642,0.867,0.598,-155.786,353.949,364.866,349.528,1.06,3.139,0.192,Luchun-Tense,0.337687161516407,-3871755218276295346
Luchun_M1,1,M,Luchun,,M1_lo31_01,196.478,551.636,355.158,5,o31,Vowel,o,Lax,Oral,31.0,2.0,Mid,31,Unaspirated,Oral,114.366,113.791,118.462,163.376,376.704,110.633,691.182,108.036,2641.529,246.232,3337.019,165.504,574.427,3170.322,4448.358,4756.885,16.994,15.747,21.653,15.656,23.184,14.002,21.162,-0.404,19.219,2.37,-10.136,15.805,-4.658,0.091,-1.532,1.654,-4.168,16.204,-2.225,13.377,27.131,-0.058,5.805,11.737,22.632,31.421,31.564,21.252,0.47,low,0.68,0.612,0.819,0.555,-165.122,375.153,625.35,370.281,1.1,2.206,0.169,Luchun-Lax,0.498640072529465,-6916910723282929285
Luchun_M1,1,M,Luchun,,M1_lo31_02,170.675,481.994,311.319,5,o31,Vowel,o,Lax,Oral,31.0,2.0,Mid,31,Unaspirated,Oral,119.3,118.655,123.066,121.288,360.662,116.225,709.873,74.517,2642.749,214.411,3373.954,137.426,627.341,3218.294,4375.971,,16.973,15.614,22.277,15.61,20.942,14.613,21.804,1.127,19.108,3.558,-9.516,16.369,-5.304,0.005,1.335,0.997,-4.831,14.528,-2.135,12.057,26.489,-0.754,5.488,14.439,25.15,33.981,33.729,21.923,0.651,low,0.695,0.622,0.748,0.577,-164.073,327.782,542.404,322.953,1.167,4.155,0.283,Luchun-Lax,0.28086642599278,630130284594260235
Luchun_M1,1,M,Luchun,,M1_lo33_01,212.313,662.28,449.967,5,o33,Vowel,o,Lax,Oral,33.0,1.0,Mid,33,Unaspirated,Oral,147.521,147.472,148.026,147.877,374.466,95.469,542.213,188.742,2656.352,207.383,3336.199,113.775,430.484,2009.383,3415.27,4454.37,20.847,18.595,29.222,17.033,19.089,12.174,25.307,1.565,27.004,4.999,-4.097,27.503,-8.375,1.563,10.133,4.859,-4.46,17.373,-6.156,13.596,24.944,-8.908,25.493,28.423,39.924,45.951,41.827,26.101,0.0,mid,0.709,0.578,0.747,0.417,-198.515,437.387,370.261,434.557,1.486,3.218,0.467,Luchun-Lax,0.46177750155376,-379088249120967571
Luchun_M1,1,M,Luchun,,M1_lo33_02,290.366,702.646,412.28,5,o33,Vowel,o,Lax,Oral,33.0,1.0,Mid,33,Unaspirated,Oral,143.153,143.105,143.492,143.136,388.013,56.33,685.494,117.345,2748.79,231.614,3324.046,109.304,504.181,2288.338,3952.638,4470.614,19.849,18.204,26.861,18.529,18.827,10.129,31.292,8.678,21.979,4.094,-4.324,22.5,-7.012,-0.325,8.035,8.399,-11.443,9.615,-2.13,14.11,24.173,-4.296,21.313,26.862,36.021,43.649,40.654,25.456,0.0,mid,0.714,0.64,0.776,0.449,-202.584,496.57,510.897,493.427,1.383,3.494,0.397,Luchun-Lax,0.39582140812822,-1706754525700349450
Luchun_M1,1,M,Luchun,,M1_lo55_01,180.247,626.971,446.724,5,o55,Vowel,o,Lax,Oral,55.0,1.0,High,55,Unaspirated,Oral,173.67,173.663,173.434,172.904,365.53,73.987,691.833,24.192,2523.569,175.023,3382.11,277.107,657.121,2951.023,3678.843,,23.523,20.732,31.158,12.469,30.48,15.281,31.156,10.889,30.479,14.994,-1.47,24.111,-7.635,8.263,0.678,-2.812,-7.633,9.9,-6.955,5.739,24.993,-3.379,36.667,38.545,46.432,52.251,50.198,28.568,0.566,high,0.725,0.602,0.803,0.407,-370.084,403.248,799.666,400.904,1.082,2.669,0.406,Luchun-Lax,0.405395279130761,8644704469014251794
Luchun_M1,1,M,Luchun,,M1_lo55_02,162.423,534.405,371.982,5,o55,Vowel,o,Lax,Oral,55.0,1.0,High,55,Unaspirated,Oral,167.597,167.546,167.214,168.558,380.773,99.228,676.361,21.484,2681.326,339.01,3257.042,206.122,646.578,3195.7,4569.812,,21.161,18.783,28.563,14.305,29.341,12.216,27.964,6.159,29.34,12.076,-7.335,19.613,-7.402,4.478,-0.778,2.088,-6.803,12.717,-8.179,6.707,28.496,-0.831,23.347,35.508,42.604,50.45,48.861,27.52,0.552,high,0.678,0.587,0.83,0.439,-382.726,348.606,718.022,345.986,1.117,2.538,0.442,Luchun-Lax,0.440110323089047,1087614516971233866
Luchun_M1,1,M,Luchun,,M1_lu_31_01,289.223,552.727,263.504,5,u_31,Vowel,u,Tense,Oral,31.0,2.0,Mid,31,Unaspirated,Oral,115.823,115.09,116.561,116.178,252.615,62.9,829.612,165.522,2681.354,436.773,3774.205,268.324,731.995,3055.827,3995.538,4404.752,12.091,10.033,20.824,9.137,9.275,13.324,20.798,7.132,6.289,-0.665,-16.718,11.569,-8.733,0.897,11.55,-4.187,-8.706,2.91,5.803,10.698,28.809,-1.535,1.225,29.032,35.057,40.506,41.254,22.767,0.585,low,0.735,0.594,0.817,0.533,-116.476,422.081,279.658,417.479,1.67,2.674,0.26,Luchun-Tense,0.6245325355273,-7946587207911841299
Luchun_M1,1,M,Luchun,,M1_lu_31_02,189.946,404.796,214.85,5,u_31,Vowel,u,Tense,Oral,31.0,2.0,Mid,31,Unaspirated,Oral,117.502,116.611,118.042,118.08,243.326,39.01,826.429,162.361,2612.811,400.361,3816.892,212.052,545.09,2935.889,4019.007,4517.11,13.993,11.754,22.143,9.797,8.999,14.125,22.141,9.105,1.836,-4.295,-14.767,12.64,-8.149,1.956,13.144,-4.328,-8.148,2.655,12.157,16.049,28.76,-0.886,1.501,22.949,31.444,37.479,38.158,21.972,0.524,low,0.737,0.62,0.832,0.358,-134.587,296.64,355.774,293.581,1.574,4.348,0.363,Luchun-Tense,0.362005519779209,4723609999954834945
Luchun_M1,1,M,Luchun,,M1_lu_33_01,320.349,700.438,380.089,5,u_33,Vowel,u,Tense,Oral,33.0,1.0,Mid,33,Unaspirated,Oral,143.201,143.207,143.654,266.618,289.317,15.603,825.562,489.26,2802.279,646.186,3869.483,254.342,325.573,1791.86,3962.387,4468.451,16.376,13.759,28.11,12.802,6.917,10.494,28.109,12.789,4.809,-4.076,-10.963,17.679,-11.734,0.957,21.193,2.308,-11.732,0.986,11.567,17.835,27.339,-3.92,7.109,27.842,35.05,38.419,39.407,23.301,0.386,mid,0.642,0.578,0.619,0.519,-186.614,510.838,224.259,507.215,1.722,3.285,0.525,Luchun-Tense,0.524200913242009,-3125249797144881406
Luchun_M1,1,M,Luchun,,M1_lu31_01,202.479,505.264,302.785,5,u31,Vowel,u,Lax,Oral,31.0,2.0,Mid,31,Unaspirated,Oral,124.627,124.427,124.901,124.672,268.764,46.203,996.838,245.796,2154.887,516.355,3229.388,652.596,728.568,2576.291,3966.779,4756.979,17.046,14.924,23.051,10.524,6.97,12.082,23.048,8.908,4.67,-1.235,-10.867,4.509,-6.005,4.4,16.081,-1.559,-6.001,6.017,12.376,16.159,27.913,10.415,2.438,14.672,22.195,27.162,29.305,19.536,0.851,low,0.756,0.687,0.827,0.539,-214.795,355.028,504.26,350.684,1.776,3.551,0.5,Luchun-Lax,0.500140805406928,407054581912887879
Luchun_M1,1,M,Luchun,,M1_lu31_02,207.935,542.907,334.972,5,u31,Vowel,u,Lax,Oral,31.0,2.0,Mid,31,Unaspirated,Oral,115.292,114.78,118.019,116.028,265.64,75.378,979.853,121.987,2577.984,506.664,3786.261,411.576,893.344,3171.727,4259.149,4696.677,17.959,16.012,19.936,8.765,4.63,8.894,19.106,5.104,7.104,1.026,-16.181,6.405,-1.978,7.247,15.306,-0.129,-1.147,10.912,10.855,14.986,34.139,9.607,1.61,14.709,22.756,30.342,33.382,18.35,0.0,low,0.647,0.559,0.806,0.374,-165.401,375.157,640.4,371.878,1.322,1.831,0.179,Luchun-Lax,0.72200983069361,5583545611187704644
Luchun_M1,1,M,Luchun,,M1_lu33_01,213.812,588.13,374.318,5,u33,Vowel,u,Lax,Oral,33.0,1.0,Mid,33,Unaspirated,Oral,145.588,145.595,145.437,146.308,278.736,32.668,983.068,408.132,2224.145,414.745,3502.005,222.789,335.408,1970.226,3849.183,4518.368,21.309,18.508,26.899,13.375,6.593,13.343,26.897,12.66,0.412,-5.67,-10.545,6.774,-5.591,5.133,20.306,0.032,-5.589,5.851,20.897,24.178,31.854,11.735,6.401,25.561,34.479,39.702,42.252,24.066,0.545,mid,0.716,0.586,0.835,0.465,-269.058,401.348,410.366,398.148,1.658,3.275,0.507,Luchun-Lax,0.506259541984733,5112346436131850865
Luchun_M1,1,M,Luchun,,M1_lu33_02,222.056,580.948,358.892,5,u33,Vowel,u,Lax,Oral,33.0,1.0,Mid,33,Unaspirated,Oral,139.571,139.386,140.134,140.371,274.868,15.791,943.788,166.116,2446.736,576.438,3681.951,143.985,338.666,1256.168,3756.195,4358.623,18.605,15.941,27.193,13.186,7.604,13.785,27.191,13.032,6.292,-0.147,-10.656,11.319,-8.588,2.755,19.589,-0.6,-8.586,2.913,12.313,16.088,29.261,4.621,5.974,28.919,36.361,39.531,40.629,25.201,0.489,mid,0.771,0.609,0.86,0.401,-285.458,401.271,480.429,398.398,1.663,3.534,0.471,Luchun-Lax,0.470571590265988,-5355592140910399152
Luchun_M1,1,M,Luchun,,M1_lu55_01,203.52,606.097,402.577,5,u55,Vowel,u,Lax,Oral,55.0,1.0,High,55,Unaspirated,Oral,187.262,187.158,186.876,187.228,282.729,115.466,935.753,37.823,2395.691,267.445,3608.589,162.71,876.029,3252.616,3844.696,5534.098,25.133,19.926,20.627,17.773,6.279,13.293,11.716,-1.525,14.314,8.583,-10.129,12.171,4.506,2.153,14.348,4.48,13.418,21.456,10.819,11.343,35.262,7.755,5.985,27.471,36.509,43.413,46.204,24.076,0.0,high,0.679,0.653,0.651,0.577,-371.538,405.555,753.321,402.477,1.467,1.852,0.795,Luchun-Lax,0.792116630669546,3103133150358159110
Luchun_M1,1,M,Luchun,,M1_lw33_01,257.643,631.615,373.972,5,w33,Vowel,ɯ,Lax,Oral,33.0,1.0,Mid,33,Unaspirated,Oral,137.751,137.713,137.833,137.871,318.103,69.631,1636.411,299.166,2382.488,112.749,4465.391,176.993,382.564,2301.309,4443.606,4804.042,17.027,15.215,23.142,12.23,8.491,13.297,22.055,5.627,-3.147,-5.857,-1.542,2.871,-6.115,2.986,14.651,-1.068,-5.028,9.589,20.174,21.073,18.57,12.345,2.727,38.697,47.765,44.398,43.246,23.132,0.773,mid,0.724,0.562,0.753,0.358,-303.807,444.054,582.5,441.452,1.466,3.693,0.4,Luchun-Lax,0.396967235310046,-1884716465666924146
Luchun_M1,1,M,Luchun,,M1_lw33_02,288.098,640.453,352.355,5,w33,Vowel,ɯ,Lax,Oral,33.0,1.0,Mid,33,Unaspirated,Oral,130.114,129.884,130.901,131.108,311.044,84.826,1726.684,296.478,2459.779,103.603,3714.268,280.553,340.378,2307.315,3904.088,4576.758,15.52,13.809,21.85,11.847,8.11,12.53,19.077,3.056,-4.669,-6.208,-4.483,0.528,-6.33,1.961,13.74,-0.682,-3.557,10.753,20.189,20.016,20.004,13.28,1.958,31.227,41.033,39.787,40.113,24.967,0.779,mid,0.705,0.616,0.781,0.389,-267.578,463.627,606.039,460.635,1.506,3.599,0.421,Luchun-Lax,0.418449569324812,1399034519545703287
Luchun_M1,1,M,Luchun,,M1_ma31_01,173.051,439.327,266.276,5,a31,Vowel,a,Lax,Oral,31.0,2.0,Mid,31,Unaspirated,Nasal,101.509,55.726,103.674,102.662,905.543,154.292,1628.336,337.811,2741.728,170.751,3667.185,366.49,991.6,2467.218,3234.101,4777.944,16.62,16.468,16.244,15.627,6.815,4.164,18.519,-12.639,9.696,-15.422,3.552,-4.192,0.377,0.842,9.428,11.462,-1.899,29.12,6.924,31.89,13.068,20.66,2.65,18.48,14.641,17.347,18.542,24.037,0.723,low,0.516,0.385,0.43,0.413,-262.445,309.68,842.134,305.572,2.402,3.162,0.754,Luchun-Lax,0.759645793801392,8524534292805709095
Luchun_M1,1,M,Luchun,,M1_ma31_02,183.254,465.918,282.664,5,a31,Vowel,a,Lax,Oral,31.0,2.0,Mid,31,Unaspirated,Nasal,97.346,,100.103,98.464,953.279,177.033,1497.155,230.398,2823.675,177.187,3649.26,277.155,1120.453,2047.429,3194.654,4856.836,14.91,14.774,14.349,13.796,4.925,2.577,18.111,-14.609,12.092,-15.936,3.232,-2.504,0.561,0.978,9.424,11.219,-3.2,29.408,2.818,30.71,11.678,17.278,2.351,18.895,13.376,17.422,18.296,23.982,0.644,low,0.524,0.385,0.438,0.342,-223.889,326.95,886.011,323.373,2.673,3.767,0.713,Luchun-Lax,0.709583222723653,-8288164584190243445
Luchun_M1,1,M,Luchun,,M1_me_31_01,204.531,502.684,298.153,5,e_31,Vowel,e,Tense,Oral,31.0,2.0,Mid,31,Unaspirated,Nasal,113.216,114.113,113.441,113.917,648.641,85.77,1977.87,126.364,2634.589,546.279,3344.142,451.725,728.175,2150.102,3289.191,5026.274,10.28,9.984,15.052,13.817,9.283,3.103,21.278,-4.572,15.04,1.858,7.079,-4.089,-4.773,-3.833,5.769,10.713,-10.999,14.557,-4.761,8.126,3.201,14.073,3.166,42.125,40.602,36.804,32.172,29.03,0.651,low,0.6,0.557,0.682,0.547,-166.954,355.901,494.957,351.108,1.154,3.407,0.339,Luchun-Tense,0.338714411505723,9206592424774788900
Luchun_M1,1,M,Luchun,,M1_me_31_02,161.036,395.436,234.4,5,e_31,Vowel,e,Tense,Oral,31.0,2.0,Mid,31,Unaspirated,Nasal,108.794,108.88,110.311,109.276,619.484,92.829,2019.977,223.879,2699.657,236.808,3355.019,243.244,672.183,2398.293,3187.739,5052.255,9.969,9.655,15.638,14.319,4.911,-1.899,18.307,-6.964,7.818,-3.56,9.082,0.699,-5.669,-4.664,10.727,16.218,-8.338,16.62,2.151,13.215,0.887,8.956,2.03,32.983,34.139,31.033,26.043,25.671,0.345,low,0.632,0.56,0.676,0.607,-135.993,280.802,423.916,275.207,1.272,4.232,0.31,Luchun-Tense,0.300567107750473,6767198182111750169
Luchun_M1,1,M,Luchun,,M1_me_33_01,239.853,536.477,296.624,5,e_33,Vowel,e,Tense,Oral,33.0,1.0,Mid,33,Unaspirated,Nasal,141.521,141.407,141.752,141.383,575.244,93.517,2033.937,121.626,2764.36,151.469,3699.299,378.344,625.107,2311.376,3267.625,5008.511,14.893,14.307,23.477,20.897,26.907,3.793,26.905,2.934,14.126,4.682,12.169,7.138,-8.583,-6.589,-3.43,17.103,-12.011,11.375,0.767,9.626,2.724,7.17,10.516,51.19,50.358,43.138,36.188,29.458,0.622,mid,0.65,0.599,0.665,0.588,-206.515,389.599,577.492,385.439,0.858,1.426,0.22,Luchun-Tense,0.601683029453015,8867636779824526690
Luchun_M1,1,M,Luchun,,M1_me_33_02,213.837,479.643,265.806,5,e_33,Vowel,e,Tense,Oral,33.0,1.0,Mid,33,Unaspirated,Nasal,134.764,134.822,135.366,134.665,616.59,138.403,2006.83,92.62,2804.035,251.296,3571.957,277.591,723.777,2326.745,3422.68,4892.463,13.723,13.245,22.431,20.371,17.015,3.274,21.091,-3.577,18.053,7.109,13.447,8.031,-8.709,-7.127,5.416,17.098,-7.369,16.824,-4.33,6.136,0.276,5.214,5.912,44.025,47.097,42.585,36.477,29.418,0.935,mid,0.629,0.583,0.65,0.567,-210.377,347.902,595.196,343.701,0.924,3.087,0.303,Luchun-Tense,0.299319727891156,-1143500658845828135
Luchun_M1,1,M,Luchun,,M1_me31_01,187.958,487.371,299.413,5,e31,Vowel,e,Lax,Oral,31.0,2.0,Mid,31,Unaspirated,Nasal,108.11,107.875,111.563,109.317,652.442,243.803,2026.581,145.548,2897.044,331.689,3826.298,456.34,671.33,2176.662,3419.989,4993.011,19.095,18.802,20.024,18.801,10.887,4.723,15.911,-9.813,10.197,-2.233,2.951,-2.378,-0.929,0.001,9.137,14.078,3.184,28.617,8.898,21.035,16.144,21.181,2.38,15.877,19.087,19.095,18.717,22.085,0.707,low,0.501,0.411,0.47,0.433,-264.431,341.286,880.025,337.221,1.983,3.051,0.644,Luchun-Lax,0.649950835791544,4314232576349849970
Luchun_M1,1,M,Luchun,,M1_me31_02,191.143,502.632,311.489,5,e31,Vowel,e,Lax,Oral,31.0,2.0,Mid,31,Unaspirated,Nasal,107.396,106.16,110.962,108.633,662.002,205.873,2033.303,189.803,2884.476,355.679,3804.16,477.016,792.518,2238.35,3361.966,5094.55,18.105,17.824,19.724,18.553,10.619,4.802,16.73,-9.162,9.352,-3.159,4.107,-1.86,-1.619,-0.729,9.105,13.751,1.375,26.988,8.753,20.983,13.998,19.684,2.494,13.952,17.071,17.962,18.25,23.335,0.804,low,0.532,0.431,0.512,0.422,-251.613,349.738,889.683,345.732,1.958,3.302,0.592,Luchun-Lax,0.59297395517868,4199979816980558257
Luchun_M1,1,M,Luchun,,M1_me33_01,224.35,537.51,313.16,5,e33,Vowel,e,Lax,Oral,33.0,1.0,Mid,33,Unaspirated,Nasal,135.271,135.137,135.819,135.372,552.4,252.318,1967.164,185.668,2659.42,405.167,4481.966,484.767,602.937,2171.539,3268.647,4782.481,20.636,20.04,24.14,21.508,21.504,-0.997,21.502,-2.225,13.282,3.827,4.896,-0.72,-3.504,-1.468,2.636,22.505,-0.865,22.266,7.354,16.213,15.74,20.76,6.5,24.568,27.014,23.516,23.167,25.415,0.76,mid,0.473,0.428,0.515,0.367,-384.881,382.798,1033.447,380.084,0.961,2.165,0.444,Luchun-Lax,0.443879907621247,-723286958444434446
Luchun_M1,1,M,Luchun,,M1_me33_02,179.274,427.577,248.303,5,e33,Vowel,e,Lax,Oral,33.0,1.0,Mid,33,Unaspirated,Nasal,133.874,133.763,134.343,134.207,515.933,318.482,1924.143,159.822,2558.843,533.985,3649.257,321.624,583.383,2027.596,3516.507,4971.419,20.151,19.476,24.224,21.193,19.333,1.25,19.166,-4.079,11.432,3.046,4.372,-1.774,-4.074,-1.718,4.891,19.944,0.985,23.556,8.719,16.429,15.778,21.25,5.355,26.56,30.636,27.67,26.628,24.926,0.723,mid,0.468,0.416,0.492,0.361,-391.776,305.351,1052.427,302.65,1.147,2.225,0.515,Luchun-Lax,0.515505617977528,2308254683578110204
Luchun_M1,1,M,Luchun,,M1_me55_01,239.548,573.71,334.162,5,e55,Vowel,e,Lax,Oral,55.0,1.0,High,55,Unaspirated,Nasal,174.372,174.605,174.581,173.998,547.808,411.134,2018.669,165.685,2609.552,189.09,3776.426,433.514,611.059,2266.624,3268.988,4616.761,21.873,20.878,17.855,13.086,14.592,9.353,20.35,-2.442,16.058,8.24,12.42,5.533,4.018,7.792,3.262,3.733,1.523,23.32,5.815,12.638,9.453,15.345,5.253,43.655,46.559,42.345,40.141,29.545,0.0,high,0.424,0.421,0.46,0.379,-564.188,407.859,867.105,405.689,0.523,1.233,0.425,Luchun-Lax,0.424168694241687,7162814282081758668
Luchun_M1,1,M,Luchun,,M1_me55_02,213.754,549.771,336.017,5,e55,Vowel,e,Lax,Oral,55.0,1.0,High,55,Unaspirated,Nasal,167.168,167.309,167.317,167.887,568.713,291.242,1958.899,169.367,2620.332,214.335,3612.741,794.338,641.832,2160.627,2964.513,4597.998,20.187,19.337,20.421,16.485,18.182,8.821,18.02,-5.305,15.064,5.69,11.09,4.942,-0.234,2.852,2.239,7.664,2.167,24.643,5.123,13.647,9.097,14.394,5.11,43.03,44.865,41.541,39.603,30.216,0.0,high,0.467,0.461,0.509,0.423,-521.204,383.005,921.08,380.473,0.507,1.391,0.363,Luchun-Lax,0.364485981308411,-6254981700092951090
Luchun_M1,1,M,Luchun,,M1_mi_33_02,279.08,571.636,292.556,5,i_33,Vowel,i,Tense,Oral,33.0,1.0,Mid,33,Unaspirated,Nasal,144.712,144.885,144.703,289.463,291.962,14.391,2675.54,176.599,3263.377,564.138,4049.708,344.804,281.509,2835.316,3944.876,4765.136,8.645,6.235,20.888,6.581,-4.724,4.205,20.886,6.563,-1.573,7.187,-3.027,2.792,-12.243,-0.346,25.611,2.376,-12.241,-0.328,10.218,-0.952,11.672,3.443,1.213,36.28,49.846,50.536,43.898,24.734,0.35,mid,0.567,0.547,0.631,0.498,-305.33,426.858,418.701,423.424,1.698,1.702,1.018,Luchun-Tense,0.99764982373678,-8451930365665130405
Luchun_M1,1,M,Luchun,,M1_mi33_01,226.09,587.002,360.912,5,i33,Vowel,i,Lax,Oral,33.0,1.0,Mid,33,Unaspirated,Nasal,139.956,139.535,139.821,282.395,276.965,8.272,2622.868,198.721,3271.126,288.179,4035.344,191.363,271.563,2910.765,3913.635,4554.062,13.437,10.953,23.597,10.147,-0.413,8.91,23.595,10.019,-0.216,8.839,-0.253,8.341,-10.16,0.806,24.009,1.237,-10.158,0.935,13.652,2.114,13.69,2.613,2.844,32.492,45.646,46.923,41.72,24.808,0.282,mid,0.59,0.516,0.663,0.408,-349.785,406.399,646.658,403.467,1.323,2.85,0.469,Luchun-Lax,0.464210526315789,-2325260449928463193
Luchun_M1,1,M,Luchun,,M1_mi33_02,192.272,486.675,294.403,5,i33,Vowel,i,Lax,Oral,33.0,1.0,Mid,33,Unaspirated,Nasal,136.304,136.665,137.34,274.929,273.23,10.398,2540.799,89.571,3181.735,339.802,4025.876,154.364,261.371,2695.439,3867.501,4644.555,13.322,10.928,24.631,11.106,2.211,11.163,24.628,11.104,0.288,8.683,-2.324,5.086,-11.309,-0.178,22.419,-0.056,-11.306,-0.176,13.034,2.245,15.646,5.842,3.056,33.365,46.958,47.822,40.987,24.103,0.257,mid,0.577,0.509,0.686,0.406,-325.026,339.965,672.849,336.984,1.298,2.762,0.478,Luchun-Lax,0.469949312092686,331967483949751038
Luchun_M1,1,M,Luchun,,M1_mo_31_01,220.702,499.153,278.451,5,o_31,Vowel,o,Tense,Oral,31.0,2.0,Mid,31,Unaspirated,Nasal,118.785,118.326,119.215,119.117,349.217,167.433,602.812,69.824,2835.059,934.487,3339.02,195.818,552.332,3346.378,4671.49,4881.619,10.844,9.441,18.906,12.149,19.955,10.201,16.611,-4.972,20.238,2.006,-9.725,22.807,-8.062,-2.708,-1.05,1.948,-5.768,14.556,-9.394,7.435,20.569,-13.366,2.83,31.003,39.413,46.515,42.614,24.512,0.731,low,0.707,0.608,0.749,0.564,-109.941,361.519,341.842,356.776,1.355,3.886,0.347,Luchun-Tense,0.348687596500257,4153117671889836058
Luchun_M1,1,M,Luchun,,M1_mo_31_02,211.749,432.157,220.408,5,o_31,Vowel,o,Tense,Oral,31.0,2.0,Mid,31,Unaspirated,Nasal,108.964,108.626,110.914,209.007,403.425,91.624,638.705,57.27,2590.916,515.546,3307.36,177.303,572.572,3306.727,3962.964,,10.657,9.698,17.847,13.57,24.799,5.242,24.381,-1.158,20.539,-1.464,-14.146,11.252,-7.19,-3.872,-6.953,8.327,-13.724,11.0,-9.882,11.162,24.803,-1.554,4.72,20.903,30.5,37.06,35.413,22.122,0.297,low,0.612,0.528,0.705,0.411,-106.719,322.3,304.776,318.503,1.373,1.527,0.2,Luchun-Tense,0.899148657498363,5964712836525924256
Luchun_M1,1,M,Luchun,,M1_mo31_01,193.255,470.655,277.4,5,o31,Vowel,o,Lax,Oral,31.0,2.0,Mid,31,Unaspirated,Nasal,116.738,116.152,119.439,117.858,329.663,167.895,656.786,92.706,2427.433,300.547,3412.518,270.063,587.561,3179.919,4711.635,5008.156,19.023,17.337,22.58,13.714,20.725,16.071,17.353,-1.044,16.606,2.236,-14.779,10.926,-3.557,3.623,1.855,-2.357,1.669,18.41,2.417,15.102,33.801,6.412,3.917,12.957,25.549,32.577,34.823,19.917,0.627,low,0.59,0.505,0.726,0.46,-175.682,332.735,549.802,328.772,1.075,2.096,0.113,Luchun-Lax,0.512881679389313,-7952705612380982197
Luchun_M1,1,M,Luchun,,M1_mo31_02,207.388,491.776,284.388,5,o31,Vowel,o,Lax,Oral,31.0,2.0,Mid,31,Unaspirated,Nasal,120.96,119.881,122.686,124.875,294.646,116.127,651.246,76.092,2526.261,289.29,3617.764,688.26,596.484,2798.372,4433.496,5157.536,19.807,17.669,24.631,12.472,19.66,18.632,23.562,7.787,18.204,6.454,-12.323,18.207,-4.823,5.197,4.97,-6.16,-3.754,9.91,1.603,11.214,32.13,-0.539,4.99,6.576,20.458,27.844,31.39,19.294,0.68,low,0.639,0.574,0.747,0.426,-219.816,349.837,649.03,346.29,1.008,3.223,0.238,Luchun-Lax,0.31275209432206,8778002711851713777
Luchun_M1,1,M,Luchun,,M1_na_31_01,205.822,442.723,236.901,5,a_31,Vowel,a,Tense,Oral,31.0,2.0,Mid,31,Unaspirated,Nasal,110.926,111.857,112.217,112.424,925.609,95.199,1480.911,130.141,2582.896,168.638,3083.915,327.713,1223.711,2013.65,2751.753,3565.891,4.235,4.056,4.797,4.067,8.353,5.189,27.253,-4.735,26.208,-0.985,20.014,11.605,-0.562,-0.011,-3.556,-1.122,-23.018,8.809,-21.973,5.041,-15.779,-7.55,16.637,47.841,36.586,33.451,30.344,29.892,0.653,low,0.547,0.481,0.539,0.489,-213.444,325.96,584.506,321.594,1.577,3.539,0.453,Luchun-Tense,0.445606103419045,-3781939805280127706
Luchun_M1,1,M,Luchun,,M1_na_33_01,244.682,526.32,281.638,5,a_33,Vowel,a,Tense,Oral,33.0,1.0,Mid,33,Unaspirated,Nasal,136.418,136.262,137.215,136.686,862.679,115.544,1455.858,181.517,2673.024,253.59,4043.315,635.847,1036.255,1945.3,3039.245,4017.264,9.228,8.927,16.249,15.005,12.177,6.351,26.133,-4.101,19.423,-5.567,8.327,3.826,-7.021,-6.078,4.072,8.653,-16.905,13.048,-10.195,14.494,0.901,5.1,9.689,52.509,43.452,43.141,39.991,30.919,0.691,mid,0.651,0.58,0.683,0.481,-222.196,386.575,604.725,383.053,0.978,2.028,0.14,Luchun-Tense,0.482248520710059,-8013573300132893354
Luchun_M1,1,M,Luchun,,M1_na_33_02,168.938,421.424,252.486,5,a_33,Vowel,a,Tense,Oral,33.0,1.0,Mid,33,Unaspirated,Nasal,130.438,130.44,132.208,131.055,864.278,78.486,1475.118,159.895,2663.646,232.531,3876.179,566.509,1029.34,2297.326,2742.625,4165.944,9.866,9.594,16.361,15.239,9.028,3.861,25.898,-4.324,19.017,-5.68,7.83,2.358,-6.495,-5.645,7.333,11.378,-16.032,13.934,-9.151,15.273,2.037,7.236,8.985,38.965,31.463,29.425,26.78,27.115,0.782,mid,0.644,0.576,0.658,0.606,-224.824,297.708,690.465,293.045,0.805,3.356,0.241,Luchun-Tense,0.239868891537545,1344261473741646103
Luchun_M1,1,M,Luchun,,M1_na31_01,340.989,644.836,303.847,5,a31,Vowel,a,Lax,Oral,31.0,2.0,Mid,31,Unaspirated,Nasal,107.828,36.795,111.445,108.93,939.707,206.12,1508.436,151.491,2760.331,211.927,3725.954,641.943,1148.745,1765.78,3312.25,5172.151,14.423,14.251,15.741,15.039,8.284,5.252,19.38,-12.696,15.321,-11.856,2.428,-4.407,-1.317,-0.788,7.456,9.787,-4.957,26.968,-0.897,26.108,11.996,18.658,3.95,14.632,9.278,13.239,15.715,21.192,0.261,low,0.568,0.43,0.535,0.426,-291.811,495.791,973.533,491.786,2.288,3.411,0.669,Luchun-Lax,0.67077103488713,2488714160382983664
Luchun_M1,1,M,Luchun,,M1_na31_02,142.547,382.227,239.68,5,a31,Vowel,a,Lax,Oral,31.0,2.0,Mid,31,Unaspirated,Nasal,115.735,48.715,118.463,116.582,929.817,225.067,1494.612,137.536,2736.002,255.656,4012.141,643.293,1200.506,1538.249,3290.362,4942.945,16.053,15.85,17.636,16.807,8.919,5.273,19.411,-12.194,16.51,-10.141,0.295,-5.995,-1.583,-0.957,8.717,11.534,-3.358,28.065,-0.456,25.991,15.758,21.846,4.522,23.336,16.334,18.111,19.445,21.929,0.801,low,0.55,0.436,0.545,0.489,-346.368,265.69,1090.307,261.397,2.016,3.096,0.652,Luchun-Lax,0.651162790697674,-2795392951721373736
Luchun_M1,1,M,Luchun,,M1_na33_01,174.344,502.535,328.191,5,a33,Vowel,a,Lax,Oral,33.0,1.0,Mid,33,Unaspirated,Nasal,127.684,127.67,127.761,127.479,874.759,250.932,1479.684,213.864,2682.119,218.619,4050.349,556.765,1116.432,1837.965,3322.135,4641.926,16.138,15.884,17.501,16.458,10.397,5.658,20.446,-10.08,16.22,-8.953,2.097,-3.314,-1.364,-0.575,7.105,10.8,-4.309,25.982,-0.082,24.837,14.041,19.198,4.994,29.889,22.745,23.052,23.17,24.127,0.808,mid,0.528,0.448,0.543,0.394,-385.475,340.687,1135.838,337.596,1.66,2.674,0.618,Luchun-Lax,0.620792819745699,-8108971628424267511
Luchun_M1,1,M,Luchun,,M1_na33_02,154.988,429.984,274.996,5,a33,Vowel,a,Lax,Oral,33.0,1.0,Mid,33,Unaspirated,Nasal,122.161,122.09,123.437,122.3,898.447,314.763,1530.295,169.409,2672.334,257.186,3837.024,608.814,1265.25,1526.936,2944.01,4595.736,15.385,15.161,16.681,15.761,8.3,4.19,18.223,-12.59,17.119,-8.198,3.945,-2.966,-1.296,-0.6,8.381,11.571,-2.837,27.766,-1.734,23.358,11.44,18.126,4.232,26.524,20.108,20.57,21.577,25.505,0.779,mid,0.515,0.441,0.54,0.403,-359.244,294.535,1136.375,291.228,1.693,2.916,0.58,Luchun-Lax,0.580589849108368,7542659137651108897
Luchun_M1,1,M,Luchun,,M1_na55_01,177.022,560.1,383.078,5,a55,Vowel,a,Lax,Oral,55.0,1.0,High,55,Unaspirated,Nasal,157.12,157.112,157.257,156.351,858.474,254.679,1450.842,208.182,2642.406,315.975,3702.93,569.236,1117.685,1757.851,3176.265,4271.578,17.665,17.264,18.662,16.984,17.859,9.389,22.194,-7.53,19.611,-4.9,7.928,3.474,-0.997,0.279,0.803,7.595,-4.529,24.814,-1.946,22.163,9.737,13.789,8.235,45.962,36.987,36.816,35.592,31.3,0.872,high,0.446,0.428,0.486,0.383,-510.254,369.913,1098.519,367.475,0.77,1.662,0.464,Luchun-Lax,0.463297232250301,9166084055064888588
Luchun_M1,1,M,Luchun,,M1_na55_02,146.431,467.737,321.306,5,a55,Vowel,a,Lax,Oral,55.0,1.0,High,55,Unaspirated,Nasal,152.318,152.4,152.354,152.467,836.817,278.877,1449.417,167.471,2684.629,203.169,3766.024,390.327,1158.847,1789.241,3214.955,4077.645,16.591,16.199,18.805,17.166,16.886,8.636,22.525,-6.876,21.029,-2.94,6.477,3.152,-2.214,-0.967,1.919,8.53,-5.934,23.096,-4.437,19.139,10.115,13.047,8.175,47.003,38.239,38.379,36.219,30.138,0.86,high,0.505,0.468,0.549,0.404,-440.666,308.501,1111.28,305.85,0.705,1.941,0.363,Luchun-Lax,0.363214837712519,-6264732273879622159
Luchun_M1,1,M,Luchun,,M1_ne_33_01,240.198,557.503,317.305,5,e_33,Vowel,e,Tense,Oral,33.0,1.0,Mid,33,Unaspirated,Nasal,137.044,136.832,137.328,137.631,554.712,147.707,2116.53,127.211,2656.83,215.507,3767.977,270.062,594.332,2296.012,3465.616,4923.013,16.078,15.487,24.998,22.391,26.619,3.204,26.617,2.936,14.354,6.346,9.913,1.702,-8.92,-6.903,-1.621,19.187,-10.539,12.552,1.724,9.141,6.165,13.785,10.796,47.792,48.807,42.652,37.103,29.353,0.639,mid,0.676,0.605,0.699,0.515,-157.026,399.913,476.806,396.153,0.93,3.204,0.293,Luchun-Tense,0.290262172284644,-4755202752357483501
Luchun_M1,1,M,Luchun,,M1_ne_33_02,266.023,543.627,277.604,5,e_33,Vowel,e,Tense,Oral,33.0,1.0,Mid,33,Unaspirated,Nasal,133.698,133.678,133.465,134.183,541.844,157.322,2043.524,155.563,2821.323,511.871,3776.993,175.215,577.221,2187.922,3716.592,4866.527,15.168,14.581,24.476,21.885,21.637,-1.493,21.635,-1.981,12.287,3.872,3.989,0.283,-9.308,-7.305,2.839,23.378,-6.467,16.563,2.881,10.708,11.179,14.298,6.271,41.473,45.123,40.489,36.51,29.374,0.691,mid,0.642,0.573,0.641,0.574,-157.739,406.566,508.856,402.268,0.916,1.188,0.206,Luchun-Tense,0.771043771043771,7985298158816579828
Luchun_M1,1,M,Luchun,,M1_ne33_01,253.169,588.366,335.197,5,e33,Vowel,e,Lax,Oral,33.0,1.0,Mid,33,Unaspirated,Nasal,131.649,131.526,132.325,131.979,504.189,261.428,2027.799,161.116,2675.154,299.436,4462.853,449.053,1031.163,2466.028,3642.951,4946.02,22.588,21.941,26.377,23.487,24.942,5.278,24.94,1.756,17.429,10.104,12.69,7.917,-3.789,-1.546,1.435,18.209,-2.352,20.186,5.158,11.837,9.898,14.024,11.486,26.472,28.808,23.724,21.573,27.358,0.653,mid,0.476,0.43,0.524,0.374,-326.678,422.764,972.074,419.92,0.769,2.172,0.353,Luchun-Lax,0.354051565377532,530000896721308884
Luchun_M1,1,M,Luchun,,M1_ne33_02,206.805,482.925,276.12,5,e33,Vowel,e,Lax,Oral,33.0,1.0,Mid,33,Unaspirated,Nasal,133.016,133.095,133.696,133.524,502.77,257.935,2080.254,141.287,2741.676,318.203,4469.277,533.978,510.604,2221.899,2983.369,5111.154,22.089,21.415,26.502,23.471,24.384,7.224,24.366,1.284,15.592,8.888,8.432,4.291,-4.413,-2.056,2.118,16.246,-2.277,20.131,6.496,12.526,13.656,17.124,10.028,23.58,27.031,23.797,22.924,24.812,0.579,mid,0.494,0.445,0.53,0.395,-361.931,346.665,978.55,343.698,0.908,2.251,0.403,Luchun-Lax,0.403376277210129,6289567079174252852
Luchun_M1,1,M,Luchun,,M1_nga31_01,203.373,477.476,274.103,5,a31,Vowel,a,Lax,Oral,31.0,2.0,Mid,31,Unaspirated,Nasal,110.354,110.177,113.156,111.609,919.483,232.876,1502.283,317.252,2789.058,402.282,3632.542,629.824,1097.508,1918.596,3194.697,4757.386,18.792,18.608,19.454,18.703,9.99,6.724,20.572,-11.096,16.416,-10.264,2.479,-2.743,-0.662,-0.095,9.464,11.979,-1.78,29.726,2.376,28.872,16.313,21.351,5.351,19.902,14.564,16.602,17.354,23.452,0.745,low,0.502,0.422,0.52,0.512,-290.088,344.242,866.061,339.572,1.462,2.915,0.499,Luchun-Lax,0.501543739279588,4953103694192378509
Luchun_M1,1,M,Luchun,,M1_nga31_02,182.141,445.591,263.45,5,a31,Vowel,a,Lax,Oral,31.0,2.0,Mid,31,Unaspirated,Nasal,109.401,108.993,110.877,109.989,808.661,294.053,1438.286,219.735,2772.518,269.929,3689.759,391.968,1114.781,1867.873,3196.647,5203.285,15.584,15.363,15.45,14.543,5.879,1.819,12.126,-17.618,10.517,-13.429,-3.703,-5.504,0.134,0.819,9.571,12.725,3.458,32.997,5.067,28.792,19.286,20.866,1.455,29.842,25.261,26.892,26.066,23.792,0.837,low,0.52,0.424,0.497,0.404,-231.245,316.377,802.882,312.667,2.06,3.106,0.662,Luchun-Lax,0.663232453316162,-6538443339976646067
Luchun_M1,1,M,Luchun,,M1_sa_31_01,191.528,466.556,275.028,5,a_31,Vowel,a,Tense,Oral,31.0,2.0,Mid,31,Unaspirated,Oral,103.924,19.689,107.209,109.083,871.044,66.122,1420.179,139.543,2575.254,223.28,3253.685,180.98,1151.608,2498.113,3223.967,3402.544,6.349,6.166,8.495,7.748,10.385,7.132,29.866,-1.459,24.745,-1.674,16.943,10.379,-2.146,-1.583,-1.89,0.616,-23.518,7.641,-18.396,7.839,-10.594,-4.213,21.624,25.114,12.161,11.296,9.39,23.428,0.575,low,0.615,0.534,0.768,0.545,-115.771,331.158,381.046,325.921,1.361,2.145,0.125,Luchun-Tense,0.634498834498834,5745879052195720950
Luchun_M1,1,M,Luchun,,M1_sa31_01,229.048,536.453,307.405,5,a31,Vowel,a,Lax,Oral,31.0,2.0,Mid,31,Unaspirated,Oral,101.086,66.369,104.225,101.958,928.571,193.231,1515.547,252.319,2706.655,238.424,4518.004,551.78,1086.036,1967.181,2894.289,4813.77,15.621,15.466,16.552,15.919,9.423,6.707,20.623,-11.313,13.799,-13.111,3.172,-3.693,-0.931,-0.454,7.129,9.212,-5.001,26.797,1.823,28.577,12.449,19.158,4.537,14.058,9.397,13.716,16.831,23.035,0.733,low,0.579,0.428,0.531,0.486,-225.605,385.57,830.739,380.68,2.46,3.946,0.623,Luchun-Lax,0.62341611758743,-1792023505955032321
Luchun_M1,1,M,Luchun,,M1_sa31_02,201.095,483.226,282.131,5,a31,Vowel,a,Lax,Oral,31.0,2.0,Mid,31,Unaspirated,Oral,105.784,74.184,108.193,106.696,893.564,280.568,1464.664,230.622,2791.075,418.357,3454.06,643.369,966.445,1494.248,3174.728,5051.594,13.641,13.454,13.188,12.425,9.672,6.334,18.423,-12.621,12.895,-12.978,-4.855,-7.954,0.453,1.029,3.516,6.091,-4.782,26.097,0.746,26.433,18.497,21.408,2.843,25.825,18.496,21.189,22.004,22.892,0.7,low,0.593,0.47,0.58,0.414,-192.327,338.536,695.566,334.646,2.049,4.063,0.505,Luchun-Lax,0.504307162195422,7511443523215241295
Luchun_M1,1,M,Luchun,,M1_se_31_01,235.899,515.85,279.951,5,e_31,Vowel,e,Tense,Oral,31.0,2.0,Mid,31,Unaspirated,Oral,108.457,77.217,109.13,108.271,503.311,130.687,2102.937,115.319,2616.42,187.452,3488.951,197.887,2143.507,2643.004,3486.129,5306.157,6.138,5.665,10.9,8.848,10.607,-3.951,15.338,-8.198,15.523,9.008,15.476,7.471,-4.762,-3.183,0.293,12.799,-9.201,13.863,-9.385,-3.344,-9.338,-1.806,2.562,31.154,34.316,28.337,23.158,27.97,0.17,low,0.666,0.606,0.822,0.581,-97.26,377.787,291.854,372.397,1.153,1.596,0.111,Luchun-Tense,0.722431077694236,-4301604502558640649
Luchun_M1,1,M,Luchun,,M1_se31_02,236.77,512.228,275.458,5,e31,Vowel,e,Lax,Oral,31.0,2.0,Mid,31,Unaspirated,Oral,107.099,106.581,108.082,107.504,529.877,199.139,2039.653,309.036,2864.05,576.323,3884.931,610.625,566.526,2235.026,3484.47,4912.769,14.912,14.522,14.644,12.982,13.489,3.869,14.049,-10.143,2.207,-6.949,-6.998,-8.467,0.268,1.54,1.155,9.113,0.863,24.666,12.705,21.47,21.911,22.989,0.95,17.332,22.999,23.921,24.904,21.483,0.0,low,0.541,0.435,0.549,0.357,-178.697,375.159,660.486,371.813,1.776,3.657,0.488,Luchun-Lax,0.485643970467596,7484889963145590051
Luchun_M1,1,M,Luchun,,M1_si_31_01,238.201,467.549,229.348,5,i_31,Vowel,i,Tense,Oral,31.0,2.0,Mid,31,Unaspirated,Oral,122.426,124.18,125.908,249.717,247.226,9.224,2625.997,104.656,2999.423,205.074,3604.035,248.278,310.005,2809.192,3567.445,4715.026,9.542,7.229,21.094,8.829,-0.531,8.355,21.091,8.834,2.018,12.265,0.999,2.381,-11.552,-1.6,21.625,0.474,-11.549,-1.605,7.524,-5.036,8.543,4.847,1.109,31.213,44.578,45.306,38.784,23.04,0.18,low,0.607,0.504,0.875,0.381,-234.02,352.379,425.052,349.299,1.602,4.181,0.385,Luchun-Tense,0.383161922984932,-5770447715992933644
Luchun_M1,1,M,Luchun,,M1_si_31_02,242.599,454.036,211.437,5,i_31,Vowel,i,Tense,Oral,31.0,2.0,Mid,31,Unaspirated,Oral,114.901,115.277,116.911,190.052,238.982,36.933,2591.684,92.331,3008.639,165.247,3647.494,245.798,1974.34,3258.446,4246.125,4563.939,12.089,9.979,19.142,7.497,2.735,10.729,19.139,7.088,-0.325,9.761,-0.872,2.475,-7.053,2.482,16.407,-3.231,-7.05,2.891,12.414,0.219,12.961,7.504,0.799,27.355,42.212,43.749,37.202,23.496,0.375,low,0.656,0.502,0.833,0.343,-209.375,347.538,508.378,344.571,1.54,4.624,0.334,Luchun-Tense,0.333044982698962,7066725581167779837
Luchun_M1,1,M,Luchun,,M1_si_33_02,216.181,489.488,273.307,5,i_33,Vowel,i,Tense,Oral,33.0,1.0,Mid,33,Unaspirated,Oral,140.262,140.113,140.329,282.395,279.973,5.441,2602.257,104.245,3033.495,244.957,3904.929,134.947,279.337,2754.37,3827.56,4689.126,11.469,9.039,24.367,10.584,-1.953,7.123,24.364,10.568,4.824,13.616,1.764,3.528,-12.898,-1.545,26.32,3.462,-12.896,-1.529,6.645,-4.577,9.705,5.511,2.892,42.08,56.331,55.893,48.632,26.932,0.239,mid,0.541,0.523,0.643,0.453,-333.653,354.005,397.886,350.778,1.65,1.707,0.974,Luchun-Tense,0.966608084358524,-4045545275493715934
Luchun_M1,1,M,Luchun,,M1_si31_01,245.366,508.028,262.662,5,i31,Vowel,i,Lax,Oral,31.0,2.0,Mid,31,Unaspirated,Oral,124.983,126.015,130.85,257.604,256.378,17.708,2506.74,135.518,3011.035,329.887,3820.451,230.645,286.644,2720.185,3795.415,4756.77,12.92,10.598,23.334,10.534,1.56,10.321,23.331,10.487,3.264,11.967,-0.012,3.906,-10.414,0.064,21.774,0.213,-10.411,0.111,9.656,-1.369,12.932,6.692,1.984,18.916,33.489,34.152,30.17,20.511,0.267,low,0.546,0.445,0.568,0.36,-417.213,376.869,683.281,373.951,1.454,3.414,0.441,Luchun-Lax,0.42589338019918,-2106470050573857836
Luchun_M1,1,M,Luchun,,M1_si31_02,244.84,524.872,280.032,5,i31,Vowel,i,Lax,Oral,31.0,2.0,Mid,31,Unaspirated,Oral,115.573,115.015,118.293,117.223,255.332,62.978,2435.106,141.566,2880.053,263.253,3901.516,244.692,2619.075,3715.16,4489.704,4738.76,13.199,11.19,17.472,5.932,1.488,8.785,17.413,4.714,-1.816,6.481,-2.464,1.136,-4.272,5.259,15.984,-2.854,-4.213,6.476,15.015,4.709,15.664,10.054,0.669,27.194,41.234,39.756,34.398,20.574,0.845,low,0.626,0.468,0.764,0.351,-348.754,384.355,768.599,381.312,1.23,4.001,0.309,Luchun-Lax,0.307423144213947,6600949126332597233
Luchun_M1,1,M,Luchun,,M1_si33_01,434.254,649.756,215.502,5,i33,Vowel,i,Lax,Oral,33.0,1.0,Mid,33,Unaspirated,Oral,133.875,133.891,133.861,265.181,268.438,11.245,2444.962,197.937,2771.513,323.664,3874.156,346.783,268.619,2595.732,3749.882,4712.237,14.131,11.727,24.458,11.273,1.49,10.508,24.456,11.262,1.757,9.743,2.237,1.368,-10.328,0.454,22.969,0.765,-10.325,0.465,12.374,1.984,11.894,10.359,3.454,28.151,41.595,41.143,37.493,24.059,0.278,mid,0.556,0.48,0.58,0.367,-412.387,542.141,706.047,539.389,1.333,2.646,0.519,Luchun-Lax,0.503779289493575,-9054876770233970487
Luchun_M1,1,M,Luchun,,M1_si33_02,396.978,572.503,175.525,5,i33,Vowel,i,Lax,Oral,33.0,1.0,Mid,33,Unaspirated,Oral,131.534,131.849,131.593,265.181,267.612,14.946,2429.293,478.131,2712.479,242.398,3910.937,200.164,274.768,2627.384,3797.747,4650.097,14.375,12.092,25.145,11.921,5.252,13.724,25.143,11.818,1.645,9.048,1.557,-3.232,-10.77,0.171,19.894,-1.803,-10.768,0.274,12.73,3.044,12.818,15.325,3.644,31.3,45.669,42.906,37.783,25.483,0.273,mid,0.673,0.549,0.714,0.421,-251.834,484.603,583.17,481.413,1.449,3.365,0.431,Luchun-Lax,0.430609212481426,-5824081752160419717
Luchun_M1,1,M,Luchun,,M1_si55_01,278.906,611.869,332.963,5,i55,Vowel,i,Lax,Oral,55.0,1.0,High,55,Unaspirated,Oral,176.395,176.568,177.523,176.495,237.658,110.208,2504.417,193.443,2925.733,175.037,4139.002,398.361,2533.652,3657.808,4187.576,4589.028,22.759,17.162,15.363,16.427,-0.788,15.694,13.839,3.246,5.897,16.905,6.529,11.253,7.397,0.735,16.15,0.732,8.921,13.916,16.862,0.257,16.23,5.909,2.864,40.039,54.344,52.989,46.135,27.337,0.0,high,0.694,0.646,0.805,0.446,-353.871,444.945,869.416,442.416,1.137,1.995,0.571,Luchun-Lax,0.569924812030075,-6161008815406737838
Luchun_M1,1,M,Luchun,,M1_x005F_x1a31_01,203.903,557.478,353.575,5,a31,Vowel,a,Lax,Oral,31.0,2.0,Mid,31,Unaspirated,Oral,101.347,40.21,104.128,102.703,926.064,193.2,1482.429,381.037,2695.082,192.491,4077.062,553.341,1053.139,2246.705,3611.221,4652.918,18.208,18.05,18.16,17.519,10.22,7.467,21.695,-10.457,11.99,-15.387,5.292,-0.975,0.047,0.53,7.94,10.052,-3.487,28.528,6.218,33.437,12.915,19.025,5.906,15.456,9.877,13.338,14.777,22.01,0.797,low,0.529,0.374,0.469,0.446,-289.716,384.828,919.836,380.348,2.376,3.49,0.679,Luchun-Lax,0.68080229226361,-1499115599085115186
Luchun_M1,1,M,Luchun,,M1_x005F_x1a31_02,147.926,474.381,326.455,5,a31,Vowel,a,Lax,Oral,31.0,2.0,Mid,31,Unaspirated,Oral,104.01,91.604,106.986,104.94,880.005,201.46,1424.493,280.624,2749.066,253.528,3775.323,492.908,1049.872,2247.45,3587.09,4915.218,17.435,17.254,17.891,17.153,10.947,7.739,21.047,-10.558,14.477,-12.411,3.645,-0.211,-0.456,0.101,6.943,9.413,-3.613,27.835,2.958,29.665,13.79,17.464,5.529,10.727,6.032,11.435,13.643,21.347,0.746,low,0.531,0.389,0.505,0.453,-294.364,314.565,916.685,310.152,2.188,3.495,0.621,Luchun-Lax,0.626037195994278,-7980866647378941293
Luchun_M1,1,M,Luchun,,M1_x1a_31_01,184.362,420.421,236.059,5,a_31,Vowel,a,Tense,Oral,31.0,2.0,Mid,31,Unaspirated,Oral,102.394,103.823,105.508,104.221,869.465,83.011,1403.248,115.73,2600.988,175.971,3156.404,253.581,1180.718,2516.355,2906.34,3890.878,6.425,6.249,9.059,8.34,7.367,4.25,28.355,-3.129,26.04,-0.713,18.147,12.574,-2.634,-2.092,1.693,4.09,-21.93,9.396,-19.615,6.961,-11.722,-6.325,17.086,32.396,18.823,16.746,13.768,25.782,0.683,low,0.574,0.469,0.629,0.514,-111.734,304.697,387.203,299.731,1.298,5.024,0.259,Luchun-Tense,0.258359872611465,-522232435545437753
Luchun_M1,1,M,Luchun,,M1_x1a_31_02,261.157,423.808,162.651,5,a_31,Vowel,a,Tense,Oral,31.0,2.0,Mid,31,Unaspirated,Oral,104.691,104.681,105.756,104.546,811.42,119.22,1360.675,111.214,2635.086,189.023,3505.046,119.394,1189.363,2609.138,3506.927,4996.416,8.749,8.546,11.662,10.835,8.155,4.511,25.284,-5.233,23.664,-1.819,13.718,10.732,-2.914,-2.289,3.507,6.324,-16.535,13.797,-14.916,10.365,-4.969,-2.186,9.003,37.428,27.415,26.122,21.644,26.567,0.731,low,0.605,0.514,0.661,0.521,-104.73,344.376,429.041,339.388,1.361,4.422,0.319,Luchun-Tense,0.307779285391226,-7845756204364327371
Luchun_M1,1,M,Luchun,,M1_xa_31_02,141.913,412.053,270.14,5,a_31,Vowel,a,Tense,Oral,31.0,2.0,Mid,31,Unaspirated,Oral,110.745,110.517,111.209,111.149,867.576,45.42,1344.559,133.657,2465.85,166.602,3280.214,455.55,1051.782,2431.455,3198.888,3689.947,8.388,8.183,4.886,4.049,13.812,10.138,35.95,4.157,29.788,2.278,21.744,14.547,3.502,4.134,-8.925,-6.089,-27.561,4.046,-21.4,5.906,-13.356,-6.364,52.786,37.242,24.733,24.182,21.674,31.035,0.485,low,0.582,0.506,0.655,0.436,-136.108,277.633,432.538,273.686,1.311,1.915,0.284,Luchun-Tense,0.684595300261097,4620880397577997385
Luchun_M1,1,M,Luchun,,M1_xa_33_01,230.865,555.496,324.631,5,a_33,Vowel,a,Tense,Oral,33.0,1.0,Mid,33,Unaspirated,Oral,132.462,132.485,132.494,132.765,826.064,89.753,1300.09,148.395,2562.815,146.412,3663.438,581.331,957.935,1686.773,2897.775,3915.692,14.953,14.632,20.089,18.762,18.326,12.084,32.075,1.436,25.283,-1.018,13.389,10.465,-5.136,-4.13,1.763,6.678,-17.122,13.223,-10.33,15.65,1.564,4.167,34.641,50.634,42.507,42.482,39.747,33.298,0.784,mid,0.624,0.558,0.671,0.501,-180.987,394.39,565.258,390.606,0.842,3.299,0.258,Luchun-Tense,0.255228857229463,-3757121293601663374
Luchun_M1,1,M,Luchun,,M1_xa_33_02,149.796,483.216,333.42,5,a_33,Vowel,a,Tense,Oral,33.0,1.0,Mid,33,Unaspirated,Oral,131.575,131.445,132.035,131.76,828.911,77.079,1282.628,138.718,2551.837,147.232,3748.769,374.555,992.412,2332.999,3576.529,3807.4,13.022,12.702,18.01,16.686,16.491,10.287,31.402,0.45,24.36,-2.489,12.287,9.47,-4.987,-3.984,1.519,6.399,-18.379,12.282,-11.338,15.192,0.736,3.233,29.341,49.028,40.539,40.724,38.29,31.826,0.772,mid,0.632,0.563,0.69,0.515,-157.999,317.503,548.969,313.584,0.786,1.685,0.146,Luchun-Tense,0.46646884272997,2109433928806600964
Luchun_M1,1,M,Luchun,,M1_xa31_01,307.095,639.84,332.745,5,a31,Vowel,a,Lax,Oral,31.0,2.0,Mid,31,Unaspirated,Oral,114.593,113.987,116.949,115.417,809.84,295.35,1303.641,270.464,2554.806,542.503,3573.782,730.567,991.942,1535.828,3342.412,5464.279,16.882,16.617,18.078,16.99,12.077,7.105,22.523,-7.733,18.425,-7.088,-2.56,-5.492,-1.196,-0.373,6.001,9.885,-5.642,24.37,-1.544,23.705,19.442,22.109,7.085,17.238,10.878,14.805,17.529,22.565,0.763,low,0.57,0.467,0.618,0.531,-248.18,475.784,758.256,471.112,1.586,3.325,0.476,Luchun-Lax,0.476992481203008,-6861618647621392817
Luchun_M1,1,M,Luchun,,M1_xa31_02,222.37,536.56,314.19,5,a31,Vowel,a,Lax,Oral,31.0,2.0,Mid,31,Unaspirated,Oral,102.915,102.436,105.35,103.813,846.152,308.443,1405.314,298.937,2689.334,337.101,3550.809,442.003,1030.554,1608.236,3230.588,5379.05,14.359,14.168,14.435,13.656,11.006,7.593,19.999,-10.853,15.548,-10.292,-0.837,-4.036,-0.075,0.513,3.429,6.063,-5.639,25.041,-1.189,24.46,15.196,18.205,4.513,26.66,18.814,21.315,21.493,23.689,0.797,low,0.542,0.451,0.656,0.399,-188.99,380.62,791.123,376.724,1.753,4.144,0.424,Luchun-Lax,0.423021235521235,-2296880230252440111
Luchun_M1,1,M,Luchun,,M1_xa33_01,191.793,525.108,333.315,5,a33,Vowel,a,Lax,Oral,33.0,1.0,Mid,33,Unaspirated,Oral,133.185,133.128,134.06,133.782,822.842,183.08,1351.823,151.283,2640.031,291.389,3861.69,529.897,961.246,1453.954,3433.812,4287.369,18.535,18.207,20.181,18.824,16.542,10.083,27.574,-2.367,22.156,-2.879,0.338,-1.836,-1.646,-0.617,3.638,8.742,-9.039,20.597,-3.621,21.086,18.197,20.043,16.781,32.899,26.872,29.831,29.834,26.784,0.907,mid,0.581,0.492,0.625,0.394,-303.995,358.545,1036.34,355.581,0.952,3.26,0.294,Luchun-Lax,0.292024539877301,-5203694515497820443
Luchun_M1,1,M,Luchun,,M1_xa33_02,211.255,551.071,339.816,5,a33,Vowel,a,Lax,Oral,33.0,1.0,Mid,33,Unaspirated,Oral,130.141,130.235,130.263,130.475,846.134,228.575,1344.872,178.586,2675.113,180.296,3737.096,388.467,1040.853,1936.828,3724.056,4475.275,18.652,18.354,19.736,18.505,15.584,9.864,24.919,-5.713,21.445,-4.63,2.482,-0.053,-1.084,-0.151,4.152,8.641,-6.267,24.094,-2.793,22.983,16.17,18.407,13.222,29.762,23.275,26.028,25.628,24.637,0.025,mid,0.592,0.496,0.641,0.385,-300.38,381.913,1060.286,378.959,1.047,3.275,0.32,Luchun-Lax,0.31969465648855,-4813730962134530724
Luchun_M1,1,M,Luchun,,M1_xa55_01,261.214,637.823,376.609,5,a55,Vowel,a,Lax,Oral,55.0,1.0,High,55,Unaspirated,Oral,171.028,171.037,170.266,170.494,780.56,239.432,1331.81,186.368,2852.501,594.665,4115.495,1173.682,929.201,1379.379,3090.458,4558.415,18.836,18.256,18.468,15.989,25.314,9.902,26.559,-1.879,23.906,0.565,2.663,5.411,0.368,2.267,-6.846,6.087,-7.723,20.17,-5.069,17.691,16.173,12.845,16.068,43.704,34.834,36.502,34.9,28.469,0.0,high,0.477,0.464,0.555,0.409,-446.121,450.657,948.086,448.267,0.434,1.672,0.261,Luchun-Lax,0.259569377990431,-4346008400554001101
Luchun_M1,1,M,Luchun,,M1_xa55_02,204.759,614.103,409.344,5,a55,Vowel,a,Lax,Oral,55.0,1.0,High,55,Unaspirated,Oral,161.828,161.965,162.275,162.143,766.643,249.358,1291.089,173.214,2710.848,871.814,3363.966,642.714,1071.921,1339.629,3256.855,4291.127,20.318,19.775,21.061,18.754,26.981,13.473,28.809,0.161,25.848,2.125,6.223,7.931,-0.743,1.021,-5.919,5.282,-8.491,19.646,-5.53,17.651,14.095,11.844,27.558,39.408,30.031,31.709,29.501,28.318,0.0,high,0.516,0.487,0.579,0.427,-481.88,410.882,1140.234,408.241,0.555,1.824,0.304,Luchun-Lax,0.304276315789474,-9144051829845202477
Luchun_M1,1,M,Luchun,,M1_xe=_33_01,196.961,519.94,322.979,5,e=_33,Vowel,ɤ,Tense,Oral,33.0,1.0,Mid,33,Unaspirated,Oral,148.919,148.94,149.429,149.097,479.943,66.581,1232.904,323.354,2614.401,236.105,3796.442,206.556,568.358,1940.627,3571.042,4170.431,13.553,12.533,20.715,15.91,22.879,15.628,28.284,4.962,10.684,-3.165,-0.616,8.86,-7.162,-3.376,-2.164,0.282,-14.731,7.579,2.869,15.699,14.169,3.674,10.239,51.358,51.102,53.799,51.285,30.084,0.0,mid,0.67,0.57,0.756,0.514,-185.328,359.131,485.018,355.674,0.868,3.637,0.24,Luchun-Tense,0.238658234808908,18817338390880166
Luchun_M1,1,M,Luchun,,M1_xe=_33_02,156.965,460.877,303.912,5,e=_33,Vowel,ɤ,Tense,Oral,33.0,1.0,Mid,33,Unaspirated,Oral,138.619,138.575,138.026,137.871,482.992,77.203,1238.839,172.216,2548.033,192.823,3919.082,244.535,583.448,1892.36,3386.135,4481.49,12.209,11.361,19.676,15.814,21.655,9.621,19.653,-4.085,8.477,-5.918,-3.737,4.225,-7.467,-4.452,-1.979,6.192,-7.444,15.452,3.732,17.279,15.946,7.136,4.14,41.2,43.097,46.989,45.414,27.538,0.906,mid,0.752,0.663,0.805,0.651,-151.35,310.601,480.808,305.901,1.044,3.625,0.287,Luchun-Tense,0.288,-562808108077345118
Luchun_M1,1,M,Luchun,,M1_xe=33_01,222.511,567.15,344.639,5,e=33,Vowel,ɤ,Lax,Oral,33.0,1.0,Mid,33,Unaspirated,Oral,142.496,142.368,143.185,142.393,447.583,85.825,1232.901,211.144,2434.705,208.785,4382.931,250.256,550.943,1918.76,3556.9,4426.515,17.917,16.861,21.479,16.451,19.136,12.933,25.745,3.015,6.204,-6.881,-3.504,4.669,-3.562,0.41,2.343,3.517,-7.828,13.851,11.713,23.741,21.421,12.192,6.31,32.065,33.973,37.441,38.578,25.721,0.0,mid,0.654,0.56,0.729,0.384,-247.56,394.351,764.422,391.655,0.961,3.363,0.287,Luchun-Lax,0.285756764793339,6175143266564023164
Luchun_M1,1,M,Luchun,,M1_xe=33_02,163.273,477.553,314.28,5,e=33,Vowel,ɤ,Lax,Oral,33.0,1.0,Mid,33,Unaspirated,Oral,133.362,133.314,133.842,133.792,439.739,169.141,1250.364,190.685,2594.766,268.421,3764.298,597.935,637.802,1538.776,3487.733,4665.727,14.673,13.746,20.953,16.642,21.099,12.509,20.083,-2.658,12.146,-0.605,-3.618,6.145,-6.28,-2.896,-0.145,4.133,-5.41,16.409,2.527,14.351,18.291,7.601,3.944,42.065,42.467,43.673,42.322,28.01,0.779,mid,0.665,0.581,0.794,0.473,-249.875,320.478,815.212,316.928,0.967,3.565,0.272,Luchun-Lax,0.27124824684432,4636839219038842323
Luchun_M1,1,M,Luchun,,M1_za31_02,197.992,530.136,332.144,5,a31,Vowel,a,Lax,Oral,31.0,2.0,Mid,31,Unaspirated,Oral,97.166,60.706,100.383,98.381,869.8,171.141,1554.509,302.033,2806.812,190.373,3736.823,357.168,1007.293,2143.318,3151.523,4794.154,15.044,14.887,16.342,15.705,8.586,5.841,17.424,-13.361,11.641,-13.282,2.394,-2.161,-1.298,-0.818,7.756,9.864,-2.38,28.263,3.403,28.169,12.65,17.049,2.544,15.402,11.525,16.337,18.303,24.637,0.921,low,0.588,0.424,0.49,0.442,-236.006,367.53,885.349,362.932,2.961,3.9,0.761,Luchun-Lax,0.759230769230769,-4813730962134530724
Luchun_M2,2,M,Luchun,,M2_bi31_01,137.741,447.408,309.667,5,i31,Vowel,i,Lax,Oral,31.0,2.0,Mid,31,Unaspirated,Oral,223.576,222.937,223.434,223.541,340.212,150.581,3067.762,542.361,3751.299,441.238,4319.968,341.211,394.897,3126.514,4113.086,5329.103,17.253,11.653,11.129,10.528,-10.363,5.286,6.723,-7.645,-9.255,2.434,-6.121,1.9,6.124,1.125,21.492,5.242,10.53,19.299,26.508,9.22,23.375,9.754,1.058,26.234,34.247,36.247,34.027,19.438,0.0,low,0.706,0.633,0.38,0.589,-236.76,292.453,633.43,291.569,0.352,2.133,0.102,Luchun-Lax,0.16502578527895,6237282883319521758
Luchun_M2,2,M,Luchun,,M2_bja_33_02,326.609,496.817,170.208,5,a_33,Vowel,a,Tense,Oral,33.0,1.0,Mid,33,Unaspirated,Oral,228.629,229.342,234.487,231.944,1146.357,59.538,2137.549,212.325,3051.074,420.675,3800.67,563.572,1135.798,2133.108,3735.681,4776.295,16.238,15.746,19.411,17.325,24.542,12.453,30.314,1.027,22.324,2.416,11.615,-0.402,-3.173,-1.579,-5.131,4.873,-14.076,14.733,-6.086,13.331,4.623,16.148,44.383,39.267,30.085,27.73,27.717,30.17,0.0,mid,0.646,0.475,0.547,0.285,-292.356,411.794,476.446,410.55,0.917,1.248,0.309,Luchun-Tense,0.734775641025641,8307342232524705964
Luchun_M2,2,M,Luchun,,M2_bja31_01,198.949,339.015,140.066,5,a31,Vowel,a,Lax,Oral,31.0,2.0,Mid,31,Unaspirated,Oral,217.161,218.362,222.528,220.409,1076.124,143.628,1906.154,159.91,3142.862,476.084,4349.372,801.023,1092.995,1927.394,3482.942,4620.152,19.136,18.637,18.657,16.539,24.998,12.918,29.976,0.557,25.34,3.833,10.257,1.15,0.479,2.097,-6.341,3.622,-10.839,18.099,-6.204,14.804,8.879,17.486,32.473,35.549,25.798,24.1,24.001,28.861,0.0,low,0.497,0.436,0.507,0.375,-348.827,269.088,559.8,267.383,0.807,1.073,0.331,Luchun-Lax,0.752096924510718,-5444412704338567085
Luchun_M2,2,M,Luchun,,M2_bja31_02,246.766,423.349,176.583,5,a31,Vowel,a,Lax,Oral,31.0,2.0,Mid,31,Unaspirated,Oral,211.767,212.764,216.848,215.183,1050.641,157.058,1801.784,185.451,3380.635,221.569,4405.371,498.707,1071.713,1820.127,3439.448,4648.831,18.632,18.135,17.895,15.791,24.037,12.305,29.985,0.171,23.224,0.261,11.346,9.542,0.737,2.344,-6.142,3.486,-11.352,18.008,-4.592,17.874,7.286,8.593,27.447,43.835,34.007,31.426,30.351,27.284,0.0,low,0.54,0.523,0.287,0.448,-312.349,335.699,575.358,333.579,0.573,0.981,0.273,Luchun-Lax,0.584097859327217,-3593150004701393325
Luchun_M2,2,M,Luchun,,M2_cjo_31_02,212.207,394.944,182.737,5,o_31,Vowel,o,Tense,Oral,31.0,2.0,Mid,31,Unaspirated,Oral,200.206,199.751,200.731,200.734,462.259,170.944,1201.622,503.254,3395.722,472.376,4366.592,543.753,601.814,1086.559,3886.416,5217.068,16.64,14.647,23.394,11.245,13.925,14.632,21.706,-0.273,8.952,-3.575,-8.404,14.745,-6.753,3.402,9.469,-3.387,-5.066,14.955,7.689,18.222,25.044,-0.098,5.644,49.281,48.345,54.884,55.731,27.61,0.867,low,0.687,0.62,0.578,0.535,-286.642,304.125,690.911,301.444,0.825,1.091,0.352,Luchun-Tense,0.756186984417965,-9035181986790762374
Luchun_M2,2,M,Luchun,,M2_de_33_01,185.297,351.875,166.578,5,e_33,Vowel,e,Tense,Oral,33.0,1.0,Mid,33,Unaspirated,Oral,284.355,284.383,280.21,284.365,592.076,118.815,2555.103,315.59,2916.807,540.269,3858.886,228.825,724.797,2663.927,3828.237,4725.501,16.841,14.511,27.222,9.198,11.723,17.845,27.221,6.116,15.595,13.166,13.771,3.735,-10.381,5.313,15.499,-8.647,-10.38,8.396,1.245,1.346,3.07,10.777,17.736,47.994,48.168,49.868,47.914,29.67,0.0,mid,0.693,0.629,0.627,0.393,-440.787,268.224,778.894,266.848,0.574,1.313,0.234,Luchun-Tense,0.437166793602437,-3031958627430886020
Luchun_M2,2,M,Luchun,,M2_de-_33_02,163.799,386.416,222.617,5,e-_33,Vowel,ø,Tense,Oral,33.0,1.0,Mid,33,Unaspirated,Oral,237.865,237.748,238.564,479.238,470.589,19.439,894.731,461.647,2742.626,200.946,3321.325,296.685,495.302,2834.414,3420.364,4777.242,18.384,15.194,30.368,7.809,10.835,3.821,30.367,7.67,10.824,-5.458,8.762,28.775,-11.984,7.385,19.533,3.988,-11.983,7.587,7.559,20.652,9.622,-13.581,19.149,56.354,58.661,61.456,54.506,28.722,0.306,mid,0.644,0.48,0.315,0.478,-320.055,275.097,824.361,273.683,0.347,0.914,0.045,Luchun-Tense,0.37964989059081,1389744995258970214
Luchun_M2,2,M,Luchun,,M2_de-33_02,173.429,451.615,278.186,5,e-33,Vowel,ø,Lax,Oral,33.0,1.0,Mid,33,Unaspirated,Oral,235.641,235.673,236.84,236.427,480.165,79.576,701.937,884.867,2834.24,162.195,3546.229,438.659,514.234,2888.607,3701.466,4577.636,16.869,13.551,24.434,0.115,2.197,6.804,24.434,-0.149,11.834,-8.233,8.211,32.567,-7.565,13.436,22.237,-6.689,-7.565,13.965,5.035,21.785,8.658,-19.015,5.921,54.386,58.836,60.737,53.995,29.235,0.662,mid,0.591,0.527,0.379,0.505,-250.893,312.785,768.959,310.789,0.295,1.459,0.097,Luchun-Lax,0.202193283070596,-2873364713815046969
Luchun_M2,2,M,Luchun,,M2_do_31_01,176.424,407.317,230.893,5,o_31,Vowel,o,Tense,Oral,31.0,2.0,Mid,31,Unaspirated,Oral,264.337,264.253,265.836,265.43,533.065,40.52,999.084,147.566,3776.126,166.751,4457.278,190.325,567.74,1013.713,3884.076,4630.586,22.285,19.228,35.274,12.405,22.727,12.972,35.274,12.462,22.726,5.819,1.325,29.403,-12.989,6.823,12.548,-0.567,-12.989,6.98,-0.441,13.409,20.96,-10.175,70.778,39.242,35.777,45.318,48.136,25.676,0.0,low,0.539,0.505,0.385,0.408,-436.612,292.227,1063.246,290.685,0.406,0.98,0.22,Luchun-Tense,0.414285714285714,459683311215862804
Luchun_M2,2,M,Luchun,,M2_do+_33_01,207.53,437.535,230.005,5,o+_33,Vowel,ɔ,Tense,Oral,33.0,1.0,Mid,33,Unaspirated,Oral,252.315,252.191,255.444,253.049,731.304,130.771,1178.845,279.274,3767.439,235.185,4462.687,358.629,847.902,1170.308,3861.266,4729.156,15.727,14.202,22.41,14.988,21.091,8.494,28.239,1.522,16.449,-6.094,3.809,22.625,-6.683,-0.786,1.319,6.493,-12.512,12.944,-0.722,20.297,11.917,-8.423,16.814,49.38,40.495,47.832,50.227,29.657,0.0,mid,0.564,0.561,0.333,0.507,-439.626,323.597,776.874,321.577,0.686,0.708,0.24,Luchun-Tense,0.968926553672317,-5476303925120461209
Luchun_M2,2,M,Luchun,,M2_do+_33_02,185.524,370.992,185.468,5,o+_33,Vowel,ɔ,Tense,Oral,33.0,1.0,Mid,33,Unaspirated,Oral,243.071,243.396,246.793,245.069,714.275,55.89,1192.294,76.068,3650.342,178.709,4258.926,434.326,823.463,1186.881,3761.426,4633.726,14.764,13.302,20.882,13.79,18.626,7.796,27.47,1.167,18.83,-2.822,4.815,23.18,-6.118,-0.488,2.256,5.993,-12.706,12.333,-4.066,16.124,9.949,-9.878,13.899,50.495,42.177,48.865,50.428,30.066,0.0,mid,0.66,0.542,0.109,0.541,-278.498,278.471,645.415,278.598,0.525,1.527,0.256,Luchun-Tense,0.343811394891945,8634086744620090205
Luchun_M2,2,M,Luchun,,M2_do31_01,120.276,384.055,263.779,5,o31,Vowel,o,Lax,Oral,31.0,2.0,Mid,31,Unaspirated,Oral,239.456,239.402,243.375,241.122,460.226,91.288,1045.812,175.906,3603.097,412.285,4574.792,203.586,507.675,1039.656,3943.754,4701.774,19.763,16.572,26.631,6.518,16.075,7.549,26.63,4.911,15.972,1.958,-10.627,17.549,-6.868,10.054,10.556,-1.031,-6.868,11.762,3.791,14.614,30.39,-0.977,9.228,44.436,42.488,49.307,50.121,24.035,0.621,low,0.761,0.625,0.398,0.589,-245.675,252.742,700.573,250.32,0.391,1.583,0.124,Luchun-Lax,0.246999368288061,-2114529905507098395
Luchun_M2,2,M,Luchun,,M2_dze33_02,178.045,355.241,177.196,5,e33,Vowel,e,Lax,Oral,33.0,1.0,Mid,33,Unaspirated,Oral,248.917,248.815,254.488,251.392,726.723,248.789,2586.265,581.165,3501.381,919.22,4066.178,504.283,713.572,2845.046,3731.906,4596.095,18.721,17.623,18.366,13.014,7.86,3.55,19.982,-3.91,-1.492,-8.734,-0.758,-4.472,0.355,4.609,10.506,9.464,-1.262,21.537,20.213,26.357,19.479,22.095,4.257,40.135,36.747,37.575,33.534,21.882,0.0,mid,0.689,0.655,0.225,0.215,-369.661,269.175,322.267,269.553,2.524,5.891,1.282,Luchun-Lax,0.42845017823799,-8873983277316597077
Luchun_M2,2,M,Luchun,,M2_dzii31_02,225.605,371.872,146.267,5,ii31,Vowel,ɿ,Lax,Oral,31.0,2.0,Mid,31,Unaspirated,Oral,211.524,211.743,217.059,213.347,492.634,256.294,1645.434,196.527,3267.544,313.645,3688.763,287.42,769.313,2122.467,4204.712,5309.298,14.172,12.239,16.034,3.986,2.167,5.033,14.633,-6.933,0.76,-8.6,-0.522,13.968,-1.861,8.253,13.867,-1.047,-0.46,19.182,13.413,20.839,14.694,-1.729,1.242,39.105,39.336,39.261,35.65,23.012,0.0,low,0.599,0.442,0.526,0.288,-314.005,298.464,741.209,297.103,0.794,0.805,0.273,Luchun-Lax,0.986335403726708,-7677947466365485871
Luchun_M2,2,M,Luchun,,M2_dzii55_01,304.296,495.209,190.913,5,ii55,Vowel,ɿ,Lax,Oral,55.0,1.0,High,55,Unaspirated,Oral,279.967,279.593,281.097,282.234,535.795,99.78,1658.204,368.966,3516.534,553.88,4305.777,474.831,607.32,2245.141,3897.866,5110.777,18.335,15.273,19.926,2.556,1.397,6.721,19.926,-0.855,0.703,-8.144,-1.617,15.019,-1.591,12.718,18.529,-4.165,-1.59,16.145,17.633,23.418,19.952,0.255,3.256,41.156,43.337,40.906,38.199,21.67,0.0,high,0.586,0.565,0.416,0.502,-405.08,400.415,788.645,398.622,0.415,0.972,0.229,Luchun-Lax,0.426954732510288,4941546290621554361
Luchun_M2,2,M,Luchun,,M2_gu31_02,231.742,488.582,256.84,5,u31,Vowel,u,Lax,Oral,31.0,2.0,Mid,31,Unaspirated,Oral,226.829,227.39,232.811,229.853,435.467,75.459,1100.075,245.948,2281.992,713.913,3514.353,668.23,474.163,1254.739,3431.789,5121.053,19.519,16.366,22.43,4.135,6.061,6.026,22.429,1.56,2.467,-9.549,-12.512,-1.357,-2.91,12.23,16.369,-1.891,-2.91,14.815,17.052,25.915,32.031,17.723,4.072,28.507,31.552,35.457,37.717,18.227,0.797,low,0.613,0.487,0.18,0.434,-322.386,359.745,680.688,360.07,0.582,0.902,0.238,Luchun-Lax,0.645232815964523,2011597170232603360
Luchun_M2,2,M,Luchun,,M2_la_31_01,214.844,395.605,180.761,5,a_31,Vowel,a,Tense,Oral,31.0,2.0,Mid,31,Unaspirated,Oral,230.287,230.737,235.384,232.731,1105.927,229.753,1748.524,202.48,3434.024,575.631,4308.588,468.306,1084.601,1744.383,3487.66,4462.84,13.713,13.112,16.008,13.442,25.929,9.69,26.623,-3.623,21.936,-2.719,9.126,9.46,-2.295,-0.33,-9.92,3.753,-12.911,16.814,-8.223,15.831,4.587,3.652,17.797,52.778,41.818,40.326,39.778,31.819,0.094,low,0.577,0.474,0.547,0.302,-370.467,305.32,756.201,304.005,0.386,0.594,0.034,Luchun-Tense,0.64983164983165,-1009588609294808145
Luchun_M2,2,M,Luchun,,M2_lo_31_01,269.304,464.531,195.227,5,o_31,Vowel,o,Tense,Oral,31.0,2.0,Mid,31,Unaspirated,Oral,229.848,229.628,231.235,459.229,454.673,25.839,926.004,61.231,3677.984,119.544,4558.884,289.017,488.733,946.438,3833.456,5116.191,14.308,11.218,25.9,3.847,17.696,2.624,25.9,3.859,17.695,2.546,-11.622,19.418,-11.592,7.371,8.205,1.223,-11.592,7.518,-3.387,8.672,25.93,-8.201,7.28,45.341,45.783,53.689,56.858,26.841,0.347,low,0.684,0.622,0.602,0.566,-348.912,367.613,881.651,365.146,0.536,0.806,0.185,Luchun-Tense,0.665012406947891,-6496472974414960822
Luchun_M2,2,M,Luchun,,M2_lo_33_02,177.454,365.321,187.867,5,o_33,Vowel,o,Tense,Oral,33.0,1.0,Mid,33,Unaspirated,Oral,249.541,248.734,248.817,497.379,498.336,30.332,988.137,17.614,3731.22,169.205,4645.682,179.451,570.866,996.56,3792.914,4714.601,18.827,15.761,29.669,6.964,26.734,11.654,29.669,7.13,26.733,10.866,-2.376,26.752,-10.842,8.797,2.935,-4.69,-10.841,8.804,-7.906,4.895,21.203,-10.991,26.925,43.96,41.29,47.517,49.838,26.935,0.322,mid,0.572,0.581,0.453,0.521,-494.647,271.146,956.597,269.617,0.261,1.389,0.122,Luchun-Tense,0.187904967602592,5272745924986382182
Luchun_M2,2,M,Luchun,,M2_lu55_01,183.364,520.168,336.804,5,u55,Vowel,u,Lax,Oral,55.0,1.0,High,55,Unaspirated,Oral,301.029,301.094,301.6,302.129,538.353,218.118,1143.872,183.994,3338.087,491.234,4147.938,408.916,902.6,3783.847,4552.868,4334.606,22.352,18.635,22.494,6.84,12.981,5.156,22.266,0.377,12.981,-1.914,-2.166,19.398,-0.143,11.795,9.513,1.684,0.085,18.345,9.371,20.549,24.517,-0.764,7.876,49.886,50.181,58.877,60.221,28.32,0.0,high,0.64,0.657,0.679,0.589,-704.626,352.792,1137.266,350.833,0.598,0.75,0.28,Luchun-Lax,0.797333333333333,-6679522430403147472
Luchun_M2,2,M,Luchun,,M2_me_33_01,260.103,471.332,211.229,5,e_33,Vowel,e,Tense,Oral,33.0,1.0,Mid,33,Unaspirated,Nasal,265.26,265.495,266.843,267.139,749.143,191.673,2664.769,94.482,3675.079,310.252,4557.914,874.255,816.713,2667.053,3700.742,4776.632,15.828,14.548,23.275,16.737,17.91,16.482,27.02,3.687,23.715,18.024,15.415,13.912,-7.447,-2.189,5.365,0.255,-11.192,10.865,-7.887,-3.476,0.414,0.636,18.479,50.342,46.631,48.665,44.384,31.687,0.0,mid,0.605,0.618,0.491,0.312,-404.946,365.189,792.189,364.012,0.471,0.574,0.091,Luchun-Tense,0.820557491289199,445063302133886256
Luchun_M2,2,M,Luchun,,M2_mi_33_01,255.062,433.171,178.109,5,i_33,Vowel,i,Tense,Oral,33.0,1.0,Mid,33,Unaspirated,Nasal,260.217,259.678,261.437,261.402,404.365,160.208,656.056,152.366,3558.387,152.903,4182.576,202.831,553.245,3548.382,4226.634,5386.24,14.847,8.415,17.274,6.731,-8.951,9.98,4.81,-15.546,4.53,-11.974,4.564,43.384,-2.427,1.684,26.226,-3.249,10.037,24.498,10.317,20.389,10.283,-34.97,1.833,51.928,58.291,65.257,61.413,27.193,0.229,mid,0.658,0.624,0.659,0.556,-442.492,345.467,726.368,343.331,0.735,0.878,0.192,Luchun-Tense,0.837129840546697,-5790133381147462403
Luchun_M2,2,M,Luchun,,M2_si_31_02,322.46,555.955,233.495,5,i_31,Vowel,i,Tense,Oral,31.0,2.0,Mid,31,Unaspirated,Oral,217.231,217.087,218.031,219.583,438.976,65.509,3090.226,289.556,3503.085,544.815,4233.236,249.32,460.01,3095.084,3598.902,4340.996,14.037,11.549,20.751,1.095,-1.728,6.743,20.75,0.993,7.177,13.293,7.139,2.225,-6.714,10.454,22.479,-5.648,-6.713,10.557,6.86,-1.743,6.898,9.324,2.597,55.186,61.163,65.853,58.215,27.713,0.648,low,0.57,0.528,0.527,0.434,-473.145,439.758,798.129,437.757,0.556,0.705,0.206,Luchun-Tense,0.788652482269504,-4812094642324382355
Luchun_M2,2,M,Luchun,,M2_si_33_01,540.255,680.423,140.168,5,i_33,Vowel,i,Tense,Oral,33.0,1.0,Mid,33,Unaspirated,Oral,279.33,280.28,283.32,282.174,416.029,192.78,3288.181,243.588,3733.927,749.7,4260.462,656.268,512.091,3248.412,3756.434,4540.864,12.486,6.994,8.883,7.645,-6.881,8.004,-1.024,-18.611,9.688,19.169,8.847,10.194,3.603,-0.652,15.765,-0.358,13.51,25.605,2.799,-12.175,3.64,-3.201,0.884,54.103,63.911,66.023,61.72,29.181,0.0,mid,0.659,0.678,0.379,0.575,-729.025,611.386,986.031,609.328,0.601,1.015,0.287,Luchun-Tense,0.592118226600985,3677847963337632419
Luchun_M2,2,M,Luchun,,M2_x1a_31_02,168.066,302.269,134.203,5,a_31,Vowel,a,Tense,Oral,31.0,2.0,Mid,31,Unaspirated,Oral,205.428,205.811,211.907,207.028,1063.137,119.155,1629.254,61.192,3311.816,199.756,3884.739,403.154,1225.168,1667.097,3371.641,4069.692,8.524,8.014,12.655,10.506,15.183,3.539,27.552,-3.704,25.768,-0.775,17.359,17.876,-4.132,-2.492,-2.528,6.967,-19.028,11.811,-17.244,8.789,-8.836,-9.862,23.158,41.927,30.785,27.593,24.449,25.594,0.0,low,0.726,0.701,0.754,0.626,-327.24,236.435,498.5,233.406,0.692,0.753,0.483,Luchun-Tense,0.918990703851262,-8473207819252190283
Luchun_M3,3,M,Luchun,,M3_ba_31_01,169.289,405.046,235.757,5,a_31,Vowel,a,Tense,Oral,31.0,2.0,Mid,31,Unaspirated,Oral,108.918,109.577,108.964,108.867,888.756,87.671,1318.408,146.635,2644.715,159.296,3391.338,197.339,1079.907,2643.602,3381.787,3354.44,10.528,10.331,12.009,11.206,10.508,7.011,30.668,-1.882,26.746,-2.04,16.128,12.703,-1.481,-0.875,1.501,4.195,-20.141,12.249,-16.218,12.371,-5.6,-2.372,22.334,39.954,28.289,28.853,25.293,28.918,0.651,low,0.504,0.443,0.515,0.475,-239.525,289.908,859.034,285.564,1.406,3.339,0.42,Luchun-Tense,0.421084156933213,6184137565648442818
Luchun_M3,3,M,Luchun,,M3_ba_31_02,125.507,360.784,235.277,5,a_31,Vowel,a,Tense,Oral,31.0,2.0,Mid,31,Unaspirated,Oral,108.523,93.474,109.919,108.678,871.919,85.609,1354.036,182.395,2541.487,95.012,3256.26,137.084,1095.284,2488.359,3221.869,3120.395,7.083,6.892,6.881,6.102,8.757,5.363,26.342,-5.52,20.285,-7.305,16.153,10.395,0.202,0.79,-1.876,0.739,-19.259,12.434,-13.201,14.197,-9.07,-3.502,12.443,25.675,15.023,16.14,15.219,23.107,0.625,low,0.513,0.442,0.512,0.467,-207.867,245.503,788.62,241.249,1.54,3.441,0.451,Luchun-Tense,0.44754431851206,-9004298293284319911
Luchun_M3,3,M,Luchun,,M3_ba_33_01,162.613,394.42,231.807,5,a_33,Vowel,a,Tense,Oral,33.0,1.0,Mid,33,Unaspirated,Oral,132.736,132.791,132.7,132.765,883.289,80.697,1364.058,180.803,2599.515,133.521,3531.219,180.367,1051.486,2517.102,3497.043,3743.015,11.707,11.421,14.541,13.361,13.845,8.429,32.675,1.267,27.617,0.44,16.861,12.036,-2.834,-1.94,0.695,4.932,-20.968,10.182,-15.91,10.98,-5.154,-0.615,32.666,49.255,40.45,38.856,35.965,30.606,0.0,mid,0.56,0.476,0.598,0.481,-213.847,279.595,948.687,275.976,0.848,2.29,0.214,Luchun-Tense,0.370305676855895,-6272086527667478674
Luchun_M3,3,M,Luchun,,M3_ba_33_02,108.853,317.049,208.196,5,a_33,Vowel,a,Tense,Oral,33.0,1.0,Mid,33,Unaspirated,Oral,130.158,119.774,131.487,130.255,853.029,72.721,1300.881,113.193,2561.414,99.442,3458.258,285.248,1054.917,2333.931,3126.072,3643.132,9.949,9.643,13.408,12.146,13.401,7.537,31.006,-0.133,27.837,0.809,16.611,12.978,-3.459,-2.503,0.007,4.609,-21.057,9.804,-17.888,8.834,-6.662,-3.335,29.613,41.16,30.648,30.279,27.242,29.51,0.33,mid,0.582,0.494,0.631,0.535,-204.586,214.725,915.329,210.596,0.73,1.905,0.161,Luchun-Tense,0.383202099737533,4724239579263216419
Luchun_M3,3,M,Luchun,,M3_ba31_02,114.82,389.153,274.333,5,a31,Vowel,a,Lax,Oral,31.0,2.0,Mid,31,Unaspirated,Oral,124.231,77.34,127.522,125.312,823.1,63.298,1325.138,155.437,2678.669,188.106,3627.701,143.94,988.702,2662.655,3623.343,3598.242,15.412,15.119,16.212,15.003,16.734,11.136,32.838,2.222,26.135,-0.009,16.575,15.398,-0.8,0.115,-0.522,3.867,-17.426,12.926,-10.723,15.128,-1.163,-0.279,38.811,30.132,18.934,20.123,17.597,24.848,0.588,low,0.492,0.43,0.535,0.403,-335.261,253.954,1435.796,250.69,0.987,3.041,0.324,Luchun-Lax,0.324564288063137,-6696734539901033479
Luchun_M3,3,M,Luchun,,M3_ba33_01,85.541,345.145,259.604,5,a33,Vowel,a,Lax,Oral,33.0,1.0,Mid,33,Unaspirated,Oral,132.965,133.224,131.85,132.271,809.57,109.203,1333.067,180.686,2538.825,131.692,3567.613,309.876,950.019,1779.114,3124.798,5227.758,17.206,16.883,15.47,14.129,16.476,10.117,32.231,2.215,25.738,0.521,9.198,5.511,1.736,2.753,-1.006,4.013,-15.025,14.687,-8.531,16.362,8.009,11.372,36.326,38.031,27.011,25.76,24.621,26.593,0.192,mid,0.472,0.407,0.454,0.441,-616.724,217.7,1466.657,214.397,1.706,2.311,0.737,Luchun-Lax,0.738208567719602,7091712479515364493
Luchun_M3,3,M,Luchun,,M3_ba33_02,100.541,355.714,255.173,5,a33,Vowel,a,Lax,Oral,33.0,1.0,Mid,33,Unaspirated,Oral,130.07,130.082,131.626,130.715,804.836,88.945,1299.527,120.071,2587.393,108.901,3563.346,405.468,965.126,1423.119,2794.278,4726.752,16.23,15.899,17.379,16.01,18.365,11.845,32.816,2.787,27.043,1.675,12.199,10.522,-1.149,-0.11,-0.986,4.165,-16.586,13.137,-10.813,14.225,4.031,5.377,33.16,38.422,28.136,28.607,26.619,25.852,0.696,mid,0.515,0.455,0.525,0.474,-494.535,230.497,1525.422,226.842,1.473,1.716,0.429,Luchun-Lax,0.858391608391608,3284304533533473189
Luchun_M3,3,M,Luchun,,M3_be_33_01,87.731,305.969,218.238,5,e_33,Vowel,e,Tense,Oral,33.0,1.0,Mid,33,Unaspirated,Oral,124.901,125.107,125.575,124.672,641.988,45.65,1817.822,104.257,2367.226,120.085,3794.443,315.228,870.944,2155.333,2530.89,3889.746,11.473,11.093,14.449,12.842,16.285,7.481,29.049,3.454,22.957,8.755,21.796,9.137,-2.976,-1.749,-1.836,5.361,-17.576,7.64,-11.484,2.338,-10.322,1.957,14.758,44.704,39.726,34.352,34.757,31.382,0.0,mid,0.534,0.455,0.601,0.507,-220.821,198.537,1018.352,194.482,0.722,3.655,0.194,Luchun-Tense,0.197537619699042,-4471046219379906810
Luchun_M3,3,M,Luchun,,M3_be33_01,152.13,355.46,203.33,5,e33,Vowel,e,Lax,Oral,33.0,1.0,Mid,33,Unaspirated,Oral,137.103,137.133,138.499,137.655,662.264,64.203,1761.354,77.091,2375.022,194.542,3718.713,218.531,876.15,1960.083,3316.313,4314.118,16.185,15.74,17.601,15.704,24.846,13.588,29.409,3.736,23.97,8.76,17.202,6.172,-1.416,0.036,-7.245,2.116,-13.223,12.005,-7.785,6.98,-1.017,9.568,17.017,39.107,34.178,27.726,26.429,26.149,0.0,mid,0.499,0.44,0.524,0.464,-419.713,256.514,1358.999,253.122,1.171,2.693,0.433,Luchun-Lax,0.434831043445971,1629335420891004763
Luchun_M3,3,M,Luchun,,M3_be33_02,140.888,368.359,227.471,5,e33,Vowel,e,Lax,Oral,33.0,1.0,Mid,33,Unaspirated,Oral,125.571,125.866,126.831,125.646,614.12,63.758,1747.61,106.651,2429.363,125.523,3678.032,214.855,988.239,2160.055,3278.315,3948.861,14.537,14.108,16.301,14.473,22.735,11.966,27.913,2.738,20.521,6.453,17.663,9.279,-1.764,-0.365,-6.433,2.507,-13.376,11.372,-5.984,7.655,-3.125,4.829,10.789,40.778,37.687,32.43,30.764,28.472,0.0,mid,0.514,0.439,0.545,0.51,-395.799,257.195,1431.475,253.124,1.019,1.116,0.197,Luchun-Lax,0.913082437275985,-8354057415329847299
Luchun_M3,3,M,Luchun,,M3_bi_31_02,174.158,431.573,257.415,5,i_31,Vowel,i,Tense,Oral,31.0,2.0,Mid,31,Unaspirated,Oral,120.099,119.992,120.242,120.055,296.062,59.159,2230.685,70.053,2913.643,157.496,3527.551,303.871,2291.325,3064.976,3753.773,5217.353,12.023,10.464,19.656,10.913,6.751,10.679,12.602,-2.662,14.789,18.711,15.101,20.895,-7.633,-0.449,12.905,0.233,-0.579,13.126,-2.766,-8.247,-3.078,-10.431,2.59,45.413,55.393,49.26,42.216,30.631,0.937,low,0.712,0.636,0.608,0.447,-173.675,303.512,857.603,299.786,0.838,1.963,0.066,Luchun-Tense,0.426897605705553,-5633041273526692700
Luchun_M3,3,M,Luchun,,M3_bi31_01,176.742,474.279,297.537,5,i31,Vowel,i,Lax,Oral,31.0,2.0,Mid,31,Unaspirated,Oral,136.862,137.431,140.305,171.758,275.283,23.585,2130.77,48.713,2982.04,228.268,3695.702,119.208,2136.22,3041.037,3701.847,,17.542,15.096,26.014,12.337,5.249,14.142,26.012,12.271,16.471,20.964,12.392,22.948,-8.472,2.759,20.765,-1.805,-8.47,2.825,1.071,-5.868,5.15,-7.852,6.467,27.033,38.271,32.289,26.602,25.355,0.425,low,0.617,0.448,0.799,0.341,-358.979,324.519,1102.937,322.01,0.678,2.778,0.184,Luchun-Lax,0.244060475161987,8843199160778811985
Luchun_M3,3,M,Luchun,,M3_bi31_02,179.049,469.205,290.156,5,i31,Vowel,i,Lax,Oral,31.0,2.0,Mid,31,Unaspirated,Oral,127.009,127.697,130.674,127.532,292.711,63.835,2113.872,53.525,2964.874,271.716,3693.592,95.741,2149.565,3057.72,3713.988,5444.315,15.625,13.751,22.476,11.128,8.852,14.848,21.956,7.121,15.962,19.213,15.422,24.767,-6.851,2.624,13.625,-3.72,-6.331,6.631,-0.337,-5.462,0.202,-11.015,4.539,27.03,38.845,33.026,26.5,26.261,0.785,low,0.654,0.491,0.608,0.34,-311.511,323.934,1254.697,321.236,0.635,1.95,0.064,Luchun-Lax,0.325641025641026,-2152094748557824255
Luchun_M3,3,M,Luchun,,M3_bja_31_01,203.377,466.709,263.332,5,a_31,Vowel,a,Tense,Oral,31.0,2.0,Mid,31,Unaspirated,Oral,112.344,112.302,112.593,112.737,810.025,77.942,1447.969,95.033,2503.077,146.036,3444.989,229.72,1108.032,2045.317,3156.959,4263.158,11.785,11.558,13.511,12.582,13.274,9.095,29.812,0.157,28.901,5.161,19.618,12.541,-1.726,-1.024,0.237,3.486,-18.027,11.411,-17.116,6.397,-7.833,-0.982,27.476,42.038,31.084,30.154,28.423,31.082,0.792,low,0.516,0.445,0.623,0.488,-204.574,336.283,991.132,331.94,0.955,4.174,0.232,Luchun-Tense,0.228797316722568,-1785842481101595071
Luchun_M3,3,M,Luchun,,M3_bja_31_02,138.373,381.033,242.66,5,a_31,Vowel,a,Tense,Oral,31.0,2.0,Mid,31,Unaspirated,Oral,110.764,110.148,111.784,110.988,808.465,63.918,1530.688,94.59,2465.051,236.743,3533.869,451.521,1198.686,2145.546,3399.878,3711.495,11.687,11.46,12.724,11.794,13.092,8.879,29.642,0.639,28.682,6.524,18.826,10.415,-1.037,-0.334,-0.368,2.915,-17.956,10.828,-16.995,4.936,-7.14,1.045,28.472,26.944,16.548,13.123,11.219,26.224,0.639,low,0.478,0.401,0.599,0.476,-213.078,261.493,972.69,257.165,0.63,1.554,0.067,Luchun-Tense,0.405405405405405,8663496282246515837
Luchun_M3,3,M,Luchun,,M3_bja_33_01,172.207,428.078,255.871,5,a_33,Vowel,a,Tense,Oral,33.0,1.0,Mid,33,Unaspirated,Oral,145.892,145.718,147.655,213.104,864.168,127.911,1596.789,212.965,2649.846,514.48,3377.687,428.41,1110.602,2080.362,3338.774,4688.4,14.82,14.486,17.038,15.648,19.297,12.525,32.889,3.792,28.421,6.02,20.571,13.584,-2.218,-1.163,-2.259,3.124,-18.07,10.705,-13.601,8.466,-5.751,0.902,46.823,36.412,27.247,23.887,22.326,30.347,0.459,mid,0.531,0.459,0.584,0.496,-252.141,301.723,1094.979,298.309,0.541,1.231,0.094,Luchun-Tense,0.439480097481722,-1684822516747899604
Luchun_M3,3,M,Luchun,,M3_bja31_01,192.929,444.407,251.478,5,a31,Vowel,a,Lax,Oral,31.0,2.0,Mid,31,Unaspirated,Oral,117.636,117.524,119.675,118.563,806.039,77.989,1427.203,120.435,2628.196,200.875,3644.147,169.475,1057.866,2305.03,3551.05,4100.024,15.144,14.889,15.418,14.369,13.86,9.068,31.81,2.152,25.985,2.017,17.013,12.647,-0.274,0.519,1.558,5.301,-16.666,12.75,-10.842,12.872,-1.869,2.242,28.442,28.495,17.397,16.746,14.485,26.385,0.0,low,0.478,0.421,0.537,0.467,-308.089,320.481,1338.669,316.498,0.926,3.52,0.257,Luchun-Lax,0.263068181818182,6437273246533855275
Luchun_M3,3,M,Luchun,,M3_bja31_02,174.972,486.128,311.156,5,a31,Vowel,a,Lax,Oral,31.0,2.0,Mid,31,Unaspirated,Oral,123.04,123.192,124.325,124.023,811.887,64.109,1419.645,150.854,2648.959,278.565,3511.876,256.118,972.146,2108.817,3319.445,4297.646,16.6,16.324,16.555,15.415,17.199,11.915,33.075,3.489,26.693,2.707,16.117,12.845,0.045,0.909,-0.644,3.5,-16.475,12.851,-10.093,13.617,0.483,3.479,42.15,33.908,22.246,21.403,17.905,27.045,0.541,low,0.486,0.435,0.561,0.446,-310.364,332.133,1350.424,328.51,0.547,1.048,0.088,Luchun-Lax,0.521946564885496,8559599335444246293
Luchun_M3,3,M,Luchun,,M3_bja33_01,231.437,498.475,267.038,5,a33,Vowel,a,Lax,Oral,33.0,1.0,Mid,33,Unaspirated,Oral,126.855,126.866,128.159,127.393,822.533,85.046,1436.579,210.4,2496.542,260.599,3414.122,556.182,905.134,1695.968,2831.491,4556.613,15.194,14.904,15.487,14.287,15.596,9.976,29.734,0.208,23.111,-0.758,8.823,2.046,-0.293,0.617,-0.109,4.311,-14.539,14.707,-7.917,15.661,6.372,12.858,21.654,40.504,30.316,29.063,27.169,27.173,0.589,mid,0.483,0.442,0.516,0.474,-538.899,367.764,1434.63,364.013,0.932,2.666,0.351,Luchun-Lax,0.349587396849212,1481104312823839923
Luchun_M3,3,M,Luchun,,M3_bja33_02,182.886,425.515,242.629,5,a33,Vowel,a,Lax,Oral,33.0,1.0,Mid,33,Unaspirated,Oral,122.576,122.722,123.437,123.448,819.986,60.134,1460.593,114.159,2449.217,214.11,3369.821,483.003,934.806,1767.035,2893.528,4456.368,14.734,14.469,14.486,13.395,15.004,9.977,30.945,1.42,24.68,1.063,15.146,7.105,0.248,1.074,-0.518,3.418,-16.21,13.059,-9.946,13.406,-0.412,7.364,23.315,43.615,33.198,28.701,25.39,27.235,0.106,mid,0.478,0.432,0.511,0.462,-458.571,305.854,1417.048,302.073,0.862,2.911,0.292,Luchun-Lax,0.29611817244933,1058639724399490199
Luchun_M3,3,M,Luchun,,M3_bja55_02,168.285,403.237,234.952,5,a55,Vowel,a,Lax,Oral,55.0,1.0,High,55,Unaspirated,Oral,150.284,150.167,151.519,150.849,753.151,117.889,1484.197,172.06,2512.013,247.459,3548.814,226.245,930.629,1917.013,3464.387,4337.721,13.09,12.629,14.436,12.481,21.719,10.677,25.184,-2.19,18.575,-1.785,6.07,1.273,-1.346,0.148,-7.283,1.804,-12.094,14.827,-5.484,14.413,7.02,11.356,6.58,49.946,40.509,39.277,37.543,29.381,0.851,high,0.531,0.493,0.539,0.493,-810.116,287.863,1747.589,284.574,1.364,2.074,0.659,Luchun-Lax,0.657666345226615,543976836755845829
Luchun_M3,3,M,Luchun,,M3_bu_31_01,174.188,434.249,260.061,5,u_31,Vowel,u,Tense,Oral,31.0,2.0,Mid,31,Unaspirated,Oral,131.007,130.545,132.428,131.446,331.228,104.189,790.968,77.845,2518.053,73.003,3156.694,84.206,630.552,2560.763,3177.128,5116.662,17.556,15.791,22.864,13.192,15.151,14.071,15.813,-2.492,19.82,7.559,8.48,31.95,-5.308,2.599,7.713,-0.879,1.744,18.299,-2.264,8.232,9.076,-16.159,5.219,27.916,35.017,37.247,34.841,26.353,0.813,low,0.772,0.703,0.688,0.396,-231.029,303.386,905.878,300.369,0.802,2.308,0.071,Luchun-Tense,0.347487001733102,4892955713869017234
Luchun_M3,3,M,Luchun,,M3_bu_31_02,192.302,455.886,263.584,5,u_31,Vowel,u,Tense,Oral,31.0,2.0,Mid,31,Unaspirated,Oral,127.157,126.873,127.242,127.487,329.212,139.729,787.71,125.078,2438.954,62.451,3133.404,93.032,599.238,2455.967,3179.122,5081.982,16.916,15.205,20.181,10.937,14.6,13.348,13.773,-4.217,15.889,3.73,4.582,27.528,-3.265,4.267,5.581,-2.41,3.143,19.436,1.027,11.475,12.335,-12.323,3.025,30.573,37.374,39.936,38.226,27.781,0.536,low,0.742,0.657,0.654,0.394,-183.581,323.286,882.374,320.186,0.744,3.794,0.15,Luchun-Tense,0.196099103848181,-5063165049604315840
Luchun_M3,3,M,Luchun,,M3_bu31_01,176.269,488.977,312.708,5,u31,Vowel,u,Lax,Oral,31.0,2.0,Mid,31,Unaspirated,Oral,138.338,137.862,140.226,138.898,803.99,113.463,2363.142,183.952,3075.355,163.952,3939.215,1053.919,624.23,2570.575,3098.651,5061.282,23.21,22.906,25.351,24.08,14.177,7.782,19.358,-7.485,3.804,-8.597,3.519,-7.302,-2.141,-1.174,11.175,16.298,3.852,30.393,19.406,31.503,19.692,30.209,9.049,18.535,24.186,26.222,24.66,22.684,0.0,low,0.474,0.446,0.567,0.409,-348.786,334.4,1179.097,331.426,0.403,0.931,0.136,Luchun-Lax,0.432867883995704,-8288920707255657835
Luchun_M3,3,M,Luchun,,M3_bu31_02,134.329,409.343,275.014,5,u31,Vowel,u,Lax,Oral,31.0,2.0,Mid,31,Unaspirated,Oral,136.672,136.076,139.006,137.221,329.733,130.84,856.482,121.983,2378.736,86.285,3016.462,179.509,655.239,2533.678,3345.838,4395.199,21.212,19.291,24.286,13.168,14.327,14.93,21.272,3.398,19.709,8.586,10.429,30.364,-3.074,6.123,9.96,-1.761,-0.06,15.902,1.503,10.705,10.783,-11.073,7.205,26.23,30.09,30.136,26.954,23.471,0.0,low,0.508,0.456,0.778,0.398,-335.064,271.709,1157.218,268.781,0.495,3.447,0.145,Luchun-Lax,0.143603133159269,-3861043864628447116
Luchun_M3,3,M,Luchun,,M3_cjo_31_01,208.832,442.797,233.965,5,o_31,Vowel,o,Tense,Oral,31.0,2.0,Mid,31,Unaspirated,Oral,114.176,113.437,114.658,114.009,423.379,62.066,820.253,103.206,2640.005,85.071,3146.244,120.198,595.689,2730.216,3132.616,4919.307,10.624,9.797,16.919,13.223,25.839,8.801,25.823,1.911,18.613,1.229,9.372,28.232,-6.294,-3.426,-8.92,4.422,-15.198,7.914,-7.988,8.568,1.252,-18.435,5.885,31.829,36.024,38.188,32.9,26.568,0.594,low,0.685,0.565,0.788,0.392,-222.997,325.458,793.159,321.999,0.832,4.699,0.178,Luchun-Tense,0.177058948712492,5898676010464607125
Luchun_M3,3,M,Luchun,,M3_cjo_31_02,201.365,407.93,206.565,5,o_31,Vowel,o,Tense,Oral,31.0,2.0,Mid,31,Unaspirated,Oral,113.4,112.825,112.753,226.484,436.489,51.606,875.306,48.175,2537.668,87.423,3066.637,97.515,708.597,2723.976,2917.35,5562.977,11.619,10.878,16.222,12.949,26.514,4.326,26.512,2.151,22.208,4.673,9.066,24.496,-4.602,-2.072,-10.293,8.623,-14.892,8.747,-10.588,6.205,2.554,-13.618,6.108,30.747,32.875,34.777,31.584,25.975,0.174,low,0.705,0.592,0.813,0.507,-208.444,306.945,857.435,302.479,0.698,2.733,0.083,Luchun-Tense,0.255396999634102,-6166887825432315151
Luchun_M3,3,M,Luchun,,M3_cjo31_01,281.02,465.555,184.535,5,o31,Vowel,o,Lax,Oral,31.0,2.0,Mid,31,Unaspirated,Oral,109.949,108.919,112.579,111.026,394.438,73.152,803.357,88.09,2545.873,120.269,3155.015,136.746,631.609,2850.867,3259.923,,10.655,9.747,11.773,7.657,18.414,5.339,15.969,-6.668,12.012,-4.322,-6.623,13.122,-1.118,2.09,-6.641,2.318,-5.314,16.438,-1.357,14.07,17.279,-3.374,1.23,23.403,30.604,35.416,33.783,24.112,0.796,low,0.477,0.447,0.66,0.454,-357.704,375.159,1089.817,370.993,0.726,2.306,0.132,Luchun-Lax,0.314830875975716,-6599678745333153178
Luchun_M3,3,M,Luchun,,M3_cjo31_02,230.988,424.307,193.319,5,o31,Vowel,o,Lax,Oral,31.0,2.0,Mid,31,Unaspirated,Oral,102.665,102.344,105.25,103.718,406.669,89.28,846.224,53.089,2599.663,140.016,3210.307,206.708,765.603,2901.538,3543.16,,10.348,9.607,9.632,6.358,18.471,-2.005,18.467,-4.723,13.642,-2.878,-9.18,9.997,0.715,3.249,-8.838,8.363,-8.119,14.352,-3.294,12.485,19.528,-0.39,1.223,19.476,25.804,32.954,31.89,21.022,0.854,low,0.43,0.364,0.76,0.422,-297.177,327.462,962.822,323.36,0.544,4.016,0.14,Luchun-Lax,0.135458167330677,-9051246030816157093
Luchun_M3,3,M,Luchun,,M3_de_31_01,100.033,362.204,262.171,5,e_31,Vowel,e,Tense,Oral,31.0,2.0,Mid,31,Unaspirated,Oral,119.102,119.036,118.989,119.054,655.223,68.695,1849.908,99.76,2490.872,152.145,3798.011,366.407,1846.567,2399.405,3789.388,4813.507,8.078,7.747,11.611,10.22,12.409,5.226,22.777,-3.092,22.382,8.025,19.475,9.213,-3.533,-2.474,-0.798,4.994,-14.699,10.84,-14.304,-0.279,-11.397,-1.466,8.577,47.257,42.505,35.777,31.803,30.11,0.944,low,0.53,0.439,0.6,0.497,-182.533,232.551,921.537,228.378,0.705,3.847,0.19,Luchun-Tense,0.183259682869769,-3231379197039662824
Luchun_M3,3,M,Luchun,,M3_de_31_02,86.584,358.003,271.419,5,e_31,Vowel,e,Tense,Oral,31.0,2.0,Mid,31,Unaspirated,Oral,118.008,118.056,117.42,117.789,673.927,53.541,1801.397,71.254,2487.582,152.615,3633.547,363.524,1668.837,2351.078,3560.383,4466.023,7.687,7.377,10.124,8.83,11.694,5.21,24.088,-2.181,21.308,5.773,15.619,5.638,-2.437,-1.453,-1.57,3.62,-16.401,9.56,-13.622,1.604,-7.932,1.738,6.196,42.249,36.992,30.772,27.182,26.859,0.509,low,0.539,0.481,0.508,0.514,-214.336,223.77,898.252,219.421,0.591,1.255,0.102,Luchun-Tense,0.470916334661355,-3665978089575739189
Luchun_M3,3,M,Luchun,,M3_de_33_02,75.059,338.128,263.069,5,e_33,Vowel,e,Tense,Oral,33.0,1.0,Mid,33,Unaspirated,Oral,141.643,141.63,141.652,141.383,650.541,76.456,1863.246,70.371,2449.12,130.237,3851.49,268.806,1490.231,2274.657,3454.756,3896.459,9.375,8.885,13.242,11.13,22.974,8.95,23.512,-1.576,24.497,11.293,18.995,8.022,-3.867,-2.246,-9.732,2.18,-14.137,10.462,-15.122,-2.408,-9.619,0.863,11.352,54.753,51.577,44.002,40.264,31.246,0.625,mid,0.569,0.469,0.636,0.382,-201.703,207.333,1023.11,204.639,0.525,1.575,0.103,Luchun-Tense,0.333333333333333,-7497842836864156440
Luchun_M3,3,M,Luchun,,M3_de-_33_02,201.346,459.201,257.855,5,e-_33,Vowel,ø,Tense,Oral,33.0,1.0,Mid,33,Unaspirated,Oral,138.356,138.536,139.42,138.162,376.974,47.632,1997.738,71.428,2390.315,75.344,3433.256,150.08,2167.068,2686.739,3759.342,3973.109,12.978,11.66,20.81,13.857,9.359,10.195,22.19,2.969,21.696,19.466,23.07,16.94,-7.832,-2.196,11.451,3.661,-9.212,8.692,-8.717,-7.806,-10.091,-5.28,8.564,41.741,50.418,42.4,38.87,31.254,0.0,mid,0.646,0.509,0.731,0.307,-295.212,329.56,868.734,327.338,0.637,3.445,0.188,Luchun-Tense,0.184905660377359,-802323458814721013
Luchun_M3,3,M,Luchun,,M3_de-33_01,177.333,441.32,263.987,5,e-33,Vowel,ø,Lax,Oral,33.0,1.0,Mid,33,Unaspirated,Oral,146.26,145.914,147.626,147.256,385.278,62.777,1856.595,58.044,2298.855,83.991,3377.009,246.032,1917.323,2258.079,3468.575,4663.733,15.84,14.377,23.063,15.029,10.759,12.73,18.442,-0.87,20.959,17.345,19.66,14.2,-7.223,-0.652,12.304,2.299,-2.601,15.248,-5.119,-2.968,-3.82,0.177,8.507,36.054,44.461,37.33,34.759,28.648,0.0,mid,0.507,0.432,0.64,0.307,-391.929,308.654,1202.489,306.549,0.59,1.071,0.13,Luchun-Lax,0.550887021475257,7918358199494048052
Luchun_M3,3,M,Luchun,,M3_de31_01,148.495,487.896,339.401,5,e31,Vowel,e,Lax,Oral,31.0,2.0,Mid,31,Unaspirated,Oral,133.105,133.031,137.098,134.318,666.793,59.244,1684.435,76.777,2486.135,246.995,3768.385,215.172,900.308,1909.943,3406.149,4592.845,12.579,12.15,14.948,13.125,19.985,9.509,26.971,1.025,20.507,4.264,9.443,2.285,-2.369,-0.976,-5.038,3.616,-14.392,11.127,-7.928,7.886,3.136,9.864,9.305,29.244,24.701,19.897,19.705,23.461,0.0,low,0.511,0.446,0.546,0.492,-378.148,320.763,1293.129,317.026,1.06,1.115,0.228,Luchun-Lax,0.95067264573991,1695084305320903488
Luchun_M3,3,M,Luchun,,M3_de31_02,111.908,438.31,326.402,5,e31,Vowel,e,Lax,Oral,31.0,2.0,Mid,31,Unaspirated,Oral,126.366,126.732,130.608,127.93,657.845,51.756,1652.13,116.998,2543.462,237.672,3716.019,237.021,926.525,2122.812,3352.596,4201.026,10.963,10.56,13.869,12.167,17.194,7.758,27.108,1.126,18.155,1.719,11.343,6.093,-2.906,-1.607,-3.326,4.408,-16.145,9.437,-7.193,8.841,-0.381,4.467,8.357,28.334,22.886,18.742,17.146,23.107,0.0,low,0.55,0.49,0.651,0.483,-279.631,276.081,1247.678,272.242,0.478,2.027,0.109,Luchun-Lax,0.235816477553034,-9004298293284319911
Luchun_M3,3,M,Luchun,,M3_de33_01,90.246,389.122,298.876,5,e33,Vowel,e,Lax,Oral,33.0,1.0,Mid,33,Unaspirated,Oral,148.83,148.83,149.327,149.011,673.839,67.672,1734.946,115.408,2426.871,219.655,3677.749,586.753,764.933,1915.274,2813.313,4467.518,16.08,15.574,17.05,14.871,28.226,13.904,27.987,2.364,20.387,4.861,12.81,3.473,-0.969,0.703,-11.177,0.968,-11.907,13.212,-4.307,10.713,3.271,12.101,17.237,46.555,41.415,34.979,33.631,28.268,0.878,mid,0.484,0.433,0.49,0.457,-656.306,242.597,1707.463,239.525,1.381,2.171,0.63,Luchun-Lax,0.636112390603409,-1514335372362697997
Luchun_M3,3,M,Luchun,,M3_de33_02,109.829,393.404,283.575,5,e33,Vowel,e,Lax,Oral,33.0,1.0,Mid,33,Unaspirated,Oral,142.777,142.948,143.94,143.29,651.078,61.51,1698.606,75.57,2465.955,281.933,3668.317,488.205,736.865,1819.137,2911.837,4559.911,14.546,14.039,16.068,13.889,27.467,12.995,27.491,2.104,22.333,7.099,11.444,4.401,-1.523,0.15,-11.399,0.894,-12.945,11.938,-7.787,6.94,3.101,9.638,13.563,49.223,43.378,37.007,34.643,28.486,0.78,mid,0.501,0.45,0.539,0.481,-493.586,253.644,1630.792,250.275,0.761,2.439,0.31,Luchun-Lax,0.312013120131201,862069762730120281
Luchun_M3,3,M,Luchun,,M3_de55_01,78.238,414.02,335.782,5,e55,Vowel,e,Lax,Oral,55.0,1.0,High,55,Unaspirated,Oral,161.87,161.968,162.966,162.581,645.136,50.909,1753.332,78.546,2423.117,195.682,3755.849,255.819,785.827,1916.98,3133.579,4004.087,14.559,13.909,18.077,15.207,30.86,6.619,30.858,6.026,25.456,11.339,15.363,6.537,-3.518,-1.299,-12.783,8.588,-16.3,7.885,-10.897,2.569,-0.804,7.372,23.276,51.353,45.899,39.129,37.555,28.891,0.428,high,0.527,0.492,0.57,0.471,-608.784,247.732,1724.172,244.815,0.661,2.053,0.321,Luchun-Lax,0.321967851924014,4559313223412950830
Luchun_M3,3,M,Luchun,,M3_de55_02,142.746,441.788,299.042,5,e55,Vowel,e,Lax,Oral,55.0,1.0,High,55,Unaspirated,Oral,159.646,159.956,160.463,160.216,653.489,46.075,1732.385,92.193,2496.214,159.292,3690.457,341.682,771.019,1948.476,2908.864,4319.153,15.086,14.468,18.173,15.464,32.533,8.673,32.532,7.476,24.964,10.266,16.809,9.828,-3.087,-0.996,-14.36,6.791,-17.445,6.995,-9.877,4.203,-1.723,4.64,28.792,52.835,46.412,40.931,38.608,29.525,0.462,high,0.532,0.489,0.567,0.466,-550.592,293.479,1691.398,290.563,0.732,2.301,0.321,Luchun-Lax,0.318122555410691,3295822069540168945
Luchun_M3,3,M,Luchun,,M3_do_31_02,173.447,419.599,246.152,5,o_31,Vowel,o,Tense,Oral,31.0,2.0,Mid,31,Unaspirated,Oral,116.988,116.81,117.896,117.13,448.154,49.508,814.864,47.432,2907.559,128.468,3158.198,142.565,680.57,3038.409,3721.676,4232.807,8.734,7.936,13.787,10.26,25.091,3.695,25.088,-0.043,20.857,1.685,7.804,30.273,-5.052,-2.323,-11.304,6.565,-16.354,8.041,-12.123,6.251,0.931,-22.337,4.533,35.477,38.132,43.881,38.373,28.319,0.653,low,0.678,0.562,0.759,0.526,-190.238,297.6,697.181,293.092,0.841,3.709,0.143,Luchun-Tense,0.226745753572391,2362196766835692902
Luchun_M3,3,M,Luchun,,M3_do_33_01,180.474,400.199,219.725,5,o_33,Vowel,o,Tense,Oral,33.0,1.0,Mid,33,Unaspirated,Oral,134.005,134.051,133.66,133.605,406.368,75.813,801.148,50.135,2788.974,111.002,3164.212,201.763,699.49,2926.396,3682.341,4067.305,10.973,9.738,16.122,10.231,17.627,9.739,23.45,0.516,20.083,3.249,6.77,30.372,-5.149,-0.493,-1.506,0.492,-12.477,9.27,-9.11,6.488,4.203,-20.634,4.337,39.2,46.308,52.589,48.808,30.598,0.601,mid,0.612,0.561,0.785,0.527,-251.578,291.478,901.631,287.551,0.559,1.128,0.05,Luchun-Tense,0.495567375886525,-1666385990573419621
Luchun_M3,3,M,Luchun,,M3_do_33_02,181.613,411.401,229.788,5,o_33,Vowel,o,Tense,Oral,33.0,1.0,Mid,33,Unaspirated,Oral,133.859,133.856,133.506,133.54,413.129,65.956,799.192,41.291,2843.481,161.169,3176.884,154.921,704.741,3009.636,3721.036,4230.47,9.576,8.359,14.547,8.773,17.467,9.162,22.443,-0.673,20.483,3.409,5.852,30.246,-4.971,-0.413,-2.921,-0.389,-12.867,9.088,-10.907,4.95,3.724,-21.887,3.74,44.281,51.037,56.49,52.139,32.211,0.863,mid,0.625,0.572,0.522,0.545,-238.448,297.516,865.057,293.447,0.593,1.518,0.053,Luchun-Tense,0.39064558629776,-2363161634829499013
Luchun_M3,3,M,Luchun,,M3_do+_31_02,72.188,351.407,279.219,5,o+_31,Vowel,ɔ,Tense,Oral,31.0,2.0,Mid,31,Unaspirated,Oral,116.476,116.51,116.943,116.935,624.898,73.589,865.167,98.974,2624.01,176.823,3096.739,130.917,743.712,2611.396,2982.97,4654.41,4.946,4.476,8.577,6.609,12.633,2.531,23.9,-6.561,21.102,-6.243,4.925,16.446,-3.631,-2.133,-4.055,4.078,-18.954,11.149,-16.157,10.719,0.021,-11.97,5.856,47.614,41.044,44.167,39.917,29.907,0.893,low,0.606,0.533,0.738,0.516,-192.401,214.034,922.7,209.6,0.729,1.952,0.065,Luchun-Tense,0.373463114754098,-8132634932809133596
Luchun_M3,3,M,Luchun,,M3_do+_33_01,79.44,357.291,277.851,5,o+_33,Vowel,ɔ,Tense,Oral,33.0,1.0,Mid,33,Unaspirated,Oral,140.97,141.074,140.382,140.886,634.65,92.95,925.992,181.073,2942.366,169.934,3241.195,270.274,750.813,3067.892,3919.979,4271.584,8.977,8.343,12.332,9.624,23.808,7.163,25.632,-3.809,19.275,-6.789,8.918,23.761,-3.355,-1.281,-11.476,2.461,-16.655,12.303,-10.299,15.132,0.059,-15.418,7.612,48.347,44.106,49.357,45.504,30.719,0.914,mid,0.568,0.5,0.642,0.459,-255.923,219.33,1084.176,216.078,0.544,3.284,0.167,Luchun-Tense,0.165651644336175,-4080131985447017528
Luchun_M3,3,M,Luchun,,M3_do+_33_02,102.783,370.518,267.735,5,o+_33,Vowel,ɔ,Tense,Oral,33.0,1.0,Mid,33,Unaspirated,Oral,137.234,137.279,137.914,137.593,605.703,80.892,927.837,124.839,3004.919,193.486,3328.644,311.011,774.115,3127.697,3961.572,5198.29,7.857,7.199,11.844,9.015,24.102,5.327,24.109,-4.172,19.892,-4.387,8.498,25.118,-3.987,-1.816,-12.257,3.688,-16.251,11.494,-12.035,11.586,-0.64,-17.92,7.235,51.629,48.337,54.613,50.921,31.851,0.819,mid,0.584,0.517,0.641,0.547,-255.666,238.324,1017.446,234.339,0.658,3.427,0.193,Luchun-Tense,0.192004668806536,-6819186609741510784
Luchun_M3,3,M,Luchun,,M3_do+31_01,74.877,407.726,332.849,5,o+31,Vowel,ɔ,Lax,Oral,31.0,2.0,Mid,31,Unaspirated,Oral,127.525,75.634,132.176,129.357,603.01,114.615,946.525,160.342,2970.288,209.437,3392.916,110.034,752.08,1110.001,3266.471,4827.162,10.315,9.727,12.33,9.826,20.195,5.224,24.029,-4.534,17.732,-6.855,-0.458,15.406,-2.015,-0.098,-7.865,4.601,-13.714,14.379,-7.417,16.582,10.774,-5.679,4.416,26.453,22.615,28.665,27.053,21.228,0.177,low,0.507,0.456,0.526,0.467,-438.591,243.468,1256.647,239.766,1.379,2.856,0.479,Luchun-Lax,0.482843137254902,-5879013678783125274
Luchun_M3,3,M,Luchun,,M3_do+31_02,125.231,451.187,325.956,5,o+31,Vowel,ɔ,Lax,Oral,31.0,2.0,Mid,31,Unaspirated,Oral,132.391,131.694,136.078,133.451,616.702,94.246,990.496,184.783,2922.393,140.518,3328.372,194.666,765.669,3105.933,3601.02,4548.917,9.38,8.778,12.326,9.756,21.371,5.595,23.546,-4.907,15.632,-8.715,8.292,22.535,-2.946,-0.978,-9.046,4.161,-14.166,13.785,-6.252,17.493,1.087,-13.758,4.693,29.677,25.464,30.693,27.445,24.818,0.326,low,0.521,0.458,0.633,0.486,-315.666,289.749,1262.424,286.039,0.532,3.481,0.153,Luchun-Lax,0.152829646653261,8645861262186798739
Luchun_M3,3,M,Luchun,,M3_do+33_01,94.463,388.351,293.888,5,o+33,Vowel,ɔ,Lax,Oral,33.0,1.0,Mid,33,Unaspirated,Oral,143.501,143.7,144.902,143.923,614.837,108.215,882.032,142.841,2959.487,169.717,3332.725,212.189,771.29,3104.0,3395.649,5070.92,13.504,12.769,14.374,11.2,27.122,4.199,27.12,-1.931,23.598,-2.1,7.483,24.329,-0.87,1.569,-12.748,7.001,-13.616,14.878,-10.094,14.869,6.02,-11.559,13.149,43.171,36.565,40.849,35.631,26.542,0.818,mid,0.462,0.434,0.509,0.428,-556.007,243.542,1439.605,240.556,0.66,2.048,0.325,Luchun-Lax,0.322265625,-1462186383152303936
Luchun_M3,3,M,Luchun,,M3_do+33_02,117.343,396.806,279.463,5,o+33,Vowel,ɔ,Lax,Oral,33.0,1.0,Mid,33,Unaspirated,Oral,138.153,137.805,136.492,137.282,612.769,82.018,904.73,123.493,2959.957,145.466,3331.309,258.581,751.298,3095.734,3944.733,5130.992,11.221,10.584,13.245,10.518,25.234,8.097,27.245,-1.634,21.271,-3.943,7.837,23.788,-2.024,0.065,-11.988,2.422,-16.024,12.356,-10.05,14.527,3.384,-13.204,9.711,46.159,41.761,46.46,40.803,28.749,0.436,mid,0.518,0.471,0.614,0.485,-320.98,258.577,1348.871,255.06,0.456,2.828,0.164,Luchun-Lax,0.161244695898161,-2436005890568319002
Luchun_M3,3,M,Luchun,,M3_do+55_01,101.698,431.644,329.946,5,o+55,Vowel,ɔ,Lax,Oral,55.0,1.0,High,55,Unaspirated,Oral,158.627,158.685,159.021,158.542,597.881,108.006,969.326,120.649,3001.307,154.239,3496.144,250.624,799.259,3141.92,3723.842,4377.665,12.09,11.205,15.424,11.499,26.115,5.277,26.114,-0.953,21.307,-1.228,11.374,28.128,-3.334,-0.294,-10.691,6.221,-14.023,12.26,-9.217,12.433,0.716,-16.923,8.22,49.845,44.639,48.819,44.112,29.6,0.551,high,0.491,0.473,0.524,0.439,-775.438,268.296,1718.445,265.523,0.797,2.122,0.378,Luchun-Lax,0.375589066918002,-3133836302802305610
Luchun_M3,3,M,Luchun,,M3_do+55_02,91.45,380.591,289.141,5,o+55,Vowel,ɔ,Lax,Oral,55.0,1.0,High,55,Unaspirated,Oral,156.499,156.416,156.987,156.351,609.809,74.291,1005.716,93.15,2968.771,99.857,3418.739,175.083,790.556,3177.005,3753.597,4558.863,10.908,10.086,15.798,12.179,27.76,3.596,27.758,0.667,22.217,-0.18,13.467,28.684,-4.89,-2.093,-11.962,8.582,-16.85,9.502,-11.309,10.266,-2.559,-18.598,11.238,48.543,43.722,48.915,44.741,29.84,0.422,high,0.543,0.51,0.586,0.482,-580.868,237.529,1567.36,234.444,0.651,2.232,0.29,Luchun-Lax,0.291666666666667,1566194150371981325
Luchun_M3,3,M,Luchun,,M3_do31_01,145.884,384.869,238.985,5,o31,Vowel,o,Lax,Oral,31.0,2.0,Mid,31,Unaspirated,Oral,137.879,137.234,143.585,139.136,404.57,52.342,870.785,80.984,2542.909,101.336,3057.587,207.834,697.971,2698.138,3550.167,,11.427,10.072,17.919,11.218,11.364,6.106,24.299,2.01,16.125,0.819,0.052,18.372,-6.492,-1.147,6.555,5.112,-12.872,8.082,-4.698,9.252,11.375,-8.3,3.673,19.267,24.63,30.493,29.601,23.993,0.0,low,0.564,0.523,0.757,0.459,-272.987,266.157,955.752,262.756,0.569,3.679,0.165,Luchun-Lax,0.154661592824137,-1901068463714908398
Luchun_M3,3,M,Luchun,,M3_do31_02,114.104,355.168,241.064,5,o31,Vowel,o,Lax,Oral,31.0,2.0,Mid,31,Unaspirated,Oral,120.176,118.753,124.637,164.225,448.379,70.999,916.245,88.328,2610.246,96.509,3118.033,152.168,725.854,2823.921,3591.133,5326.333,8.766,7.916,13.61,9.79,21.08,5.238,20.53,-3.754,14.762,-2.459,1.772,17.887,-4.844,-1.874,-7.47,4.552,-11.764,11.691,-5.996,10.375,6.994,-9.971,2.375,16.283,19.586,26.545,26.136,24.577,0.538,low,0.634,0.553,0.765,0.519,-216.725,236.214,981.763,231.818,0.537,2.15,0.036,Luchun-Lax,0.249767441860465,-6891861127410952919
Luchun_M3,3,M,Luchun,,M3_do33_01,93.886,366.069,272.183,5,o33,Vowel,o,Lax,Oral,33.0,1.0,Mid,33,Unaspirated,Oral,143.996,143.707,144.989,144.405,417.43,66.568,844.35,56.929,2707.085,123.895,3089.126,329.42,715.698,2845.173,3929.036,,16.278,14.927,20.883,14.277,13.824,7.463,26.732,3.755,17.978,1.589,-1.895,19.045,-4.605,0.651,7.059,6.814,-10.454,11.208,-1.7,13.338,18.173,-4.117,7.575,35.525,38.965,43.436,39.562,25.451,0.0,mid,0.587,0.487,0.687,0.276,-325.526,229.808,1071.093,227.888,0.55,1.479,0.127,Luchun-Lax,0.371872887085869,4923089984470308106
Luchun_M3,3,M,Luchun,,M3_do33_02,133.825,396.966,263.141,5,o33,Vowel,o,Lax,Oral,33.0,1.0,Mid,33,Unaspirated,Oral,139.124,139.04,139.138,138.801,407.099,86.36,827.105,63.777,2747.264,138.657,3123.066,242.747,737.272,2817.72,3290.902,,13.811,12.48,18.456,11.964,17.902,11.572,24.074,1.532,20.919,4.807,8.696,31.353,-4.645,0.516,0.554,0.392,-10.263,10.986,-7.108,7.673,5.114,-18.873,5.544,40.911,44.606,49.117,43.883,28.702,0.333,mid,0.602,0.561,0.799,0.537,-294.144,266.443,1109.836,262.58,0.552,3.61,0.158,Luchun-Lax,0.152908587257618,2521330103810039091
Luchun_M3,3,M,Luchun,,M3_do55_02,175.624,448.154,272.53,5,o55,Vowel,o,Lax,Oral,55.0,1.0,High,55,Unaspirated,Oral,157.003,157.103,156.28,156.606,420.203,69.412,914.709,91.369,2666.366,124.036,3156.337,163.439,735.488,2854.594,3387.205,,13.928,12.361,21.987,13.873,14.376,10.664,24.085,1.842,16.823,1.832,3.65,23.292,-8.06,-1.511,7.611,3.209,-10.157,10.545,-2.895,10.53,10.278,-10.931,5.758,37.77,40.497,44.528,40.398,28.528,0.064,high,0.528,0.497,0.605,0.478,-399.788,313.058,1204.879,310.02,0.544,1.489,0.173,Luchun-Lax,0.365345869711216,-8109203802618071629
Luchun_M3,3,M,Luchun,,M3_dze_33_01,182.755,434.184,251.429,5,e_33,Vowel,e,Tense,Oral,33.0,1.0,Mid,33,Unaspirated,Oral,122.647,122.681,122.692,123.059,615.562,32.516,1841.081,84.698,2508.012,109.345,3936.132,177.842,1403.926,2325.766,3974.48,3981.766,11.215,10.819,14.392,12.713,18.073,8.583,29.485,4.319,22.685,9.641,18.524,9.802,-3.177,-1.894,-3.681,4.13,-18.27,6.501,-11.47,1.178,-7.309,1.018,12.823,49.493,47.4,42.405,41.123,32.645,0.0,mid,0.545,0.468,0.639,0.521,-203.657,309.589,924.411,305.339,0.648,1.218,0.103,Luchun-Tense,0.532019704433498,4079893411294539175
Luchun_M3,3,M,Luchun,,M3_dze_33_02,141.56,401.378,259.818,5,e_33,Vowel,e,Tense,Oral,33.0,1.0,Mid,33,Unaspirated,Oral,119.206,119.285,119.87,119.755,591.133,42.401,1835.995,84.078,2490.72,159.953,3814.389,289.692,1594.744,2307.68,3687.335,4562.923,10.68,10.27,12.826,11.081,18.299,8.126,25.32,0.497,20.655,8.361,17.349,9.319,-2.147,-0.811,-5.473,2.955,-14.64,9.774,-9.976,1.909,-6.669,0.951,7.906,42.433,39.787,33.41,31.071,28.695,0.0,mid,0.528,0.469,0.642,0.496,-211.904,272.635,914.83,268.479,0.56,3.123,0.155,Luchun-Tense,0.179314761447326,-1255991252225011491
Luchun_M3,3,M,Luchun,,M3_dze33_01,146.057,374.967,228.91,5,e33,Vowel,e,Lax,Oral,33.0,1.0,Mid,33,Unaspirated,Oral,126.869,127.025,127.154,127.664,635.412,58.339,1770.763,119.318,2442.172,213.158,3826.698,478.126,695.478,1948.303,2991.897,4786.636,16.553,16.153,15.014,13.318,21.725,12.21,28.898,3.358,16.568,1.975,8.843,-0.203,1.539,2.835,-6.71,1.107,-12.344,12.797,-0.015,14.178,7.711,16.356,10.703,46.243,42.272,34.329,30.213,26.032,0.0,mid,0.468,0.395,0.46,0.454,-413.23,263.698,1314.298,260.124,1.758,2.552,0.688,Luchun-Lax,0.688871473354232,314216805200151958
Luchun_M3,3,M,Luchun,,M3_dze33_02,134.277,358.944,224.667,5,e33,Vowel,e,Lax,Oral,33.0,1.0,Mid,33,Unaspirated,Oral,123.116,122.674,124.509,123.119,612.266,56.391,1783.487,122.858,2581.203,309.853,3844.913,315.489,680.966,1929.349,3062.353,4811.922,15.715,15.301,16.853,15.094,22.949,12.784,28.756,3.588,17.065,3.382,8.192,2.577,-1.138,0.208,-6.096,2.309,-13.04,11.715,-1.35,11.919,7.523,12.724,10.79,27.13,24.661,21.666,21.691,24.656,0.0,mid,0.518,0.447,0.541,0.51,-421.324,249.658,1356.431,245.502,1.235,3.024,0.408,Luchun-Lax,0.408399470899471,2851358250301403734
Luchun_M3,3,M,Luchun,,M3_dzii_31_01,236.892,497.029,260.137,5,ii_31,Vowel,ɿ,Tense,Oral,31.0,2.0,Mid,31,Unaspirated,Oral,130.079,129.851,131.183,130.314,457.831,102.536,1372.781,127.464,2739.232,82.793,3534.231,193.125,919.306,2646.376,2902.652,3707.868,13.3,12.452,15.465,11.558,19.709,9.361,18.056,-4.741,13.834,1.949,14.282,24.436,-2.165,0.893,-4.244,2.197,-4.756,17.198,-0.534,10.503,-0.982,-11.984,3.517,41.822,43.063,41.809,35.29,29.109,0.761,low,0.578,0.508,0.601,0.489,-254.788,368.04,1181.391,364.268,0.455,2.2,0.072,Luchun-Tense,0.206818181818182,-704901875166387971
Luchun_M3,3,M,Luchun,,M3_dzii_31_02,233.217,504.375,271.158,5,ii_31,Vowel,ɿ,Tense,Oral,31.0,2.0,Mid,31,Unaspirated,Oral,130.547,130.225,130.022,130.259,456.043,123.52,1367.48,101.219,2753.311,107.669,3584.909,197.348,1234.654,2914.266,3699.302,4209.834,12.63,11.767,15.068,11.079,18.306,8.523,16.762,-5.843,12.851,1.249,10.825,21.555,-2.438,0.688,-3.239,2.557,-4.132,17.615,-0.221,10.518,1.805,-9.788,2.558,40.987,42.629,44.532,40.34,30.667,0.725,low,0.612,0.543,0.619,0.468,-234.21,368.765,1133.313,365.173,0.452,2.197,0.047,Luchun-Tense,0.205735093309058,-4247864808119779637
Luchun_M3,3,M,Luchun,,M3_dzii_33_01,254.511,515.684,261.173,5,ii_33,Vowel,ɿ,Tense,Oral,33.0,1.0,Mid,33,Unaspirated,Oral,146.503,146.264,147.616,147.011,359.01,88.006,1262.354,165.953,2844.78,105.835,3653.502,128.983,785.219,2973.373,3691.703,4607.91,14.237,12.524,19.892,10.048,9.899,12.33,14.388,-4.268,9.34,1.195,7.917,25.785,-5.654,2.476,9.993,-2.282,-0.151,16.797,4.897,11.329,6.32,-13.261,2.356,41.976,43.147,43.502,38.785,28.101,0.862,mid,0.646,0.567,0.612,0.341,-278.352,384.549,1269.883,382.216,0.582,3.42,0.171,Luchun-Tense,0.170175438596491,5057126312660297825
Luchun_M3,3,M,Luchun,,M3_dzii_33_02,214.201,479.86,265.659,5,ii_33,Vowel,ɿ,Tense,Oral,33.0,1.0,Mid,33,Unaspirated,Oral,147.662,147.035,146.736,146.82,362.658,81.309,1327.921,67.174,2837.366,115.78,3642.512,106.724,1199.292,3069.209,3956.513,4195.086,12.748,11.022,19.81,9.784,9.672,12.517,15.043,-3.392,14.452,7.031,8.898,26.041,-7.061,1.237,10.137,-2.733,-2.295,14.418,-1.704,3.99,3.85,-15.019,2.549,47.06,50.077,50.164,44.965,29.734,0.869,mid,0.696,0.576,0.652,0.333,-232.452,346.132,1031.999,343.872,0.497,2.361,0.067,Luchun-Tense,0.210504023718763,-8058163032165486434
Luchun_M3,3,M,Luchun,,M3_dzii31_01,182.53,482.223,299.693,5,ii31,Vowel,ɿ,Lax,Oral,31.0,2.0,Mid,31,Unaspirated,Oral,119.839,118.914,123.215,120.591,448.261,94.578,1359.192,128.307,2744.819,98.934,3404.507,182.99,898.416,2782.135,3295.771,3704.933,12.957,12.189,14.403,10.915,19.587,5.6,19.352,-3.43,10.175,-1.646,7.868,18.241,-1.446,1.274,-5.184,5.315,-6.395,15.623,2.782,13.835,5.09,-6.052,2.205,23.266,24.124,25.8,22.071,23.417,0.624,low,0.522,0.484,0.456,0.473,-301.757,332.609,1291.595,328.63,0.376,1.677,0.062,Luchun-Lax,0.224209898628503,5872772112223126215
Luchun_M3,3,M,Luchun,,M3_dzii31_02,178.276,469.46,291.184,5,ii31,Vowel,ɿ,Lax,Oral,31.0,2.0,Mid,31,Unaspirated,Oral,119.214,118.513,122.415,148.582,466.379,87.646,1406.115,146.265,2688.666,123.927,3436.532,216.84,912.053,2818.594,3562.64,4439.705,13.213,12.514,14.207,11.076,21.325,3.115,21.002,-2.258,9.723,-2.461,8.299,16.516,-0.994,1.438,-7.118,7.961,-7.789,14.776,3.49,14.975,4.914,-4.002,2.368,22.281,24.063,26.16,23.567,22.922,0.461,low,0.536,0.512,0.573,0.493,-378.67,324.244,1330.211,320.078,0.408,4.101,0.101,Luchun-Lax,0.099487929773226,7790069092857226923
Luchun_M3,3,M,Luchun,,M3_dzii33_01,209.379,494.706,285.327,5,ii33,Vowel,ɿ,Lax,Oral,33.0,1.0,Mid,33,Unaspirated,Oral,148.577,148.306,148.83,148.566,390.687,99.414,1369.126,151.977,2763.229,115.412,3566.586,154.911,1230.069,2943.801,3852.712,5338.943,17.868,16.406,20.23,12.393,9.339,9.944,20.474,0.4,13.382,4.732,9.457,22.851,-2.362,4.012,10.891,2.45,-2.606,16.01,4.486,11.673,8.411,-6.445,4.179,38.04,40.207,41.155,36.801,25.982,0.0,mid,0.523,0.482,0.535,0.494,-768.198,354.352,1748.499,351.02,1.441,2.045,0.707,Luchun-Lax,0.704645476772616,-2124526287508973955
Luchun_M3,3,M,Luchun,,M3_dzii33_02,280.237,531.271,251.034,5,ii33,Vowel,ɿ,Lax,Oral,33.0,1.0,Mid,33,Unaspirated,Oral,145.547,145.391,145.918,145.808,407.935,112.236,1372.387,100.285,2731.468,104.355,3583.489,155.898,1261.872,2789.574,3643.102,5083.046,17.024,15.67,20.165,13.112,12.704,12.13,22.101,1.624,15.147,5.986,12.211,24.826,-3.141,2.558,7.461,0.982,-5.076,14.05,1.877,9.684,4.813,-9.156,4.267,41.287,42.616,44.374,39.92,27.973,0.0,mid,0.529,0.477,0.568,0.528,-535.887,408.503,1613.14,404.862,1.254,2.36,0.532,Luchun-Lax,0.53135593220339,8217853182498049431
Luchun_M3,3,M,Luchun,,M3_dzii55_01,229.907,520.639,290.732,5,ii55,Vowel,ɿ,Lax,Oral,55.0,1.0,High,55,Unaspirated,Oral,162.207,162.24,163.102,162.924,411.1,117.786,1450.389,86.192,2756.907,121.139,3586.693,240.14,1342.726,2794.922,3678.747,,15.835,14.239,21.756,12.842,13.903,15.562,11.501,-8.997,14.249,5.828,9.204,20.501,-5.921,1.398,7.853,-2.72,4.334,23.24,1.585,8.411,6.63,-6.261,3.9,46.176,49.504,50.569,45.972,28.907,0.899,high,0.523,0.51,0.573,0.469,-767.642,377.317,1745.545,374.425,0.563,1.8,0.313,Luchun-Lax,0.312777777777778,-6743702467064809490
Luchun_M3,3,M,Luchun,,M3_dzii55_02,238.373,495.998,257.625,5,ii55,Vowel,ɿ,Lax,Oral,55.0,1.0,High,55,Unaspirated,Oral,155.215,155.11,156.364,156.014,414.282,95.721,1467.783,104.386,2793.809,129.308,3596.495,183.32,1271.35,2779.446,3566.502,4767.727,14.985,13.553,20.16,12.537,10.701,11.037,19.87,-0.92,11.126,2.407,9.074,20.565,-5.175,1.017,9.459,1.5,-4.885,14.476,3.859,11.146,5.911,-7.011,3.047,41.792,42.785,42.9,38.705,27.245,0.0,high,0.541,0.526,0.61,0.491,-662.388,368.476,1601.609,365.305,0.668,2.089,0.319,Luchun-Lax,0.319770224988033,3214031234571276369
Luchun_M3,3,M,Luchun,,M3_dzji_31_01,162.636,402.967,240.331,5,i_31,Vowel,i,Tense,Oral,31.0,2.0,Mid,31,Unaspirated,Oral,127.697,127.402,128.069,128.023,272.956,52.457,2250.763,62.602,2994.266,181.627,3694.606,309.159,2301.807,3149.232,3796.719,4660.423,14.265,12.183,21.891,9.26,7.275,14.685,21.889,8.139,14.743,20.381,15.31,23.453,-7.625,2.923,14.616,-5.424,-7.623,4.044,-0.478,-8.198,-1.044,-11.27,3.388,42.019,50.783,45.216,38.033,30.573,0.545,low,0.733,0.581,0.734,0.33,-282.213,282.604,1061.37,280.012,0.858,2.978,0.136,Luchun-Tense,0.28811282740094,-1036784635953174201
Luchun_M3,3,M,Luchun,,M3_dzji_31_02,204.691,452.895,248.204,5,i_31,Vowel,i,Tense,Oral,31.0,2.0,Mid,31,Unaspirated,Oral,126.011,125.878,125.512,125.651,268.369,52.665,2238.061,39.522,3054.559,105.842,3632.798,251.038,2303.835,3215.801,3943.615,5382.139,14.373,12.296,21.055,8.632,7.323,14.752,21.053,7.596,17.892,23.651,18.069,28.41,-6.683,3.663,13.732,-6.12,-6.68,4.699,-3.519,-11.356,-3.697,-16.115,4.323,38.182,49.043,45.961,40.284,30.565,0.566,low,0.79,0.682,0.936,0.51,-217.386,329.018,888.14,324.967,1.196,4.26,0.281,Luchun-Tense,0.28075117370892,4535926025849344918
Luchun_M3,3,M,Luchun,,M3_dzji31_01,200.473,401.72,201.247,5,i31,Vowel,i,Lax,Oral,31.0,2.0,Mid,31,Unaspirated,Oral,120.277,119.776,124.18,121.596,285.071,70.83,2204.393,48.697,3030.631,375.017,3673.3,147.635,2239.226,3184.626,3707.216,4928.834,13.922,12.14,18.952,8.458,6.563,12.138,17.834,3.383,11.956,16.425,8.88,18.49,-5.03,3.681,12.39,-3.68,-3.911,8.757,1.966,-4.286,5.042,-6.35,1.681,21.485,33.395,29.615,24.725,23.832,0.855,low,0.727,0.612,0.811,0.54,-223.394,301.893,856.711,297.356,0.72,3.476,0.207,Luchun-Lax,0.207134637514384,-5523179821605043838
Luchun_M3,3,M,Luchun,,M3_dzji31_02,193.535,467.094,273.559,5,i31,Vowel,i,Lax,Oral,31.0,2.0,Mid,31,Unaspirated,Oral,122.71,60.349,89.412,123.42,292.376,83.121,2141.343,62.083,2934.549,132.57,3718.347,103.115,2229.534,3045.265,3776.854,5179.682,13.48,11.714,17.987,7.586,6.361,11.73,16.224,1.455,12.598,16.153,13.842,22.335,-4.507,4.128,11.626,-4.144,-2.745,10.258,0.882,-4.439,-0.362,-10.622,2.298,30.196,39.811,33.769,26.967,24.195,0.902,low,0.688,0.556,0.617,0.347,-293.245,330.038,1427.0,327.187,0.795,1.769,0.072,Luchun-Lax,0.449406444318824,8720492954938517647
Luchun_M3,3,M,Luchun,,M3_dzu_31_01,225.054,481.237,256.183,5,u_31,Vowel,u,Tense,Oral,31.0,2.0,Mid,31,Unaspirated,Oral,120.213,119.722,121.424,120.217,374.53,120.653,1172.968,248.623,2558.953,149.921,3076.367,179.653,711.59,2729.917,3019.277,3384.666,16.115,15.013,19.532,14.162,18.126,14.22,21.142,1.368,12.915,3.128,15.039,29.012,-3.417,0.852,1.407,-0.058,-5.027,13.649,3.2,11.885,1.076,-13.999,4.694,30.419,32.692,32.21,25.476,27.45,0.235,low,0.699,0.591,0.85,0.435,-243.449,353.338,1001.242,349.705,0.619,4.753,0.131,Luchun-Tense,0.130233536713655,4660449334627908131
Luchun_M3,3,M,Luchun,,M3_dzu_31_02,219.643,467.36,247.717,5,u_31,Vowel,u,Tense,Oral,31.0,2.0,Mid,31,Unaspirated,Oral,118.092,118.151,119.138,118.347,384.957,122.807,1194.289,277.13,2468.15,76.871,3061.96,132.077,687.909,2521.135,3189.328,3763.927,15.489,14.54,17.8,13.334,19.587,12.732,20.083,-0.666,11.916,1.42,16.53,27.094,-2.311,1.206,-1.787,0.602,-4.594,15.21,3.573,13.12,-1.041,-12.554,3.796,36.976,39.092,37.964,32.451,29.526,0.842,low,0.702,0.594,0.856,0.512,-233.608,344.166,953.908,339.832,0.7,4.503,0.156,Luchun-Tense,0.155451920941594,-7947035490767614136
Luchun_M3,3,M,Luchun,,M3_dzu31_01,207.368,509.95,302.582,5,u31,Vowel,u,Lax,Oral,31.0,2.0,Mid,31,Unaspirated,Oral,141.889,141.163,147.119,142.87,333.603,79.819,1043.968,162.217,2348.01,71.506,2952.56,121.924,666.58,2502.469,3258.897,5294.885,20.454,18.484,27.43,15.4,15.133,18.227,26.148,8.561,14.668,5.966,14.912,29.466,-6.976,3.084,12.297,-2.827,-5.694,9.927,5.786,12.518,5.542,-10.981,10.198,15.419,18.735,19.465,17.65,23.334,0.833,low,0.527,0.469,0.709,0.447,-328.9,359.185,1207.061,356.006,0.502,3.329,0.151,Luchun-Lax,0.150796034845299,7007725483663007718
Luchun_M3,3,M,Luchun,,M3_dzu31_02,207.188,460.44,253.252,5,u31,Vowel,u,Lax,Oral,31.0,2.0,Mid,31,Unaspirated,Oral,130.677,130.105,135.456,131.099,343.894,84.214,1204.382,385.589,2340.085,127.127,2949.415,172.486,602.303,2508.085,3416.061,3755.503,19.77,18.256,23.391,15.169,13.187,14.421,19.497,1.271,9.585,1.684,10.504,21.112,-3.621,3.086,10.205,0.748,0.273,16.987,10.185,16.572,9.266,-2.856,5.428,14.9,19.743,20.252,19.227,23.246,0.0,low,0.532,0.491,0.513,0.509,-358.199,335.292,1247.613,331.323,0.45,1.134,0.131,Luchun-Lax,0.396825396825397,-7988857888073405195
Luchun_M3,3,M,Luchun,,M3_gu_31_01,215.088,495.998,280.91,5,u_31,Vowel,u,Tense,Oral,31.0,2.0,Mid,31,Unaspirated,Oral,118.664,118.303,119.734,119.309,350.392,103.612,880.413,114.076,2366.114,47.958,3098.643,80.421,635.428,2334.741,3093.623,5120.45,16.471,15.222,18.992,12.86,17.333,13.241,21.741,2.155,14.559,1.957,9.913,27.869,-2.521,2.362,1.66,-0.381,-5.27,13.076,1.912,13.264,6.559,-12.647,3.302,26.234,30.746,31.026,28.825,25.272,0.123,low,0.68,0.6,0.666,0.518,-180.09,355.979,890.503,351.607,0.771,4.609,0.169,Luchun-Tense,0.16728140594489,-5217520495967734036
Luchun_M3,3,M,Luchun,,M3_gu_31_02,188.181,488.738,300.557,5,u_31,Vowel,u,Tense,Oral,31.0,2.0,Mid,31,Unaspirated,Oral,116.497,116.283,117.41,117.207,338.186,110.086,929.897,67.004,2349.998,55.324,3175.058,85.361,758.807,2347.229,3186.325,5640.213,14.716,13.46,17.48,11.244,14.565,11.642,18.963,0.261,17.221,6.104,9.665,26.32,-2.763,2.216,2.915,-0.398,-4.247,13.204,-2.505,7.356,5.051,-12.861,2.287,34.408,37.123,37.728,35.293,28.219,0.828,low,0.669,0.569,0.735,0.377,-189.82,338.341,814.076,335.09,0.616,1.331,0.034,Luchun-Tense,0.462809917355372,-5822446682139629433
Luchun_M3,3,M,Luchun,,M3_gu31_01,170.665,450.033,279.368,5,u31,Vowel,u,Lax,Oral,31.0,2.0,Mid,31,Unaspirated,Oral,132.69,131.904,135.703,133.63,905.428,119.673,2409.202,66.263,3109.065,263.233,4173.102,751.157,666.012,2534.142,3702.922,4477.044,21.332,21.106,24.428,23.498,12.469,8.163,16.249,-12.047,3.883,-10.843,-5.103,-17.859,-3.097,-2.392,11.96,15.335,5.083,33.155,17.449,31.949,26.434,38.965,6.961,13.027,19.436,23.562,24.333,23.226,0.0,low,0.497,0.452,0.628,0.408,-344.641,310.14,1165.163,307.041,0.607,1.703,0.153,Luchun-Lax,0.356429829712272,-886424275736791934
Luchun_M3,3,M,Luchun,,M3_gu31_02,117.807,374.054,256.247,5,u31,Vowel,u,Lax,Oral,31.0,2.0,Mid,31,Unaspirated,Oral,131.976,130.939,135.673,133.037,930.908,129.554,2334.365,79.33,3139.499,335.852,4294.961,439.287,697.634,2469.612,4255.834,4620.486,19.88,19.659,23.294,22.384,12.593,8.411,13.078,-15.498,2.329,-13.537,-6.582,-18.492,-3.414,-2.725,10.701,13.973,6.802,35.16,17.551,33.196,26.461,38.15,4.213,19.341,23.817,25.747,26.158,21.278,0.0,low,0.533,0.513,0.655,0.496,-341.949,246.304,1053.117,242.508,0.726,1.827,0.074,Luchun-Lax,0.397372742200328,8257812397111187642
Luchun_M3,3,M,Luchun,,M3_la_31_01,157.681,387.824,230.143,5,a_31,Vowel,a,Tense,Oral,31.0,2.0,Mid,31,Unaspirated,Oral,110.681,110.649,111.16,111.173,846.553,91.297,1360.777,153.771,2512.172,358.756,3662.646,315.901,1027.221,1905.239,3359.156,4568.93,12.153,11.94,14.42,13.548,12.251,8.397,30.976,-0.121,26.309,-0.14,11.738,6.076,-2.267,-1.608,2.169,5.152,-18.823,12.079,-14.155,12.081,0.416,5.864,22.503,44.376,33.335,33.958,32.856,32.534,0.659,low,0.495,0.405,0.553,0.298,-228.64,272.838,1106.221,270.147,1.102,3.558,0.314,Luchun-Tense,0.309724564362001,-895520540579450440
Luchun_M3,3,M,Luchun,,M3_la_31_02,188.19,448.676,260.486,5,a_31,Vowel,a,Tense,Oral,31.0,2.0,Mid,31,Unaspirated,Oral,112.666,112.558,113.249,112.737,824.551,75.178,1331.005,164.632,2536.749,399.709,3589.824,481.055,973.515,1932.073,3383.573,4164.992,10.974,10.741,14.004,13.047,11.177,6.896,29.905,-0.831,23.286,-2.775,9.05,4.615,-3.03,-2.307,2.827,6.152,-18.931,11.591,-12.312,13.515,1.925,6.126,17.555,44.101,32.595,32.42,29.359,30.104,0.352,low,0.541,0.455,0.597,0.454,-220.023,319.382,984.894,315.344,0.946,3.572,0.265,Luchun-Tense,0.264837625979843,4909803654839858765
Luchun_M3,3,M,Luchun,,M3_la_33_01,163.044,394.379,231.335,5,a_33,Vowel,a,Tense,Oral,33.0,1.0,Mid,33,Unaspirated,Oral,128.441,128.478,129.541,128.867,831.491,71.966,1322.173,153.053,2555.992,188.759,3664.23,360.46,985.75,1878.321,2846.684,4245.584,11.182,10.878,14.063,12.808,13.982,8.134,30.046,-0.567,25.69,-0.479,10.192,6.645,-2.881,-1.93,0.081,4.674,-18.865,11.468,-14.509,11.356,0.99,4.233,22.602,39.955,30.351,31.819,31.199,29.977,0.843,mid,0.579,0.493,0.642,0.451,-182.274,279.777,936.639,276.271,0.701,0.837,0.105,Luchun-Tense,0.837514934289128,-512040673867155814
Luchun_M3,3,M,Luchun,,M3_la_33_02,167.897,393.975,226.078,5,a_33,Vowel,a,Tense,Oral,33.0,1.0,Mid,33,Unaspirated,Oral,130.293,130.462,130.836,130.538,818.389,81.024,1345.091,130.77,2461.123,203.567,3626.718,389.07,1039.013,1971.955,2576.8,3810.45,11.21,10.895,13.686,12.383,14.056,7.912,29.583,-0.505,25.854,0.563,12.135,7.108,-2.476,-1.488,-0.37,4.471,-18.373,11.417,-14.644,10.332,-0.926,3.786,18.52,44.649,35.193,34.86,34.133,31.125,0.738,mid,0.547,0.475,0.596,0.39,-221.94,281.6,925.105,278.605,0.845,3.111,0.271,Luchun-Tense,0.271616843458695,8791811734239074539
Luchun_M3,3,M,Luchun,,M3_la33_01,158.553,420.001,261.448,5,a33,Vowel,a,Lax,Oral,33.0,1.0,Mid,33,Unaspirated,Oral,126.646,126.564,126.951,126.471,789.94,78.902,1317.366,198.744,2543.775,274.127,3619.164,278.753,945.504,2167.966,3364.407,3885.996,16.854,16.542,17.452,16.162,18.568,12.482,33.018,3.3,25.058,0.342,10.105,6.882,-0.598,0.38,-1.117,3.68,-16.164,13.259,-8.204,16.2,6.749,9.66,41.803,38.703,26.485,26.716,25.337,28.389,0.776,mid,0.482,0.41,0.506,0.48,-512.609,291.465,1489.269,287.672,1.192,2.813,0.425,Luchun-Lax,0.423746889441877,1541823903588529797
Luchun_M3,3,M,Luchun,,M3_la33_02,208.516,441.747,233.231,5,a33,Vowel,a,Lax,Oral,33.0,1.0,Mid,33,Unaspirated,Oral,123.109,123.124,123.708,123.922,776.449,73.179,1295.026,263.557,2437.106,373.947,3505.28,371.659,885.8,1873.098,3232.764,4058.439,15.621,15.315,16.5,15.236,17.512,11.577,32.461,2.73,23.271,-1.55,9.474,6.053,-0.879,0.079,-1.013,3.658,-16.84,12.602,-7.65,16.865,6.146,9.262,32.653,46.788,35.771,34.331,31.348,29.033,0.582,mid,0.504,0.451,0.555,0.492,-408.496,327.277,1450.704,323.281,0.556,2.991,0.187,Luchun-Lax,0.18589100635239,6955014483534758105
Luchun_M3,3,M,Luchun,,M3_la55_01,139.587,412.983,273.396,5,a55,Vowel,a,Lax,Oral,55.0,1.0,High,55,Unaspirated,Oral,149.25,149.334,149.771,149.772,745.109,90.517,1327.737,162.198,2447.743,190.033,3578.792,352.272,890.742,1649.303,2988.173,4648.165,17.275,16.801,18.538,16.535,25.691,14.64,32.212,4.027,24.161,1.566,8.107,4.884,-1.263,0.266,-7.153,1.895,-14.937,12.787,-6.886,15.235,9.168,11.917,30.126,43.187,31.54,30.865,29.883,27.668,0.0,high,0.517,0.473,0.537,0.439,-593.905,278.02,1616.23,275.076,1.229,2.224,0.551,Luchun-Lax,0.552607913669065,8840243266113681914
Luchun_M3,3,M,Luchun,,M3_la55_02,152.157,409.591,257.434,5,a55,Vowel,a,Lax,Oral,55.0,1.0,High,55,Unaspirated,Oral,149.161,149.255,149.701,149.003,776.516,124.003,1444.632,181.181,2509.178,283.766,3561.091,336.039,903.873,1668.507,3168.959,4751.977,16.156,15.724,18.797,16.979,22.555,12.893,29.955,1.699,22.858,0.651,7.517,3.08,-2.641,-1.256,-3.759,4.086,-13.799,14.037,-6.703,15.072,8.638,12.643,18.587,48.442,37.582,36.359,34.682,30.77,0.744,high,0.529,0.482,0.578,0.503,-467.211,283.403,1565.717,280.028,0.536,2.117,0.252,Luchun-Lax,0.253188474256023,4869043595563486433
Luchun_M3,3,M,Luchun,,M3_le_31_01,177.35,441.361,264.011,5,e_31,Vowel,e,Tense,Oral,31.0,2.0,Mid,31,Unaspirated,Oral,119.706,119.648,119.895,241.514,705.535,34.544,1787.589,72.002,2418.731,260.699,3708.631,246.596,877.785,1964.393,3425.885,3740.21,8.765,8.47,11.786,10.556,12.262,6.228,28.747,1.97,24.933,8.266,14.289,2.344,-3.021,-2.087,-0.476,4.328,-19.982,6.502,-16.168,0.203,-5.524,6.125,12.248,47.74,40.783,35.147,33.316,31.962,0.347,low,0.545,0.474,0.606,0.519,-191.226,311.073,915.956,306.733,0.798,2.271,0.159,Luchun-Tense,0.351387054161163,-6735869991063222272
Luchun_M3,3,M,Luchun,,M3_le_31_02,187.702,450.936,263.234,5,e_31,Vowel,e,Tense,Oral,31.0,2.0,Mid,31,Unaspirated,Oral,118.508,118.617,118.398,162.409,689.416,41.044,1725.443,80.239,2535.522,173.776,3698.146,225.72,1412.346,2295.895,3714.158,3806.759,8.819,8.515,11.597,10.329,12.559,6.294,27.46,0.817,21.238,4.402,16.347,8.423,-2.778,-1.814,-0.963,4.035,-18.641,7.7,-12.42,4.112,-7.528,0.092,9.359,44.871,38.276,33.129,29.96,28.675,0.43,low,0.552,0.486,0.641,0.532,-204.379,320.926,924.303,316.436,0.829,1.092,0.102,Luchun-Tense,0.759157509157509,-80382268020771358
Luchun_M3,3,M,Luchun,,M3_le_33_01,243.554,504.467,260.913,5,e_33,Vowel,e,Tense,Oral,33.0,1.0,Mid,33,Unaspirated,Oral,139.861,139.929,140.962,140.443,700.388,33.037,1796.572,54.223,2477.715,367.07,3871.586,202.939,820.514,1917.398,3832.123,4427.7,9.792,9.379,13.636,11.887,17.961,8.142,29.959,3.797,25.501,9.644,12.321,2.066,-3.844,-2.507,-4.325,3.745,-20.167,5.585,-15.709,-0.265,-2.528,7.313,16.626,50.952,44.769,38.595,36.525,30.211,0.0,mid,0.582,0.513,0.665,0.52,-226.095,375.035,941.94,371.322,0.53,1.556,0.096,Luchun-Tense,0.340616966580977,6048533614859137121
Luchun_M3,3,M,Luchun,,M3_le_33_02,183.01,408.372,225.362,5,e_33,Vowel,e,Tense,Oral,33.0,1.0,Mid,33,Unaspirated,Oral,137.894,137.861,138.221,137.871,685.894,36.591,1750.636,64.355,2507.361,431.581,3854.276,172.963,834.182,1877.894,3816.594,4022.888,9.586,9.169,13.382,11.614,18.007,8.038,29.578,3.504,24.092,8.044,11.008,2.968,-3.796,-2.445,-4.625,3.577,-19.992,5.668,-14.506,1.125,-1.422,6.201,15.346,59.236,55.006,51.529,49.564,33.862,0.0,mid,0.575,0.502,0.653,0.546,-253.115,297.328,1007.723,293.37,0.459,1.105,0.083,Luchun-Tense,0.415384615384615,5429636360421779523
Luchun_M3,3,M,Luchun,,M3_le31_01,180.624,486.909,306.285,5,e31,Vowel,e,Lax,Oral,31.0,2.0,Mid,31,Unaspirated,Oral,144.682,140.093,148.19,145.814,684.166,72.838,1729.07,80.049,2549.115,148.626,3714.908,137.535,1104.528,2084.436,3621.828,4814.73,13.173,12.685,16.398,14.303,24.657,11.234,26.681,0.927,21.23,5.494,13.913,6.998,-3.224,-1.618,-8.26,3.069,-13.508,11.761,-8.057,7.191,-0.739,5.687,13.343,33.444,27.191,21.939,20.694,25.172,0.34,low,0.515,0.474,0.556,0.494,-417.604,335.465,1326.792,332.025,0.638,2.437,0.267,Luchun-Lax,0.261797291752154,1904132498715580499
Luchun_M3,3,M,Luchun,,M3_le31_02,183.517,494.438,310.921,5,e31,Vowel,e,Lax,Oral,31.0,2.0,Mid,31,Unaspirated,Oral,131.769,131.665,136.039,133.435,697.439,52.805,1642.18,113.191,2604.201,170.63,3691.404,191.783,926.367,2235.837,3500.834,4459.845,12.749,12.352,15.128,13.452,18.21,9.104,28.583,2.078,18.927,1.33,11.544,6.848,-2.38,-1.1,-3.082,4.348,-15.834,10.278,-6.178,11.022,1.205,5.504,12.233,28.2,22.826,20.217,18.713,22.654,0.053,low,0.541,0.471,0.627,0.486,-296.293,340.601,1318.913,336.869,0.468,1.697,0.096,Luchun-Lax,0.275780789628757,6652148211302665530
Luchun_M3,3,M,Luchun,,M3_le33_01,172.131,438.735,266.604,5,e33,Vowel,e,Lax,Oral,33.0,1.0,Mid,33,Unaspirated,Oral,136.455,136.568,136.894,136.549,678.349,47.952,1736.624,76.716,2604.346,283.4,3727.062,156.239,735.168,1850.339,3508.977,4305.759,14.993,14.576,15.477,13.71,20.875,10.907,30.529,4.517,20.604,4.636,7.131,1.22,-0.484,0.866,-5.398,2.803,-15.536,10.062,-5.612,9.941,7.861,13.356,14.162,46.711,40.178,34.281,31.725,27.312,0.0,mid,0.487,0.428,0.492,0.456,-491.713,307.687,1432.717,304.343,1.543,2.45,0.631,Luchun-Lax,0.629795918367347,8932417764264912367
Luchun_M3,3,M,Luchun,,M3_le55_01,174.772,432.396,257.624,5,e55,Vowel,e,Lax,Oral,55.0,1.0,High,55,Unaspirated,Oral,151.716,151.865,152.079,152.467,647.726,67.736,1755.041,102.139,2506.479,235.986,3661.723,713.383,729.105,1895.459,2864.171,4847.032,14.841,14.277,16.207,13.755,28.307,9.362,28.305,3.209,19.696,5.283,10.87,3.717,-1.366,0.522,-12.099,4.393,-13.463,11.071,-4.855,8.994,3.971,10.56,12.476,51.143,44.637,39.28,37.021,30.39,0.704,high,0.488,0.458,0.508,0.432,-703.292,305.123,1636.477,302.274,1.273,2.313,0.551,Luchun-Lax,0.550367488110679,1266152932167199071
Luchun_M3,3,M,Luchun,,M3_lo_31_01,177.604,425.004,247.4,5,o_31,Vowel,o,Tense,Oral,31.0,2.0,Mid,31,Unaspirated,Oral,113.365,113.24,113.208,113.399,429.391,38.21,785.304,22.4,2817.039,65.894,3092.891,92.275,696.063,2950.544,3796.057,,7.148,6.335,12.984,9.385,24.176,4.0,24.172,-0.45,21.847,2.994,6.542,29.448,-5.836,-3.05,-11.192,5.384,-17.025,6.843,-14.699,3.341,0.606,-23.113,3.918,36.97,42.091,47.612,42.86,29.085,0.663,low,0.702,0.577,0.779,0.421,-182.512,302.093,747.776,298.392,0.758,3.947,0.113,Luchun-Tense,0.192044590828477,-7507995952336187735
Luchun_M3,3,M,Luchun,,M3_lo_31_02,207.066,433.367,226.301,5,o_31,Vowel,o,Tense,Oral,31.0,2.0,Mid,31,Unaspirated,Oral,112.782,112.7,113.095,112.846,430.86,43.091,788.205,31.038,2796.324,74.166,3067.209,117.581,666.252,2919.214,3478.196,5486.494,7.179,6.382,12.803,9.284,24.05,2.789,24.046,-0.703,21.641,2.699,9.544,31.998,-5.624,-2.902,-11.247,6.495,-16.867,7.141,-14.463,3.684,-2.365,-25.615,3.7,38.616,43.081,48.59,44.552,29.056,0.639,low,0.654,0.548,0.769,0.308,-167.16,319.751,710.097,317.021,0.771,4.858,0.16,Luchun-Tense,0.158707286949362,676362586262765402
Luchun_M3,3,M,Luchun,,M3_lo_33_01,222.739,454.608,231.869,5,o_33,Vowel,o,Tense,Oral,33.0,1.0,Mid,33,Unaspirated,Oral,141.814,141.956,141.601,141.383,414.459,54.093,804.841,102.358,2730.461,157.625,3069.859,134.94,599.128,2919.195,3478.949,3953.405,12.011,10.66,18.459,11.883,14.687,7.687,25.964,2.962,16.452,-0.381,5.679,28.149,-6.448,-1.223,3.772,4.196,-13.953,7.744,-4.442,11.041,6.332,-17.489,5.762,44.022,48.07,51.244,45.763,31.417,0.0,mid,0.619,0.538,0.874,0.385,-285.145,337.734,935.737,335.011,0.612,3.769,0.165,Luchun-Tense,0.162377288405413,6536614735761126611
Luchun_M3,3,M,Luchun,,M3_lo_33_02,191.26,424.995,233.735,5,o_33,Vowel,o,Tense,Oral,33.0,1.0,Mid,33,Unaspirated,Oral,137.871,137.733,137.867,137.871,421.783,57.714,815.189,59.768,2743.312,82.141,3096.771,136.95,655.144,2882.537,3657.231,3894.303,10.212,8.977,16.174,10.291,18.116,9.972,24.908,1.514,19.108,1.923,9.837,31.913,-5.961,-1.314,-1.942,0.319,-14.696,7.508,-8.895,7.054,0.375,-22.936,5.237,50.444,53.373,58.293,52.683,32.94,0.0,mid,0.614,0.574,0.71,0.559,-278.056,309.356,878.403,305.299,0.624,3.316,0.135,Luchun-Tense,0.188178528347407,3278441359926815619
Luchun_M3,3,M,Luchun,,M3_lo31_01,175.82,443.372,267.552,5,o31,Vowel,o,Lax,Oral,31.0,2.0,Mid,31,Unaspirated,Oral,133.357,132.866,137.459,134.25,403.14,69.473,847.065,92.045,2563.414,98.751,3041.352,167.78,668.196,2742.221,3320.528,3745.952,13.609,12.326,19.166,12.93,15.552,9.323,25.729,3.387,19.471,3.829,1.727,21.12,-5.556,-0.604,3.614,3.607,-12.12,8.963,-5.862,8.498,11.883,-8.794,5.458,20.82,25.437,30.314,28.22,23.417,0.0,low,0.591,0.549,0.77,0.508,-281.171,310.438,974.098,306.585,0.574,3.837,0.156,Luchun-Lax,0.149596038571801,5872772112223126215
Luchun_M3,3,M,Luchun,,M3_lo31_02,159.407,408.893,249.486,5,o31,Vowel,o,Lax,Oral,31.0,2.0,Mid,31,Unaspirated,Oral,133.17,132.095,137.672,134.371,409.671,64.865,881.91,83.87,2589.567,94.217,3038.277,89.568,671.179,2832.201,3361.842,3546.002,12.623,11.381,17.928,11.926,15.627,9.23,24.982,2.475,16.08,0.557,3.345,22.215,-5.305,-0.545,2.301,2.696,-12.358,8.928,-3.457,10.824,9.278,-10.833,4.513,21.351,26.228,31.303,28.633,24.425,0.0,low,0.585,0.555,0.766,0.527,-317.437,285.567,1067.381,281.553,0.523,1.325,0.07,Luchun-Lax,0.394716981132075,8933902048227933672
Luchun_M3,3,M,Luchun,,M3_lo33_02,180.839,430.778,249.939,5,o33,Vowel,o,Lax,Oral,33.0,1.0,Mid,33,Unaspirated,Oral,138.29,138.058,139.605,138.296,403.128,94.03,826.054,64.45,2660.443,184.438,3054.293,230.764,753.042,2844.788,3390.358,3556.236,12.925,11.565,17.722,11.035,16.942,11.119,21.797,-0.489,18.922,3.141,-0.294,21.16,-4.797,0.53,0.78,-0.084,-8.872,12.086,-5.997,8.425,13.219,-9.594,3.471,35.386,39.276,43.994,40.369,26.203,0.886,mid,0.568,0.543,0.56,0.533,-321.572,306.288,1058.282,302.43,0.543,1.354,0.091,Luchun-Lax,0.401033973412112,5005972440621558874
Luchun_M3,3,M,Luchun,,M3_lo55_02,158.999,420.263,261.264,5,o55,Vowel,o,Lax,Oral,55.0,1.0,High,55,Unaspirated,Oral,161.374,161.304,161.263,161.552,431.383,79.465,943.43,96.035,2576.94,126.308,3069.199,104.184,769.794,2823.147,3385.876,3507.889,13.584,11.999,22.398,14.13,17.052,13.629,22.833,0.418,18.1,3.193,6.047,23.042,-8.814,-2.13,5.346,0.501,-9.249,11.601,-4.515,8.807,7.537,-11.042,5.727,45.762,49.698,54.269,49.963,31.122,0.821,high,0.541,0.5,0.622,0.46,-372.556,290.866,1161.087,288.013,0.519,2.51,0.208,Luchun-Lax,0.206772908366534,5679054341186409615
Luchun_M3,3,M,Luchun,,M3_lu_31_01,192.157,439.557,247.4,5,u_31,Vowel,u,Tense,Oral,31.0,2.0,Mid,31,Unaspirated,Oral,129.132,128.866,129.868,129.637,385.332,92.355,1022.51,137.802,2451.58,80.247,3244.979,150.13,750.547,2561.118,3355.845,3457.17,13.64,12.483,17.948,12.339,15.489,10.833,22.109,1.037,13.159,0.671,7.394,21.315,-4.308,0.145,2.46,1.506,-8.469,11.453,0.481,11.812,6.245,-8.832,2.88,35.696,40.776,43.141,40.948,29.438,0.0,low,0.652,0.591,0.827,0.533,-233.655,317.385,961.875,313.254,0.531,2.001,0.06,Luchun-Tense,0.265367316341829,8055419150224733154
Luchun_M3,3,M,Luchun,,M3_lu_31_02,196.146,437.516,241.37,5,u_31,Vowel,u,Tense,Oral,31.0,2.0,Mid,31,Unaspirated,Oral,124.285,124.186,125.138,124.672,416.684,97.032,1117.329,176.009,2445.324,82.761,3194.917,109.959,694.529,2365.288,3127.19,4016.751,11.438,10.509,15.704,11.393,18.839,10.026,19.215,-2.986,11.995,-0.953,7.588,18.338,-4.266,-0.884,-3.135,1.367,-7.777,13.5,-0.557,11.463,3.85,-7.828,2.216,39.232,40.935,41.844,38.713,29.224,0.036,low,0.652,0.575,0.803,0.528,-215.62,317.796,860.242,313.542,0.546,4.024,0.116,Luchun-Tense,0.135685884691849,-1808409811303408207
Luchun_M3,3,M,Luchun,,M3_lu_33_02,195.292,449.478,254.186,5,u_33,Vowel,u,Tense,Oral,33.0,1.0,Mid,33,Unaspirated,Oral,152.606,152.513,153.004,152.598,373.797,93.318,1101.845,245.963,2345.103,95.912,3074.299,184.36,592.277,2289.865,2733.882,3628.562,15.658,13.915,23.994,14.077,13.162,14.436,17.765,-1.809,12.565,2.246,6.305,18.141,-8.336,-0.162,10.832,-0.358,-2.107,15.728,3.093,11.669,9.353,-4.226,5.074,40.125,41.545,41.464,38.494,28.573,0.925,mid,0.528,0.472,0.497,0.304,-291.647,322.833,997.553,320.834,0.598,0.713,0.181,Luchun-Tense,0.838709677419355,2552220606657440198
Luchun_M3,3,M,Luchun,,M3_lu31_01,168.665,409.198,240.533,5,u31,Vowel,u,Lax,Oral,31.0,2.0,Mid,31,Unaspirated,Oral,137.354,136.634,140.904,137.7,370.021,76.359,1213.197,228.753,2358.643,75.151,3208.013,189.519,761.971,2380.383,3318.726,5190.217,16.703,15.239,21.826,14.013,10.787,11.102,20.369,0.977,8.017,-1.11,7.503,17.073,-5.123,1.225,11.039,2.912,-3.666,14.264,8.686,16.348,9.2,-1.834,4.09,20.088,24.805,25.78,26.032,24.783,0.0,low,0.512,0.419,0.645,0.288,-325.856,289.233,1122.246,287.12,0.564,3.243,0.174,Luchun-Lax,0.173913043478261,-4423703601230608130
Luchun_M3,3,M,Luchun,,M3_lu31_02,145.086,369.504,224.418,5,u31,Vowel,u,Lax,Oral,31.0,2.0,Mid,31,Unaspirated,Oral,132.445,131.607,135.774,133.12,372.626,66.463,1166.794,233.25,2354.835,70.359,3149.265,296.931,640.056,2381.251,3341.893,3461.944,13.949,12.622,19.361,12.57,9.632,8.329,22.295,2.424,5.886,-4.15,3.211,13.527,-5.412,0.052,9.728,4.241,-8.347,10.201,8.062,16.772,10.738,-0.905,2.595,23.618,28.464,30.178,30.479,23.375,0.0,low,0.539,0.502,0.601,0.516,-327.695,257.605,912.636,253.663,0.633,3.51,0.199,Luchun-Lax,0.18034188034188,2722205436781850108
Luchun_M3,3,M,Luchun,,M3_lu33_01,177.787,440.098,262.311,5,u33,Vowel,u,Lax,Oral,33.0,1.0,Mid,33,Unaspirated,Oral,139.068,138.958,139.506,138.718,361.613,102.695,1107.921,229.266,2343.918,72.241,3192.112,203.118,761.379,2363.21,3316.688,,18.568,17.035,21.902,13.651,10.762,11.125,19.1,-0.049,10.207,0.348,5.232,17.438,-3.334,3.384,11.14,2.526,-0.532,17.087,8.361,16.686,13.336,-0.404,4.226,34.78,38.348,38.794,37.498,26.926,0.0,mid,0.447,0.416,0.538,0.423,-399.807,310.712,1211.063,307.663,0.452,2.016,0.231,Luchun-Lax,0.224206349206349,-3595147518989556003
Luchun_M3,3,M,Luchun,,M3_lu33_02,178.141,442.488,264.347,5,u33,Vowel,u,Lax,Oral,33.0,1.0,Mid,33,Unaspirated,Oral,141.451,141.258,142.006,141.443,369.792,98.59,1097.587,205.282,2364.922,70.746,3122.324,144.823,794.302,2397.052,3216.396,3529.465,17.342,15.837,22.15,14.137,11.737,11.571,20.854,1.142,11.478,1.002,5.354,17.322,-4.807,1.7,10.413,2.566,-3.512,14.699,5.864,14.835,11.988,-1.485,4.471,35.719,38.414,38.415,36.13,26.009,0.0,mid,0.467,0.416,0.601,0.331,-357.277,310.079,1244.203,307.735,0.469,2.676,0.192,Luchun-Lax,0.17526158445441,8427931487609880211
Luchun_M3,3,M,Luchun,,M3_lu55_01,137.293,469.793,332.5,5,u55,Vowel,u,Lax,Oral,55.0,1.0,High,55,Unaspirated,Oral,167.842,168.006,167.641,167.998,358.407,56.385,1154.38,127.11,2339.903,90.937,3183.943,82.593,964.77,2401.291,3231.507,3829.305,17.808,15.514,27.16,11.504,13.702,17.972,27.159,8.814,16.452,7.751,11.5,23.308,-9.352,4.01,13.458,-6.468,-9.351,6.703,1.356,7.763,6.308,-7.794,8.428,48.537,51.086,51.534,48.407,29.087,0.738,high,0.475,0.454,0.576,0.414,-474.922,305.228,1256.667,302.763,0.441,0.537,0.225,Luchun-Lax,0.82122905027933,5644667254901302735
Luchun_M3,3,M,Luchun,,M3_lu55_02,125.432,402.516,277.084,5,u55,Vowel,u,Lax,Oral,55.0,1.0,High,55,Unaspirated,Oral,160.033,160.31,161.744,160.665,376.071,99.484,1176.121,301.254,2404.54,104.044,3151.717,182.653,842.632,2429.115,3220.841,3534.139,16.169,14.271,23.855,12.424,12.819,15.292,22.306,2.872,11.04,1.428,10.736,22.39,-7.687,1.847,11.037,-2.868,-6.138,11.402,5.129,12.843,5.432,-8.119,4.719,43.467,45.474,44.215,40.586,28.127,0.88,high,0.496,0.459,0.602,0.454,-417.811,264.777,1313.872,261.941,0.459,2.349,0.197,Luchun-Lax,0.195402298850575,-7001491498154018885
Luchun_M3,3,M,Luchun,,M3_lw_33_01,137.522,362.573,225.051,5,w_33,Vowel,ɯ,Tense,Oral,33.0,1.0,Mid,33,Unaspirated,Oral,151.238,151.326,151.469,151.44,363.913,83.782,1576.907,220.268,2336.308,93.48,3396.955,262.53,1209.068,2317.086,3564.637,3570.266,15.991,14.336,24.291,14.757,11.354,14.351,17.626,-1.267,8.381,2.63,9.496,12.502,-8.3,-0.42,12.937,0.406,-1.634,15.604,7.611,11.706,6.495,1.835,4.812,45.225,48.527,45.522,43.558,30.793,0.82,mid,0.533,0.457,0.682,0.301,-328.155,249.526,1063.645,247.534,0.577,3.135,0.184,Luchun-Tense,0.184051036682616,1141304511373622738
Luchun_M3,3,M,Luchun,,M3_lw_33_02,183.993,408.412,224.419,5,w_33,Vowel,ɯ,Tense,Oral,33.0,1.0,Mid,33,Unaspirated,Oral,144.951,144.961,145.19,145.55,368.461,88.365,1607.854,145.984,2315.254,64.041,3401.454,217.614,1366.944,2240.935,3570.507,3759.081,13.318,11.827,20.195,12.021,8.629,10.488,13.457,-5.648,8.244,2.673,8.201,9.515,-6.877,-0.194,11.566,1.534,-0.14,17.476,5.074,9.154,5.117,2.312,2.069,45.826,52.12,48.472,46.436,30.36,0.969,mid,0.626,0.515,0.809,0.292,-237.825,295.597,917.418,293.582,0.635,3.683,0.173,Luchun-Tense,0.172413793103448,5009722106970280757
Luchun_M3,3,M,Luchun,,M3_lw33_01,187.257,471.824,284.567,5,w33,Vowel,ɯ,Lax,Oral,33.0,1.0,Mid,33,Unaspirated,Oral,165.457,165.514,165.218,165.46,365.801,62.854,1685.177,147.602,2355.716,117.781,3500.982,159.365,1562.73,2334.251,3498.338,5129.485,15.477,13.448,25.063,11.671,10.957,16.453,25.039,6.709,13.806,9.76,13.916,15.23,-9.587,1.777,14.106,-4.782,-9.562,6.74,1.67,3.688,1.561,-1.782,5.802,48.205,53.533,47.849,45.003,30.629,0.63,mid,0.519,0.491,0.632,0.464,-427.891,330.181,1244.462,327.378,0.476,1.321,0.129,Luchun-Lax,0.360333080999243,-8607050750220280181
Luchun_M3,3,M,Luchun,,M3_lw33_02,175.928,470.207,294.279,5,w33,Vowel,ɯ,Lax,Oral,33.0,1.0,Mid,33,Unaspirated,Oral,167.395,167.439,166.487,167.651,355.916,44.945,1695.21,164.824,2344.126,122.04,3500.292,66.568,1491.021,2289.445,3493.929,,16.096,13.9,27.229,12.013,11.492,17.878,27.227,9.449,13.948,10.468,14.28,15.693,-11.133,1.887,15.737,-5.865,-11.132,4.451,2.147,3.433,1.816,-1.793,8.281,49.747,55.443,50.236,47.369,31.654,0.514,mid,0.524,0.487,0.666,0.428,-396.443,323.19,1203.725,320.636,0.462,1.354,0.13,Luchun-Lax,0.341211225997046,-8099654742859598397
Luchun_M3,3,M,Luchun,,M3_ma_31_01,150.295,335.835,185.54,5,a_31,Vowel,a,Tense,Oral,31.0,2.0,Mid,31,Unaspirated,Nasal,107.032,107.595,106.822,107.399,920.539,150.214,1374.864,231.667,2806.984,228.516,3546.573,478.591,1153.47,1782.264,2990.014,4184.661,9.166,8.994,9.373,8.674,5.525,2.516,27.989,-5.05,23.822,-5.385,12.031,9.324,-0.207,0.32,3.849,6.158,-18.823,14.088,-14.655,14.379,-2.865,-0.33,11.465,39.213,27.258,27.374,26.049,28.835,0.137,low,0.462,0.409,0.592,0.469,-230.18,244.274,996.43,239.918,0.568,2.749,0.165,Luchun-Tense,0.206620589305202,-5277381318468177635
Luchun_M3,3,M,Luchun,,M3_ma_31_02,138.018,311.435,173.417,5,a_31,Vowel,a,Tense,Oral,31.0,2.0,Mid,31,Unaspirated,Nasal,107.324,107.889,107.43,107.273,866.847,112.871,1344.637,138.838,2689.215,231.735,3487.352,222.839,1155.957,2675.256,3448.785,3384.781,9.586,9.392,8.612,7.823,5.316,1.873,25.849,-5.948,23.79,-3.74,13.123,10.136,0.974,1.57,3.296,5.95,-16.263,15.369,-14.204,13.132,-3.537,-0.744,11.517,44.194,32.601,32.318,29.475,31.446,0.525,low,0.434,0.369,0.807,0.256,-196.842,223.378,1058.272,221.007,0.377,4.089,0.097,Luchun-Tense,0.0921985815602837,-6648952297486134136
Luchun_M3,3,M,Luchun,,M3_me_31_01,125.646,424.233,298.587,5,e_31,Vowel,e,Tense,Oral,31.0,2.0,Mid,31,Unaspirated,Nasal,127.126,126.828,127.63,127.121,697.953,106.298,1861.287,103.517,2507.895,211.852,3750.468,344.169,1935.853,2342.314,3787.528,5347.694,8.634,8.294,12.52,11.096,12.018,4.665,21.299,-5.03,21.352,5.936,17.179,5.938,-3.886,-2.802,0.501,6.431,-12.666,13.326,-12.718,2.358,-8.545,2.356,7.842,45.086,41.448,35.335,32.111,30.786,0.915,low,0.544,0.466,0.624,0.468,-201.264,276.863,949.128,273.171,0.55,2.472,0.125,Luchun-Tense,0.222491909385113,-8886888690501440140
Luchun_M3,3,M,Luchun,,M3_me_31_02,188.291,455.405,267.114,5,e_31,Vowel,e,Tense,Oral,31.0,2.0,Mid,31,Unaspirated,Nasal,124.278,123.961,125.348,124.422,705.609,80.768,1838.768,99.93,2507.277,246.053,3702.174,341.748,1462.668,2097.441,3475.327,3863.045,8.102,7.778,11.788,10.43,11.585,4.697,22.748,-3.74,20.932,5.097,14.766,3.997,-3.685,-2.652,0.203,5.732,-14.646,11.519,-12.83,2.681,-6.664,3.781,7.259,46.219,40.911,34.057,29.983,28.781,0.842,low,0.548,0.464,0.639,0.486,-184.293,323.514,898.994,319.593,0.555,1.612,0.089,Luchun-Tense,0.344292803970223,-3435067031949399917
Luchun_M3,3,M,Luchun,,M3_me_33_01,202.156,431.698,229.542,5,e_33,Vowel,e,Tense,Oral,33.0,1.0,Mid,33,Unaspirated,Nasal,138.92,138.967,139.066,137.871,694.397,84.979,1948.95,97.222,2507.021,184.574,3923.958,215.345,997.173,2207.719,3954.015,4747.226,7.478,7.074,12.122,10.408,14.733,5.046,21.707,-4.132,19.166,5.23,14.165,1.197,-4.645,-3.334,-2.61,5.362,-14.229,11.207,-11.688,1.844,-6.687,5.877,4.362,49.85,45.786,39.677,37.217,32.121,0.0,mid,0.566,0.474,0.621,0.374,-203.516,317.448,951.439,314.756,0.595,2.864,0.14,Luchun-Tense,0.207751396648045,-5061477792143701406
Luchun_M3,3,M,Luchun,,M3_me_33_02,157.299,381.717,224.418,5,e_33,Vowel,e,Tense,Oral,33.0,1.0,Mid,33,Unaspirated,Nasal,134.737,134.528,135.177,134.445,663.097,78.157,1902.724,97.638,2545.399,175.174,3884.997,186.158,1940.258,2277.545,3953.65,4504.402,7.616,7.197,11.647,9.864,15.974,5.625,22.318,-3.192,20.873,7.241,15.715,5.788,-4.031,-2.666,-4.327,4.238,-14.701,10.39,-13.256,-0.044,-8.099,1.409,5.3,48.085,45.079,39.354,36.849,30.503,0.0,mid,0.552,0.456,0.621,0.51,-203.854,270.862,939.706,267.071,0.495,1.293,0.1,Luchun-Tense,0.382830626450116,8845791826446099437
Luchun_M3,3,M,Luchun,,M3_me31_01,156.906,487.657,330.751,5,e31,Vowel,e,Lax,Oral,31.0,2.0,Mid,31,Unaspirated,Nasal,134.001,54.654,138.832,135.846,689.173,125.146,1805.488,76.252,2461.107,311.314,3728.567,161.966,972.335,1924.9,3412.418,4785.508,12.168,11.762,14.874,13.156,15.998,6.375,22.426,-3.601,20.054,4.57,9.609,-1.352,-2.706,-1.394,-1.124,6.781,-10.258,15.365,-7.887,7.193,2.559,13.115,5.226,28.802,26.157,21.564,22.01,24.949,0.146,low,0.496,0.44,0.543,0.488,-396.544,323.991,1320.563,320.331,0.765,1.191,0.237,Luchun-Lax,0.642317380352645,8036446522190237654
Luchun_M3,3,M,Luchun,,M3_me31_02,155.315,449.594,294.279,5,e31,Vowel,e,Lax,Oral,31.0,2.0,Mid,31,Unaspirated,Nasal,124.449,,137.078,125.43,679.023,98.459,1775.74,59.943,2535.297,267.519,3771.878,90.959,1607.359,2169.069,3766.951,4547.646,10.622,10.257,13.788,12.249,13.426,5.211,22.029,-4.106,20.33,4.622,8.29,-0.725,-3.166,-1.992,0.363,7.038,-11.407,14.365,-9.707,5.635,2.332,10.982,6.135,21.762,18.803,15.134,15.814,22.248,0.492,low,0.519,0.445,0.635,0.504,-307.399,304.213,1334.054,300.12,0.461,3.647,0.125,Luchun-Lax,0.126405264601042,2138311881157442604
Luchun_M3,3,M,Luchun,,M3_me33_01,143.559,384.77,241.211,5,e33,Vowel,e,Lax,Oral,33.0,1.0,Mid,33,Unaspirated,Nasal,137.952,137.757,138.053,137.871,675.564,85.234,1751.523,87.644,2400.59,243.399,3745.456,222.694,821.093,1902.782,3113.782,4530.344,12.657,12.225,14.692,12.855,19.74,9.097,25.247,-0.598,20.483,4.919,10.291,-0.453,-2.035,-0.63,-5.048,3.758,-12.59,12.825,-7.826,7.306,2.366,12.678,7.315,49.224,42.619,34.112,31.208,27.912,0.0,mid,0.492,0.446,0.548,0.485,-404.145,266.114,1456.831,262.598,0.492,2.562,0.193,Luchun-Lax,0.192037470725995,-753887438534609159
Luchun_M3,3,M,Luchun,,M3_me33_02,175.087,427.05,251.963,5,e33,Vowel,e,Lax,Oral,33.0,1.0,Mid,33,Unaspirated,Nasal,138.989,138.896,139.308,138.593,668.929,80.598,1763.074,83.06,2355.648,298.249,3749.826,221.474,829.423,1907.891,3452.66,4582.727,12.338,11.895,14.723,12.832,19.855,8.665,24.578,-1.153,19.961,4.67,10.527,-1.12,-2.385,-0.937,-5.132,4.166,-12.24,13.049,-7.622,7.225,1.811,13.015,6.555,43.661,38.64,32.37,31.01,27.721,0.0,mid,0.484,0.435,0.544,0.445,-341.997,302.742,1333.333,299.537,0.539,2.76,0.192,Luchun-Lax,0.195289855072464,887145506389294033
Luchun_M3,3,M,Luchun,,M3_me55_01,152.591,442.347,289.756,5,e55,Vowel,e,Lax,Oral,55.0,1.0,High,55,Unaspirated,Nasal,154.179,154.083,154.686,154.744,627.134,118.792,1798.398,86.322,2405.43,278.69,3615.506,363.718,931.977,1943.091,3379.275,4848.584,14.82,14.209,17.841,15.158,25.001,1.096,24.999,0.304,20.949,7.614,11.387,1.618,-3.021,-0.95,-7.16,14.063,-10.18,13.907,-6.129,6.594,3.432,12.591,8.748,51.939,47.249,41.224,38.478,29.845,0.692,high,0.484,0.455,0.497,0.427,-746.611,299.094,1686.479,296.322,1.199,2.208,0.546,Luchun-Lax,0.543025362318841,5112239981386067295
Luchun_M3,3,M,Luchun,,M3_me55_02,139.655,372.202,232.547,5,e55,Vowel,e,Lax,Oral,55.0,1.0,High,55,Unaspirated,Nasal,151.983,151.857,152.61,152.396,643.361,116.016,1778.016,84.711,2518.997,216.417,3673.79,299.466,790.209,1908.812,3092.954,4729.106,13.316,12.746,16.864,14.382,24.188,4.541,24.186,-0.823,19.167,5.105,8.744,1.348,-3.547,-1.636,-7.324,9.841,-10.87,13.571,-5.851,7.641,4.572,11.398,6.52,52.546,47.593,42.673,40.192,29.381,0.621,high,0.515,0.476,0.536,0.46,-597.061,257.976,1629.472,254.95,1.0,2.186,0.458,Luchun-Lax,0.457456541628545,543976836755845829
Luchun_M3,3,M,Luchun,,M3_mi_33_01,201.286,431.207,229.921,5,i_33,Vowel,i,Tense,Oral,33.0,1.0,Mid,33,Unaspirated,Nasal,143.073,143.02,143.677,143.645,315.053,57.309,2380.554,89.71,3095.203,233.153,3649.456,305.526,2440.826,3271.773,3854.735,4837.471,12.912,10.896,24.005,11.007,7.632,14.41,24.002,8.192,12.697,17.487,16.954,23.114,-11.094,-0.111,16.373,-3.403,-11.091,2.704,0.215,-6.591,-4.042,-12.218,5.548,47.004,58.123,56.667,50.007,33.875,0.52,mid,0.664,0.479,0.83,0.288,-239.343,315.301,905.448,313.286,0.661,3.803,0.175,Luchun-Tense,0.173810149881672,2197624081755781061
Luchun_M3,3,M,Luchun,,M3_mi_33_02,184.865,426.692,241.827,5,i_33,Vowel,i,Tense,Oral,33.0,1.0,Mid,33,Unaspirated,Nasal,142.223,142.273,142.578,142.47,326.536,81.104,2376.554,84.496,2959.062,375.775,3759.091,284.262,2458.864,3448.169,3725.532,,11.925,10.102,22.118,10.884,7.507,13.086,21.481,4.909,15.206,19.23,11.919,14.565,-10.193,-0.782,14.611,-2.202,-9.556,5.194,-3.281,-9.128,0.006,-4.463,3.166,52.058,61.501,56.232,47.953,30.502,0.605,mid,0.678,0.549,0.683,0.307,-243.578,305.219,863.12,303.054,0.667,3.731,0.181,Luchun-Tense,0.17877244706513,-2998358434202229960
Luchun_M3,3,M,Luchun,,M3_mi33_01,196.102,435.998,239.896,5,i33,Vowel,i,Lax,Oral,33.0,1.0,Mid,33,Unaspirated,Nasal,159.036,158.846,159.783,158.93,333.631,46.327,2315.331,113.038,3080.434,183.405,3695.116,214.962,2072.61,2871.63,3439.776,5251.434,14.816,12.545,23.052,7.455,2.271,10.069,23.05,6.58,7.149,10.719,7.229,13.65,-8.236,5.091,20.781,-2.614,-8.234,5.966,7.667,1.826,7.587,-1.105,3.114,33.085,43.965,42.154,36.58,25.716,0.603,mid,0.454,0.43,0.515,0.412,-520.572,317.435,1210.668,314.838,0.532,1.46,0.366,Luchun-Lax,0.364383561643836,-3041069817564007991
Luchun_M3,3,M,Luchun,,M3_mi33_02,207.933,451.796,243.863,5,i33,Vowel,i,Lax,Oral,33.0,1.0,Mid,33,Unaspirated,Nasal,147.637,147.576,148.288,148.612,317.444,47.272,2350.147,45.125,3102.458,227.525,3753.906,77.867,2405.501,2856.976,3662.574,5156.511,13.847,11.716,23.201,9.117,4.322,11.644,23.199,7.366,14.985,19.536,8.847,15.603,-9.354,2.6,18.879,-2.527,-9.352,4.351,-1.137,-7.82,5.0,-3.887,3.246,44.23,54.059,49.547,41.818,28.673,0.531,mid,0.479,0.442,0.544,0.472,-437.495,331.988,1285.6,328.788,0.576,1.757,0.328,Luchun-Lax,0.327831531018782,1983114320016847526
Luchun_M3,3,M,Luchun,,M3_mo_31_01,117.606,354.619,237.013,5,o_31,Vowel,o,Tense,Oral,31.0,2.0,Mid,31,Unaspirated,Nasal,119.55,119.396,119.551,119.277,445.669,80.832,772.322,102.873,2876.065,269.426,3332.413,156.89,608.328,3008.389,3224.003,5322.155,12.189,11.318,18.628,14.758,27.598,8.669,27.587,2.259,21.278,1.345,8.488,32.225,-6.44,-3.439,-8.97,6.089,-15.398,9.144,-9.089,9.974,3.701,-20.906,9.412,33.24,38.273,42.105,37.583,27.76,0.547,low,0.711,0.579,0.794,0.511,-171.983,236.963,648.42,232.692,0.692,3.732,0.111,Luchun-Tense,0.185423365487674,1642263197468259831
Luchun_M3,3,M,Luchun,,M3_mo_31_02,167.951,418.292,250.341,5,o_31,Vowel,o,Tense,Oral,31.0,2.0,Mid,31,Unaspirated,Nasal,119.539,119.472,120.656,120.059,467.889,54.264,834.952,28.776,2857.783,103.118,3247.718,91.241,728.445,2960.102,3185.556,5621.534,11.647,10.875,17.983,14.586,29.583,5.399,29.579,3.874,27.831,7.963,17.135,38.136,-6.335,-3.712,-11.6,9.187,-17.932,7.064,-16.184,2.912,-5.488,-27.261,16.024,35.039,37.77,41.221,35.732,28.607,0.778,low,0.692,0.562,0.564,0.422,-131.646,293.829,708.236,290.283,0.59,2.224,0.041,Luchun-Tense,0.265287769784173,6874496837319894125
Luchun_M3,3,M,Luchun,,M3_mo31_01,206.133,473.843,267.71,5,o31,Vowel,o,Lax,Oral,31.0,2.0,Mid,31,Unaspirated,Nasal,129.48,129.288,132.053,130.434,372.582,55.12,768.238,30.99,2426.083,236.336,3311.248,135.352,699.263,2955.936,3344.617,5533.823,15.702,14.335,22.356,15.647,18.64,12.674,27.276,5.681,23.396,7.702,-4.95,15.222,-6.655,-1.312,3.717,2.973,-11.574,8.679,-7.694,6.633,20.652,-0.887,9.382,25.86,33.909,37.639,34.949,25.5,0.514,low,0.511,0.447,0.585,0.376,-238.852,340.547,789.784,337.635,0.76,1.007,0.155,Luchun-Lax,0.754716981132076,1749924772744579963
Luchun_M3,3,M,Luchun,,M3_mo31_02,161.804,415.025,253.221,5,o31,Vowel,o,Lax,Oral,31.0,2.0,Mid,31,Unaspirated,Nasal,124.893,124.777,129.819,126.523,365.045,78.833,749.622,36.243,2488.817,291.591,3186.148,232.296,703.419,2843.653,3363.956,5672.079,16.484,15.106,21.927,15.132,19.582,13.894,25.28,4.162,23.476,8.097,-4.697,17.398,-5.443,-0.027,2.344,1.238,-8.796,10.971,-6.992,7.008,21.181,-2.293,7.677,12.878,20.921,26.973,26.734,22.061,0.681,low,0.526,0.504,0.524,0.492,-296.783,289.145,822.139,285.165,0.662,1.346,0.098,Luchun-Lax,0.491827637444279,-7054010156314685656
Luchun_M3,3,M,Luchun,,M3_na_31_01,137.743,425.25,287.507,5,a_31,Vowel,a,Tense,Oral,31.0,2.0,Mid,31,Unaspirated,Nasal,121.562,121.373,122.329,122.105,894.912,134.069,1381.43,140.075,2630.994,222.823,3556.049,203.975,1147.434,2099.357,3286.857,4445.624,8.275,8.04,11.245,10.284,8.943,4.658,25.867,-5.964,26.722,-0.85,13.857,8.617,-2.97,-2.243,2.302,5.625,-17.592,14.032,-18.447,8.89,-5.581,-0.576,14.623,48.429,37.377,36.16,33.309,30.929,0.906,low,0.542,0.455,0.598,0.454,-201.923,283.158,1024.68,279.415,0.789,3.751,0.21,Luchun-Tense,0.210343908291122,-7145460387569950667
Luchun_M3,3,M,Luchun,,M3_na_31_02,143.523,430.035,286.512,5,a_31,Vowel,a,Tense,Oral,31.0,2.0,Mid,31,Unaspirated,Nasal,123.469,123.468,123.635,123.35,870.852,135.897,1344.368,114.06,2629.757,205.431,3565.637,214.041,1145.995,2098.609,3244.277,4145.514,7.511,7.257,10.831,9.79,8.552,3.861,26.129,-5.404,25.473,-1.846,11.232,7.222,-3.32,-2.533,2.28,5.929,-18.619,12.69,-17.963,9.103,-3.721,0.035,10.741,48.197,37.685,39.691,39.25,31.668,0.0,low,0.558,0.48,0.619,0.464,-238.926,287.945,1001.849,284.181,0.641,2.857,0.163,Luchun-Tense,0.224361218060903,-7409623359107500048
Luchun_M3,3,M,Luchun,,M3_na_33_01,182.456,414.197,231.741,5,a_33,Vowel,a,Tense,Oral,33.0,1.0,Mid,33,Unaspirated,Nasal,158.531,158.578,159.219,156.865,825.709,152.277,1367.351,214.544,2521.425,359.014,3576.51,334.465,1012.2,1717.612,3192.41,4548.593,8.477,8.021,14.387,12.47,18.154,8.029,25.971,-3.513,21.69,-2.931,8.167,3.473,-5.911,-4.449,-3.766,4.441,-17.494,11.554,-13.213,10.951,0.31,4.548,11.6,55.755,46.456,47.188,47.436,32.52,0.747,mid,0.589,0.519,0.658,0.553,-252.986,299.873,1140.934,296.382,0.419,2.883,0.146,Luchun-Tense,0.145334720776968,7440382331577774747
Luchun_M3,3,M,Luchun,,M3_na31_01,119.548,405.702,286.154,5,a31,Vowel,a,Lax,Oral,31.0,2.0,Mid,31,Unaspirated,Nasal,136.689,136.406,139.276,136.832,810.951,163.938,1380.688,108.154,2658.629,321.249,3617.636,156.26,1185.412,2299.855,3559.424,5311.379,11.498,11.153,14.435,13.002,13.67,6.734,24.882,-4.757,22.124,-2.342,4.879,2.199,-2.937,-1.848,0.766,6.268,-13.383,15.931,-10.625,13.496,6.619,8.954,6.839,38.573,28.96,28.734,26.395,25.895,0.535,low,0.533,0.467,0.592,0.524,-373.559,264.418,1406.651,260.568,0.524,3.0,0.174,Luchun-Lax,0.174666666666667,3539994676574909240
Luchun_M3,3,M,Luchun,,M3_na31_02,147.859,443.893,296.034,5,a31,Vowel,a,Lax,Oral,31.0,2.0,Mid,31,Unaspirated,Nasal,127.356,80.058,132.0,128.801,811.452,117.917,1389.333,194.015,2712.433,307.345,3595.993,164.274,1095.615,2501.822,3540.538,4891.804,11.139,10.825,13.515,12.217,12.554,6.4,25.861,-3.821,21.323,-3.142,8.011,6.415,-2.376,-1.392,0.96,5.816,-14.722,14.668,-10.184,13.967,3.128,4.41,9.707,26.291,16.353,17.585,17.216,23.722,0.822,low,0.52,0.462,0.592,0.498,-347.069,297.815,1445.383,293.861,0.569,3.287,0.176,Luchun-Lax,0.173106175844235,3826662104870478532
Luchun_M3,3,M,Luchun,,M3_na33_01,144.77,400.926,256.156,5,a33,Vowel,a,Lax,Oral,33.0,1.0,Mid,33,Unaspirated,Nasal,143.808,143.855,144.595,144.048,831.453,165.468,1421.948,167.936,2679.432,372.046,3588.516,442.559,997.374,1601.533,3190.773,5465.636,14.222,13.862,14.988,13.487,16.181,8.817,24.345,-5.166,18.93,-5.205,2.825,-0.241,-0.766,0.374,-1.193,4.67,-10.123,19.047,-4.708,19.067,11.397,14.103,7.428,46.816,37.061,36.827,34.992,28.154,0.653,mid,0.511,0.446,0.506,0.483,-692.494,275.909,1511.813,272.548,1.859,2.258,0.824,Luchun-Lax,0.823294951284322,8896825085053806686
Luchun_M3,3,M,Luchun,,M3_na33_02,140.598,405.046,264.448,5,a33,Vowel,a,Lax,Oral,33.0,1.0,Mid,33,Unaspirated,Nasal,140.431,140.533,142.186,141.167,832.699,139.23,1403.765,158.474,2628.562,465.908,3514.36,431.018,944.438,1535.554,3165.625,4670.178,13.194,12.844,14.292,12.837,15.622,8.567,26.365,-3.394,21.311,-3.303,2.639,-1.3,-1.097,0.007,-1.331,4.27,-13.171,16.258,-8.117,16.148,10.556,14.144,9.042,44.202,33.315,33.615,32.008,28.006,0.595,mid,0.506,0.456,0.524,0.486,-695.68,276.031,1614.488,272.562,1.168,2.355,0.497,Luchun-Lax,0.495966029723991,-8656538330231909667
Luchun_M3,3,M,Luchun,,M3_na55_01,156.92,447.563,290.643,5,a55,Vowel,a,Lax,Oral,55.0,1.0,High,55,Unaspirated,Nasal,171.935,171.9,172.963,172.314,739.163,212.183,1422.114,153.676,2854.327,281.246,3639.607,145.846,1218.24,2381.445,3540.509,4447.566,14.072,13.444,18.903,16.19,25.017,4.912,25.016,-2.051,23.662,2.992,7.034,10.096,-4.831,-2.746,-6.114,11.278,-10.944,15.517,-9.59,10.452,7.037,3.348,12.709,48.917,42.778,44.351,41.884,28.195,0.839,high,0.54,0.511,0.571,0.484,-775.599,304.025,1835.073,301.206,0.758,1.886,0.401,Luchun-Lax,0.401908801696713,-2283706114661231140
Luchun_M3,3,M,Luchun,,M3_na55_02,172.858,443.893,271.035,5,a55,Vowel,a,Lax,Oral,55.0,1.0,High,55,Unaspirated,Nasal,168.22,168.024,169.607,168.201,656.944,275.758,1403.543,233.266,2854.494,320.923,3488.795,539.341,1069.624,1364.333,3086.608,4854.969,13.419,12.7,19.02,15.854,23.565,-0.501,23.564,-2.217,22.125,3.684,8.671,13.794,-5.602,-3.153,-4.545,16.355,-10.145,14.933,-8.706,9.016,4.748,-1.094,8.776,49.748,40.036,39.061,36.237,28.503,0.764,high,0.556,0.523,0.585,0.512,-734.454,309.929,1749.988,306.878,0.756,1.991,0.378,Luchun-Lax,0.379708689100954,-2341520704980295709
Luchun_M3,3,M,Luchun,,M3_ne_33_01,205.972,422.991,217.019,5,e_33,Vowel,e,Tense,Oral,33.0,1.0,Mid,33,Unaspirated,Nasal,151.847,151.622,152.209,152.32,624.936,118.582,2069.398,75.984,2575.082,261.662,3920.282,261.234,692.165,2187.388,3658.306,4601.098,12.227,11.637,19.361,16.767,24.724,1.731,24.722,0.368,25.433,15.151,17.426,5.999,-7.133,-5.129,-5.363,15.036,-12.494,11.27,-13.205,-3.513,-5.198,5.638,12.291,52.681,50.13,46.231,43.009,33.193,0.617,mid,0.578,0.463,0.654,0.366,-237.225,314.669,1005.63,312.26,0.465,3.129,0.15,Luchun-Tense,0.148609779482263,4351818025314391
Luchun_M3,3,M,Luchun,,M3_ne_33_02,202.826,396.987,194.161,5,e_33,Vowel,e,Tense,Oral,33.0,1.0,Mid,33,Unaspirated,Nasal,147.901,147.862,148.157,148.679,617.363,107.79,2042.265,79.042,2526.817,176.604,3958.221,283.258,2196.492,2586.279,4309.821,4545.74,11.745,11.172,18.442,15.927,24.913,3.229,24.911,0.574,27.283,16.963,21.795,10.31,-6.697,-4.755,-6.471,12.697,-13.165,10.599,-15.538,-5.791,-10.05,0.862,15.72,57.396,55.563,48.439,44.697,34.622,0.66,mid,0.622,0.523,0.46,0.462,-188.267,300.546,911.778,297.421,0.423,0.669,0.053,Luchun-Tense,0.632286995515695,-3733469712107574191
Luchun_M3,3,M,Luchun,,M3_ne33_01,175.624,422.525,246.901,5,e33,Vowel,e,Lax,Oral,33.0,1.0,Mid,33,Unaspirated,Nasal,134.809,134.687,135.709,135.032,657.342,88.485,1865.461,75.69,2413.121,154.613,3766.441,174.741,1589.521,2099.921,3587.237,3991.863,13.826,13.399,17.703,15.884,22.254,11.593,26.68,1.181,25.47,11.555,20.116,7.532,-3.877,-2.485,-4.55,4.291,-12.854,12.22,-11.644,1.844,-6.29,5.867,16.969,42.609,39.288,32.126,29.47,29.843,0.0,mid,0.494,0.416,0.579,0.368,-274.29,299.106,1287.343,296.37,0.499,3.312,0.151,Luchun-Lax,0.150664251207729,-699854592330253937
Luchun_M3,3,M,Luchun,,M3_ne33_02,145.588,389.661,244.073,5,e33,Vowel,e,Lax,Oral,33.0,1.0,Mid,33,Unaspirated,Nasal,134.542,134.5,134.232,134.445,674.778,83.604,1848.647,103.776,2388.634,170.964,3684.647,605.706,779.028,2032.302,2782.525,4680.273,14.351,13.947,16.695,14.98,20.814,11.16,25.303,-0.461,21.123,6.557,15.841,2.968,-2.344,-1.034,-4.118,3.821,-10.952,14.409,-6.772,7.39,-1.49,10.979,9.612,39.955,36.719,30.139,28.419,28.173,0.904,mid,0.521,0.465,0.556,0.513,-491.588,271.269,1363.066,267.453,0.69,2.773,0.247,Luchun-Lax,0.248827984132708,-3841908506679681642
Luchun_M3,3,M,Luchun,,M3_nga_31_02,179.436,439.945,260.509,5,a_31,Vowel,a,Tense,Oral,31.0,2.0,Mid,31,Unaspirated,Nasal,112.165,112.085,113.055,116.392,868.333,83.024,1333.519,188.31,2631.503,205.4,3516.831,239.598,1024.473,2455.669,3384.403,3760.414,10.137,9.923,12.578,11.705,10.239,6.393,30.332,-1.578,23.308,-4.498,13.03,8.633,-2.441,-1.782,2.339,5.312,-20.195,11.528,-13.171,14.421,-2.893,1.29,16.063,41.686,30.477,30.199,27.197,29.276,0.456,low,0.497,0.416,0.553,0.411,-230.558,310.606,953.85,306.94,0.94,3.522,0.267,Luchun-Tense,0.266893810335037,491387772101004955
Luchun_M3,3,M,Luchun,,M3_nga31_01,202.592,491.39,288.798,5,a31,Vowel,a,Lax,Oral,31.0,2.0,Mid,31,Unaspirated,Nasal,112.533,,119.327,113.869,815.487,118.813,1419.6,199.5,2737.793,230.608,3603.079,175.442,1034.82,2168.744,3369.911,4721.0,13.182,12.943,13.659,12.677,11.108,6.668,26.683,-3.301,20.642,-3.905,11.383,9.271,-0.477,0.266,2.551,6.009,-13.501,16.263,-7.46,16.848,1.799,3.672,11.461,18.928,9.869,12.38,12.81,23.936,0.698,low,0.452,0.376,0.484,0.444,-294.672,349.694,1312.746,345.685,1.35,3.419,0.394,Luchun-Lax,0.39485229599298,7314025219052548639
Luchun_M3,3,M,Luchun,,M3_nga31_02,70.113,315.965,245.852,5,a31,Vowel,a,Lax,Oral,31.0,2.0,Mid,31,Unaspirated,Nasal,115.48,76.254,118.365,116.438,785.096,129.462,1439.056,234.198,2735.655,174.366,3531.466,262.295,923.16,1648.408,3070.412,5028.952,12.839,12.577,13.712,12.635,11.38,6.429,26.93,-2.398,19.965,-3.538,5.607,3.851,-0.873,-0.058,2.332,6.206,-14.092,14.991,-7.127,16.115,7.232,8.727,9.201,24.663,14.991,16.924,17.702,22.843,0.267,low,0.466,0.4,0.5,0.466,-310.925,195.858,1263.746,191.768,1.233,3.084,0.396,Luchun-Lax,0.399805447470817,-3658276147421366097
Luchun_M3,3,M,Luchun,,M3_sa_31_01,141.204,417.836,276.632,5,a_31,Vowel,a,Tense,Oral,31.0,2.0,Mid,31,Unaspirated,Oral,108.847,108.832,110.221,109.509,862.798,61.096,1312.05,141.922,2703.246,212.067,3676.255,312.361,1020.044,1913.762,2983.716,4679.068,10.026,9.82,12.116,11.271,11.916,8.212,33.474,1.539,27.013,-0.87,13.445,11.099,-2.089,-1.452,0.199,3.06,-23.447,8.314,-16.986,10.69,-3.419,-1.279,28.15,37.95,25.277,26.331,24.741,29.399,0.504,low,0.498,0.415,0.549,0.468,-251.54,281.432,1087.709,277.114,1.267,3.321,0.376,Luchun-Tense,0.381511592893707,-6064329596423251743
Luchun_M3,3,M,Luchun,,M3_sa_31_02,146.462,403.681,257.219,5,a_31,Vowel,a,Tense,Oral,31.0,2.0,Mid,31,Unaspirated,Oral,99.437,99.32,99.392,98.769,854.322,54.887,1310.422,156.784,2710.548,256.319,3473.581,364.177,991.749,1799.999,3030.046,4679.438,7.996,7.825,7.361,6.663,6.13,3.121,29.582,-2.51,23.242,-4.757,8.69,6.09,0.636,1.162,1.231,3.542,-21.586,10.365,-15.246,12.582,-0.693,1.735,13.27,34.143,22.194,22.855,20.908,27.756,0.512,low,0.422,0.359,0.489,0.409,-205.148,278.026,961.655,273.91,1.687,3.442,0.485,Luchun-Tense,0.490122022080186,-7974207124514915988
Luchun_M3,3,M,Luchun,,M3_sa31_01,170.087,434.953,264.866,5,a31,Vowel,a,Lax,Oral,31.0,2.0,Mid,31,Unaspirated,Oral,120.151,53.115,123.672,121.251,802.271,58.924,1303.527,201.375,2717.452,202.069,3606.216,286.672,897.37,1648.019,3108.434,4645.97,13.124,12.837,13.666,12.486,14.408,8.962,31.241,0.746,21.705,-4.286,7.355,7.117,-0.543,0.351,-0.741,3.524,-18.117,12.122,-8.582,17.123,5.769,5.72,22.892,26.252,14.661,16.931,16.562,22.09,0.477,low,0.482,0.422,0.535,0.47,-317.205,303.846,1348.617,299.888,0.919,3.126,0.295,Luchun-Lax,0.293985924504159,-393781621796145116
Luchun_M3,3,M,Luchun,,M3_se_31_01,182.476,437.943,255.467,5,e_31,Vowel,e,Tense,Oral,31.0,2.0,Mid,31,Unaspirated,Oral,116.327,116.732,116.455,116.517,646.657,52.86,1812.572,70.25,2460.69,179.612,3614.683,544.303,1785.759,2466.137,3423.699,5203.933,10.634,10.305,13.31,11.932,14.239,7.145,26.495,0.69,27.743,13.267,24.979,14.962,-2.676,-1.626,-0.929,4.787,-15.861,9.617,-17.109,-2.961,-14.345,-4.656,22.557,34.796,28.296,21.413,18.66,27.362,0.81,low,0.539,0.484,0.625,0.504,-246.204,312.0,1103.074,307.695,0.742,3.546,0.208,Luchun-Tense,0.209249858996052,9174290065383834637
Luchun_M3,3,M,Luchun,,M3_se31_01,235.788,486.273,250.485,5,e31,Vowel,e,Lax,Oral,31.0,2.0,Mid,31,Unaspirated,Oral,112.512,112.381,116.165,113.502,586.904,59.517,1696.547,116.66,2496.391,161.685,3756.113,361.743,856.314,2101.792,3206.939,5009.395,11.419,11.04,12.981,11.379,15.616,6.837,23.619,-1.639,9.935,-4.424,3.723,-1.651,-1.562,-0.339,-2.635,4.542,-12.201,12.68,1.484,15.464,7.696,12.69,3.088,18.319,17.169,17.56,20.74,22.23,0.0,low,0.497,0.43,0.514,0.484,-361.651,364.083,1189.57,359.714,2.452,3.131,0.783,Luchun-Lax,0.783136378153944,3375659892987666845
Luchun_M3,3,M,Luchun,,M3_se31_02,227.753,424.307,196.554,5,e31,Vowel,e,Lax,Oral,31.0,2.0,Mid,31,Unaspirated,Oral,123.597,123.153,128.385,125.036,621.161,52.504,1617.479,178.357,2493.529,213.693,3680.53,178.01,654.217,2020.929,3668.474,4859.805,11.754,11.324,13.152,11.325,18.189,7.59,22.223,-3.301,3.378,-12.344,-2.05,-6.217,-1.398,,-5.037,3.735,-10.469,14.628,8.376,23.668,13.804,17.542,2.542,21.283,21.326,23.129,25.761,21.544,0.0,low,0.538,0.47,0.554,0.523,-386.153,329.131,1208.254,324.84,1.693,2.885,0.58,Luchun-Lax,0.58682842287695,4916624156429492850
Luchun_M3,3,M,Luchun,,M3_si_31_01,265.752,512.094,246.342,5,i_31,Vowel,i,Tense,Oral,31.0,2.0,Mid,31,Unaspirated,Oral,103.724,103.733,103.463,103.595,313.709,56.117,2302.448,94.467,2897.762,284.825,3612.012,195.498,2366.635,3112.757,3696.712,5355.292,6.544,5.522,10.317,5.314,6.825,4.462,14.114,-2.529,13.024,16.288,9.99,12.639,-3.773,0.208,3.492,0.851,-7.569,8.052,-6.479,-10.766,-3.445,-7.117,1.207,44.716,57.286,51.877,44.22,33.198,0.0,low,0.574,0.491,0.862,0.257,-207.632,387.372,1022.06,384.89,0.721,1.764,0.086,Luchun-Tense,0.408730158730159,-7365267351505359767
Luchun_M3,3,M,Luchun,,M3_si_31_02,224.256,474.741,250.485,5,i_31,Vowel,i,Tense,Oral,31.0,2.0,Mid,31,Unaspirated,Oral,105.766,105.765,105.935,105.912,303.404,67.537,2269.957,84.047,2891.12,274.543,3650.759,191.039,2313.237,3009.068,3697.801,5459.652,5.021,3.901,9.75,4.137,4.635,3.89,10.392,-5.765,11.987,15.391,8.361,11.615,-4.728,-0.236,5.115,0.247,-5.37,9.666,-6.965,-11.49,-3.339,-7.714,0.726,42.907,53.313,46.288,38.594,30.205,0.0,low,0.548,0.432,0.731,0.271,-213.417,348.46,886.343,345.902,0.96,4.542,0.215,Luchun-Tense,0.211360634081902,-6256902438356194498
Luchun_M3,3,M,Luchun,,M3_si_33_01,193.102,448.236,255.134,5,i_33,Vowel,i,Tense,Oral,33.0,1.0,Mid,33,Unaspirated,Oral,151.928,151.478,152.624,152.601,336.718,63.526,2150.752,86.632,2613.262,292.398,3782.531,105.514,2239.375,2849.334,3791.805,,13.097,11.045,21.707,8.144,6.812,13.433,21.669,4.96,16.159,17.91,10.353,9.647,-8.61,2.901,14.895,-5.288,-8.572,6.086,-3.062,-6.865,2.745,1.398,3.197,54.035,60.545,52.796,45.272,29.739,0.63,mid,0.548,0.496,0.667,0.383,-417.591,320.517,1497.695,317.992,0.546,2.773,0.198,Luchun-Tense,0.196898665705013,-8923154287387380745
Luchun_M3,3,M,Luchun,,M3_si_33_02,218.03,443.454,225.424,5,i_33,Vowel,i,Tense,Oral,33.0,1.0,Mid,33,Unaspirated,Oral,146.765,146.481,146.816,147.607,313.627,54.425,2154.864,68.943,2695.664,333.214,3748.059,135.659,2189.767,2824.513,3763.399,,13.844,11.74,21.099,7.314,6.192,13.237,21.097,5.233,18.458,21.12,12.298,14.187,-7.255,4.426,14.907,-5.923,-7.254,6.507,-4.615,-9.38,1.545,-2.447,3.208,44.359,53.475,47.74,42.511,30.78,0.642,mid,0.601,0.513,0.782,0.348,-371.368,330.663,1464.984,328.288,0.579,3.276,0.178,Luchun-Tense,0.176739926739927,-6509331762280665437
Luchun_M3,3,M,Luchun,,M3_si31_01,176.269,494.301,318.032,5,i31,Vowel,i,Lax,Oral,31.0,2.0,Mid,31,Unaspirated,Oral,119.809,119.504,123.787,120.823,305.471,61.107,2179.57,48.637,2747.617,284.385,3732.117,103.646,2237.078,3070.798,3747.973,5502.897,9.215,7.674,15.954,7.308,3.213,6.834,10.042,-5.687,11.674,14.671,5.601,8.106,-6.739,0.366,12.741,0.474,-0.826,13.362,-2.459,-6.997,3.615,-0.432,1.134,25.149,36.601,31.713,27.229,23.241,0.521,low,0.614,0.535,0.739,0.261,-255.628,334.069,1181.3,331.865,0.61,4.109,0.15,Luchun-Lax,0.148454611827695,523385660241153793
Luchun_M3,3,M,Luchun,,M3_si31_02,228.637,503.828,275.191,5,i31,Vowel,i,Lax,Oral,31.0,2.0,Mid,31,Unaspirated,Oral,124.795,124.0,128.367,125.744,323.859,61.87,2125.828,44.281,2732.516,226.242,3721.956,135.255,2194.607,3042.952,3741.005,5342.15,8.657,7.163,15.58,7.281,2.616,5.66,9.454,-7.203,11.372,12.95,6.367,9.033,-6.924,-0.118,12.964,1.62,-0.798,14.366,-2.715,-5.788,2.29,-1.871,1.051,28.592,39.216,34.283,29.991,25.376,0.092,low,0.604,0.525,0.727,0.414,-279.291,366.532,1178.504,363.16,0.635,3.78,0.169,Luchun-Lax,0.167989417989418,-4840612644680836107
Luchun_M3,3,M,Luchun,,M3_si33_01,259.174,506.357,247.183,5,i33,Vowel,i,Lax,Oral,33.0,1.0,Mid,33,Unaspirated,Oral,129.335,129.506,129.567,129.642,325.986,81.147,2148.02,67.17,2716.673,241.849,3756.734,119.499,2186.204,2769.315,3773.206,4869.544,9.963,8.497,14.943,6.871,3.177,5.979,7.291,-9.766,11.238,12.69,5.133,6.269,-4.98,1.627,11.766,0.892,2.673,18.264,-1.275,-4.193,4.83,2.228,0.831,47.248,59.206,54.928,50.709,31.048,0.0,mid,0.555,0.493,0.725,0.317,-319.17,382.652,1317.036,380.203,0.578,1.382,0.084,Luchun-Lax,0.418234442836469,3236275189533812244
Luchun_M3,3,M,Luchun,,M3_si33_02,211.7,420.431,208.731,5,i33,Vowel,i,Lax,Oral,33.0,1.0,Mid,33,Unaspirated,Oral,132.444,132.368,133.374,133.238,309.436,79.692,2103.569,56.807,2741.139,229.174,3738.213,125.77,2136.709,2802.034,3766.234,4822.423,9.469,7.7,15.225,4.63,2.146,7.358,13.936,-1.894,11.261,13.501,3.007,6.55,-5.756,3.069,13.079,-2.728,-4.466,9.594,-1.791,-5.802,6.462,1.149,0.691,44.246,55.255,48.139,42.326,26.816,0.853,mid,0.596,0.523,0.747,0.357,-290.059,315.95,1221.986,313.252,0.627,3.551,0.178,Luchun-Lax,0.176569980287243,4754999828636698638
Luchun_M3,3,M,Luchun,,M3_si55_01,264.349,511.146,246.797,5,i55,Vowel,i,Lax,Oral,55.0,1.0,High,55,Unaspirated,Oral,160.96,160.814,160.776,162.074,323.487,29.419,2218.377,73.693,2778.906,218.717,3751.403,123.06,2287.231,2620.104,3715.674,5220.121,13.874,11.394,22.624,6.761,3.653,12.308,22.623,6.746,16.078,19.331,9.242,11.968,-8.751,4.634,18.971,-5.548,-8.749,4.649,-2.204,-7.937,4.632,-0.573,2.901,52.446,61.784,55.245,48.209,28.4,0.487,high,0.492,0.469,0.536,0.444,-654.617,389.866,1507.267,387.105,0.605,1.749,0.345,Luchun-Lax,0.345911949685535,4446527743716570758
Luchun_M3,3,M,Luchun,,M3_si55_02,239.878,451.346,211.468,5,i55,Vowel,i,Lax,Oral,55.0,1.0,High,55,Unaspirated,Oral,159.726,159.742,160.072,160.0,333.464,52.046,2180.822,101.821,2731.911,248.963,3776.023,139.556,2307.98,3029.755,3860.444,4725.527,13.932,11.649,22.367,6.659,6.281,14.018,22.365,5.855,14.445,16.752,10.8,12.149,-8.435,4.99,16.086,-7.359,-8.434,5.794,-0.514,-5.104,3.132,-0.5,2.737,53.482,63.026,58.03,52.787,31.744,0.557,high,0.515,0.492,0.567,0.462,-662.271,347.088,1544.427,344.197,0.576,1.78,0.322,Luchun-Lax,0.323595505617978,-6576445181327331901
Luchun_M3,3,M,Luchun,,M3_x005F_x1a31_01,199.988,475.423,275.435,5,a31,Vowel,a,Lax,Oral,31.0,2.0,Mid,31,Unaspirated,Oral,119.98,120.02,123.384,121.32,812.195,71.901,1328.457,177.073,2667.34,153.41,3562.203,239.852,1002.56,2475.97,3412.076,5418.273,15.842,15.567,15.716,14.584,16.061,10.863,33.117,2.768,24.593,-0.984,13.572,12.003,0.126,0.983,-0.345,3.721,-17.275,12.823,-8.751,16.551,2.27,3.564,35.64,24.862,13.309,14.634,13.767,23.208,0.204,low,0.469,0.414,0.486,0.434,-421.115,340.458,1492.635,336.803,1.558,3.015,0.516,Luchun-Lax,0.516749585406302,2951065119839339589
Luchun_M3,3,M,Luchun,,M3_x005F_x1a31_02,171.643,473.202,301.559,5,a31,Vowel,a,Lax,Oral,31.0,2.0,Mid,31,Unaspirated,Oral,115.118,115.266,117.462,116.055,794.476,87.966,1311.444,148.326,2638.595,156.406,3610.686,264.048,1010.239,2217.561,3299.506,4808.75,14.271,14.009,13.651,12.572,12.607,7.692,30.142,-0.166,24.588,-0.996,10.053,8.274,0.621,1.437,1.044,4.88,-15.871,14.198,-10.317,15.005,4.218,5.735,17.174,30.811,18.825,20.079,19.103,24.255,0.689,low,0.479,0.411,0.476,0.459,-502.487,326.126,1473.36,322.108,1.761,2.918,0.605,Luchun-Lax,0.603495544893763,-8178642503502759758
Luchun_M3,3,M,Luchun,,M3_x1a_31_01,174.711,420.055,245.344,5,a_31,Vowel,a,Tense,Oral,31.0,2.0,Mid,31,Unaspirated,Oral,108.078,88.605,108.742,108.419,874.967,74.436,1307.055,163.071,2603.294,125.592,3423.021,258.599,1042.522,2616.306,3306.457,4360.595,12.195,11.996,12.15,11.339,11.377,7.836,32.021,-0.356,27.492,-1.04,16.888,12.776,0.045,0.658,0.773,3.503,-19.826,12.384,-15.297,13.036,-4.692,-0.779,30.428,38.287,23.819,23.487,20.47,28.238,0.832,low,0.496,0.397,0.482,0.456,-337.305,299.55,1229.325,295.327,1.843,3.589,0.517,Luchun-Tense,0.513513513513513,7070098250362250993
Luchun_M3,3,M,Luchun,,M3_x1a_31_02,197.769,411.598,213.829,5,a_31,Vowel,a,Tense,Oral,31.0,2.0,Mid,31,Unaspirated,Oral,109.467,109.839,108.966,109.223,836.779,63.97,1298.388,123.758,2567.869,133.43,3481.017,246.064,1050.712,2505.199,3433.974,5022.332,10.72,10.506,11.811,10.935,10.835,6.975,31.14,-0.33,26.561,-0.697,15.705,12.136,-1.09,-0.429,0.975,3.96,-20.42,10.861,-15.84,11.203,-4.985,-1.63,21.68,35.967,25.042,26.49,25.507,29.924,0.648,low,0.493,0.432,0.53,0.476,-322.898,306.44,1164.594,302.105,1.085,3.201,0.339,Luchun-Tense,0.338956576069978,-2071503712226085929
Luchun_M3,3,M,Luchun,,M3_xa_31_01,162.236,418.392,256.156,5,a_31,Vowel,a,Tense,Oral,31.0,2.0,Mid,31,Unaspirated,Oral,114.576,86.046,114.978,114.79,893.658,73.916,1361.724,195.427,2574.709,199.608,3276.883,395.513,1027.499,1836.357,2829.86,4793.228,13.217,13.007,12.387,11.529,11.903,8.131,34.298,2.145,27.63,-0.411,18.559,12.5,0.83,1.478,0.484,3.398,-21.081,10.887,-14.413,13.418,-5.342,0.507,42.738,39.37,26.125,25.427,23.638,31.158,0.57,low,0.466,0.389,0.492,0.441,-288.177,292.949,1176.817,289.093,1.741,3.322,0.53,Luchun-Tense,0.524081878386514,3580807974861364939
Luchun_M3,3,M,Luchun,,M3_xa_33_01,213.206,454.418,241.212,5,a_33,Vowel,a,Tense,Oral,33.0,1.0,Mid,33,Unaspirated,Oral,131.739,131.846,133.466,132.471,872.871,96.682,1378.716,187.337,2492.432,149.768,3302.815,918.804,967.563,1569.635,2609.381,4669.433,12.953,12.662,14.258,13.057,14.471,8.922,29.513,-1.502,23.922,-2.605,12.81,5.637,-1.305,-0.395,-0.212,4.135,-16.56,14.182,-10.969,15.266,0.143,7.024,17.89,36.094,25.546,23.894,23.576,26.437,0.213,mid,0.527,0.466,0.575,0.458,-286.668,335.579,1229.549,332.087,0.878,2.807,0.313,Luchun-Tense,0.312789454934093,-8233572255893181024
Luchun_M3,3,M,Luchun,,M3_xa_33_02,118.908,335.197,216.289,5,a_33,Vowel,a,Tense,Oral,33.0,1.0,Mid,33,Unaspirated,Oral,136.942,137.021,138.639,137.25,847.044,90.323,1352.525,98.249,2485.425,165.578,3301.852,707.714,926.786,1417.776,2644.363,4775.849,12.276,11.943,14.216,12.837,15.435,8.877,29.429,-0.993,23.308,-2.507,8.642,2.586,-1.94,-0.894,-1.219,3.96,-17.154,12.955,-11.032,14.45,3.634,9.357,15.076,43.389,30.886,30.41,29.529,27.043,0.596,mid,0.544,0.484,0.592,0.502,-295.494,229.416,1115.543,225.743,0.78,2.882,0.271,Luchun-Tense,0.270645385149202,6572915671062508791
Luchun_M3,3,M,Luchun,,M3_xa31_01,148.903,414.54,265.637,5,a31,Vowel,a,Lax,Oral,31.0,2.0,Mid,31,Unaspirated,Oral,123.725,8.683,129.349,125.371,792.185,74.452,1355.445,168.342,2440.211,417.266,3960.558,750.476,878.347,1561.615,2653.227,4824.065,13.184,12.875,14.247,12.97,14.084,8.061,27.623,-2.109,20.1,-4.534,5.413,-0.291,-1.063,-0.095,0.163,4.91,-14.44,14.998,-6.917,17.409,7.771,13.166,11.483,22.804,13.079,14.35,17.253,22.512,0.76,low,0.506,0.453,0.558,0.496,-420.552,283.413,1475.542,279.358,0.656,2.893,0.227,Luchun-Lax,0.226754234358797,7079657954733789419
Luchun_M3,3,M,Luchun,,M3_xa31_02,49.598,281.327,231.729,5,a31,Vowel,a,Lax,Oral,31.0,2.0,Mid,31,Unaspirated,Oral,125.903,125.66,127.707,126.32,781.303,88.891,1310.31,212.694,2419.681,438.517,3827.854,513.655,910.467,1743.769,2733.679,4662.282,12.511,12.191,14.811,13.483,14.036,7.739,28.118,-1.642,21.048,-3.849,6.753,2.015,-2.3,-1.293,0.775,5.744,-15.606,13.848,-8.536,16.04,5.758,10.175,11.317,40.553,30.63,30.387,29.479,27.29,0.636,low,0.518,0.452,0.554,0.514,-440.097,168.481,1430.266,164.382,0.956,3.063,0.312,Luchun-Lax,0.31211230819458,3365549014749538187
Luchun_M3,3,M,Luchun,,M3_xa33_01,205.047,427.915,222.868,5,a33,Vowel,a,Lax,Oral,33.0,1.0,Mid,33,Unaspirated,Oral,127.525,127.452,128.102,127.848,822.944,106.033,1361.275,283.791,2391.732,314.953,3360.069,645.555,912.906,1773.218,2888.204,4982.611,14.141,13.846,13.756,12.54,12.785,7.141,27.003,-3.407,19.347,-6.348,4.842,-2.33,0.385,1.306,0.971,5.399,-12.862,17.268,-5.206,20.194,9.299,16.177,10.427,43.466,33.05,32.388,31.683,26.805,0.152,mid,0.475,0.424,0.489,0.456,-460.784,319.053,1401.751,315.482,1.266,2.636,0.479,Luchun-Lax,0.480273141122913,1690506945636506358
Luchun_M3,3,M,Luchun,,M3_xa33_02,158.91,361.834,202.924,5,a33,Vowel,a,Lax,Oral,33.0,1.0,Mid,33,Unaspirated,Oral,128.625,128.47,127.526,128.524,824.136,111.255,1334.695,174.963,2308.15,245.652,3306.047,812.801,902.118,1480.534,2567.053,5032.305,12.347,12.051,11.575,10.358,11.793,6.138,25.128,-5.262,19.72,-5.974,3.661,-4.898,0.771,1.694,-0.218,4.219,-12.781,17.327,-7.373,18.025,8.686,16.949,7.746,42.595,32.115,30.337,30.253,26.683,0.564,mid,0.486,0.437,0.523,0.478,-418.971,262.468,1213.027,258.763,0.901,2.521,0.358,Luchun-Lax,0.35739785799286,705293057501957515
Luchun_M3,3,M,Luchun,,M3_xa55_01,202.274,433.205,230.931,5,a55,Vowel,a,Lax,Oral,55.0,1.0,High,55,Unaspirated,Oral,150.887,150.828,150.869,150.561,755.142,207.242,1306.934,205.623,2336.415,247.15,3449.345,852.839,878.23,1365.389,2498.192,4897.786,13.197,12.724,15.638,13.641,17.555,6.701,20.187,-8.484,15.796,-7.728,-0.624,-5.708,-2.44,-0.917,-1.917,6.941,-6.99,21.221,-2.599,20.452,13.821,18.432,3.343,56.174,48.091,48.644,48.963,29.111,0.63,high,0.536,0.499,0.555,0.508,-570.536,319.505,1327.436,316.143,1.061,2.152,0.493,Luchun-Lax,0.493029739776952,671609986122185931
Luchun_M3,3,M,Luchun,,M3_xa55_02,123.208,331.928,208.72,5,a55,Vowel,a,Lax,Oral,55.0,1.0,High,55,Unaspirated,Oral,143.907,143.676,142.669,143.552,727.001,154.132,1243.78,130.988,2459.18,423.384,3026.373,821.686,837.017,1305.251,2742.486,4841.307,13.394,12.942,14.323,12.425,15.705,5.621,21.115,-7.582,16.445,-7.231,-3.578,-5.129,-0.93,0.518,-1.382,6.803,-7.722,20.543,-3.051,20.173,16.972,18.071,3.141,47.537,39.776,39.808,38.339,27.084,0.739,high,0.508,0.475,0.546,0.482,-534.594,229.594,1397.133,226.258,0.739,2.254,0.331,Luchun-Lax,0.327861579414374,943489488618199971
Luchun_M3,3,M,Luchun,,M3_xe=_33_01,132.283,407.541,275.258,5,e=_33,Vowel,ɤ,Tense,Oral,33.0,1.0,Mid,33,Unaspirated,Oral,133.626,133.447,134.375,133.578,500.754,63.437,1227.594,213.712,2658.529,87.452,3196.878,132.538,792.787,2709.636,3258.94,4874.0,11.503,10.739,15.679,12.254,24.726,8.058,24.686,0.612,14.42,-0.792,14.125,23.729,-4.176,-1.516,-9.047,4.197,-13.183,10.136,-2.916,11.531,-2.622,-12.99,5.426,44.773,46.594,48.491,43.461,30.115,0.748,mid,0.579,0.494,0.712,0.281,-245.93,269.256,984.143,267.149,0.588,3.968,0.15,Luchun-Tense,0.148185483870968,3778137130303365565
Luchun_M3,3,M,Luchun,,M3_xe=_33_02,86.442,349.658,263.216,5,e=_33,Vowel,ɤ,Tense,Oral,33.0,1.0,Mid,33,Unaspirated,Oral,140.18,140.068,140.497,138.777,516.919,71.916,1276.734,99.137,2611.328,87.162,3212.048,156.763,1093.928,2674.014,3301.609,4707.835,11.938,11.157,16.213,12.706,24.338,8.787,24.328,0.316,18.448,3.246,12.908,20.348,-4.276,-1.549,-8.125,3.918,-12.39,10.848,-6.511,7.911,-0.97,-9.19,5.495,45.618,43.627,45.205,41.26,30.982,0.597,mid,0.578,0.522,0.685,0.523,-258.038,219.14,1053.575,215.404,0.574,3.464,0.168,Luchun-Tense,0.165704387990762,8476379935249887632
Luchun_M3,3,M,Luchun,,M3_xe=33_01,143.617,418.2,274.583,5,e=33,Vowel,ɤ,Lax,Oral,33.0,1.0,Mid,33,Unaspirated,Oral,146.149,145.865,146.0,146.883,430.537,77.91,1330.565,115.459,2525.633,91.129,3220.454,191.87,1059.506,2492.339,3151.585,4974.018,16.057,14.91,19.004,13.384,16.478,12.725,24.467,2.481,15.467,4.242,5.553,13.765,-2.947,1.526,2.526,0.659,-8.41,12.433,0.59,10.668,10.504,1.145,4.737,43.614,42.106,40.976,37.022,26.087,0.0,mid,0.506,0.47,0.591,0.43,-381.529,282.111,1227.934,279.163,0.544,2.39,0.229,Luchun-Lax,0.227615062761506,-2361235151886662124
Luchun_M3,3,M,Luchun,,M3_xe=33_02,116.473,369.543,253.07,5,e=33,Vowel,ɤ,Lax,Oral,33.0,1.0,Mid,33,Unaspirated,Oral,139.106,139.01,139.806,138.234,490.811,129.325,1342.448,252.149,2619.814,63.813,3294.026,212.544,1044.151,2601.164,3273.964,5316.727,14.951,14.126,17.168,13.415,22.251,9.886,20.297,-3.405,12.411,-1.428,13.221,20.611,-2.217,0.711,-5.084,3.529,-5.347,17.536,2.54,15.554,1.729,-6.485,3.882,44.124,41.617,42.372,38.859,28.836,0.744,mid,0.531,0.492,0.619,0.491,-376.142,243.819,1373.077,240.281,0.499,3.085,0.165,Luchun-Lax,0.161750405186386,8638278038500828604
Luchun_M3,3,M,Luchun,,M3_za_31_01,212.783,485.06,272.277,5,a_31,Vowel,a,Tense,Oral,31.0,2.0,Mid,31,Unaspirated,Oral,125.424,125.375,127.126,125.542,834.218,62.275,1331.497,145.592,2594.871,156.062,3644.336,286.552,1018.725,2581.987,3685.024,5137.783,13.868,13.581,16.117,14.931,17.537,12.059,34.314,3.7,27.751,1.696,19.186,16.001,-2.248,-1.35,-1.42,2.871,-20.445,9.905,-13.882,11.885,-5.318,-2.42,50.995,36.538,23.767,23.592,21.253,28.107,0.406,low,0.521,0.443,0.588,0.463,-274.481,350.375,1226.26,346.674,0.727,1.258,0.184,Luchun-Tense,0.577901430842607,3053608620917880665
Luchun_M3,3,M,Luchun,,M3_za_31_02,159.725,412.53,252.805,5,a_31,Vowel,a,Tense,Oral,31.0,2.0,Mid,31,Unaspirated,Oral,126.365,126.248,127.05,125.491,840.856,70.245,1331.292,179.912,2604.174,184.326,3608.857,321.142,1019.262,2307.706,3024.934,3701.113,11.824,11.539,14.679,13.507,15.513,10.122,32.854,2.065,25.746,-0.566,17.823,14.327,-2.855,-1.968,-0.834,3.386,-21.031,9.499,-13.923,12.105,-5.999,-2.788,34.256,43.088,31.946,32.495,30.392,30.07,0.0,low,0.527,0.451,0.592,0.526,-278.452,288.244,1161.935,284.077,0.62,1.723,0.129,Luchun-Tense,0.359837492745212,3743944331439713109
Luchun_M3,3,M,Luchun,,M3_za31_01,166.588,502.046,335.458,5,a31,Vowel,a,Lax,Oral,31.0,2.0,Mid,31,Unaspirated,Oral,115.3,,122.087,116.726,784.689,71.678,1322.894,208.913,2687.47,217.51,3661.115,186.222,979.302,2585.526,3623.083,4997.948,13.535,13.26,15.117,13.981,15.19,9.949,31.342,1.421,23.028,-1.928,12.531,11.721,-1.582,-0.722,-0.073,4.032,-17.807,11.861,-9.493,15.187,1.004,1.539,26.274,17.038,7.04,10.46,11.191,23.183,0.514,low,0.496,0.425,0.534,0.483,-372.401,336.065,1427.511,331.822,1.015,3.479,0.291,Luchun-Lax,0.291750503018109,-6376618317237731104
Luchun_M3,3,M,Luchun,,M3_za31_02,164.091,449.436,285.345,5,a31,Vowel,a,Lax,Oral,31.0,2.0,Mid,31,Unaspirated,Oral,122.004,74.941,125.447,122.863,792.972,83.621,1340.65,206.3,2708.415,505.042,3679.808,368.536,961.806,2143.933,3409.694,4115.639,12.271,11.97,14.722,13.481,13.522,7.705,28.538,-1.207,21.465,-3.231,5.744,4.962,-2.451,-1.511,1.2,5.776,-16.267,13.2,-9.195,15.202,6.527,7.009,13.963,23.76,13.34,15.553,15.876,24.581,0.716,low,0.529,0.467,0.611,0.509,-309.855,308.91,1333.377,304.69,0.679,3.353,0.201,Luchun-Lax,0.202505219206681,-3490318896504017610
Luchun_M4,4,M,Luchun,,M4_ba_31_01,264.041,546.948,282.907,5,a_31,Vowel,a,Tense,Oral,31.0,2.0,Mid,31,Unaspirated,Oral,106.266,106.393,108.048,107.34,794.151,89.434,1398.998,118.304,2626.692,112.223,3478.557,320.586,1016.975,2337.501,3139.641,3940.565,10.079,9.863,15.218,14.331,9.433,5.479,26.006,-3.852,18.86,-5.465,8.37,5.091,-5.139,-4.469,5.785,8.852,-15.927,13.728,-8.782,15.328,1.709,4.772,6.56,34.063,26.113,27.55,25.456,25.861,0.031,low,0.595,0.469,0.574,0.563,-189.026,408.099,630.887,402.798,1.597,4.029,0.398,Luchun-Tense,0.396376272027798,-4399635322136759127
Luchun_M4,4,M,Luchun,,M4_ba_31_02,155.559,441.343,285.784,5,a_31,Vowel,a,Tense,Oral,31.0,2.0,Mid,31,Unaspirated,Oral,105.442,105.421,106.122,105.658,762.775,92.475,1353.979,103.59,2558.427,65.01,3570.496,244.267,1035.896,2473.751,3521.931,3969.35,8.434,8.207,14.107,13.177,7.328,3.153,25.567,-3.972,17.485,-6.544,8.942,6.104,-5.674,-4.971,6.78,10.024,-17.134,12.192,-9.051,14.751,-0.509,2.103,4.974,36.911,28.903,30.807,30.318,28.498,0.0,low,0.586,0.498,0.59,0.565,-177.044,301.546,556.295,296.181,1.406,3.842,0.366,Luchun-Tense,0.365955231650182,3652655067446387605
Luchun_M4,4,M,Luchun,,M4_ba_33_01,190.951,498.822,307.871,5,a_33,Vowel,a,Tense,Oral,33.0,1.0,Mid,33,Unaspirated,Oral,138.513,138.511,139.126,137.871,797.905,55.883,1387.628,88.487,2666.937,114.818,3572.522,182.983,976.279,2108.652,3358.354,4449.279,14.948,14.589,18.729,17.237,20.982,13.665,34.223,4.943,26.216,2.289,12.847,11.015,-3.781,-2.647,-2.253,3.571,-19.275,9.666,-11.268,12.3,2.1,3.574,39.527,41.655,31.752,34.26,32.29,29.185,0.613,mid,0.534,0.477,0.542,0.503,-312.28,346.636,851.889,342.995,1.208,2.656,0.455,Luchun-Tense,0.454819277108434,-1648506267005329418
Luchun_M4,4,M,Luchun,,M4_ba_33_02,172.579,485.36,312.781,5,a_33,Vowel,a,Tense,Oral,33.0,1.0,Mid,33,Unaspirated,Oral,136.549,136.616,136.427,136.492,717.448,86.591,1368.034,192.396,2636.456,97.492,3596.616,260.192,888.29,2507.811,3386.045,5703.728,13.533,13.122,17.983,16.256,17.554,8.489,27.771,0.028,17.686,-3.79,7.426,7.515,-4.45,-3.134,0.428,7.767,-14.238,13.108,-4.152,16.912,6.108,5.607,10.53,41.456,35.107,37.697,36.133,28.891,0.0,mid,0.584,0.487,0.549,0.545,-247.611,331.109,657.446,327.119,1.274,2.706,0.47,Luchun-Tense,0.470805617147081,-6909063700314294795
Luchun_M4,4,M,Luchun,,M4_ba31_01,185.989,563.82,377.831,5,a31,Vowel,a,Lax,Oral,31.0,2.0,Mid,31,Unaspirated,Oral,127.242,127.273,130.296,128.296,765.764,102.196,1395.81,127.966,2625.204,110.883,3463.33,560.231,1088.322,2657.267,2990.667,5256.67,17.855,17.522,19.587,18.204,20.334,13.62,32.854,4.095,26.937,4.01,16.448,14.456,-1.733,-0.682,-0.747,4.585,-14.999,13.442,-9.082,13.512,1.407,3.066,41.084,26.309,16.634,17.723,17.123,27.891,0.727,low,0.532,0.458,0.51,0.486,-465.724,377.351,1166.55,373.514,1.683,2.773,0.611,Luchun-Lax,0.606923909123693,-5897992680545619728
Luchun_M4,4,M,Luchun,,M4_ba31_02,200.48,518.251,317.771,5,a31,Vowel,a,Lax,Oral,31.0,2.0,Mid,31,Unaspirated,Oral,108.659,108.627,110.992,109.647,708.632,107.901,1378.472,128.702,2542.062,139.416,3565.226,575.088,974.231,2138.596,3038.957,5208.256,12.894,12.622,17.04,15.916,13.069,7.819,25.789,-2.454,17.356,-4.489,5.745,3.588,-4.145,-3.293,3.97,8.097,-12.895,15.086,-4.461,17.112,7.149,9.034,6.509,27.53,19.99,21.331,21.836,24.551,0.68,low,0.559,0.444,0.519,0.524,-299.523,362.329,854.512,357.489,1.819,3.773,0.488,Luchun-Lax,0.482109727007686,-5816498504342662054
Luchun_M4,4,M,Luchun,,M4_ba33_01,162.527,489.051,326.524,5,a33,Vowel,a,Lax,Oral,33.0,1.0,Mid,33,Unaspirated,Oral,128.083,128.14,128.891,128.112,712.765,90.843,1338.928,129.137,2584.556,122.902,3736.634,525.776,980.303,2519.864,3653.18,4958.779,16.541,16.168,17.393,15.834,17.498,9.63,28.26,0.289,20.666,-1.216,12.074,11.597,-0.852,0.334,-0.105,6.204,-11.719,15.892,-4.125,17.384,4.467,4.571,14.515,41.483,34.266,36.185,35.426,31.185,0.501,mid,0.456,0.416,0.457,0.419,-475.753,327.924,1128.243,324.649,1.487,2.323,0.639,Luchun-Lax,0.64012053379251,6233137152422234083
Luchun_M4,4,M,Luchun,,M4_ba33_02,149.031,445.942,296.911,5,a33,Vowel,a,Lax,Oral,33.0,1.0,Mid,33,Unaspirated,Oral,122.183,122.156,122.88,122.438,751.636,165.334,1356.459,91.509,2703.638,118.204,3537.712,276.095,1143.754,2642.467,3418.825,5132.2,13.395,13.084,18.295,17.007,11.995,5.861,23.257,-5.543,19.034,-4.025,7.225,7.194,-4.9,-3.923,6.3,11.147,-9.862,18.644,-5.639,17.109,6.169,5.89,4.524,35.421,27.478,29.543,27.727,26.687,0.535,mid,0.552,0.464,0.519,0.517,-320.974,299.758,882.472,295.514,1.653,3.261,0.51,Luchun-Lax,0.50689972401104,-8942454710265240193
Luchun_M4,4,M,Luchun,,M4_bi_31_02,181.282,492.527,311.245,5,i_31,Vowel,i,Tense,Oral,31.0,2.0,Mid,31,Unaspirated,Oral,133.18,133.081,133.355,265.181,263.886,14.071,2245.796,42.848,3110.662,220.695,3762.711,262.436,2356.643,3456.759,5254.371,5236.71,17.349,14.893,26.265,13.377,4.944,14.114,26.263,13.29,9.526,15.901,3.634,15.301,-8.916,1.516,21.321,-0.736,-8.913,1.604,7.824,-1.008,13.716,-0.407,4.569,32.831,46.699,45.701,42.766,28.353,0.303,low,0.532,0.442,0.491,0.438,-268.969,339.241,819.894,335.951,1.889,2.496,0.757,Luchun-Tense,0.756810897435897,-6462645149012308290
Luchun_M4,4,M,Luchun,,M4_bi31_01,163.176,551.972,388.796,5,i31,Vowel,i,Lax,Oral,31.0,2.0,Mid,31,Unaspirated,Oral,135.37,134.901,137.226,136.397,276.341,42.958,2198.798,54.167,2946.412,203.185,3489.061,202.45,2293.412,3283.295,5223.137,5331.586,21.666,19.3,28.353,14.718,9.215,17.847,28.35,14.646,16.355,21.534,11.571,20.267,-6.687,4.582,19.138,-3.129,-6.684,4.654,5.311,-2.234,10.095,-0.967,8.994,28.516,39.818,36.124,31.174,29.227,0.591,low,0.501,0.415,0.447,0.422,-511.318,359.662,1291.911,356.525,1.355,2.27,0.599,Luchun-Lax,0.596916299559471,-4585465118623784337
Luchun_M4,4,M,Luchun,,M4_bi31_02,167.337,520.047,352.71,5,i31,Vowel,i,Lax,Oral,31.0,2.0,Mid,31,Unaspirated,Oral,126.059,125.916,128.716,127.201,278.268,57.198,2191.247,52.46,2945.009,216.786,3650.873,188.967,2277.281,3288.422,5251.756,,19.034,17.011,26.789,14.488,9.529,16.541,26.76,12.741,15.21,20.041,9.055,17.371,-7.755,2.524,17.261,-2.053,-7.726,4.271,3.824,-3.03,9.979,-0.36,5.961,21.709,34.924,31.929,27.84,27.362,0.619,low,0.537,0.428,0.457,0.475,-432.378,346.59,1145.735,342.77,1.673,2.721,0.617,Luchun-Lax,0.614847482543183,-6444041023094285451
Luchun_M4,4,M,Luchun,,M4_bja_31_01,317.481,492.337,174.856,5,a_31,Vowel,a,Tense,Oral,31.0,2.0,Mid,31,Unaspirated,Oral,127.961,128.409,130.793,179.751,758.241,55.395,1564.38,80.717,2554.759,172.055,3247.071,261.255,1055.186,1984.839,3077.227,3688.724,11.092,10.767,13.989,12.633,14.652,7.972,25.648,-2.163,21.969,1.711,9.124,2.472,-2.897,-1.866,-0.663,4.661,-14.556,12.936,-10.876,9.055,1.968,8.294,8.74,30.442,24.21,21.058,19.122,23.178,0.413,low,0.563,0.447,0.502,0.52,-199.401,407.633,559.188,403.561,1.738,2.929,0.598,Luchun-Tense,0.593376579037214,-8967842505727399720
Luchun_M4,4,M,Luchun,,M4_bja_31_02,243.558,403.926,160.368,5,a_31,Vowel,a,Tense,Oral,31.0,2.0,Mid,31,Unaspirated,Oral,126.419,126.918,128.418,127.682,735.183,75.84,1538.33,92.433,2548.638,169.012,3438.185,348.796,1099.561,2169.728,2957.023,3431.511,11.288,10.963,15.136,13.783,13.825,7.159,25.181,-2.424,19.429,-0.457,10.626,4.266,-3.848,-2.82,1.311,6.625,-13.893,13.393,-8.141,11.42,0.662,6.697,8.566,28.249,21.263,18.996,17.654,23.033,0.798,low,0.58,0.474,0.556,0.558,-204.633,326.178,588.072,321.771,1.474,3.215,0.46,Luchun-Tense,0.458475894245723,7849958088507366280
Luchun_M4,4,M,Luchun,,M4_bja_33_01,295.672,479.695,184.023,5,a_33,Vowel,a,Tense,Oral,33.0,1.0,Mid,33,Unaspirated,Oral,131.839,131.925,132.535,132.237,738.11,187.167,1538.983,138.28,2637.49,211.178,4373.995,940.339,922.444,1594.053,2747.282,4143.884,14.949,14.59,13.103,11.601,15.386,7.742,22.367,-5.03,18.771,-1.023,10.757,7.211,1.846,2.989,-2.284,3.859,-7.419,19.626,-3.823,15.613,4.192,7.378,5.472,28.952,22.386,20.987,20.333,25.471,0.045,mid,0.44,0.328,0.272,0.329,-2143.626,387.429,2542.208,387.118,0.914,2.129,0.432,Luchun-Tense,0.429309534992954,-8971839678269812000
Luchun_M4,4,M,Luchun,,M4_bja_33_02,291.757,470.396,178.639,5,a_33,Vowel,a,Tense,Oral,33.0,1.0,Mid,33,Unaspirated,Oral,134.043,134.155,134.18,134.445,730.418,162.577,1524.834,125.543,2642.784,279.096,4005.401,1372.14,951.932,1560.784,2815.814,4186.541,15.006,14.634,13.781,12.222,16.478,8.442,23.612,-3.708,20.211,0.482,9.096,5.697,1.225,2.412,-2.697,3.78,-8.606,18.35,-5.205,14.152,5.91,8.937,6.218,37.721,32.186,30.558,29.185,28.958,0.363,mid,0.462,0.433,0.504,0.445,-737.905,384.367,1983.799,381.052,0.599,2.338,0.258,Luchun-Tense,0.256201881950385,-8376730527611981620
Luchun_M4,4,M,Luchun,,M4_bja31_02,318.04,491.723,173.683,5,a31,Vowel,a,Lax,Oral,31.0,2.0,Mid,31,Unaspirated,Oral,116.532,,120.591,118.014,751.491,155.499,1509.176,124.591,2596.314,227.035,4053.838,580.014,1192.756,2014.319,3315.785,4312.469,13.097,12.795,12.484,11.23,8.441,2.368,19.155,-8.578,15.227,-5.15,8.198,4.438,0.613,1.565,4.043,8.862,-6.058,21.38,-2.13,17.946,4.899,8.358,3.065,22.859,17.447,18.525,19.783,24.494,0.0,low,0.495,0.406,0.452,0.43,-441.154,408.466,1008.312,404.717,2.466,2.781,0.89,Luchun-Lax,0.88673139158576,-8170799942082456300
Luchun_M4,4,M,Luchun,,M4_bja31_021,318.139,510.486,192.347,5,a31,Vowel,a,Tense,Oral,31.0,2.0,Mid,31,Unaspirated,Oral,116.418,116.271,119.302,117.352,734.929,133.154,1512.355,125.226,2603.329,398.105,4071.166,1010.316,1021.906,1600.532,2842.855,4720.192,12.897,12.599,12.459,11.22,9.323,3.334,21.807,-5.783,17.223,-2.794,4.281,1.114,0.438,1.379,3.137,7.886,-8.909,18.388,-4.326,15.393,8.616,11.484,4.537,28.342,20.306,19.004,19.351,23.324,0.0,low,0.482,0.404,0.462,0.451,-330.987,417.791,1048.894,413.891,2.507,2.928,0.859,Luchun-Tense,0.856215846994536,4599472170400788787
Luchun_M4,4,M,Luchun,,M4_bja33_02,243.813,428.34,184.527,5,a33,Vowel,a,Lax,Oral,33.0,1.0,Mid,33,Unaspirated,Oral,148.04,147.724,147.108,147.705,723.498,214.835,1546.091,136.174,2701.117,194.636,4013.649,473.273,1023.985,1828.862,3193.334,4209.193,15.917,15.448,14.707,12.716,20.647,8.995,22.157,-4.473,18.623,0.004,7.156,5.109,1.21,2.733,-5.94,3.72,-6.24,19.929,-2.707,15.445,8.761,10.339,4.878,47.501,41.696,39.944,38.301,31.143,0.0,mid,0.37,0.332,0.431,0.28,-467.498,337.288,1495.285,335.396,0.888,1.939,0.458,Luchun-Lax,0.457968024755028,8259761117768493940
Luchun_M4,4,M,Luchun,,M4_bu_31_01,329.356,675.359,346.003,5,u_31,Vowel,u,Tense,Oral,31.0,2.0,Mid,31,Unaspirated,Oral,130.749,130.405,132.105,130.993,321.408,183.772,824.32,376.116,2101.869,310.269,3687.866,176.638,553.332,2173.319,3687.806,5785.475,19.683,17.853,25.725,15.44,14.573,14.807,20.573,2.995,16.052,4.918,0.88,16.625,-6.042,2.413,11.152,0.633,-0.891,14.864,3.63,12.936,18.802,1.229,6.328,22.361,26.074,25.524,25.605,22.334,0.904,low,0.579,0.514,0.566,0.534,-413.799,505.131,950.902,501.029,1.364,2.573,0.53,Luchun-Tense,0.530120481927711,-9155038976105654509
Luchun_M4,4,M,Luchun,,M4_bu_31_02,210.468,565.073,354.605,5,u_31,Vowel,u,Tense,Oral,31.0,2.0,Mid,31,Unaspirated,Oral,134.386,134.076,135.147,134.576,328.002,160.16,892.939,284.921,2371.247,439.482,3708.764,153.294,600.871,2228.2,3713.134,5186.415,19.619,17.816,25.5,15.319,15.206,15.981,20.734,2.941,16.524,5.896,-1.535,16.388,-5.881,2.497,10.294,-0.662,-1.115,14.881,3.095,11.92,21.154,1.428,6.348,25.407,27.633,29.698,29.49,24.025,0.875,low,0.567,0.514,0.566,0.532,-390.278,390.332,916.588,386.361,1.261,2.459,0.512,Luchun-Tense,0.512810085400569,4697897136834883617
Luchun_M4,4,M,Luchun,,M4_bu31_01,173.01,552.587,379.577,5,u31,Vowel,u,Lax,Oral,31.0,2.0,Mid,31,Unaspirated,Oral,137.265,136.941,138.562,137.637,354.595,133.362,932.922,168.729,2325.999,128.149,3585.292,141.883,680.867,2377.209,3628.561,5077.476,22.819,21.205,26.323,17.637,12.862,12.279,21.63,2.371,18.517,6.942,7.595,23.545,-3.504,3.568,13.461,5.358,1.189,18.842,4.302,14.263,15.224,-2.339,12.744,28.152,31.151,31.618,30.476,24.281,0.0,low,0.506,0.448,0.484,0.45,-524.552,364.657,1207.709,361.367,1.607,2.197,0.732,Luchun-Lax,0.73145197997269,7568082245806980175
Luchun_M4,4,M,Luchun,,M4_bu31_02,169.356,519.066,349.71,5,u31,Vowel,u,Lax,Oral,31.0,2.0,Mid,31,Unaspirated,Oral,133.623,133.042,136.647,134.395,349.488,126.472,983.849,179.8,2358.697,164.867,3593.461,142.465,756.293,2449.214,3630.137,5745.951,22.651,21.094,27.026,18.697,14.279,13.989,23.487,4.445,18.75,7.893,4.452,19.599,-4.375,2.397,12.747,4.708,-0.837,16.654,3.901,13.201,18.199,1.495,12.823,13.945,16.091,18.894,19.911,20.928,0.0,low,0.524,0.461,0.498,0.469,-490.981,346.252,1128.48,342.711,1.52,2.285,0.665,Luchun-Lax,0.665207877461707,8557995539197409752
Luchun_M4,4,M,Luchun,,M4_cjo_31_01,299.6,604.341,304.741,5,o_31,Vowel,o,Tense,Oral,31.0,2.0,Mid,31,Unaspirated,Oral,143.908,143.767,145.078,144.366,379.598,117.168,833.408,179.177,2426.7,36.783,3705.3,78.814,617.408,2478.593,3702.655,,16.051,14.422,23.742,15.153,15.687,12.767,20.095,-0.722,14.33,0.254,3.14,21.511,-7.691,-0.73,8.055,2.385,-4.044,15.161,1.721,14.168,12.912,-7.088,5.634,31.416,34.003,36.416,36.3,25.514,0.135,low,0.592,0.533,0.577,0.548,-462.772,454.397,963.028,450.582,1.354,2.474,0.548,Luchun-Tense,0.547291835084883,2585214086126256260
Luchun_M4,4,M,Luchun,,M4_cjo_31_02,375.556,676.068,300.512,5,o_31,Vowel,o,Tense,Oral,31.0,2.0,Mid,31,Unaspirated,Oral,132.069,131.574,134.094,132.734,385.213,67.41,838.739,119.472,2429.657,68.143,3704.058,62.206,623.162,2528.993,3704.228,,14.252,12.935,20.827,14.345,13.562,8.602,25.042,3.567,13.332,-1.25,-4.424,13.16,-6.575,-1.41,7.265,5.743,-10.79,9.383,0.92,14.184,18.676,-0.225,4.659,32.403,38.607,41.147,40.242,23.855,0.0,low,0.594,0.516,0.557,0.546,-437.32,529.058,937.748,524.895,1.928,2.775,0.695,Luchun-Tense,0.694774774774775,-4868470446799538859
Luchun_M4,4,M,Luchun,,M4_cjo31_01,395.778,660.046,264.268,5,o31,Vowel,o,Lax,Oral,31.0,2.0,Mid,31,Unaspirated,Oral,140.797,139.9,144.706,141.888,387.103,84.848,1018.566,161.668,2437.397,129.445,3646.908,99.494,785.301,2430.088,3650.89,,16.125,14.712,22.024,14.764,14.104,12.108,23.558,2.656,12.095,-0.162,-3.327,10.474,-5.9,-0.053,7.92,2.657,-7.433,12.062,4.029,14.874,19.452,4.238,4.468,23.329,27.736,31.107,31.564,21.234,0.0,low,0.593,0.515,0.544,0.519,-589.939,530.975,1120.665,527.23,1.933,2.538,0.762,Luchun-Lax,0.761623325453113,-1067253769786603052
Luchun_M4,4,M,Luchun,,M4_cjo31_02,289.152,556.796,267.644,5,o31,Vowel,o,Lax,Oral,31.0,2.0,Mid,31,Unaspirated,Oral,133.694,132.959,137.566,134.753,376.499,66.496,931.32,98.864,2445.556,128.279,3585.65,93.809,776.521,2376.903,3603.051,5784.49,14.976,13.595,20.677,13.682,13.857,11.029,24.014,3.363,14.173,1.371,-6.605,9.654,-5.701,-0.087,6.82,2.653,-9.038,10.242,0.803,12.224,21.582,3.941,4.01,19.929,24.856,29.977,31.889,20.893,0.0,low,0.569,0.499,0.535,0.501,-608.43,425.667,1083.209,421.875,1.917,2.612,0.735,Luchun-Lax,0.733920367534456,7593829227824914296
Luchun_M4,4,M,Luchun,,M4_de_31_01,201.111,537.48,336.369,5,e_31,Vowel,e,Tense,Oral,31.0,2.0,Mid,31,Unaspirated,Oral,115.368,115.633,116.326,115.801,627.736,69.903,1841.515,118.491,2458.143,193.963,3558.683,254.383,787.207,2169.315,3534.621,4100.183,15.191,14.849,18.752,17.314,16.73,9.176,26.202,0.67,18.911,5.189,12.593,2.377,-3.561,-2.465,2.021,8.137,-11.011,14.18,-3.721,9.66,2.598,12.472,8.362,33.815,31.352,27.285,25.247,26.343,0.451,low,0.525,0.464,0.552,0.508,-234.208,370.561,714.026,366.16,0.955,3.405,0.284,Luchun-Tense,0.280469897209985,-6076746364120609637
Luchun_M4,4,M,Luchun,,M4_de_31_02,208.082,458.197,250.115,5,e_31,Vowel,e,Tense,Oral,31.0,2.0,Mid,31,Unaspirated,Oral,113.255,113.18,114.393,113.723,585.77,51.422,1812.76,68.662,2418.274,203.438,3597.641,215.553,681.261,2018.483,3586.708,4109.987,13.226,12.853,18.231,16.649,17.069,8.352,27.969,2.983,19.453,6.708,11.082,1.517,-5.005,-3.796,1.162,8.296,-14.743,9.871,-6.227,6.145,2.144,11.336,8.337,39.099,36.475,30.288,28.153,27.92,0.0,low,0.563,0.507,0.599,0.55,-263.585,336.003,673.042,331.126,0.826,3.482,0.237,Luchun-Tense,0.237219988512349,2556565888070595903
Luchun_M4,4,M,Luchun,,M4_de_33_01,165.413,429.049,263.636,5,e_33,Vowel,e,Tense,Oral,33.0,1.0,Mid,33,Unaspirated,Oral,144.763,145.008,144.604,289.589,585.115,45.095,1816.897,155.61,2628.684,157.805,3799.385,156.49,759.575,2355.98,3705.844,4128.406,19.164,18.558,22.798,20.133,34.37,10.529,34.368,10.135,19.725,7.755,15.657,11.549,-3.634,-1.575,-11.572,9.603,-15.204,8.425,-0.562,10.803,3.507,7.009,35.328,44.097,40.305,35.537,32.413,29.024,0.368,mid,0.568,0.492,0.533,0.513,-405.518,298.916,868.015,295.379,1.439,2.388,0.603,Luchun-Tense,0.602596314907873,6984987902303646631
Luchun_M4,4,M,Luchun,,M4_de_33_02,127.8,361.254,233.454,5,e_33,Vowel,e,Tense,Oral,33.0,1.0,Mid,33,Unaspirated,Oral,144.998,145.069,145.002,289.589,579.239,26.374,1817.303,130.954,2548.982,206.755,3775.6,177.505,671.473,2220.55,3670.42,5758.404,19.323,18.703,23.774,21.038,37.407,13.273,37.405,13.261,21.249,9.4,17.52,11.92,-4.452,-2.336,-13.632,7.766,-18.082,5.443,-1.926,9.303,1.803,6.782,62.776,46.557,43.049,38.533,37.002,30.824,0.287,mid,0.605,0.516,0.559,0.54,-427.753,246.625,842.274,242.906,1.402,2.47,0.568,Luchun-Tense,0.567611336032389,6248346074326898664
Luchun_M4,4,M,Luchun,,M4_de-_33_01,166.026,503.509,337.483,5,e-_33,Vowel,ø,Tense,Oral,33.0,1.0,Mid,33,Unaspirated,Oral,165.418,165.428,165.234,165.22,396.769,96.219,1845.403,77.245,2602.141,140.489,3572.338,132.863,1935.652,2330.618,3508.044,4970.093,22.568,20.881,28.802,18.862,15.964,19.464,24.07,4.313,18.611,14.472,13.276,15.421,-6.234,2.018,12.838,-0.602,-1.502,16.569,3.957,6.409,9.293,5.459,15.599,44.984,50.001,45.099,41.118,29.095,0.866,mid,0.498,0.459,0.489,0.446,-675.632,336.555,1189.889,333.859,0.997,1.776,0.561,Luchun-Tense,0.561373873873874,-3246813181303912765
Luchun_M4,4,M,Luchun,,M4_de-_33_02,215.968,489.051,273.083,5,e-_33,Vowel,ø,Tense,Oral,33.0,1.0,Mid,33,Unaspirated,Oral,148.791,149.0,148.992,148.679,398.653,92.194,1807.941,147.82,2556.039,90.28,3697.557,103.114,1280.257,2487.859,3676.182,5019.993,18.568,17.222,24.689,17.579,14.583,15.22,22.059,1.88,9.907,5.027,14.007,15.464,-6.121,-0.356,10.105,2.358,-3.491,15.343,8.661,12.195,4.561,1.758,6.479,45.654,52.088,48.013,45.52,30.464,0.934,mid,0.54,0.465,0.498,0.486,-432.664,354.939,872.427,351.669,1.55,2.076,0.747,Luchun-Tense,0.746628131021195,-2012589287616263619
Luchun_M4,4,M,Luchun,,M4_de-33_01,243.909,588.631,344.722,5,e-33,Vowel,ø,Lax,Oral,33.0,1.0,Mid,33,Unaspirated,Oral,153.832,153.889,153.816,155.399,419.047,80.819,1863.175,85.016,2601.137,145.863,3603.659,149.39,1710.812,2326.274,3553.34,5026.519,22.403,21.094,26.421,19.577,15.339,15.502,27.177,6.389,17.673,12.565,13.92,14.399,-4.018,1.518,11.082,4.075,-4.773,14.707,4.73,8.529,8.484,6.695,13.648,42.614,48.875,45.148,41.613,30.418,0.0,mid,0.509,0.438,0.46,0.432,-681.082,418.192,1128.664,415.384,1.3,1.846,0.704,Luchun-Lax,0.704225352112676,3066730066167984652
Luchun_M4,4,M,Luchun,,M4_de-33_02,178.722,472.05,293.328,5,e-33,Vowel,ø,Lax,Oral,33.0,1.0,Mid,33,Unaspirated,Oral,141.331,141.362,142.321,141.752,396.851,55.892,1842.278,44.712,2553.139,76.653,3584.71,123.429,1691.617,2443.817,3562.925,4097.671,19.296,18.085,24.159,17.98,11.992,11.183,27.238,6.893,19.173,14.496,15.796,16.204,-4.863,0.104,12.167,6.797,-7.941,11.193,0.123,3.589,3.501,1.88,9.771,37.812,44.905,39.496,35.978,28.474,0.0,mid,0.563,0.461,0.486,0.464,-613.338,328.105,1020.211,324.812,1.794,2.303,0.78,Luchun-Lax,0.778983933999132,-4039872781583312255
Luchun_M4,4,M,Luchun,,M4_de31_01,160.102,507.102,347.0,5,e31,Vowel,e,Lax,Oral,31.0,2.0,Mid,31,Unaspirated,Oral,114.636,114.76,116.669,115.52,591.982,73.136,1769.01,84.922,2426.116,363.336,3780.269,734.973,883.672,1931.075,3312.788,5042.192,18.247,17.864,18.9,17.28,20.748,11.747,29.913,4.824,23.36,9.945,12.534,3.971,-0.653,0.585,-1.847,5.533,-11.666,13.041,-5.113,7.919,5.713,13.893,16.068,28.397,25.418,20.312,18.827,27.266,0.0,low,0.442,0.398,0.455,0.398,-377.273,335.914,1324.572,332.43,1.429,2.949,0.486,Luchun-Lax,0.484571041030858,7231556925507285839
Luchun_M4,4,M,Luchun,,M4_de31_02,263.327,613.892,350.565,5,e31,Vowel,e,Lax,Oral,31.0,2.0,Mid,31,Unaspirated,Oral,122.827,122.973,124.986,123.593,615.993,43.745,1758.102,78.972,2556.47,142.317,3572.493,252.228,940.467,2179.839,3397.772,5393.396,18.769,18.363,20.361,18.635,25.37,15.556,33.708,8.399,24.501,10.368,16.739,10.814,-1.591,-0.272,-5.009,3.079,-14.938,9.966,-5.732,7.995,2.031,7.549,31.196,26.048,22.699,19.246,18.216,28.85,0.0,low,0.466,0.416,0.48,0.44,-316.066,441.229,984.439,437.623,1.251,2.763,0.453,Luchun-Lax,0.452768729641694,4960654866788997452
Luchun_M4,4,M,Luchun,,M4_de33_01,157.171,513.596,356.425,5,e33,Vowel,e,Lax,Oral,33.0,1.0,Mid,33,Unaspirated,Oral,142.974,143.092,143.172,142.949,612.406,51.082,1842.261,119.12,2638.725,384.006,3517.927,584.907,705.432,2121.951,3338.508,5454.684,22.608,22.062,21.064,18.692,34.277,16.108,34.275,9.63,25.55,12.951,19.132,12.597,1.543,3.37,-13.213,2.583,-11.668,12.434,-2.943,9.111,3.476,9.465,50.157,35.984,33.34,28.989,27.271,30.065,0.726,mid,0.414,0.402,0.428,0.369,-759.18,337.667,1341.977,335.092,1.401,1.753,0.794,Luchun-Lax,0.799201369081574,-8386171483250613130
Luchun_M4,4,M,Luchun,,M4_de33_02,170.482,514.091,343.609,5,e33,Vowel,e,Lax,Oral,33.0,1.0,Mid,33,Unaspirated,Oral,134.479,134.41,134.978,134.794,574.176,65.837,1800.021,117.998,2874.159,271.724,3843.338,320.856,642.462,1970.255,3184.12,5681.374,19.712,19.167,21.73,19.36,31.492,13.14,31.49,7.182,21.718,9.758,14.447,15.241,-2.018,-0.192,-9.762,6.22,-11.778,11.988,-2.007,9.41,5.265,3.926,22.349,37.519,37.149,33.24,31.638,30.391,0.691,mid,0.504,0.445,0.48,0.445,-543.788,345.023,1214.735,341.703,1.801,2.348,0.769,Luchun-Lax,0.767035775127768,5754925061920407788
Luchun_M4,4,M,Luchun,,M4_de55_01,204.585,577.112,372.527,5,e55,Vowel,e,Lax,Oral,55.0,1.0,High,55,Unaspirated,Oral,166.722,166.473,165.538,166.311,574.433,263.52,1824.855,94.89,2466.493,199.353,3700.621,703.655,1754.04,2183.692,3244.095,5166.309,22.066,21.246,21.256,17.488,22.744,10.708,23.676,0.006,22.844,11.612,15.614,8.068,0.81,3.758,-1.487,6.78,-1.61,21.242,-0.778,9.634,6.453,13.178,13.078,39.888,39.104,35.266,34.697,28.881,0.0,high,0.473,0.449,0.477,0.429,-1368.362,392.916,2130.448,390.347,1.474,1.726,0.856,Luchun-Lax,0.853997682502897,3222818005549429929
Luchun_M4,4,M,Luchun,,M4_de55_02,154.158,475.898,321.74,5,e55,Vowel,e,Lax,Oral,55.0,1.0,High,55,Unaspirated,Oral,163.952,163.771,162.917,164.197,614.71,137.198,1769.142,120.348,2320.19,370.691,3925.202,699.022,788.136,1948.744,3418.404,5571.789,18.544,17.837,18.477,15.32,22.726,4.002,22.724,-1.664,17.848,4.655,9.462,-1.254,0.067,2.517,-4.248,11.318,-4.18,19.503,0.696,13.182,9.082,19.091,6.024,37.176,36.391,33.298,33.782,28.866,0.861,high,0.501,0.476,0.511,0.459,-1104.691,316.271,1971.61,313.473,1.122,1.8,0.624,Luchun-Lax,0.623333333333333,-6411649298696023065
Luchun_M4,4,M,Luchun,,M4_do_31_01,254.98,541.423,286.443,5,o_31,Vowel,o,Tense,Oral,31.0,2.0,Mid,31,Unaspirated,Oral,135.081,135.057,135.499,135.528,372.074,87.581,816.151,88.299,2504.411,86.253,3678.258,77.95,685.717,2730.304,3690.865,,17.016,15.554,22.545,15.148,15.476,11.42,25.703,4.839,19.561,5.13,-1.431,19.086,-5.529,0.406,7.07,3.728,-8.687,10.735,-2.545,10.424,18.447,-3.532,6.641,41.092,46.734,51.183,49.372,30.189,0.0,low,0.533,0.483,0.516,0.486,-453.001,400.993,808.599,397.394,1.614,2.259,0.716,Luchun-Tense,0.714475431606906,-3179144887060970849
Luchun_M4,4,M,Luchun,,M4_do_31_02,233.069,474.622,241.553,5,o_31,Vowel,o,Tense,Oral,31.0,2.0,Mid,31,Unaspirated,Oral,112.985,112.642,114.096,113.71,347.757,72.835,780.072,80.741,2525.321,212.069,3664.689,44.623,704.439,2507.34,3676.355,5267.35,10.487,9.353,16.748,11.368,17.894,11.046,20.097,-0.276,15.373,1.084,-12.349,9.454,-6.26,-2.015,-1.147,0.322,-9.61,9.647,-4.886,8.269,22.836,-0.101,1.991,31.965,38.037,41.732,41.657,23.364,0.0,low,0.576,0.499,0.581,0.554,-303.32,356.615,721.682,351.691,1.268,3.462,0.365,Luchun-Tense,0.366262276140959,5484218081665151971
Luchun_M4,4,M,Luchun,,M4_do_33_01,157.844,431.64,273.796,5,o_33,Vowel,o,Tense,Oral,33.0,1.0,Mid,33,Unaspirated,Oral,151.359,151.522,151.096,151.544,404.492,106.46,870.16,179.053,2525.98,70.663,3637.576,46.753,602.935,2680.388,3644.786,,20.959,19.386,27.045,18.9,20.805,17.054,27.171,5.325,17.635,2.753,2.912,21.4,-6.086,0.487,6.24,1.846,-6.212,14.082,3.324,16.633,18.047,-2.013,14.524,33.571,38.001,43.488,42.653,28.619,0.064,mid,0.538,0.497,0.536,0.501,-469.947,296.33,958.751,293.019,1.179,2.026,0.583,Luchun-Tense,0.581934846989141,-5275711776773280410
Luchun_M4,4,M,Luchun,,M4_do_33_02,264.889,536.926,272.037,5,o_33,Vowel,o,Tense,Oral,33.0,1.0,Mid,33,Unaspirated,Oral,143.302,143.241,143.63,143.173,376.941,123.675,915.287,211.868,2508.493,118.994,3602.08,43.203,691.569,2576.365,3611.941,,17.135,15.527,24.242,15.701,16.157,14.375,19.682,-0.612,16.456,3.498,-0.888,17.879,-7.107,-0.174,8.085,1.326,-2.547,16.153,0.679,12.029,18.023,-2.352,5.791,38.905,43.749,48.569,47.592,29.396,0.7,mid,0.583,0.508,0.546,0.529,-442.829,403.396,932.742,399.696,1.41,2.398,0.588,Luchun-Tense,0.587989991659716,-2886590767962142453
Luchun_M4,4,M,Luchun,,M4_do+_31_01,177.699,414.203,236.504,5,o+_31,Vowel,ɔ,Tense,Oral,31.0,2.0,Mid,31,Unaspirated,Oral,132.156,132.369,134.074,133.389,576.999,75.494,1001.776,130.741,2633.346,69.665,3733.274,48.878,750.785,2677.201,3736.97,3886.72,12.181,11.523,17.483,14.639,25.704,4.653,25.707,-0.945,17.97,-3.302,1.817,12.806,-5.302,-3.115,-8.221,9.985,-13.526,12.503,-5.789,14.825,10.364,-1.283,7.027,38.911,36.497,40.566,38.294,26.187,0.866,low,0.602,0.53,0.587,0.565,-340.353,298.718,739.06,294.447,1.282,3.034,0.423,Luchun-Tense,0.422544495715227,3520361798203717698
Luchun_M4,4,M,Luchun,,M4_do+_31_02,150.7,394.183,243.483,5,o+_31,Vowel,ɔ,Tense,Oral,31.0,2.0,Mid,31,Unaspirated,Oral,125.33,125.431,126.657,126.084,599.381,55.673,1043.271,103.273,2565.697,128.118,3723.846,74.553,764.902,2591.517,3726.882,,11.614,11.09,16.676,14.448,22.239,9.223,26.644,-0.607,17.067,-4.865,-1.831,5.982,-5.062,-3.358,-5.562,5.225,-15.03,11.724,-5.453,15.955,13.445,5.108,7.824,43.379,39.534,42.785,40.429,27.039,0.0,low,0.598,0.528,0.596,0.568,-331.945,274.917,735.105,270.387,1.198,3.195,0.376,Luchun-Tense,0.374960876369327,-8409205340167756470
Luchun_M4,4,M,Luchun,,M4_do+_33_01,220.761,479.396,258.635,5,o+_33,Vowel,ɔ,Tense,Oral,33.0,1.0,Mid,33,Unaspirated,Oral,115.72,115.883,116.932,116.467,574.797,92.79,1040.01,56.626,2632.338,98.522,3572.261,98.158,906.873,2661.11,3581.746,4803.737,11.589,11.114,16.038,14.025,19.18,7.97,25.173,-1.773,20.956,-0.324,2.376,11.731,-4.449,-2.911,-3.142,6.055,-13.583,12.911,-9.366,11.437,9.213,-0.618,5.732,34.068,28.499,32.97,30.583,25.815,0.0,mid,0.562,0.482,0.575,0.542,-279.896,351.907,727.74,347.233,1.081,3.375,0.319,Luchun-Tense,0.320296296296296,-1646947791160397436
Luchun_M4,4,M,Luchun,,M4_do+_33_02,178.21,415.739,237.529,5,o+_33,Vowel,ɔ,Tense,Oral,33.0,1.0,Mid,33,Unaspirated,Oral,115.832,115.777,116.785,116.368,570.44,77.539,1041.89,96.502,2600.569,116.948,3643.836,104.27,838.299,2668.62,3657.633,,11.183,10.705,15.891,13.866,18.07,6.743,26.698,-0.163,19.985,-1.132,2.014,10.938,-4.707,-3.161,-2.179,7.123,-15.514,10.891,-8.802,11.838,9.169,-0.233,6.291,43.607,38.895,43.236,40.728,29.239,0.0,mid,0.568,0.501,0.578,0.546,-249.788,300.366,637.459,295.648,1.307,3.413,0.383,Luchun-Tense,0.382947553472019,-1293039032323338711
Luchun_M4,4,M,Luchun,,M4_do+31_01,174.447,562.589,388.142,5,o+31,Vowel,ɔ,Lax,Oral,31.0,2.0,Mid,31,Unaspirated,Oral,121.107,120.996,124.055,122.308,585.771,83.075,1077.834,116.486,2577.851,153.915,3767.787,126.973,844.786,2546.812,3755.435,,14.934,14.43,17.49,15.347,23.964,11.532,28.283,1.422,19.279,-1.815,1.919,9.466,-2.556,-0.917,-6.474,3.815,-13.349,13.029,-4.345,16.244,13.015,4.963,9.793,24.653,21.374,26.654,27.234,26.333,0.0,low,0.568,0.461,0.514,0.483,-432.676,370.746,1386.124,366.725,1.74,3.101,0.563,Luchun-Lax,0.561109319574331,-2669228321628621297
Luchun_M4,4,M,Luchun,,M4_do+31_02,165.733,488.517,322.784,5,o+31,Vowel,ɔ,Lax,Oral,31.0,2.0,Mid,31,Unaspirated,Oral,122.751,122.573,125.347,123.765,569.305,91.564,1071.483,121.496,2599.541,97.758,3629.012,156.428,823.622,2584.323,3630.805,,14.593,14.047,18.359,16.025,24.829,10.276,25.305,-1.127,17.64,-2.775,3.052,11.814,-3.766,-1.978,-6.47,5.749,-10.712,15.195,-3.047,16.822,11.541,2.234,7.302,30.144,26.416,30.543,29.015,24.056,0.799,low,0.563,0.447,0.489,0.509,-401.892,330.282,1144.418,326.107,1.582,3.023,0.524,Luchun-Lax,0.523321204101886,-7773573806272201718
Luchun_M4,4,M,Luchun,,M4_do+33_02,245.614,538.696,293.082,5,o+33,Vowel,ɔ,Lax,Oral,33.0,1.0,Mid,33,Unaspirated,Oral,130.441,130.353,130.568,131.105,598.491,69.667,1067.87,117.756,2527.264,114.494,3614.896,90.322,801.726,2511.598,3618.821,,14.823,14.264,18.744,16.357,27.752,13.041,28.763,1.715,21.401,-0.216,4.53,11.378,-3.921,-2.093,-9.008,3.316,-13.941,12.572,-6.579,14.48,10.292,2.886,14.665,44.167,41.139,44.252,41.96,29.271,0.725,mid,0.593,0.453,0.469,0.488,-465.053,394.833,1172.031,391.091,1.969,2.729,0.722,Luchun-Lax,0.721509710516673,-8623254189710569049
Luchun_M4,4,M,Luchun,,M4_do+55_01,161.317,494.574,333.257,5,o+55,Vowel,ɔ,Lax,Oral,55.0,1.0,High,55,Unaspirated,Oral,157.114,157.1,156.108,156.455,569.851,114.56,1012.018,141.113,2690.791,193.926,3643.13,68.836,787.365,2762.219,3641.459,5220.36,17.233,16.338,17.673,13.67,24.796,7.557,24.744,-1.298,17.779,-2.792,-0.067,12.053,-0.44,2.668,-7.123,6.113,-7.511,17.676,-0.546,19.129,17.3,4.284,6.985,43.388,42.909,48.517,46.268,29.03,0.861,high,0.508,0.441,0.468,0.432,-799.097,329.714,1397.672,326.962,1.5,1.85,0.811,Luchun-Lax,0.810810810810811,-5010884712394613676
Luchun_M4,4,M,Luchun,,M4_do+55_02,175.764,505.634,329.87,5,o+55,Vowel,ɔ,Lax,Oral,55.0,1.0,High,55,Unaspirated,Oral,148.001,147.951,146.708,147.751,578.428,97.95,1046.713,87.322,2676.602,143.104,3653.566,79.442,855.959,2694.085,3655.746,,16.307,15.551,18.611,15.292,27.033,1.791,27.031,0.773,20.283,-0.354,3.005,13.752,-2.304,0.259,-8.422,13.502,-10.724,14.811,-3.976,15.905,13.302,1.799,9.577,43.381,40.422,45.867,43.112,28.934,0.851,high,0.524,0.46,0.489,0.446,-626.925,343.222,1221.546,340.217,1.487,2.154,0.691,Luchun-Lax,0.690343546889508,-6272023033707467670
Luchun_M4,4,M,Luchun,,M4_do31_01,119.852,452.085,332.233,5,o31,Vowel,o,Lax,Oral,31.0,2.0,Mid,31,Unaspirated,Oral,127.157,126.977,128.607,127.554,376.918,117.728,830.04,187.763,2492.355,117.238,3570.844,48.177,666.19,2535.551,3580.204,5220.141,16.834,15.558,21.352,15.128,16.371,10.938,24.947,3.759,15.746,1.149,-3.235,16.326,-4.518,0.429,4.982,4.19,-8.113,11.816,1.088,14.408,20.07,-0.768,5.079,34.146,39.013,42.277,40.482,25.94,0.0,low,0.522,0.466,0.507,0.484,-490.783,288.375,1037.874,284.557,1.767,2.643,0.669,Luchun-Lax,0.66855845629966,-3177751678416291687
Luchun_M4,4,M,Luchun,,M4_do31_02,228.15,506.164,278.014,5,o31,Vowel,o,Lax,Oral,31.0,2.0,Mid,31,Unaspirated,Oral,119.055,118.641,120.951,119.876,375.077,112.123,854.406,213.819,2500.786,109.902,3607.387,41.824,644.849,2496.164,3619.814,,14.09,12.973,18.655,13.359,17.137,10.14,21.372,0.134,8.732,-5.702,-9.173,9.879,-4.565,-0.386,1.518,3.219,-7.282,12.854,5.358,18.675,23.263,3.094,2.462,31.539,36.436,40.47,39.706,24.3,0.031,low,0.548,0.477,0.513,0.495,-521.07,369.917,949.424,365.73,1.896,2.853,0.666,Luchun-Lax,0.664563617245005,-4389158448564834174
Luchun_M4,4,M,Luchun,,M4_do33_01,215.58,512.491,296.911,5,o33,Vowel,o,Lax,Oral,33.0,1.0,Mid,33,Unaspirated,Oral,148.48,148.625,149.018,148.679,415.345,85.307,899.224,104.077,2525.199,46.383,3586.693,67.156,708.454,2613.65,3588.309,,23.137,21.74,26.986,20.028,17.377,12.359,32.069,9.458,22.198,6.716,9.901,27.015,-3.849,1.711,9.609,7.669,-8.932,12.302,0.939,15.024,13.236,-5.276,26.083,37.514,39.398,42.16,39.591,27.207,0.0,mid,0.498,0.468,0.508,0.457,-639.685,365.842,1193.76,362.771,1.044,1.94,0.541,Luchun-Lax,0.538144329896907,-8874742295975803760
Luchun_M4,4,M,Luchun,,M4_do33_02,214.917,464.033,249.116,5,o33,Vowel,o,Lax,Oral,33.0,1.0,Mid,33,Unaspirated,Oral,135.678,135.764,136.366,135.904,388.617,103.454,847.007,144.942,2503.342,110.914,3531.607,45.963,691.443,2600.811,3533.721,,19.366,18.026,22.98,16.374,15.766,10.754,27.503,5.832,17.822,2.983,1.201,19.712,-3.615,1.652,7.215,5.621,-8.137,12.212,1.544,15.044,18.164,-1.686,8.995,33.734,38.558,42.756,40.309,27.354,0.0,mid,0.493,0.46,0.5,0.458,-551.383,342.11,1091.799,338.737,1.215,2.193,0.557,Luchun-Lax,0.554035567715458,244269160173420556
Luchun_M4,4,M,Luchun,,M4_do55_01,163.596,474.087,310.491,5,o55,Vowel,o,Lax,Oral,55.0,1.0,High,55,Unaspirated,Oral,161.839,161.948,160.171,161.324,406.656,178.066,838.659,182.702,2570.56,171.387,3644.702,78.85,717.556,2618.994,3651.596,,16.856,15.06,21.093,11.34,15.63,11.782,13.166,-8.685,15.705,0.53,-3.547,16.162,-4.238,3.72,5.464,-0.442,3.689,23.772,1.151,14.53,20.403,-1.102,3.926,40.51,43.062,46.461,44.729,27.035,0.0,high,0.57,0.501,0.521,0.478,-902.937,320.898,1355.933,317.951,1.668,1.748,0.955,Luchun-Lax,0.954233409610984,-7107216596027908969
Luchun_M4,4,M,Luchun,,M4_do55_02,287.411,569.184,281.773,5,o55,Vowel,o,Lax,Oral,55.0,1.0,High,55,Unaspirated,Oral,157.844,157.77,156.948,156.784,386.426,115.348,931.336,134.432,2665.66,83.887,3619.621,86.222,776.004,2634.006,3635.639,,14.792,12.994,21.01,10.976,14.156,13.026,13.498,-7.187,12.993,-0.099,-5.63,14.409,-6.218,2.019,6.854,-2.05,1.294,20.199,1.799,13.094,20.422,-1.414,2.81,41.368,46.102,49.808,48.536,25.556,0.723,high,0.58,0.497,0.52,0.494,-603.847,430.094,1100.904,426.955,1.388,2.069,0.671,Luchun-Lax,0.670855485741904,-6898088716922296243
Luchun_M4,4,M,Luchun,,M4_dze_33_01,209.22,605.029,395.809,5,e_33,Vowel,e,Tense,Oral,33.0,1.0,Mid,33,Unaspirated,Oral,127.698,127.758,128.387,128.172,597.203,68.765,1794.024,80.099,2605.216,417.071,3733.8,325.226,673.578,1952.619,3321.925,5329.472,17.142,16.682,21.283,19.311,25.908,13.512,27.571,2.754,21.488,8.535,8.323,3.762,-4.142,-2.629,-4.625,5.799,-10.429,13.93,-4.346,8.146,8.819,12.919,12.772,39.778,39.123,34.117,31.031,29.266,0.212,mid,0.605,0.469,0.494,0.534,-256.53,410.492,678.035,406.306,2.042,3.04,0.673,Luchun-Tense,0.671710526315789,-3000184135660268196
Luchun_M4,4,M,Luchun,,M4_dze_33_02,187.644,472.484,284.84,5,e_33,Vowel,e,Tense,Oral,33.0,1.0,Mid,33,Unaspirated,Oral,121.218,121.217,121.292,121.575,552.937,59.813,1803.658,101.149,2680.321,160.717,3795.285,328.819,600.09,2041.791,3040.832,5361.234,16.921,16.442,20.929,18.864,25.52,11.736,25.551,1.339,15.056,3.707,6.072,3.92,-4.009,-2.423,-4.59,7.129,-8.63,15.104,1.865,12.735,10.849,12.522,8.08,41.601,43.752,39.254,36.868,29.894,0.921,mid,0.586,0.467,0.504,0.523,-252.379,332.77,515.589,328.462,2.007,2.942,0.683,Luchun-Tense,0.682188987083617,6100676333104995466
Luchun_M4,4,M,Luchun,,M4_dze33_01,168.665,567.842,399.177,5,e33,Vowel,e,Lax,Oral,33.0,1.0,Mid,33,Unaspirated,Oral,125.536,125.375,126.506,125.553,588.934,65.863,1796.941,110.819,2707.295,446.765,3700.986,379.707,665.776,2009.925,3166.878,5577.623,19.718,19.265,22.059,20.117,27.78,15.697,29.819,5.049,20.326,7.568,11.107,8.252,-2.34,-0.852,-5.721,4.42,-10.101,14.218,-0.608,11.698,8.611,11.014,17.939,34.354,35.174,31.875,30.208,30.593,0.11,mid,0.537,0.416,0.433,0.398,-343.045,370.352,856.45,367.166,2.201,3.018,0.733,Luchun-Lax,0.729290921139828,397697028624307248
Luchun_M4,4,M,Luchun,,M4_dze33_02,119.979,475.817,355.838,5,e33,Vowel,e,Lax,Oral,33.0,1.0,Mid,33,Unaspirated,Oral,124.322,124.328,125.725,124.95,582.483,61.185,1765.494,124.141,2704.168,224.252,3803.262,514.835,652.924,2020.795,2911.928,5537.536,19.402,18.938,22.326,20.338,28.571,15.929,29.504,4.834,19.093,6.29,12.507,10.172,-2.925,-1.399,-6.245,4.409,-10.103,14.107,0.308,12.648,6.895,8.767,18.58,33.512,32.893,29.327,27.046,29.541,0.53,mid,0.545,0.432,0.455,0.468,-325.281,300.964,767.026,297.182,2.037,2.857,0.714,Luchun-Lax,0.712985649282464,454513025896026054
Luchun_M4,4,M,Luchun,,M4_dzii_31_01,366.02,624.733,258.713,5,ii_31,Vowel,ɿ,Tense,Oral,31.0,2.0,Mid,31,Unaspirated,Oral,129.298,129.09,129.615,129.359,302.946,76.192,1230.435,202.377,2684.602,72.504,3655.381,155.158,619.538,2564.89,4325.909,5503.9,20.829,18.992,25.843,15.018,12.6,16.737,24.61,8.866,11.189,5.563,3.987,22.615,-5.013,3.974,13.243,-1.719,-3.781,10.129,9.64,13.429,16.843,-3.623,6.068,34.862,40.304,40.457,37.06,26.902,0.0,low,0.596,0.52,0.557,0.537,-537.274,498.094,1043.005,493.928,1.665,2.588,0.643,Luchun-Tense,0.643353941267388,-3351825452459338551
Luchun_M4,4,M,Luchun,,M4_dzii_31_02,336.099,539.453,203.354,5,ii_31,Vowel,ɿ,Tense,Oral,31.0,2.0,Mid,31,Unaspirated,Oral,115.084,114.783,115.881,115.609,313.308,79.144,1278.611,140.448,2626.214,172.798,3775.896,384.383,1122.207,3383.579,4956.17,5321.351,16.736,15.401,21.874,14.943,14.272,14.707,20.485,3.751,6.996,0.914,-7.165,8.476,-5.138,0.458,7.602,0.236,-3.75,11.651,9.74,14.486,23.901,6.924,2.735,30.136,35.815,37.63,37.059,25.555,0.0,low,0.586,0.522,0.579,0.555,-413.288,441.579,803.096,436.75,1.487,3.161,0.472,Luchun-Tense,0.470420752926289,2926265187365586704
Luchun_M4,4,M,Luchun,,M4_dzii_33_01,348.546,616.972,268.426,5,ii_33,Vowel,ɿ,Tense,Oral,33.0,1.0,Mid,33,Unaspirated,Oral,124.123,123.976,123.852,124.672,303.321,90.477,1305.755,219.216,2609.045,285.929,3617.825,413.081,1019.219,2860.269,4662.689,5464.775,17.86,16.243,23.28,14.235,13.189,16.205,16.228,0.201,5.676,0.58,-5.632,9.756,-5.42,2.009,10.091,-1.97,1.633,16.044,12.184,15.663,23.492,6.487,3.139,36.591,39.708,37.811,35.197,24.971,0.918,mid,0.601,0.529,0.576,0.553,-475.824,485.448,853.459,480.995,1.68,2.721,0.617,Luchun-Tense,0.61742006615215,-2305099193213629407
Luchun_M4,4,M,Luchun,,M4_dzii_33_02,345.948,567.842,221.894,5,ii_33,Vowel,ɿ,Tense,Oral,33.0,1.0,Mid,33,Unaspirated,Oral,118.207,118.018,118.563,118.554,313.519,97.436,1273.965,124.35,2646.886,250.772,3479.954,648.386,1083.297,3082.168,4621.548,5577.892,18.056,16.668,23.078,15.777,14.601,15.494,19.166,2.386,5.49,-0.703,-4.399,11.467,-5.022,0.891,8.477,0.283,-1.11,14.284,12.566,17.371,22.456,5.201,3.253,26.782,32.44,35.862,34.427,25.836,0.901,mid,0.58,0.518,0.575,0.55,-420.515,459.494,817.245,454.835,1.364,2.922,0.467,Luchun-Tense,0.466803559206023,-4313178434831866694
Luchun_M4,4,M,Luchun,,M4_dzii31_01,285.403,604.443,319.04,5,ii31,Vowel,ɿ,Lax,Oral,31.0,2.0,Mid,31,Unaspirated,Oral,129.166,128.576,131.702,129.719,342.562,88.71,1374.727,97.981,2725.916,104.037,3749.111,481.608,1256.558,2859.242,4472.266,5315.397,20.701,19.215,25.503,17.418,14.935,16.497,21.267,3.452,14.499,8.084,5.444,20.324,-4.802,1.797,10.568,0.922,-0.567,15.765,6.201,11.13,15.257,-1.109,7.376,20.361,26.14,27.959,26.424,22.946,0.0,low,0.573,0.499,0.533,0.5,-531.67,447.891,1160.557,443.983,1.868,2.766,0.676,Luchun-Lax,0.675343456254519,-4809511601235778974
Luchun_M4,4,M,Luchun,,M4_dzii31_02,275.617,577.671,302.054,5,ii31,Vowel,ɿ,Lax,Oral,31.0,2.0,Mid,31,Unaspirated,Oral,118.957,118.747,120.641,119.8,361.975,96.047,1340.444,143.489,2660.358,80.853,3659.304,272.99,1036.219,2728.459,3876.595,,19.985,18.896,24.729,19.404,20.352,17.085,26.158,6.831,11.642,3.551,5.571,18.342,-4.744,-0.508,4.377,2.32,-6.174,12.067,8.343,15.345,14.414,0.554,7.653,26.992,31.069,33.423,31.774,26.371,0.0,low,0.561,0.487,0.529,0.502,-527.32,429.281,1103.927,425.034,1.705,2.938,0.582,Luchun-Lax,0.580326752893125,-87401630518679069
Luchun_M4,4,M,Luchun,,M4_dzii33_01,281.166,535.01,253.844,5,ii33,Vowel,ɿ,Lax,Oral,33.0,1.0,Mid,33,Unaspirated,Oral,148.573,148.76,148.307,148.679,341.158,101.591,1396.151,206.789,2672.803,65.524,3516.249,289.075,553.382,2761.458,3546.373,5475.057,25.997,24.139,30.423,19.121,18.418,22.548,29.293,11.595,14.47,8.481,15.358,28.765,-4.426,5.018,12.006,-3.427,-3.296,12.546,11.527,15.659,10.639,-4.626,20.562,34.12,36.733,36.588,32.973,26.621,0.892,mid,0.536,0.494,0.532,0.483,-624.148,409.793,1330.404,406.546,0.94,2.133,0.441,Luchun-Lax,0.440693858415377,-8611686474056465461
Luchun_M4,4,M,Luchun,,M4_dzii33_02,261.661,517.002,255.341,5,ii33,Vowel,ɿ,Lax,Oral,33.0,1.0,Mid,33,Unaspirated,Oral,136.151,136.099,136.197,136.147,316.16,94.15,1320.326,125.703,2689.779,74.138,3540.789,394.76,1132.749,2841.201,4736.465,5192.359,23.52,21.67,28.076,17.002,14.623,18.927,27.079,10.696,12.534,7.127,11.023,27.418,-4.556,4.668,13.453,-1.925,-3.559,10.976,10.986,14.544,12.497,-5.748,10.912,32.6,34.958,33.523,29.543,23.551,0.931,mid,0.562,0.497,0.541,0.505,-478.031,392.046,1128.944,388.338,1.257,2.443,0.514,Luchun-Lax,0.514531313958248,3859033425974915159
Luchun_M4,4,M,Luchun,,M4_dzii55_01,348.709,664.492,315.783,5,ii55,Vowel,ɿ,Lax,Oral,55.0,1.0,High,55,Unaspirated,Oral,170.841,170.724,169.15,170.751,377.442,118.722,1362.683,128.017,2785.79,154.273,3615.624,366.234,1216.55,3101.548,5195.843,,23.288,21.144,28.322,13.949,18.505,23.291,28.302,9.599,16.593,9.279,6.46,21.615,-5.034,7.196,9.817,-9.342,-5.014,11.549,6.695,11.866,16.828,-0.471,12.339,32.21,34.146,34.798,32.37,25.95,0.746,high,0.601,0.52,0.535,0.498,-1030.966,509.024,1321.43,506.111,1.462,1.627,0.898,Luchun-Lax,0.898586355255071,1062438661540582162
Luchun_M4,4,M,Luchun,,M4_dzii55_02,226.958,498.976,272.018,5,ii55,Vowel,ɿ,Lax,Oral,55.0,1.0,High,55,Unaspirated,Oral,165.606,165.634,164.803,164.889,359.157,92.306,1324.345,44.559,2820.095,94.013,3697.308,228.067,1232.653,3106.385,4734.409,5234.153,21.184,19.022,27.218,12.73,15.702,20.593,27.216,8.978,15.84,8.622,2.605,19.323,-6.033,6.291,11.516,-7.862,-6.032,10.048,5.344,10.4,18.58,-0.302,8.658,38.654,42.151,43.714,40.906,26.366,0.661,high,0.587,0.517,0.537,0.503,-705.634,364.731,1130.866,361.69,1.352,1.933,0.7,Luchun-Lax,0.699430936368339,3146289823593276691
Luchun_M4,4,M,Luchun,,M4_dzji_31_02,233.553,533.08,299.527,5,i_31,Vowel,i,Tense,Oral,31.0,2.0,Mid,31,Unaspirated,Oral,136.324,136.346,136.778,136.451,268.244,36.85,2137.956,77.579,2865.395,228.407,3605.751,299.18,2268.221,3374.035,5272.87,5220.105,19.376,16.87,24.885,11.882,5.305,14.551,24.883,11.695,10.15,15.248,6.113,14.782,-5.508,4.988,19.58,-2.669,-5.506,5.175,9.226,1.621,13.263,2.088,4.172,30.77,41.787,38.908,35.207,26.097,0.575,low,0.502,0.448,0.484,0.458,-479.112,385.5,1024.938,382.14,1.989,2.001,0.995,Luchun-Tense,0.99400299850075,7235935644456089566
Luchun_M4,4,M,Luchun,,M4_dzji31_02,221.556,554.981,333.425,5,i31,Vowel,i,Lax,Oral,31.0,2.0,Mid,31,Unaspirated,Oral,141.632,141.682,144.157,142.776,289.148,39.934,2127.309,47.876,2864.905,290.762,3684.525,157.423,2212.15,3448.389,4605.591,,21.621,19.234,28.513,14.172,9.946,18.467,28.511,14.08,16.968,20.784,9.702,17.037,-6.892,5.062,18.567,-4.296,-6.89,5.154,4.653,-1.551,11.919,2.196,9.831,27.981,39.885,35.711,30.387,27.656,0.537,low,0.482,0.438,0.483,0.453,-557.002,390.338,1162.116,387.117,1.345,1.918,0.713,Luchun-Lax,0.701251303441084,7389691235520529105
Luchun_M4,4,M,Luchun,,M4_dzu_31_01,224.485,471.176,246.691,5,u_31,Vowel,u,Tense,Oral,31.0,2.0,Mid,31,Unaspirated,Oral,143.857,143.794,144.457,144.36,316.933,88.374,977.466,212.527,2394.459,120.445,3639.719,133.554,598.066,2418.923,3713.5,,22.098,20.011,26.962,14.038,16.375,19.575,26.794,9.732,12.752,3.816,5.298,23.103,-4.864,5.972,10.587,-5.536,-4.696,10.283,9.346,16.194,16.8,-3.092,8.35,35.711,39.097,37.805,36.674,26.694,0.848,low,0.55,0.495,0.559,0.523,-426.692,350.196,1089.472,346.556,1.02,2.15,0.474,Luchun-Tense,0.474418604651163,5544997457625110020
Luchun_M4,4,M,Luchun,,M4_dzu_31_02,254.056,530.907,276.851,5,u_31,Vowel,u,Tense,Oral,31.0,2.0,Mid,31,Unaspirated,Oral,127.648,127.214,128.715,127.954,292.78,73.76,974.741,218.564,2430.702,233.377,3638.286,117.475,560.458,2351.042,3708.068,5447.538,19.707,17.78,24.837,13.488,11.618,15.114,24.195,8.531,10.251,2.733,0.658,19.928,-5.13,4.292,13.219,-1.626,-4.488,9.252,9.456,15.047,19.049,-2.148,4.78,25.786,29.396,28.899,28.718,23.324,0.967,low,0.562,0.499,0.566,0.535,-344.643,395.079,911.718,390.874,1.258,2.647,0.475,Luchun-Tense,0.475255005666793,4599472170400788787
Luchun_M4,4,M,Luchun,,M4_dzu31_01,391.276,691.847,300.571,5,u31,Vowel,u,Lax,Oral,31.0,2.0,Mid,31,Unaspirated,Oral,126.848,126.249,130.171,127.978,359.166,106.813,1062.506,290.728,2410.631,179.874,3650.142,106.49,662.412,2451.077,3665.203,5201.604,21.981,20.653,25.333,18.588,11.155,9.222,27.862,8.31,12.675,1.793,3.004,17.556,-3.352,2.064,14.178,9.366,-5.881,12.348,9.306,18.86,18.977,3.097,10.31,15.933,20.503,22.561,22.997,20.853,0.0,low,0.524,0.449,0.493,0.458,-409.895,543.998,1164.86,540.337,1.717,2.777,0.621,Luchun-Lax,0.618293122074181,6632518083702213206
Luchun_M4,4,M,Luchun,,M4_dzu31_02,238.562,508.262,269.7,5,u31,Vowel,u,Lax,Oral,31.0,2.0,Mid,31,Unaspirated,Oral,121.037,120.171,123.947,121.946,361.092,105.266,1124.666,252.813,2434.584,130.737,3636.497,100.129,607.138,2341.907,3667.429,5495.846,20.47,19.267,23.93,17.948,18.809,16.069,26.033,6.616,11.242,1.162,2.575,16.091,-3.46,1.319,5.121,1.879,-5.563,12.654,9.228,18.105,17.895,3.176,7.289,17.96,21.09,23.172,23.354,23.65,0.0,low,0.555,0.477,0.509,0.486,-461.808,376.172,1080.17,372.103,1.927,2.877,0.671,Luchun-Lax,0.669794925269378,7505539840892037185
Luchun_M4,4,M,Luchun,,M4_gu_31_01,365.78,687.902,322.122,5,u_31,Vowel,u,Tense,Oral,31.0,2.0,Mid,31,Unaspirated,Oral,129.572,129.337,130.22,130.042,287.939,108.372,855.942,213.046,2218.61,344.213,3773.514,301.93,546.33,2292.976,3764.489,5140.311,21.289,19.191,26.177,13.668,14.082,17.003,26.133,10.557,15.182,6.336,-1.614,17.648,-4.888,5.523,12.095,-3.335,-4.845,8.639,6.107,12.855,22.903,1.544,6.37,20.055,25.715,27.751,28.414,23.454,0.827,low,0.562,0.501,0.561,0.524,-408.234,529.167,957.326,525.117,1.197,2.518,0.475,Luchun-Tense,0.47537728355838,5157376445245432655
Luchun_M4,4,M,Luchun,,M4_gu_31_02,204.85,529.488,324.638,5,u_31,Vowel,u,Tense,Oral,31.0,2.0,Mid,31,Unaspirated,Oral,135.627,135.394,136.618,135.967,292.092,91.628,922.042,297.082,2102.602,556.149,3696.969,408.431,519.335,2210.627,3735.262,5176.524,22.4,20.152,28.127,14.288,15.064,19.139,28.125,12.637,13.579,5.521,-0.875,15.515,-5.727,5.865,13.063,-4.851,-5.725,7.519,8.821,14.631,23.275,4.637,9.226,23.378,28.219,29.217,28.647,23.452,0.693,low,0.58,0.503,0.546,0.523,-422.849,369.9,831.057,366.037,1.553,2.288,0.679,Luchun-Tense,0.678758741258741,-8368887041998278382
Luchun_M4,4,M,Luchun,,M4_gu31_01,227.754,617.773,390.019,5,u31,Vowel,u,Lax,Oral,31.0,2.0,Mid,31,Unaspirated,Oral,136.149,135.731,138.174,136.914,340.559,105.719,1004.626,194.898,2339.395,129.447,3509.117,265.969,718.573,2423.535,3629.825,4844.955,23.735,22.031,27.915,18.396,14.899,15.923,21.711,3.424,14.476,4.451,4.646,20.062,-4.18,3.636,13.016,2.473,2.024,18.612,9.259,17.58,19.089,1.97,13.923,19.459,24.368,25.786,26.101,23.238,0.0,low,0.521,0.448,0.508,0.465,-378.886,425.036,1187.998,421.599,1.287,2.608,0.495,Luchun-Lax,0.493481595092024,7595537908086113713
Luchun_M4,4,M,Luchun,,M4_la_31_01,234.655,505.58,270.925,5,a_31,Vowel,a,Tense,Oral,31.0,2.0,Mid,31,Unaspirated,Oral,113.569,113.697,115.161,114.541,807.744,70.651,1392.433,158.465,2604.862,198.263,3690.026,306.95,1009.25,2410.146,3644.84,4154.841,15.822,15.585,20.779,19.805,15.032,10.63,36.156,6.367,28.169,4.033,14.876,9.173,-4.957,-4.22,5.747,9.175,-20.334,9.231,-12.347,11.552,0.946,6.412,49.587,27.53,15.599,15.963,15.052,24.72,0.0,low,0.601,0.553,0.635,0.559,-106.463,373.822,344.269,368.89,1.02,3.707,0.275,Luchun-Tense,0.275155111950364,-4056288951701039245
Luchun_M4,4,M,Luchun,,M4_la_31_02,283.153,525.289,242.136,5,a_31,Vowel,a,Tense,Oral,31.0,2.0,Mid,31,Unaspirated,Oral,112.927,113.281,115.366,113.971,771.129,47.29,1368.999,71.097,2632.511,105.94,3850.44,182.444,1006.238,2426.903,3691.606,4300.101,15.225,14.969,20.82,19.767,17.244,12.428,33.894,4.457,26.597,2.737,12.697,10.303,-5.595,-4.799,3.576,7.339,-18.67,10.526,-11.373,12.232,2.528,4.666,35.613,27.41,18.916,21.232,21.081,26.161,0.0,low,0.62,0.546,0.63,0.589,-179.297,406.697,586.69,401.481,1.225,3.855,0.318,Luchun-Tense,0.317769130998703,-1999932148861060253
Luchun_M4,4,M,Luchun,,M4_la33_01,296.943,644.252,347.309,5,a33,Vowel,a,Lax,Oral,33.0,1.0,Mid,33,Unaspirated,Oral,128.85,128.912,128.91,128.86,770.92,141.436,1397.961,149.495,2743.095,147.501,3852.454,236.624,1122.08,2656.918,3688.81,4881.621,16.73,16.401,18.002,16.636,14.731,8.13,27.741,-1.022,22.165,-0.755,13.584,13.396,-1.272,-0.235,3.271,8.507,-11.011,17.441,-5.435,17.157,3.146,3.005,13.643,34.566,25.256,26.863,25.627,28.989,0.898,mid,0.47,0.447,0.493,0.431,-697.699,473.226,1571.188,469.884,1.044,2.241,0.466,Luchun-Lax,0.465863453815261,-4928129986071095254
Luchun_M4,4,M,Luchun,,M4_la33_02,272.899,603.78,330.881,5,a33,Vowel,a,Lax,Oral,33.0,1.0,Mid,33,Unaspirated,Oral,120.587,120.929,121.381,120.975,769.088,116.465,1355.726,114.083,2780.432,155.056,3632.96,195.933,1075.625,2531.119,3440.957,4656.42,13.031,12.73,18.422,17.177,13.066,7.174,25.529,-3.398,22.404,-0.849,6.925,7.474,-5.391,-4.447,5.355,10.002,-12.498,16.147,-9.373,13.579,6.106,5.256,7.8,32.407,24.998,26.892,25.37,26.03,0.652,mid,0.586,0.507,0.58,0.547,-341.228,440.722,844.165,436.188,1.391,3.345,0.418,Luchun-Lax,0.415844544095665,-8958580930889338159
Luchun_M4,4,M,Luchun,,M4_la55_01,311.955,649.927,337.972,5,a55,Vowel,a,Lax,Oral,55.0,1.0,High,55,Unaspirated,Oral,151.321,151.326,151.148,151.245,774.718,184.94,1443.98,175.969,2677.864,146.075,3985.67,667.82,848.679,1480.457,2776.477,5461.51,18.994,18.553,16.457,14.599,20.711,10.738,24.065,-4.133,17.031,-5.093,4.291,2.68,2.538,3.954,-4.254,3.862,-5.071,22.702,1.963,23.646,14.703,15.873,7.087,49.164,39.929,40.019,38.345,29.038,0.0,high,0.457,0.409,0.439,0.39,-906.194,482.717,1565.687,480.139,1.532,1.679,0.912,Luchun-Lax,0.912447885646218,5597390326958650387
Luchun_M4,4,M,Luchun,,M4_la55_02,143.872,452.979,309.107,5,a55,Vowel,a,Lax,Oral,55.0,1.0,High,55,Unaspirated,Oral,136.799,136.732,137.12,137.105,764.057,207.858,1443.514,108.882,2664.399,165.377,3903.062,457.159,1100.467,2119.812,3279.921,5315.752,15.28,14.898,14.536,12.938,14.228,6.05,19.689,-8.332,16.448,-5.129,4.027,2.459,0.744,1.96,0.307,6.888,-4.41,23.243,-1.168,20.027,11.253,12.439,3.311,47.225,41.275,42.282,41.567,29.563,0.895,high,0.547,0.454,0.485,0.461,-767.852,301.028,1536.752,297.659,2.09,2.206,0.947,Luchun-Lax,0.947416137805984,4618136399055793593
Luchun_M4,4,M,Luchun,,M4_le_31_01,209.727,444.145,234.418,5,e_31,Vowel,e,Tense,Oral,31.0,2.0,Mid,31,Unaspirated,Oral,116.205,116.157,117.815,117.188,643.316,60.12,1809.678,102.826,2621.888,170.006,3826.746,263.362,827.833,2260.095,3264.742,3923.822,12.362,12.03,16.848,15.457,13.753,6.586,25.654,-0.222,17.104,2.318,11.318,4.934,-4.486,-3.427,3.095,8.871,-13.292,12.254,-4.742,9.712,1.044,7.096,7.071,36.256,33.73,30.129,28.046,27.737,0.0,low,0.574,0.502,0.56,0.543,-251.627,328.983,723.268,324.31,1.458,3.297,0.442,Luchun-Tense,0.442220200181984,-3202279723202758746
Luchun_M4,4,M,Luchun,,M4_le31_01,264.159,623.758,359.599,5,e31,Vowel,e,Lax,Oral,31.0,2.0,Mid,31,Unaspirated,Oral,123.704,123.67,125.43,124.15,638.245,50.337,1762.978,141.698,2722.702,189.653,3940.384,631.397,701.811,1927.484,2821.098,5004.255,18.724,18.339,18.369,16.739,22.317,13.372,32.05,6.412,21.394,6.593,14.859,11.64,0.356,1.6,-3.949,3.367,-13.325,11.93,-2.67,11.746,3.866,6.699,21.809,29.693,26.015,22.542,20.993,27.339,0.0,low,0.438,0.41,0.467,0.406,-574.361,446.401,1545.611,443.107,1.083,2.283,0.472,Luchun-Lax,0.474375821287779,-7113830700245958244
Luchun_M4,4,M,Luchun,,M4_le31_02,187.425,530.92,343.495,5,e31,Vowel,e,Lax,Oral,31.0,2.0,Mid,31,Unaspirated,Oral,108.066,108.123,110.084,157.862,643.695,61.378,1734.215,96.696,2666.762,211.108,3829.835,425.572,770.736,2034.685,3051.925,4826.744,14.262,13.973,18.21,17.008,14.257,8.359,27.941,1.722,16.956,1.188,9.686,4.966,-3.948,-3.034,3.953,8.649,-13.679,12.254,-2.694,12.785,4.576,9.008,7.603,20.989,20.156,18.73,19.279,27.502,0.412,low,0.593,0.489,0.564,0.534,-300.652,362.603,1003.466,357.639,1.886,3.985,0.474,Luchun-Lax,0.4732747804266,776432352226139261
Luchun_M4,4,M,Luchun,,M4_le33_01,289.149,584.464,295.315,5,e33,Vowel,e,Lax,Oral,33.0,1.0,Mid,33,Unaspirated,Oral,121.765,121.708,120.765,121.217,634.898,62.066,1690.251,86.29,2634.828,179.296,3720.656,284.593,848.185,2184.021,3426.742,3874.588,14.589,14.22,18.524,16.97,17.753,9.439,27.498,1.743,17.139,1.705,10.317,6.37,-3.935,-2.75,0.771,7.531,-12.908,12.48,-2.55,12.515,4.272,7.851,9.514,34.142,32.34,29.048,27.255,27.708,0.0,mid,0.567,0.503,0.555,0.523,-401.221,440.109,757.818,435.815,1.343,3.03,0.443,Luchun-Lax,0.443234323432343,-4827587082216956211
Luchun_M4,4,M,Luchun,,M4_le33_02,257.916,570.692,312.776,5,e33,Vowel,e,Lax,Oral,33.0,1.0,Mid,33,Unaspirated,Oral,116.813,116.951,116.229,116.301,624.771,88.054,1738.321,101.918,2601.655,239.645,3786.337,182.455,1115.559,2205.88,3443.773,3835.851,11.711,11.367,16.809,15.363,12.395,4.84,22.954,-2.765,15.438,0.523,7.576,2.458,-5.098,-3.996,4.415,10.523,-11.243,14.135,-3.727,10.845,4.135,8.909,4.406,37.343,34.369,30.416,28.682,27.582,0.0,mid,0.595,0.533,0.594,0.557,-297.103,416.631,654.82,411.864,1.209,3.265,0.371,Luchun-Lax,0.370290964777948,-8394193997120121022
Luchun_M4,4,M,Luchun,,M4_le55_01,194.592,523.253,328.661,5,e55,Vowel,e,Lax,Oral,55.0,1.0,High,55,Unaspirated,Oral,151.645,151.8,151.754,152.415,635.081,97.983,1801.879,77.607,2646.515,304.067,3891.639,544.74,691.961,1878.121,2932.873,5336.063,21.921,21.333,21.01,18.435,30.167,8.344,30.166,5.418,24.27,10.915,11.3,6.727,0.911,2.898,-9.157,10.091,-8.244,15.917,-2.349,10.417,10.622,14.605,19.439,40.771,37.012,33.023,30.47,27.548,0.84,high,0.472,0.444,0.471,0.425,-1119.342,360.939,1873.338,358.134,1.234,1.858,0.661,Luchun-Lax,0.664155005382131,-4910041758945451028
Luchun_M4,4,M,Luchun,,M4_le55_02,196.085,446.117,250.032,5,e55,Vowel,e,Lax,Oral,55.0,1.0,High,55,Unaspirated,Oral,146.521,146.301,144.761,146.002,615.479,87.207,1723.601,94.201,2747.005,168.845,3899.381,453.437,684.041,1849.36,2849.209,5205.033,17.406,16.826,19.418,16.884,26.343,5.44,26.341,1.662,19.529,5.821,11.506,10.768,-2.012,-0.058,-6.925,11.444,-8.935,15.168,-2.123,11.005,5.901,6.059,7.313,34.209,32.559,31.105,30.366,28.838,0.628,high,0.503,0.461,0.488,0.449,-780.423,323.28,1357.145,320.215,1.836,2.002,0.921,Luchun-Lax,0.917082917082917,-1513617196451529766
Luchun_M4,4,M,Luchun,,M4_lo_31_01,243.223,504.014,260.791,5,o_31,Vowel,o,Tense,Oral,31.0,2.0,Mid,31,Unaspirated,Oral,131.636,131.584,132.727,131.88,363.351,175.058,805.694,146.336,2483.103,113.744,3617.73,86.159,701.503,2591.58,3630.398,,16.422,14.946,21.601,14.094,14.099,10.408,22.276,1.917,18.513,4.472,-0.132,20.812,-5.179,0.852,7.502,3.686,-5.853,13.048,-2.09,10.474,16.554,-5.866,4.226,34.182,41.205,43.788,42.451,26.839,0.964,low,0.53,0.48,0.524,0.497,-445.525,376.303,917.701,372.512,1.276,2.388,0.536,Luchun-Tense,0.534338358458961,515265730582025773
Luchun_M4,4,M,Luchun,,M4_lo_31_02,293.391,522.73,229.339,5,o_31,Vowel,o,Tense,Oral,31.0,2.0,Mid,31,Unaspirated,Oral,119.031,118.859,120.32,119.557,374.745,97.436,806.879,172.472,2473.828,95.226,3653.269,139.863,629.694,2535.809,3678.956,,12.051,10.935,18.109,12.855,16.919,8.943,22.396,0.713,10.671,-4.77,-6.654,13.175,-6.058,-1.92,1.19,3.911,-10.345,10.242,1.38,15.704,18.705,-2.24,2.759,31.086,37.324,41.579,41.074,25.215,0.0,low,0.584,0.514,0.614,0.574,-265.506,409.972,763.25,405.136,0.894,3.862,0.239,Luchun-Tense,0.231486276540653,1683712465079431600
Luchun_M4,4,M,Luchun,,M4_lo_33_01,363.569,603.691,240.122,5,o_33,Vowel,o,Tense,Oral,33.0,1.0,Mid,33,Unaspirated,Oral,135.878,135.649,136.536,135.783,352.146,112.915,815.971,90.429,2494.916,198.829,3522.534,71.793,754.99,2532.738,3540.06,,16.822,15.221,22.192,13.787,13.827,11.29,21.245,1.34,19.944,6.504,-2.251,18.411,-5.369,1.434,8.364,2.497,-4.423,13.898,-3.122,8.717,19.074,-3.19,4.891,41.118,45.42,47.264,44.514,26.255,0.946,mid,0.581,0.497,0.523,0.495,-645.136,486.309,1118.4,482.662,2.107,2.421,0.87,Luchun-Tense,0.870301528294093,-6467219936494421818
Luchun_M4,4,M,Luchun,,M4_lo_33_02,262.442,494.359,231.917,5,o_33,Vowel,o,Tense,Oral,33.0,1.0,Mid,33,Unaspirated,Oral,125.742,125.689,126.456,125.764,350.273,109.668,760.007,159.96,2489.207,144.132,3465.195,51.17,671.381,2451.506,3472.502,,15.225,13.819,20.031,13.036,16.949,12.181,22.242,1.888,15.218,0.624,-5.215,16.762,-4.806,0.783,3.082,0.855,-7.017,11.954,0.007,13.195,20.44,-2.943,3.172,40.502,44.826,46.685,44.704,26.523,0.0,mid,0.552,0.487,0.525,0.5,-575.728,381.099,1037.526,377.115,2.156,2.704,0.797,Luchun-Tense,0.797337278106509,8278170303352023147
Luchun_M4,4,M,Luchun,,M4_lo31_01,260.659,592.859,332.2,5,o31,Vowel,o,Lax,Oral,31.0,2.0,Mid,31,Unaspirated,Oral,122.06,121.445,125.407,123.244,378.062,126.605,808.911,145.808,2488.891,108.963,3601.599,119.472,694.131,2549.271,3603.917,5033.693,17.012,15.785,21.772,15.862,19.761,13.218,24.705,3.297,17.534,2.41,-1.163,18.932,-4.76,-0.077,2.011,2.644,-7.693,12.508,-0.522,13.375,18.175,-3.147,5.776,13.646,20.507,26.45,27.313,22.28,0.026,low,0.553,0.469,0.505,0.484,-583.344,429.83,1243.027,425.798,2.561,2.788,0.922,Luchun-Lax,0.91857962697274,-3731691133767441801
Luchun_M4,4,M,Luchun,,M4_lo31_02,243.304,528.147,284.843,5,o31,Vowel,o,Lax,Oral,31.0,2.0,Mid,31,Unaspirated,Oral,114.337,113.345,117.213,115.517,375.827,101.356,866.773,235.704,2463.48,125.368,3542.846,52.474,621.377,2468.119,3556.386,5208.087,13.877,12.827,18.24,13.323,18.548,10.423,21.345,0.048,6.618,-7.822,-9.224,9.151,-4.363,-0.496,-0.308,2.9,-7.469,12.793,7.259,20.649,23.101,3.676,2.574,20.059,26.966,31.705,32.759,20.691,0.527,low,0.535,0.466,0.502,0.489,-494.892,389.325,982.256,384.98,2.149,3.056,0.703,Luchun-Lax,0.703206806282722,-3599720862619263463
Luchun_M4,4,M,Luchun,,M4_lo33_01,252.885,544.682,291.797,5,o33,Vowel,o,Lax,Oral,33.0,1.0,Mid,33,Unaspirated,Oral,147.523,147.519,148.125,147.721,408.189,120.471,921.678,152.915,2494.992,84.574,3530.243,65.529,775.81,2528.064,3540.472,,20.774,19.349,26.779,19.586,19.881,15.908,29.48,7.421,22.882,8.282,9.33,25.857,-6.005,-0.237,6.898,3.677,-8.706,11.943,-2.108,11.066,11.444,-6.509,17.633,39.861,41.427,42.997,40.772,26.99,0.791,mid,0.545,0.491,0.529,0.493,-686.049,400.564,1342.341,397.221,1.355,2.255,0.601,Luchun-Lax,0.600886917960089,-3436625255577666416
Luchun_M4,4,M,Luchun,,M4_lo33_02,264.838,494.843,230.005,5,o33,Vowel,o,Lax,Oral,33.0,1.0,Mid,33,Unaspirated,Oral,143.477,143.334,142.886,143.173,364.548,76.017,855.93,100.856,2539.275,160.945,3573.694,62.703,756.578,2462.231,3579.711,,15.539,13.863,22.3,13.303,14.484,12.537,17.769,-2.336,17.452,4.199,-5.686,14.851,-6.76,0.56,7.815,0.766,-2.229,16.216,-1.913,9.664,21.225,-0.988,4.578,42.384,46.913,49.56,48.029,26.944,0.818,mid,0.589,0.52,0.544,0.511,-675.489,382.569,1115.642,379.004,1.89,2.255,0.839,Luchun-Lax,0.838137472283814,-5388517677613368482
Luchun_M4,4,M,Luchun,,M4_lo55_01,319.336,688.578,369.242,5,o55,Vowel,o,Lax,Oral,55.0,1.0,High,55,Unaspirated,Oral,158.715,158.687,158.764,158.33,443.793,170.06,972.611,352.401,2527.254,74.958,3610.114,48.188,669.976,2562.97,3616.875,,19.614,18.219,25.529,18.559,21.602,16.962,25.19,2.124,16.377,0.986,7.902,22.31,-5.916,-0.34,3.927,1.597,-5.576,16.111,3.237,17.233,11.711,-4.091,9.859,45.242,46.831,48.468,45.895,28.353,0.823,high,0.561,0.513,0.542,0.507,-757.945,506.312,1311.929,503.116,1.522,1.964,0.775,Luchun-Lax,0.774949083503055,-6462645149012308290
Luchun_M4,4,M,Luchun,,M4_lo55_02,245.14,530.184,285.044,5,o55,Vowel,o,Lax,Oral,55.0,1.0,High,55,Unaspirated,Oral,151.38,151.336,151.301,151.692,378.343,91.256,889.291,172.543,2558.303,116.014,3527.194,44.5,721.867,2472.7,3526.541,,17.026,15.294,24.286,14.843,16.52,14.785,15.902,-4.711,15.851,2.473,-3.431,16.049,-7.26,0.451,7.766,0.058,1.123,20.022,1.175,12.821,20.457,-0.755,6.264,46.743,48.565,50.993,48.966,25.688,0.842,high,0.573,0.523,0.56,0.512,-617.8,389.633,1143.937,386.249,1.348,2.198,0.613,Luchun-Lax,0.613284804367607,1473916661949347438
Luchun_M4,4,M,Luchun,,M4_lu_31_01,269.61,534.696,265.086,5,u_31,Vowel,u,Tense,Oral,31.0,2.0,Mid,31,Unaspirated,Oral,133.149,133.152,133.086,132.765,313.434,80.205,922.096,193.183,2502.146,497.177,3622.842,528.512,661.207,2776.587,3717.101,5335.278,18.144,16.277,24.184,13.406,12.216,14.149,22.01,5.081,10.355,0.888,-6.469,11.859,-6.039,2.872,11.967,-0.744,-3.866,11.202,7.789,15.389,24.613,4.418,4.269,29.506,33.824,34.223,32.412,25.079,0.0,low,0.56,0.503,0.551,0.536,-358.044,404.405,867.031,400.383,1.34,2.558,0.524,Luchun-Tense,0.523846755277561,4431708457160303480
Luchun_M4,4,M,Luchun,,M4_lu_31_02,293.536,537.999,244.463,5,u_31,Vowel,u,Tense,Oral,31.0,2.0,Mid,31,Unaspirated,Oral,128.153,127.987,128.076,128.253,311.291,68.97,904.41,181.909,2471.246,530.348,3670.679,342.096,641.988,2200.649,3709.381,5031.315,16.888,15.168,23.367,13.824,12.418,13.496,16.595,-0.516,11.997,2.228,-6.429,14.083,-6.479,1.344,10.949,0.328,0.293,15.691,4.891,12.94,23.317,1.085,3.766,30.829,34.318,34.067,32.916,23.796,0.0,low,0.578,0.523,0.568,0.534,-447.328,419.274,749.189,415.095,1.389,2.598,0.534,Luchun-Tense,0.534642032332564,5297330230102070389
Luchun_M4,4,M,Luchun,,M4_lu_33_01,251.789,548.062,296.273,5,u_33,Vowel,u,Tense,Oral,33.0,1.0,Mid,33,Unaspirated,Oral,150.703,150.635,151.927,151.126,334.834,106.521,968.193,272.891,2685.059,700.659,3713.965,125.38,626.214,2240.755,3707.836,5286.251,23.778,21.623,28.591,14.958,17.291,20.067,28.552,10.803,17.094,7.365,0.986,20.494,-4.812,6.665,11.299,-5.109,-4.774,10.829,6.684,14.258,22.792,1.129,14.005,32.484,32.85,31.744,29.974,24.274,0.894,mid,0.533,0.489,0.525,0.472,-496.75,401.831,953.092,398.697,1.193,1.932,0.626,Luchun-Tense,0.617494824016563,-5862774657973227483
Luchun_M4,4,M,Luchun,,M4_lu31_01,257.667,571.231,313.564,5,u31,Vowel,u,Lax,Oral,31.0,2.0,Mid,31,Unaspirated,Oral,134.88,134.201,138.485,135.769,365.921,154.843,1130.451,285.115,2440.66,110.137,3511.178,106.704,692.017,2416.808,3595.534,4633.73,22.855,21.373,26.74,18.835,17.022,16.992,22.702,3.43,14.771,4.947,6.423,19.722,-3.885,2.537,9.718,1.843,0.153,17.947,8.084,16.426,16.432,1.651,10.52,15.978,18.634,20.863,21.21,21.623,0.0,low,0.48,0.457,0.496,0.438,-717.441,416.945,1486.096,413.651,1.582,2.29,0.688,Luchun-Lax,0.690829694323144,-3349147721648002539
Luchun_M4,4,M,Luchun,,M4_lu31_02,235.41,461.889,226.479,5,u31,Vowel,u,Lax,Oral,31.0,2.0,Mid,31,Unaspirated,Oral,124.249,123.764,125.789,124.673,372.118,104.985,1162.97,179.933,2397.806,123.549,3551.012,115.965,644.09,2315.921,3599.545,4835.766,18.26,17.104,24.344,18.659,17.305,14.034,25.43,5.478,9.443,-0.758,0.757,12.011,-6.083,-1.555,7.039,4.625,-7.17,11.629,8.817,17.862,17.503,5.092,6.055,23.645,27.916,31.313,31.779,24.979,0.0,low,0.586,0.499,0.528,0.509,-562.618,351.407,1052.794,347.285,2.079,2.83,0.734,Luchun-Lax,0.734628975265018,-1799598378249887328
Luchun_M4,4,M,Luchun,,M4_lu33_01,232.394,545.826,313.432,5,u33,Vowel,u,Lax,Oral,33.0,1.0,Mid,33,Unaspirated,Oral,135.821,135.624,136.376,136.053,332.283,133.821,999.117,193.06,2433.804,94.238,3589.597,131.883,657.035,2464.904,3698.03,4790.011,21.349,19.639,26.543,16.969,15.164,16.506,19.615,1.658,15.275,5.653,6.249,23.213,-5.194,2.67,11.379,0.462,1.733,17.986,6.074,13.986,15.1,-3.574,8.423,34.425,34.454,33.077,30.887,25.121,0.055,mid,0.534,0.483,0.521,0.486,-441.084,391.203,951.097,387.611,1.425,2.331,0.612,Luchun-Lax,0.611325611325611,-2270656231747121881
Luchun_M4,4,M,Luchun,,M4_lu33_02,221.701,529.089,307.388,5,u33,Vowel,u,Lax,Oral,33.0,1.0,Mid,33,Unaspirated,Oral,134.995,135.001,134.796,135.126,334.264,107.213,1006.02,258.159,2420.175,222.096,3525.275,215.55,640.786,2405.633,3582.473,4552.008,20.76,19.108,26.415,17.297,14.961,15.983,17.736,-0.346,13.318,3.647,5.35,21.695,-5.655,1.811,11.454,1.313,3.024,19.459,7.442,15.461,15.41,-2.588,8.907,33.54,36.243,33.953,31.729,24.891,0.0,mid,0.56,0.497,0.537,0.498,-511.869,378.035,945.535,374.343,1.49,2.349,0.635,Luchun-Lax,0.634312473392933,-6122964391790281272
Luchun_M4,4,M,Luchun,,M4_lu55_01,269.149,619.066,349.917,5,u55,Vowel,u,Lax,Oral,55.0,1.0,High,55,Unaspirated,Oral,174.725,174.637,173.518,173.779,361.003,99.484,1024.708,220.54,2557.747,449.683,3569.349,236.111,849.134,2647.794,3627.252,4853.132,23.44,20.959,28.759,11.509,17.705,21.064,28.757,10.135,18.415,8.504,2.253,19.601,-5.318,9.45,11.054,-9.554,-5.317,10.832,5.025,12.455,21.187,1.358,13.86,28.115,29.296,31.193,30.43,25.561,0.752,high,0.521,0.503,0.532,0.47,-1166.456,445.386,1555.645,442.691,1.008,1.205,0.839,Luchun-Lax,0.836514522821577,-9130432950978299604
Luchun_M4,4,M,Luchun,,M4_lu55_02,222.545,515.7,293.155,5,u55,Vowel,u,Lax,Oral,55.0,1.0,High,55,Unaspirated,Oral,170.132,170.12,168.924,169.643,369.088,116.89,1117.189,366.176,2623.895,259.075,3677.121,179.691,921.419,2497.624,3679.723,4872.085,21.136,18.907,28.164,13.346,19.149,22.247,28.162,9.15,15.69,5.787,0.882,18.722,-7.028,5.56,9.015,-8.9,-7.026,9.765,5.446,13.12,20.254,0.185,10.693,36.091,36.742,38.727,38.117,27.005,0.574,high,0.601,0.531,0.547,0.515,-934.246,370.857,1322.277,367.827,1.343,1.81,0.743,Luchun-Lax,0.741988950276243,2186221759076460894
Luchun_M4,4,M,Luchun,,M4_lw_33_01,180.956,439.64,258.684,5,w_33,Vowel,ɯ,Tense,Oral,33.0,1.0,Mid,33,Unaspirated,Oral,154.221,153.937,153.566,154.919,322.971,101.996,1713.869,194.54,2449.572,39.407,3493.854,549.348,1307.172,2432.697,4581.629,4305.021,21.808,19.591,26.003,11.174,11.725,18.648,26.001,9.643,7.714,5.827,13.204,17.714,-4.195,8.417,14.278,-7.474,-4.193,9.948,14.093,13.764,8.604,1.877,6.189,25.819,33.782,33.297,34.689,28.63,0.844,mid,0.476,0.422,0.457,0.41,-521.496,311.368,983.957,308.7,1.334,1.645,0.818,Luchun-Tense,0.810942249240122,8111984805612742496
Luchun_M4,4,M,Luchun,,M4_lw_33_02,195.542,457.843,262.301,5,w_33,Vowel,ɯ,Tense,Oral,33.0,1.0,Mid,33,Unaspirated,Oral,145.907,146.036,146.41,146.82,321.204,85.832,1778.279,321.303,2460.387,55.605,3681.045,498.885,701.709,2626.389,3986.661,,19.73,17.76,25.992,13.451,13.258,19.128,25.913,9.375,2.884,1.499,8.976,12.049,-6.262,4.309,12.734,-5.678,-6.182,8.385,16.847,16.26,10.754,5.71,5.546,39.127,47.514,44.125,44.406,30.719,0.64,mid,0.554,0.477,0.508,0.49,-494.085,329.181,867.635,325.827,1.709,1.938,0.883,Luchun-Tense,0.881836945304438,4462823084376813188
Luchun_M4,4,M,Luchun,,M4_lw33_01,279.563,555.852,276.289,5,w33,Vowel,ɯ,Lax,Oral,33.0,1.0,Mid,33,Unaspirated,Oral,153.504,153.674,153.852,155.374,354.914,102.463,1659.908,148.821,2433.29,61.047,3953.345,912.372,1100.383,2463.511,3675.045,5218.998,24.763,22.951,26.69,15.648,10.903,15.26,24.936,6.72,9.075,4.833,12.147,15.796,-1.927,7.303,15.787,0.387,-0.173,16.231,15.688,18.118,12.616,7.155,9.89,37.667,43.81,40.121,37.705,27.125,0.0,mid,0.439,0.389,0.417,0.375,-639.356,419.937,970.995,417.501,1.334,1.464,0.908,Luchun-Lax,0.91120218579235,7551301852070842318
Luchun_M4,4,M,Luchun,,M4_ma_31_01,226.021,442.701,216.68,5,a_31,Vowel,a,Tense,Oral,31.0,2.0,Mid,31,Unaspirated,Nasal,108.719,108.885,110.29,109.607,790.485,116.822,1332.94,114.731,2757.584,90.826,3659.499,119.881,1045.516,2643.805,3615.583,4620.015,10.211,9.978,15.588,14.633,4.0,-0.287,20.323,-9.67,13.938,-10.904,2.803,2.76,-5.377,-4.655,11.587,14.921,-10.112,19.671,-3.727,20.882,7.408,7.219,2.4,38.297,31.746,33.897,31.506,25.506,0.778,low,0.582,0.499,0.571,0.549,-196.117,337.404,537.152,332.355,1.319,1.342,0.204,Luchun-Tense,0.982861400894188,-6946480577029365682
Luchun_M4,4,M,Luchun,,M4_ma_31_02,193.383,462.075,268.692,5,a_31,Vowel,a,Tense,Oral,31.0,2.0,Mid,31,Unaspirated,Nasal,117.446,117.959,120.674,118.097,825.662,105.16,1397.742,151.621,2785.114,112.354,3687.159,181.134,1015.665,2421.682,3430.807,3671.559,11.419,11.163,16.749,15.696,7.175,2.38,25.752,-4.478,18.261,-6.917,8.032,7.326,-5.33,-4.533,9.575,13.317,-14.333,15.665,-6.842,18.08,3.387,3.836,6.513,21.517,13.498,18.015,18.4,21.993,0.12,low,0.592,0.516,0.587,0.548,-204.246,330.067,601.972,325.382,1.531,3.938,0.39,Luchun-Tense,0.388776028440833,-3515913788969681343
Luchun_M4,4,M,Luchun,,M4_ma31_02,225.452,573.189,347.737,5,a31,Vowel,a,Lax,Oral,31.0,2.0,Mid,31,Unaspirated,Nasal,108.073,107.631,110.643,108.986,785.068,145.789,1342.932,131.826,2752.319,240.884,3740.285,194.188,1075.941,2574.331,3632.936,5315.075,12.379,12.147,17.382,16.427,4.479,0.184,21.105,-8.764,14.885,-9.668,1.766,1.563,-5.002,-4.28,12.902,16.243,-8.726,20.932,-2.505,21.815,10.614,10.584,3.203,22.578,16.94,20.89,21.273,22.166,0.855,low,0.589,0.475,0.499,0.501,-209.978,402.513,655.502,397.846,1.912,3.709,0.517,Luchun-Lax,0.515502830951739,-2263926366696841934
Luchun_M4,4,M,Luchun,,M4_me_31_01,166.948,427.513,260.565,5,e_31,Vowel,e,Tense,Oral,31.0,2.0,Mid,31,Unaspirated,Nasal,132.912,132.965,84.707,133.888,662.79,42.974,1857.082,122.996,2856.802,170.532,3928.714,125.217,737.136,2338.066,3005.061,3956.293,12.422,12.012,18.982,17.245,18.307,8.439,27.906,2.226,13.359,-0.984,12.341,9.283,-6.56,-5.232,0.675,8.805,-15.484,9.79,-0.938,12.997,0.081,2.729,9.506,19.362,17.363,17.64,17.614,24.332,0.0,low,0.588,0.538,0.603,0.558,-281.716,298.949,732.517,294.745,0.954,2.968,0.321,Luchun-Tense,0.321428571428571,7929979381293469025
Luchun_M4,4,M,Luchun,,M4_me_33_01,317.849,593.791,275.942,5,e_33,Vowel,e,Tense,Oral,33.0,1.0,Mid,33,Unaspirated,Nasal,142.182,142.219,142.541,141.719,614.43,139.896,1727.462,114.942,2854.884,245.209,3680.559,241.048,1273.866,2383.567,3364.482,5332.538,18.044,17.508,22.785,20.463,25.54,8.705,25.539,0.611,19.41,5.333,14.872,15.373,-4.741,-2.955,-2.755,11.758,-7.494,16.901,-1.365,12.175,3.172,2.136,9.787,37.43,36.654,36.225,35.831,32.706,0.616,mid,0.507,0.462,0.501,0.46,-506.754,458.145,1085.129,454.91,1.337,2.284,0.585,Luchun-Tense,0.5853765323993,-6164643415446953594
Luchun_M4,4,M,Luchun,,M4_me_33_02,336.416,582.199,245.783,5,e_33,Vowel,e,Tense,Oral,33.0,1.0,Mid,33,Unaspirated,Nasal,141.028,140.837,140.776,141.383,617.613,137.981,1771.071,147.952,2790.067,484.166,3739.765,129.779,784.133,2114.638,3626.564,5393.086,14.752,14.233,22.153,19.912,20.039,4.352,20.037,-4.894,13.357,-0.347,5.799,4.402,-7.402,-5.679,2.114,15.56,-5.285,19.13,1.394,14.58,8.952,9.831,4.734,48.678,49.17,45.532,43.192,31.023,0.797,mid,0.589,0.534,0.57,0.54,-440.317,462.207,792.472,458.376,1.439,2.538,0.567,Luchun-Tense,0.566981875492514,-7288984990627992558
Luchun_M4,4,M,Luchun,,M4_me31_01,279.784,623.797,344.013,5,e31,Vowel,e,Lax,Oral,31.0,2.0,Mid,31,Unaspirated,Nasal,120.279,120.361,122.595,121.477,636.046,61.802,1806.195,95.429,3014.13,383.035,3829.11,283.637,721.061,1968.954,3339.816,5551.409,15.59,15.225,20.499,18.957,17.699,9.401,28.135,2.519,20.157,5.892,8.255,8.965,-4.909,-3.732,2.8,9.555,-12.545,12.71,-4.567,9.333,7.335,6.26,10.62,28.445,26.497,22.324,21.089,26.676,0.0,low,0.592,0.5,0.556,0.532,-435.598,454.699,1279.476,450.26,1.765,3.447,0.51,Luchun-Lax,0.512039454598201,-7682293678869509087
Luchun_M4,4,M,Luchun,,M4_me31_02,235.545,539.623,304.078,5,e31,Vowel,e,Lax,Oral,31.0,2.0,Mid,31,Unaspirated,Nasal,107.823,107.654,109.82,108.376,616.499,137.285,1754.853,140.077,2936.156,265.158,3933.414,260.883,701.441,1909.137,3339.268,4802.524,11.412,11.103,17.131,15.84,6.144,-0.353,20.441,-5.344,12.797,-1.955,1.802,2.432,-5.719,-4.737,10.987,16.193,-9.029,16.45,-1.385,13.058,9.609,8.671,2.201,25.582,26.424,24.45,24.631,24.605,0.88,low,0.599,0.501,0.564,0.534,-406.328,390.391,1131.979,385.391,1.961,3.946,0.499,Luchun-Lax,0.496958945767866,-1682641396290798376
Luchun_M4,4,M,Luchun,,M4_me33_01,215.014,513.962,298.948,5,e33,Vowel,e,Lax,Oral,33.0,1.0,Mid,33,Unaspirated,Nasal,139.903,139.943,140.808,139.984,631.818,114.268,1785.126,90.528,3017.201,412.761,3718.283,281.123,725.904,1928.046,3343.58,5552.529,18.604,18.109,21.248,19.114,24.804,10.672,25.097,-0.033,19.51,5.525,10.891,12.319,-2.643,-1.005,-3.556,8.442,-6.493,18.147,-0.905,12.584,7.713,5.79,10.258,38.769,37.598,34.311,32.286,30.571,0.923,mid,0.442,0.421,0.455,0.399,-701.81,366.725,1295.741,363.867,1.543,2.002,0.77,Luchun-Lax,0.770729270729271,3444448028175839408
Luchun_M4,4,M,Luchun,,M4_me33_02,232.473,497.134,264.661,5,e33,Vowel,e,Lax,Oral,33.0,1.0,Mid,33,Unaspirated,Nasal,133.354,133.454,134.628,133.849,643.07,92.569,1746.446,72.922,2605.401,226.901,3560.141,132.388,768.187,1966.727,3469.422,5426.813,17.366,16.922,21.871,19.978,21.031,9.736,25.155,-0.303,20.642,5.859,10.238,5.199,-4.505,-3.055,0.84,10.242,-7.788,17.228,-3.276,11.063,7.128,11.724,8.212,40.979,41.204,37.302,35.17,30.763,0.68,mid,0.523,0.464,0.502,0.469,-509.351,367.042,1003.491,363.523,1.672,2.502,0.669,Luchun-Lax,0.668265387689848,7708832250024415261
Luchun_M4,4,M,Luchun,,M4_me55_01,305.146,652.402,347.256,5,e55,Vowel,e,Lax,Oral,55.0,1.0,High,55,Unaspirated,Nasal,144.301,144.364,144.342,144.985,616.361,197.988,1665.605,146.204,2889.065,179.351,3848.858,284.536,1423.741,2928.207,3634.427,5310.533,18.307,17.752,20.745,18.336,20.105,1.956,20.103,-4.864,14.408,-0.215,10.708,12.863,-2.438,-0.584,0.64,16.379,-1.796,22.621,3.898,17.967,7.598,4.888,4.354,40.859,37.688,34.797,32.42,30.303,0.819,high,0.475,0.445,0.478,0.433,-964.994,481.137,1739.661,478.136,1.602,1.991,0.806,Luchun-Lax,0.80462079357107,-8971240184081335421
Luchun_M4,4,M,Luchun,,M4_me55_02,251.648,574.24,322.592,5,e55,Vowel,e,Lax,Oral,55.0,1.0,High,55,Unaspirated,Nasal,140.238,140.227,139.911,235.993,444.695,286.233,1641.754,221.997,2875.394,188.626,3831.701,266.993,1325.992,2663.971,3692.601,5135.374,14.805,13.748,20.685,15.524,15.722,11.682,7.113,-14.328,7.606,-0.421,1.953,11.078,-5.88,-1.777,4.963,3.842,7.693,28.078,7.199,14.169,12.852,2.669,2.118,38.826,38.141,35.44,32.958,25.129,0.374,high,0.586,0.511,0.538,0.5,-662.065,415.675,1128.861,412.108,2.001,2.3,0.871,Luchun-Lax,0.87,1131361266711251665
Luchun_M4,4,M,Luchun,,M4_mo_31_01,209.005,519.474,310.469,5,o_31,Vowel,o,Tense,Oral,31.0,2.0,Mid,31,Unaspirated,Nasal,135.033,134.688,135.981,135.322,340.661,171.558,779.27,97.775,2411.145,36.672,3593.089,108.969,690.607,2454.081,3640.412,,16.976,15.182,23.682,13.84,17.878,16.12,16.563,-2.293,18.12,5.157,2.947,24.754,-6.706,1.342,5.805,-2.28,0.414,17.491,-1.144,10.025,14.029,-9.573,5.181,35.782,41.578,43.506,43.032,26.371,0.784,low,0.59,0.49,0.516,0.497,-430.235,366.479,881.953,362.779,2.072,2.514,0.825,Luchun-Tense,0.824184566428003,-87401630518679069
Luchun_M4,4,M,Luchun,,M4_mo_31_02,199.711,454.133,254.422,5,o_31,Vowel,o,Tense,Oral,31.0,2.0,Mid,31,Unaspirated,Nasal,125.426,125.19,127.024,125.983,286.755,174.455,657.316,154.366,2426.727,59.493,3548.569,57.854,592.587,2403.442,3574.736,,13.584,11.398,22.444,9.79,14.683,13.577,22.221,6.154,17.02,5.133,0.446,28.404,-8.86,1.608,7.76,-3.787,-8.637,5.266,-3.436,6.265,13.138,-17.006,2.458,38.919,45.639,45.47,44.845,25.896,0.708,low,0.598,0.51,0.545,0.55,-335.539,329.614,742.065,325.208,1.644,3.029,0.544,Luchun-Tense,0.542753383955101,-6896572096653760767
Luchun_M4,4,M,Luchun,,M4_mo31_01,254.41,566.104,311.694,5,o31,Vowel,o,Lax,Oral,31.0,2.0,Mid,31,Unaspirated,Nasal,119.958,119.362,123.092,243.677,342.178,203.732,716.198,86.976,2451.149,51.121,3613.016,48.374,682.86,2462.63,3627.983,5356.074,16.129,14.69,22.319,15.109,22.06,17.371,13.925,-5.84,22.2,7.717,-0.439,22.664,-6.19,-0.419,0.259,-2.262,2.205,20.553,-6.071,6.972,16.569,-7.974,4.604,20.609,25.772,30.149,31.988,21.56,0.281,low,0.604,0.481,0.511,0.505,-533.129,413.324,1088.131,409.061,2.472,3.063,0.81,Luchun-Lax,0.807051909892262,5735218573461723804
Luchun_M4,4,M,Luchun,,M4_mo31_02,256.463,539.935,283.472,5,o31,Vowel,o,Lax,Oral,31.0,2.0,Mid,31,Unaspirated,Nasal,117.176,116.697,119.842,140.734,343.418,184.414,766.676,105.024,2452.553,32.883,3608.629,31.498,713.069,2460.819,3615.649,,14.714,13.412,22.565,16.208,21.788,16.351,12.978,-7.126,18.823,4.393,2.268,24.289,-7.851,-2.796,0.778,-0.144,1.736,20.559,-4.109,9.019,12.446,-10.877,3.92,20.326,25.797,29.818,32.104,22.428,0.513,low,0.593,0.489,0.539,0.528,-424.849,400.805,942.501,396.255,1.928,3.292,0.586,Luchun-Lax,0.585662211421628,2199586169211683159
Luchun_M4,4,M,Luchun,,M4_na_31_01,229.6,440.541,210.941,5,a_31,Vowel,a,Tense,Oral,31.0,2.0,Mid,31,Unaspirated,Nasal,117.433,117.471,119.212,118.382,866.927,150.621,1415.344,192.658,2863.082,249.052,3499.129,180.414,1063.395,2018.834,3173.429,3474.509,12.168,11.935,16.393,15.44,8.337,4.068,25.227,-5.547,20.757,-5.039,11.439,10.57,-4.225,-3.505,8.056,11.371,-13.059,17.51,-8.589,16.974,0.729,1.365,7.734,40.445,29.59,28.17,23.997,26.403,0.946,low,0.539,0.433,0.557,0.533,-279.283,338.241,918.657,333.696,1.432,3.677,0.393,Luchun-Tense,0.389447919499592,6922081637440953375
Luchun_M4,4,M,Luchun,,M4_na_31_02,201.788,388.108,186.32,5,a_31,Vowel,a,Tense,Oral,31.0,2.0,Mid,31,Unaspirated,Nasal,109.238,108.759,110.765,109.942,819.603,226.37,1411.602,118.508,2886.003,162.814,3609.252,116.98,743.095,1633.156,3109.242,3632.354,10.647,10.438,15.585,14.733,3.117,-0.654,17.957,-12.613,15.968,-9.391,6.545,6.227,-4.939,-4.295,12.469,15.387,-7.31,23.077,-5.321,19.83,4.102,4.211,2.586,30.796,24.278,25.706,24.182,22.715,0.234,low,0.534,0.473,0.565,0.528,-278.577,296.825,773.914,291.973,1.015,3.354,0.302,Luchun-Tense,0.302623732856291,-5280831737352755850
Luchun_M4,4,M,Luchun,,M4_na_33_01,206.666,488.995,282.329,5,a_33,Vowel,a,Tense,Oral,33.0,1.0,Mid,33,Unaspirated,Nasal,142.974,143.016,142.577,142.142,814.527,238.052,1425.285,122.515,2994.861,198.653,3691.663,120.852,1249.734,2845.74,3596.083,3635.92,17.794,17.434,23.632,22.135,17.723,10.381,28.637,-0.795,25.035,0.964,12.764,15.057,-5.838,-4.701,5.909,11.754,-10.844,18.262,-7.241,16.47,5.03,2.377,17.502,41.736,32.05,31.876,29.246,27.844,0.474,mid,0.59,0.5,0.532,0.523,-411.998,350.426,1048.365,346.775,1.558,2.633,0.592,Luchun-Tense,0.591720470945689,-2179993194387576392
Luchun_M4,4,M,Luchun,,M4_na_33_02,243.993,492.928,248.935,5,a_33,Vowel,a,Tense,Oral,33.0,1.0,Mid,33,Unaspirated,Nasal,138.428,138.466,139.012,137.871,748.483,289.304,1418.249,169.105,2963.729,171.396,3710.069,67.412,1187.424,2806.979,3676.532,5284.709,16.308,15.925,23.384,21.785,15.917,7.791,23.275,-5.014,18.941,-3.22,10.747,13.983,-7.077,-5.86,7.467,13.994,-6.967,20.963,-2.634,19.146,5.56,1.942,8.538,40.178,33.041,34.044,31.166,27.039,0.776,mid,0.597,0.512,0.56,0.551,-385.628,371.11,947.262,367.123,1.258,2.77,0.454,Luchun-Tense,0.454151624548736,-8409205340167756470
Luchun_M4,4,M,Luchun,,M4_na31_01,253.892,489.549,235.657,5,a31,Vowel,a,Lax,Oral,31.0,2.0,Mid,31,Unaspirated,Nasal,119.33,119.635,123.197,120.816,798.78,164.631,1423.012,70.859,2885.922,395.191,3759.476,180.111,1085.908,1428.683,3553.824,4137.042,15.442,15.178,10.051,8.962,6.437,1.438,21.233,-8.542,19.717,-4.557,-4.458,-3.753,5.391,6.216,3.614,7.524,-5.791,23.745,-4.275,19.735,19.9,18.931,4.785,25.964,16.49,18.441,19.77,20.955,0.0,low,0.361,0.348,0.385,0.322,-801.098,374.544,1492.201,371.823,0.916,1.786,0.498,Luchun-Lax,0.512877939529675,4644016784942809389
Luchun_M4,4,M,Luchun,,M4_na31_02,254.998,519.658,264.66,5,a31,Vowel,a,Lax,Oral,31.0,2.0,Mid,31,Unaspirated,Nasal,116.863,116.506,119.385,117.732,789.095,153.817,1429.435,80.68,2989.048,300.098,3784.201,218.283,1066.075,1741.068,3232.089,3792.46,13.977,13.713,14.801,13.71,5.422,0.391,19.546,-9.716,17.434,-5.951,2.332,4.522,-0.824,0.002,9.379,13.32,-5.569,23.451,-3.457,19.664,11.645,9.191,3.145,29.959,23.099,24.662,24.019,23.998,0.313,low,0.462,0.418,0.473,0.436,-463.069,390.819,1437.711,387.046,1.912,2.86,0.669,Luchun-Lax,0.668531468531468,-2738487053702684990
Luchun_M4,4,M,Luchun,,M4_na33_01,196.639,493.55,296.911,5,a33,Vowel,a,Lax,Oral,33.0,1.0,Mid,33,Unaspirated,Nasal,138.548,138.534,139.074,137.871,825.688,153.521,1403.355,132.832,2908.185,203.143,3591.448,149.226,1176.689,2828.409,3502.614,5495.419,18.379,18.037,20.744,19.327,17.613,10.777,29.499,-0.154,26.286,1.847,17.184,18.429,-2.365,-1.29,3.131,8.55,-11.12,18.222,-7.908,16.19,1.195,-0.392,22.759,39.916,30.899,32.395,30.337,28.931,0.651,mid,0.486,0.429,0.464,0.426,-574.312,347.105,1226.673,344.036,1.459,2.185,0.667,Luchun-Lax,0.667734553775744,4801100539548023313
Luchun_M4,4,M,Luchun,,M4_na33_02,221.846,510.962,289.116,5,a33,Vowel,a,Lax,Oral,33.0,1.0,Mid,33,Unaspirated,Nasal,136.139,136.427,137.583,256.983,806.148,86.743,1372.024,53.993,2902.871,229.529,3617.215,102.606,1185.619,2863.49,3569.113,5263.002,18.532,18.189,23.611,22.187,19.97,13.09,32.827,3.222,29.95,5.48,17.165,18.976,-5.079,-3.997,3.641,9.097,-14.295,14.999,-11.418,12.71,1.367,-0.787,35.867,40.164,30.6,30.367,26.131,27.12,0.364,mid,0.557,0.48,0.526,0.51,-465.147,369.174,1030.98,365.422,1.711,2.635,0.652,Luchun-Lax,0.649335863377609,-6700351026861521721
Luchun_M4,4,M,Luchun,,M4_na55_01,174.38,518.546,344.166,5,a55,Vowel,a,Lax,Oral,55.0,1.0,High,55,Unaspirated,Nasal,154.619,154.491,154.86,154.739,805.022,319.344,1399.912,163.983,2983.906,206.691,3758.39,211.811,1240.198,2819.443,3545.188,3642.951,21.781,21.342,23.732,21.886,20.618,10.905,25.226,-3.736,24.641,1.024,12.352,15.728,-1.951,-0.545,3.114,10.981,-3.445,25.114,-2.86,20.318,9.428,5.613,16.885,41.245,32.255,33.62,33.013,30.272,0.751,high,0.472,0.442,0.483,0.429,-1041.446,348.23,2124.078,345.454,1.259,1.961,0.638,Luchun-Lax,0.642019377868434,-1853355569690394146
Luchun_M4,4,M,Luchun,,M4_na55_02,195.112,494.893,299.781,5,a55,Vowel,a,Lax,Oral,55.0,1.0,High,55,Unaspirated,Nasal,144.11,144.161,143.28,143.898,740.332,324.716,1363.377,125.813,3040.829,207.436,3695.928,634.026,1218.967,1917.171,3146.625,5563.078,19.285,18.856,21.604,19.803,16.127,6.591,19.339,-8.795,19.667,-2.599,7.699,13.238,-2.319,-0.946,5.478,13.212,-0.055,27.682,-0.383,21.456,11.585,5.619,6.42,43.222,35.36,35.74,33.998,26.177,0.654,high,0.478,0.445,0.493,0.444,-987.684,346.947,2082.314,343.873,1.468,2.122,0.692,Luchun-Lax,0.691800188501414,-6251179349979093048
Luchun_M4,4,M,Luchun,,M4_ne_33_01,308.609,595.049,286.44,5,e_33,Vowel,e,Tense,Oral,33.0,1.0,Mid,33,Unaspirated,Nasal,145.713,145.699,146.464,146.264,599.513,66.807,1814.22,129.129,2652.487,201.681,3652.658,153.994,729.498,2277.487,3534.792,5189.489,18.941,18.347,25.09,22.484,31.946,9.155,31.944,7.51,19.536,6.978,15.783,12.069,-6.148,-4.137,-6.856,13.329,-13.003,10.839,-0.595,11.37,3.158,6.278,23.542,48.55,46.175,40.877,36.865,31.048,0.48,mid,0.578,0.501,0.538,0.527,-408.74,453.6,960.801,449.98,1.502,2.611,0.576,Luchun-Tense,0.575258521639219,-4805848965477031727
Luchun_M4,4,M,Luchun,,M4_ne_33_02,210.973,454.645,243.672,5,e_33,Vowel,e,Tense,Oral,33.0,1.0,Mid,33,Unaspirated,Nasal,132.304,132.35,133.427,133.007,633.992,117.729,1747.847,85.239,2780.07,141.346,3707.418,498.413,876.893,1915.471,3056.508,5240.472,16.299,15.848,23.738,21.812,17.719,6.042,24.071,-1.241,16.739,2.251,10.819,9.152,-7.439,-5.964,6.019,15.77,-7.773,17.093,-0.44,13.597,5.479,6.696,6.832,42.054,44.175,40.303,37.549,30.422,0.237,mid,0.591,0.518,0.564,0.551,-365.32,335.68,808.892,331.506,1.47,2.939,0.501,Luchun-Tense,0.500170125893161,-7448594093937979625
Luchun_M4,4,M,Luchun,,M4_ne33_01,222.76,510.444,287.684,5,e33,Vowel,e,Lax,Oral,33.0,1.0,Mid,33,Unaspirated,Nasal,141.056,141.055,141.668,141.383,654.858,114.136,1786.358,137.193,2719.957,548.888,3698.867,260.987,844.571,2106.216,3328.827,5459.177,20.523,20.049,24.129,22.097,25.261,12.512,27.915,2.465,21.015,6.329,14.72,10.234,-3.606,-2.048,-1.132,9.585,-7.392,17.587,-0.492,13.72,5.803,9.814,16.409,40.456,39.941,36.977,35.667,32.71,0.537,mid,0.467,0.419,0.451,0.411,-632.435,368.946,1190.762,366.029,1.698,2.046,0.835,Luchun-Lax,0.829912023460411,8844803821333714740
Luchun_M4,4,M,Luchun,,M4_ne33_02,222.747,498.67,275.923,5,e33,Vowel,e,Lax,Oral,33.0,1.0,Mid,33,Unaspirated,Nasal,140.863,140.811,141.187,141.383,632.95,138.975,1808.762,125.557,2637.231,383.162,3635.912,294.943,759.558,2040.214,3263.196,5411.207,19.911,19.412,25.006,22.855,25.005,10.605,25.264,0.184,19.712,5.966,12.948,7.557,-5.096,-3.443,0.002,12.25,-5.353,19.23,0.198,13.445,6.963,11.854,13.785,43.464,40.767,36.14,34.274,32.033,0.813,mid,0.541,0.456,0.483,0.451,-631.695,363.126,1132.656,359.921,2.047,2.29,0.894,Luchun-Lax,0.893886462882096,5820536579859179954
Luchun_M4,4,M,Luchun,,M4_nga_31_01,346.651,628.191,281.54,5,a_31,Vowel,a,Tense,Oral,31.0,2.0,Mid,31,Unaspirated,Nasal,128.643,128.539,130.916,129.273,804.761,85.743,1391.224,132.784,2644.566,155.43,3587.509,271.065,976.301,2074.891,3291.033,5430.747,15.207,14.894,19.795,18.501,15.566,9.436,31.406,1.841,22.683,-1.572,9.162,6.604,-4.588,-3.607,4.229,9.065,-16.199,13.071,-7.476,16.467,6.045,8.291,18.584,30.263,21.462,22.203,20.786,24.63,0.603,low,0.584,0.482,0.531,0.529,-225.023,489.983,610.203,485.859,1.701,1.786,0.417,Luchun-Tense,0.952407614781635,4982406085471266046
Luchun_M4,4,M,Luchun,,M4_nga31_02,217.331,576.532,359.201,5,a31,Vowel,a,Lax,Oral,31.0,2.0,Mid,31,Unaspirated,Nasal,113.256,113.301,115.884,113.91,772.19,87.819,1412.355,92.248,2702.72,155.586,3661.309,187.942,994.809,1573.31,2965.396,3696.189,15.889,15.632,20.488,19.433,12.714,7.865,28.331,-0.823,22.004,-1.214,7.753,6.146,-4.6,-3.8,7.774,11.567,-12.442,16.469,-6.115,16.846,8.136,9.487,13.268,25.207,17.189,19.529,19.461,25.19,0.58,low,0.572,0.454,0.498,0.496,-257.094,399.02,732.006,394.609,1.822,3.389,0.539,Luchun-Lax,0.537621717320744,1201753086890694882
Luchun_M4,4,M,Luchun,,M4_sa_31_01,245.14,541.191,296.051,5,a_31,Vowel,a,Tense,Oral,31.0,2.0,Mid,31,Unaspirated,Oral,121.013,120.848,122.288,121.757,805.719,61.633,1419.283,112.422,2663.06,205.163,3497.656,218.501,832.577,1522.72,3160.908,5614.18,12.46,12.19,13.656,12.542,10.01,4.867,25.352,-4.266,13.826,-10.224,-1.578,-4.825,-1.196,-0.352,3.647,7.675,-12.891,16.471,-1.365,22.414,14.039,17.015,6.297,30.391,21.9,25.231,25.787,22.29,0.676,low,0.402,0.357,0.455,0.299,-126.515,395.108,484.533,392.632,0.782,2.544,0.311,Luchun-Tense,0.307389937106918,8725120613297213882
Luchun_M4,4,M,Luchun,,M4_sa_31_02,264.023,537.999,273.976,5,a_31,Vowel,a,Tense,Oral,31.0,2.0,Mid,31,Unaspirated,Oral,115.013,115.29,115.953,115.425,776.75,74.486,1394.116,116.934,2690.061,209.702,3565.166,195.249,872.108,1661.583,3378.704,5603.969,10.367,10.107,14.078,13.007,8.731,3.816,24.197,-5.161,13.926,-9.807,-1.039,-2.359,-3.71,-2.899,5.346,9.19,-13.83,15.285,-3.559,19.914,11.406,12.466,4.464,34.066,24.108,27.174,26.372,23.907,0.505,low,0.574,0.462,0.54,0.537,-137.885,403.84,414.738,399.175,2.165,3.46,0.627,Luchun-Tense,0.625722543352601,-789639094716572158
Luchun_M4,4,M,Luchun,,M4_sa31_01,346.671,639.988,293.317,5,a31,Vowel,a,Lax,Oral,31.0,2.0,Mid,31,Unaspirated,Oral,121.28,121.201,124.24,122.273,762.183,81.853,1379.991,82.451,2697.495,119.387,3760.541,614.515,864.555,1443.491,2969.3,5547.885,16.291,15.985,16.125,14.857,12.494,6.468,27.034,-1.846,19.21,-3.876,2.323,1.819,0.166,1.128,3.631,8.389,-10.743,17.848,-2.919,19.861,13.968,14.166,9.951,26.212,17.182,20.685,21.059,22.469,0.636,low,0.464,0.364,0.386,0.37,-503.601,496.698,994.08,493.614,2.234,2.384,0.943,Luchun-Lax,0.937080536912752,-5560669773064676566
Luchun_M4,4,M,Luchun,,M4_sa31_02,263.68,550.461,286.781,5,a31,Vowel,a,Lax,Oral,31.0,2.0,Mid,31,Unaspirated,Oral,108.302,108.218,111.483,109.378,745.842,65.915,1380.244,110.109,2677.45,160.819,3808.922,504.717,795.01,1499.228,3028.729,5593.479,13.523,13.276,15.322,14.305,9.337,4.693,24.703,-4.294,13.524,-9.458,-2.196,-3.914,-1.798,-1.029,5.985,9.612,-11.18,17.583,-0.001,22.735,15.719,17.19,4.778,22.691,15.845,20.554,22.628,21.118,0.06,low,0.546,0.397,0.419,0.437,-304.8,409.918,916.446,405.845,2.346,3.085,0.761,Luchun-Lax,0.760453808752026,-6233626098241042452
Luchun_M4,4,M,Luchun,,M4_se_31_01,249.101,536.613,287.512,5,e_31,Vowel,e,Tense,Oral,31.0,2.0,Mid,31,Unaspirated,Oral,116.293,116.223,117.69,117.035,640.381,62.039,1781.672,126.506,2569.248,256.898,3644.48,300.333,950.242,2216.87,3381.157,4947.072,12.058,11.721,17.098,15.681,14.675,7.328,28.539,2.724,20.405,5.603,13.213,6.347,-5.04,-3.961,2.423,8.354,-16.48,8.999,-8.347,6.118,-1.155,5.374,12.091,37.768,33.411,28.954,26.751,29.279,0.0,low,0.551,0.478,0.591,0.561,-237.793,395.762,826.595,390.93,1.311,3.644,0.36,Luchun-Tense,0.359769484083425,366625597908428131
Luchun_M4,4,M,Luchun,,M4_se_31_02,191.008,465.907,274.899,5,e_31,Vowel,e,Tense,Oral,31.0,2.0,Mid,31,Unaspirated,Oral,114.931,115.205,115.923,115.519,578.885,58.533,1738.338,87.469,2562.874,161.161,3687.133,277.286,785.262,2040.173,3314.675,4506.605,11.427,11.036,16.774,15.117,16.504,7.2,27.365,2.414,16.429,3.241,8.937,4.056,-5.348,-4.081,0.27,7.917,-15.939,8.623,-5.002,7.795,2.49,6.98,7.068,40.113,37.146,32.388,30.171,27.856,0.0,low,0.627,0.528,0.594,0.572,-325.349,332.128,715.909,327.144,1.844,3.54,0.521,Luchun-Tense,0.52090395480226,2585852705797413299
Luchun_M4,4,M,Luchun,,M4_se31_01,354.952,710.509,355.557,5,e31,Vowel,e,Lax,Oral,31.0,2.0,Mid,31,Unaspirated,Oral,112.319,112.649,116.102,142.233,659.145,45.885,1755.975,90.173,2598.884,243.475,3745.63,791.135,704.775,1892.358,2862.549,5766.084,12.933,12.629,17.412,16.141,14.559,8.227,28.137,1.871,17.81,2.023,7.779,0.821,-4.479,-3.512,2.853,7.914,-15.204,10.76,-4.877,10.606,5.154,11.807,9.932,19.827,17.126,14.838,15.992,21.362,0.55,low,0.541,0.475,0.564,0.527,-148.948,535.091,419.779,530.365,1.132,3.515,0.323,Luchun-Lax,0.322048364153627,1104876616715189991
Luchun_M4,4,M,Luchun,,M4_se31_02,326.714,593.194,266.48,5,e31,Vowel,e,Lax,Oral,31.0,2.0,Mid,31,Unaspirated,Oral,110.173,110.26,113.221,125.582,645.421,46.835,1725.294,91.172,2544.12,188.937,3659.925,330.332,774.721,2039.711,3140.885,5436.34,11.912,11.607,17.253,15.977,13.905,7.527,28.643,2.526,17.525,1.886,10.794,4.045,-5.341,-4.37,3.348,8.449,-16.73,9.082,-5.612,9.721,1.118,7.561,11.296,23.009,19.9,16.724,17.22,23.733,0.641,low,0.573,0.471,0.596,0.571,-230.018,462.953,851.466,457.732,1.426,4.057,0.352,Luchun-Lax,0.35149124969189,6168777945789905613
Luchun_M4,4,M,Luchun,,M4_si_31_01,324.126,614.539,290.413,5,i_31,Vowel,i,Tense,Oral,31.0,2.0,Mid,31,Unaspirated,Oral,130.025,129.694,131.381,130.961,263.972,30.824,2183.318,53.64,3041.005,253.03,3688.609,144.88,2216.792,3080.054,3614.778,5362.528,16.0,13.659,24.025,10.904,5.414,14.059,24.022,10.896,9.654,15.221,5.757,17.014,-8.025,2.755,18.611,-3.155,-8.023,2.763,6.346,-1.563,10.243,-3.356,2.948,33.206,46.323,42.606,36.685,27.65,0.422,low,0.549,0.454,0.488,0.45,-356.431,471.366,1053.379,467.886,1.755,2.756,0.638,Luchun-Tense,0.636792452830189,552860151580495499
Luchun_M4,4,M,Luchun,,M4_si_31_02,323.48,622.3,298.82,5,i_31,Vowel,i,Tense,Oral,31.0,2.0,Mid,31,Unaspirated,Oral,118.787,118.471,120.316,119.707,263.977,44.522,2194.701,79.813,2811.103,185.299,3823.003,237.015,1806.247,2460.53,3776.861,5173.767,13.185,11.235,22.082,10.615,4.469,11.253,22.059,8.781,4.622,10.128,1.42,7.772,-8.897,0.62,17.613,-0.637,-8.874,2.455,8.563,1.107,11.765,3.463,1.653,36.355,47.721,43.427,38.213,26.062,0.59,low,0.615,0.507,0.559,0.551,-429.082,475.774,861.748,471.11,1.726,3.241,0.533,Luchun-Tense,0.532551681579759,-3776195144807365384
Luchun_M4,4,M,Luchun,,M4_si_33_01,340.753,583.706,242.953,5,i_33,Vowel,i,Tense,Oral,33.0,1.0,Mid,33,Unaspirated,Oral,137.596,137.537,139.018,137.998,277.366,51.063,2187.255,74.819,2937.055,194.272,3650.871,251.286,2299.277,3307.82,4890.204,5243.794,19.175,16.755,24.843,11.156,6.694,15.53,24.84,11.125,11.309,16.329,9.946,18.526,-5.668,5.6,18.149,-4.374,-5.665,5.63,7.866,0.426,9.229,-1.771,4.406,33.617,43.6,40.062,35.104,28.295,0.556,mid,0.568,0.459,0.481,0.47,-641.534,464.122,1139.972,460.689,1.915,2.296,0.836,Luchun-Tense,0.834059233449477,6657076939413105084
Luchun_M4,4,M,Luchun,,M4_si_33_02,296.129,524.322,228.193,5,i_33,Vowel,i,Tense,Oral,33.0,1.0,Mid,33,Unaspirated,Oral,124.651,124.354,125.709,125.157,269.45,55.079,2168.148,87.955,2867.391,232.904,3690.732,194.511,2316.826,3410.445,4084.466,5414.11,16.014,13.921,23.484,11.031,5.58,13.054,23.48,10.078,7.893,13.012,1.933,9.95,-7.469,2.891,17.904,-2.023,-7.466,3.843,8.121,0.909,14.082,3.972,2.364,39.421,50.915,46.218,41.293,27.729,0.58,mid,0.586,0.488,0.517,0.513,-514.645,412.887,955.443,408.749,1.829,2.812,0.65,Luchun-Tense,0.650426742532006,-2219608966260551140
Luchun_M4,4,M,Luchun,,M4_si31_01,336.717,666.659,329.942,5,i31,Vowel,i,Lax,Oral,31.0,2.0,Mid,31,Unaspirated,Oral,131.017,130.7,133.892,132.322,293.676,58.848,2155.91,87.172,2865.529,204.312,3737.813,227.989,2089.835,3187.719,3479.343,5677.075,14.394,12.432,22.219,10.055,6.573,13.077,22.094,7.177,5.245,8.804,-1.282,5.533,-7.825,2.377,15.646,-3.022,-7.7,5.255,9.15,3.628,15.676,6.899,1.98,26.889,40.801,37.724,34.678,23.879,0.621,low,0.64,0.499,0.51,0.521,-628.495,505.06,1104.755,501.037,2.6,2.811,0.926,Luchun-Lax,0.924937744574884,7392963960454478047
Luchun_M4,4,M,Luchun,,M4_si31_02,315.976,588.173,272.197,5,i31,Vowel,i,Lax,Oral,31.0,2.0,Mid,31,Unaspirated,Oral,121.862,121.599,125.183,123.093,307.951,59.863,2142.614,115.941,2808.942,326.084,3875.231,305.843,1507.159,2964.024,4211.245,5815.522,12.941,11.349,20.387,11.327,5.264,9.253,14.757,-0.952,2.851,5.548,-3.068,1.303,-7.446,0.021,15.123,2.075,-1.817,12.301,10.09,5.801,16.009,10.046,1.403,21.656,35.82,32.827,30.924,21.201,0.758,low,0.644,0.505,0.524,0.526,-622.392,454.959,1133.111,450.595,2.72,2.973,0.916,Luchun-Lax,0.914900773629331,-6930315336605389638
Luchun_M4,4,M,Luchun,,M4_si33_01,541.283,773.678,232.395,5,i33,Vowel,i,Lax,Oral,33.0,1.0,Mid,33,Unaspirated,Oral,134.25,133.877,134.59,134.707,265.657,27.127,2197.305,126.89,2858.506,234.803,3990.051,226.587,2202.433,2531.637,3897.975,5429.961,14.213,11.751,21.491,8.478,1.295,10.429,21.489,8.39,3.687,9.429,1.23,8.518,-7.278,3.273,20.197,-1.95,-7.276,3.361,10.526,2.323,12.983,3.234,1.58,34.135,47.54,45.174,41.798,27.462,0.447,mid,0.643,0.531,0.555,0.55,-639.865,660.654,1174.338,656.543,2.186,2.611,0.837,Luchun-Lax,0.837227116047491,-4633505622335991987
Luchun_M4,4,M,Luchun,,M4_si33_02,403.643,619.142,215.499,5,i33,Vowel,i,Lax,Oral,33.0,1.0,Mid,33,Unaspirated,Oral,118.512,118.525,119.724,119.455,297.086,67.609,2171.229,80.759,2832.865,130.976,3966.293,267.505,1953.575,2554.125,3899.7,4850.346,10.144,8.669,18.98,10.884,2.525,5.662,8.768,-6.907,3.027,5.901,0.038,4.675,-8.836,-2.215,16.456,5.222,1.376,15.576,7.117,2.768,10.107,3.994,1.048,40.881,53.272,49.925,45.691,28.22,0.946,mid,0.622,0.563,0.614,0.58,-440.837,514.771,744.232,509.858,1.878,3.133,0.601,Luchun-Lax,0.599425470794765,4492565649573162525
Luchun_M4,4,M,Luchun,,M4_si55_01,397.148,644.793,247.645,5,i55,Vowel,i,Lax,Oral,55.0,1.0,High,55,Unaspirated,Oral,167.546,167.607,168.021,168.609,322.618,44.439,2183.132,88.314,2829.708,140.019,3712.532,217.866,2432.751,3146.823,3876.02,,20.723,17.973,25.375,11.021,5.293,14.866,25.373,9.697,13.166,16.277,12.523,17.283,-4.651,6.952,20.082,-3.844,-4.65,8.276,7.557,1.696,8.2,0.69,5.9,29.421,41.464,39.962,37.281,29.911,0.613,high,0.544,0.476,0.497,0.455,-815.694,522.887,1448.969,520.166,1.471,1.824,0.808,Luchun-Lax,0.806469298245614,8565268051576815046
Luchun_M4,4,M,Luchun,,M4_si55_02,298.245,492.221,193.976,5,i55,Vowel,i,Lax,Oral,55.0,1.0,High,55,Unaspirated,Oral,164.728,164.403,163.857,164.419,318.829,41.985,2239.631,150.836,2860.951,258.393,3803.03,269.326,1401.536,2926.46,4470.417,5314.656,17.864,15.21,23.097,8.183,3.585,12.914,23.095,7.512,7.858,11.456,4.146,8.77,-5.233,7.026,19.511,-4.731,-5.231,7.698,10.006,3.753,13.718,6.439,2.961,42.242,53.072,50.077,45.729,28.039,0.592,high,0.554,0.457,0.479,0.454,-697.188,397.46,1245.255,394.698,1.567,1.899,0.825,Luchun-Lax,0.825171142706688,3286752392920640956
Luchun_M4,4,M,Luchun,,M4_x005F_x1a31_01,272.899,607.526,334.627,5,a31,Vowel,a,Lax,Oral,31.0,2.0,Mid,31,Unaspirated,Oral,119.139,119.0,121.615,120.16,754.424,117.225,1426.089,119.282,2603.706,117.262,3698.199,859.071,891.047,1505.975,2734.925,5560.153,15.895,15.6,17.159,15.937,16.396,10.607,28.055,-0.539,21.668,-0.697,9.946,7.066,-1.264,-0.337,0.762,5.33,-12.161,16.15,-5.773,16.296,5.948,8.534,14.268,31.786,21.666,21.386,21.175,25.207,0.909,low,0.47,0.394,0.424,0.387,-412.921,442.473,1027.795,439.207,1.972,2.573,0.766,Luchun-Lax,0.766420520792849,-9198623323435143646
Luchun_M4,4,M,Luchun,,M4_x005F_x1a31_02,238.964,553.591,314.627,5,a31,Vowel,a,Lax,Oral,31.0,2.0,Mid,31,Unaspirated,Oral,108.426,108.521,111.375,109.775,746.497,89.65,1380.612,126.482,2550.167,86.759,3413.368,561.028,889.539,1894.721,2715.658,5001.106,12.902,12.65,17.324,16.289,12.678,7.932,27.618,-1.299,18.844,-4.074,8.906,5.636,-4.422,-3.639,4.646,8.357,-14.717,13.96,-5.942,16.724,3.996,7.014,10.771,24.054,16.383,18.699,19.402,24.089,0.857,low,0.549,0.444,0.488,0.483,-220.989,398.694,815.357,394.225,2.049,3.491,0.59,Luchun-Lax,0.586937840160413,1458457552630293100
Luchun_M4,4,M,Luchun,,M4_x1a_31_01,330.491,609.749,279.258,5,a_31,Vowel,a,Tense,Oral,31.0,2.0,Mid,31,Unaspirated,Oral,119.542,119.508,120.601,119.87,782.687,58.288,1395.856,106.001,2656.243,81.038,3303.936,272.435,981.069,2038.011,2901.866,4189.311,13.059,12.781,15.483,14.335,15.287,9.957,31.364,2.058,23.009,-0.66,14.376,12.296,-2.424,-1.554,0.195,4.378,-18.306,10.738,-9.95,13.44,-1.318,0.484,26.629,25.759,14.916,17.078,15.571,23.221,0.72,low,0.543,0.461,0.518,0.521,-218.033,472.688,792.61,468.329,1.712,3.381,0.517,Luchun-Tense,0.506359065365277,2689136681575982920
Luchun_M4,4,M,Luchun,,M4_xa_31_01,347.39,623.556,276.166,5,a_31,Vowel,a,Tense,Oral,31.0,2.0,Mid,31,Unaspirated,Oral,122.555,122.152,122.926,122.392,801.284,58.687,1428.683,77.472,2635.498,139.713,3043.019,696.479,956.082,1566.562,2751.913,5636.643,12.5,12.223,15.283,14.139,15.997,10.692,30.299,0.832,24.929,1.125,16.587,13.032,-2.783,-1.916,-0.714,3.447,-17.799,11.406,-12.429,11.098,-4.087,-0.808,24.268,43.05,31.381,30.166,26.827,26.63,0.757,low,0.547,0.452,0.506,0.528,-225.162,488.638,830.275,484.31,1.506,3.315,0.453,Luchun-Tense,0.454298642533937,-3635545772789467519
Luchun_M4,4,M,Luchun,,M4_xa_31_02,247.831,508.908,261.077,5,a_31,Vowel,a,Tense,Oral,31.0,2.0,Mid,31,Unaspirated,Oral,110.424,110.93,111.825,111.376,774.813,58.647,1408.24,107.949,2655.651,92.322,3159.241,371.705,940.42,1801.763,2796.462,5485.425,8.892,8.653,14.946,13.963,8.777,4.323,30.883,1.524,21.388,-2.164,16.2,13.895,-6.054,-5.31,6.168,9.64,-21.991,7.143,-12.496,10.817,-7.308,-5.242,14.518,44.586,35.293,35.261,31.265,28.066,0.0,low,0.591,0.502,0.612,0.595,-181.695,381.088,726.285,375.706,1.293,4.058,0.318,Luchun-Tense,0.318629866929522,2644733584483226181
Luchun_M4,4,M,Luchun,,M4_xa_33_01,212.509,459.252,246.743,5,a_33,Vowel,a,Tense,Oral,33.0,1.0,Mid,33,Unaspirated,Oral,129.077,129.398,128.521,128.853,765.306,70.333,1391.513,110.857,2639.267,125.473,3302.928,462.957,986.802,1897.583,2864.977,5561.252,13.814,13.489,17.32,15.973,15.596,9.116,31.693,2.824,22.533,-0.567,14.565,12.621,-3.506,-2.484,1.725,6.858,-17.879,10.68,-8.719,14.056,-0.751,0.868,20.599,41.649,30.958,30.617,27.481,27.213,0.505,mid,0.55,0.486,0.543,0.505,-325.445,338.352,937.796,334.449,1.369,3.062,0.448,Luchun-Tense,0.447093403004572,-1616591987878283599
Luchun_M4,4,M,Luchun,,M4_xa_33_02,174.01,464.703,290.693,5,a_33,Vowel,a,Tense,Oral,33.0,1.0,Mid,33,Unaspirated,Oral,119.099,119.554,118.965,119.305,752.388,68.236,1348.429,115.283,2561.576,117.284,3173.709,356.967,867.876,1595.137,2757.115,5178.607,12.338,12.049,16.498,15.303,14.147,8.544,29.476,0.481,21.82,-1.511,12.116,9.68,-4.16,-3.254,2.352,6.758,-17.138,11.581,-9.482,13.559,0.222,2.369,14.325,47.886,36.795,37.063,33.446,29.425,0.603,mid,0.562,0.477,0.553,0.522,-276.239,322.225,834.061,317.847,1.355,3.44,0.395,Luchun-Tense,0.393895348837209,7259129179883839193
Luchun_M4,4,M,Luchun,,M4_xa31_01,341.402,653.274,311.872,5,a31,Vowel,a,Lax,Oral,31.0,2.0,Mid,31,Unaspirated,Oral,109.38,108.963,111.972,110.154,783.035,133.368,1396.4,147.612,2640.019,139.919,4008.42,541.201,1095.404,2321.437,3501.677,4855.45,10.295,10.056,13.231,12.252,8.482,4.05,21.338,-8.216,16.001,-7.927,4.442,1.973,-2.936,-2.196,4.748,8.202,-11.043,18.287,-5.706,17.983,5.853,8.083,3.698,29.668,20.756,22.34,23.019,26.191,0.817,low,0.494,0.442,0.548,0.502,-315.833,499.885,1167.948,495.266,0.899,3.215,0.279,Luchun-Lax,0.279626749611198,-8051870922024576606
Luchun_M4,4,M,Luchun,,M4_xa31_02,262.909,509.599,246.69,5,a31,Vowel,a,Lax,Oral,31.0,2.0,Mid,31,Unaspirated,Oral,106.899,106.961,108.518,107.547,737.378,144.389,1379.514,128.517,2547.544,161.747,3988.059,387.186,1108.883,2482.134,4035.081,4706.247,9.768,9.522,13.43,12.418,8.157,3.529,19.404,-9.384,13.414,-9.267,3.273,0.245,-3.663,-2.896,5.273,8.889,-9.636,18.916,-3.646,18.788,6.495,9.276,2.288,38.741,31.484,32.277,32.515,28.34,0.839,low,0.583,0.462,0.525,0.514,-368.159,389.756,1124.478,384.923,2.771,3.487,0.796,Luchun-Lax,0.794665901921422,6612769829936252139
Luchun_M4,4,M,Luchun,,M4_xa33_01,293.557,608.764,315.207,5,a33,Vowel,a,Lax,Oral,33.0,1.0,Mid,33,Unaspirated,Oral,129.927,130.101,129.49,129.785,756.545,188.883,1389.478,143.838,2622.744,170.49,3888.448,541.264,1170.029,2599.792,3510.927,5656.971,15.808,15.468,14.654,13.241,11.521,4.618,22.144,-6.415,20.728,-1.883,9.501,7.675,1.154,2.227,3.134,8.623,-6.336,21.897,-4.92,17.351,6.307,7.794,6.941,39.219,34.588,37.084,37.571,31.837,0.0,mid,0.448,0.421,0.483,0.427,-600.539,453.914,1534.575,450.632,0.849,2.185,0.39,Luchun-Lax,0.388558352402746,8693334983848924724
Luchun_M4,4,M,Luchun,,M4_xa33_02,290.167,599.518,309.351,5,a33,Vowel,a,Lax,Oral,33.0,1.0,Mid,33,Unaspirated,Oral,123.697,123.79,123.73,123.959,740.185,90.365,1351.964,92.034,2579.646,62.798,3475.904,323.343,979.216,1974.851,2770.159,4680.321,14.421,14.103,18.629,17.308,16.89,10.558,30.233,1.52,22.124,-0.82,12.758,10.982,-4.208,-3.205,1.739,6.75,-15.811,12.596,-7.703,14.923,1.664,3.121,16.125,44.878,35.418,37.302,35.287,28.774,0.586,mid,0.582,0.497,0.559,0.531,-330.402,447.636,945.131,443.346,1.692,3.206,0.527,Luchun-Lax,0.527760449157829,-84825837748815906
Luchun_M4,4,M,Luchun,,M4_xa55_01,345.418,676.697,331.279,5,a55,Vowel,a,Lax,Oral,55.0,1.0,High,55,Unaspirated,Oral,149.743,149.728,149.915,149.9,722.298,122.193,1366.183,106.212,2690.248,112.403,3801.421,408.201,1127.751,2744.438,3704.901,5230.04,16.612,16.122,17.206,15.128,24.541,12.66,28.526,0.898,23.786,2.235,13.648,14.757,-0.595,0.994,-7.335,2.468,-11.914,15.241,-7.174,13.887,2.964,1.364,14.679,46.424,36.562,38.618,37.533,30.799,0.629,high,0.498,0.479,0.525,0.475,-570.045,513.159,1214.679,509.98,1.087,2.04,0.534,Luchun-Lax,0.532843137254902,6106339477523339520
Luchun_M4,4,M,Luchun,,M4_xa55_02,217.331,495.422,278.091,5,a55,Vowel,a,Lax,Oral,55.0,1.0,High,55,Unaspirated,Oral,151.286,151.198,151.919,151.812,703.345,134.603,1359.108,163.521,2663.658,174.166,3809.778,639.236,802.06,1424.579,2836.77,5202.78,13.986,13.458,16.569,14.314,21.854,8.156,22.865,-4.375,14.586,-6.417,0.504,2.294,-2.583,-0.857,-5.285,6.159,-8.879,17.85,-0.6,19.875,13.482,11.164,4.719,52.313,43.738,44.622,41.593,26.889,0.884,high,0.563,0.519,0.56,0.517,-473.282,358.351,937.519,354.929,1.182,2.174,0.544,Luchun-Lax,0.543698252069917,-1721747889657624480
Luchun_M4,4,M,Luchun,,M4_xe=33_01,383.636,715.757,332.121,5,e=33,Vowel,ɤ,Lax,Oral,33.0,1.0,Mid,33,Unaspirated,Oral,136.27,136.213,135.834,136.512,392.638,58.556,1310.416,104.381,2543.62,78.707,3687.07,124.599,908.845,2498.792,3707.922,5113.635,18.744,17.557,21.116,15.215,12.989,10.437,26.612,5.977,9.2,-0.477,2.787,12.869,-2.372,2.342,8.127,4.779,-7.869,11.584,9.543,18.034,15.956,4.689,6.309,35.052,39.535,41.911,41.231,28.735,0.0,mid,0.467,0.408,0.445,0.402,-401.703,551.652,841.491,548.71,1.527,2.019,0.755,Luchun-Lax,0.75631500742942,8314332843208854480
Luchun_M4,4,M,Luchun,,M4_xe=33_02,324.773,631.356,306.583,5,e=33,Vowel,ɤ,Lax,Oral,33.0,1.0,Mid,33,Unaspirated,Oral,132.267,132.301,131.705,132.243,397.221,52.475,1314.065,69.899,2563.889,107.899,3718.188,141.971,939.757,2385.027,3717.593,5089.453,16.73,15.627,20.848,15.468,15.869,12.111,25.933,5.119,11.432,1.535,-0.614,9.894,-4.118,0.158,4.979,3.358,-9.204,10.51,5.298,14.092,17.343,5.733,5.64,39.792,46.761,49.236,47.998,29.636,0.0,mid,0.519,0.441,0.476,0.461,-300.784,480.942,722.988,477.462,1.759,2.438,0.721,Luchun-Lax,0.72149302707137,-9166314272920011368
Luchun_M4,4,M,Luchun,,M4_za_31_02,246.75,478.265,231.515,5,a_31,Vowel,a,Tense,Oral,31.0,2.0,Mid,31,Unaspirated,Oral,114.515,114.801,115.598,115.22,774.728,90.437,1423.364,94.717,2623.88,81.017,3613.872,126.718,1016.155,2363.112,3350.428,5599.885,11.859,11.6,17.281,16.215,11.072,6.165,26.363,-2.684,20.542,-2.486,8.491,5.366,-5.422,-4.615,6.209,10.05,-14.504,14.296,-8.683,14.086,3.368,6.234,8.724,40.378,31.936,31.509,28.824,26.814,0.112,low,0.63,0.475,0.507,0.561,-205.683,365.803,548.949,360.914,2.2,3.565,0.617,Luchun-Tense,0.61711079943899,-7711968487911269338
Luchun_M4,4,M,Luchun,,M4_za31_01,286.499,651.475,364.976,5,a31,Vowel,a,Lax,Oral,31.0,2.0,Mid,31,Unaspirated,Oral,122.469,122.289,124.104,123.013,736.251,102.817,1443.371,158.502,2585.557,167.951,3682.113,355.602,912.777,1975.608,3160.958,5696.583,18.06,17.739,18.62,17.285,16.75,10.248,28.662,0.633,20.739,-0.619,8.302,5.499,-0.56,0.454,1.87,7.036,-10.602,17.115,-2.679,18.358,9.758,12.24,15.177,34.778,25.695,24.992,24.043,27.144,0.909,low,0.438,0.395,0.445,0.37,-159.984,470.453,470.621,467.416,1.243,2.562,0.489,Luchun-Lax,0.485167837626854,8998045351002619511
Luchun_M4,4,M,Luchun,,M4_za31_02,183.728,502.954,319.226,5,a31,Vowel,a,Lax,Oral,31.0,2.0,Mid,31,Unaspirated,Oral,110.92,111.104,114.086,112.012,726.75,72.937,1442.107,164.389,2529.991,232.891,3532.744,243.152,812.184,1710.958,3256.07,5472.841,15.573,15.302,19.616,18.496,16.439,11.192,30.048,1.841,20.245,-1.231,3.789,-0.25,-4.043,-3.194,3.177,7.304,-14.475,13.469,-4.672,16.534,11.785,15.552,16.348,19.472,12.51,14.887,16.468,23.675,0.718,low,0.542,0.43,0.462,0.496,-236.782,346.46,814.793,341.943,1.592,3.744,0.425,Luchun-Lax,0.425213675213675,-2235213943815507111
Luchun_M5,5,M,Luchun,,M5_ba_31_01,160.432,453.778,293.346,5,a_31,Vowel,a,Tense,Oral,31.0,2.0,Mid,31,Unaspirated,Oral,91.616,30.051,239.342,134.366,922.667,61.746,1365.541,114.31,2690.532,129.539,3850.99,413.767,1005.25,1508.549,3232.669,5749.395,2.797,2.665,4.456,3.921,8.219,5.957,32.119,-1.335,23.72,-5.933,3.883,-0.833,-1.659,-1.256,-3.763,-2.036,-29.322,4.034,-20.923,8.598,-1.086,3.498,20.953,28.267,14.176,18.333,19.74,24.282,0.365,low,0.586,0.467,0.778,0.283,-50.149,305.577,291.868,302.442,0.798,5.384,0.148,Luchun-Tense,0.148216939078752,-83122842652034210
Luchun_M5,5,M,Luchun,,M5_ba_31_02,155.392,426.369,270.977,5,a_31,Vowel,a,Tense,Oral,31.0,2.0,Mid,31,Unaspirated,Oral,84.56,87.062,300.746,136.851,910.815,60.154,1325.096,140.253,2905.488,174.219,3826.197,308.903,979.624,1555.601,3674.469,4286.665,4.42,4.301,6.484,6.005,11.469,9.457,30.097,-3.697,20.798,-9.474,-0.194,-0.84,-2.064,-1.703,-4.985,-3.453,-25.677,8.051,-16.378,13.776,4.613,5.141,15.511,20.976,10.316,18.008,19.929,24.644,0.374,low,0.641,0.571,0.789,0.449,-30.582,290.78,146.56,285.418,0.892,6.095,0.148,Luchun-Tense,0.146349466776046,4217747870291291743
Luchun_M5,5,M,Luchun,,M5_ba_33_01,146.232,459.661,313.429,5,a_33,Vowel,a,Tense,Oral,33.0,1.0,Mid,33,Unaspirated,Oral,110.483,110.307,110.841,113.986,875.676,48.547,1311.727,104.487,2847.7,865.279,3981.036,1025.185,917.582,1402.309,3181.248,5534.71,8.241,8.036,13.775,12.937,10.753,7.085,32.586,0.25,24.613,-3.909,-2.49,-0.639,-5.534,-4.901,3.022,5.852,-24.345,7.847,-16.372,11.944,10.731,8.675,20.436,48.631,37.978,39.641,39.864,30.184,0.445,mid,0.644,0.548,0.686,0.607,-63.548,304.904,247.859,299.397,0.973,4.238,0.23,Luchun-Tense,0.229589428975932,4459916819066418105
Luchun_M5,5,M,Luchun,,M5_ba_33_02,179.795,464.128,284.333,5,a_33,Vowel,a,Tense,Oral,33.0,1.0,Mid,33,Unaspirated,Oral,108.368,108.23,109.165,109.023,849.585,77.766,1277.895,105.53,2595.709,108.22,4053.383,188.673,1045.599,2375.982,4015.032,4177.402,10.723,10.512,15.984,15.121,14.052,10.26,31.963,0.004,26.037,-1.996,10.337,7.43,-5.26,-4.609,1.932,4.861,-21.239,10.54,-15.314,12.509,0.387,3.082,27.4,42.988,31.544,33.614,32.307,28.787,0.681,mid,0.637,0.51,0.65,0.605,-185.127,324.174,549.693,318.582,1.122,1.377,0.092,Luchun-Tense,0.814814814814815,-6347182141305435173
Luchun_M5,5,M,Luchun,,M5_ba31_01,300.193,628.693,328.5,5,a31,Vowel,a,Lax,Oral,31.0,2.0,Mid,31,Unaspirated,Oral,91.12,90.892,92.617,91.683,796.362,74.333,1302.854,256.757,2577.852,339.877,4162.828,323.626,870.599,2090.738,4041.865,4840.169,14.18,14.014,12.613,11.936,11.607,8.683,27.143,-3.798,15.509,-10.752,-1.687,-4.044,1.567,2.078,1.006,3.252,-12.963,17.831,-1.329,24.766,15.867,18.058,8.004,20.661,13.161,18.383,21.272,23.13,0.795,low,0.493,0.387,0.379,0.326,-260.141,465.301,1107.996,461.712,1.83,4.165,0.44,Luchun-Lax,0.43937575030012,-2863912745888909627
Luchun_M5,5,M,Luchun,,M5_ba31_02,139.252,460.258,321.006,5,a31,Vowel,a,Lax,Oral,31.0,2.0,Mid,31,Unaspirated,Oral,88.476,44.068,88.581,108.167,812.015,144.576,1327.934,205.633,2566.023,270.261,3831.101,521.152,935.921,1864.24,3950.232,4901.011,15.188,15.035,15.567,14.944,13.012,10.337,24.987,-6.238,17.911,-8.633,-3.109,-6.599,-0.379,0.091,2.556,4.607,-9.799,21.292,-2.722,23.668,18.298,21.634,8.411,9.217,2.79,10.283,15.97,20.561,0.557,low,0.484,0.392,0.526,0.325,-252.119,291.357,1099.785,287.742,1.497,4.444,0.337,Luchun-Lax,0.336858685868587,-6326348835783429248
Luchun_M5,5,M,Luchun,,M5_ba33_01,142.473,499.486,357.013,5,a33,Vowel,a,Lax,Oral,33.0,1.0,Mid,33,Unaspirated,Oral,109.412,109.6,108.815,109.366,820.842,65.327,1313.579,84.781,2618.801,288.129,3887.043,230.546,1000.961,1652.98,3716.584,5800.69,17.399,17.181,17.646,16.757,17.794,13.858,34.764,3.711,30.2,3.608,8.407,6.083,-0.247,0.424,-0.148,2.899,-17.365,13.495,-12.801,13.574,8.992,11.098,57.099,41.574,29.842,31.145,30.423,31.109,0.838,mid,0.511,0.407,0.511,0.361,-308.685,321.52,951.8,318.232,1.441,3.271,0.441,Luchun-Lax,0.440538061754815,6063389175352100346
Luchun_M5,5,M,Luchun,,M5_ba33_02,188.991,536.6,347.609,5,a33,Vowel,a,Lax,Oral,33.0,1.0,Mid,33,Unaspirated,Oral,105.261,105.467,104.764,105.039,808.599,53.451,1340.113,94.391,2491.845,155.51,3913.151,290.82,966.387,1920.653,3706.553,5634.506,16.72,16.517,17.965,17.135,16.817,13.16,33.954,3.354,25.919,0.224,8.509,3.708,-1.244,-0.617,1.148,3.975,-17.233,13.179,-9.199,16.293,8.212,12.81,46.191,27.369,17.087,19.133,21.13,27.385,0.734,mid,0.5,0.429,0.645,0.483,-291.725,364.084,1277.644,359.506,0.693,3.393,0.205,Luchun-Lax,0.204244031830239,2282362852689753042
Luchun_M5,5,M,Luchun,,M5_be_33_01,156.213,434.611,278.398,5,e_33,Vowel,e,Tense,Oral,33.0,1.0,Mid,33,Unaspirated,Oral,123.531,123.541,124.574,124.331,631.166,31.141,1958.224,119.396,2739.498,241.578,4045.781,403.999,704.602,2224.27,3242.674,5271.541,13.464,13.083,18.823,17.209,21.57,12.599,34.349,9.062,23.402,10.972,17.398,11.162,-5.359,-4.126,-2.747,4.61,-20.885,4.022,-9.938,2.111,-3.934,1.921,30.505,42.753,39.862,35.451,32.241,30.258,0.0,mid,0.611,0.505,0.617,0.584,-214.0,297.2,624.653,292.469,1.033,1.425,0.163,Luchun-Tense,0.724912280701754,1746314429322441134
Luchun_M5,5,M,Luchun,,M5_be_33_02,184.706,470.021,285.315,5,e_33,Vowel,e,Tense,Oral,33.0,1.0,Mid,33,Unaspirated,Oral,117.624,117.649,118.601,117.998,626.866,72.393,1919.739,107.763,2775.944,219.087,3925.029,401.68,710.338,2088.723,3145.784,4379.781,13.635,13.283,18.89,17.406,20.743,12.815,30.855,5.463,23.174,10.342,14.618,9.706,-5.256,-4.124,-1.853,4.591,-17.22,7.821,-9.539,2.941,-0.983,3.576,18.121,43.447,38.998,34.593,31.303,31.266,0.0,mid,0.644,0.498,0.63,0.617,-248.547,330.738,670.022,325.488,1.419,4.065,0.349,Luchun-Tense,0.349077490774908,3358265059457471609
Luchun_M5,5,M,Luchun,,M5_be33_01,104.166,331.132,226.966,5,e33,Vowel,e,Lax,Oral,33.0,1.0,Mid,33,Unaspirated,Oral,119.245,119.142,119.662,119.362,589.599,26.064,1790.705,48.923,2755.146,108.441,3698.779,553.091,657.072,2227.969,3761.5,4751.161,17.575,17.172,19.765,18.053,24.03,14.237,31.52,6.546,16.852,3.842,10.926,8.807,-2.19,-0.881,-4.265,3.815,-13.945,10.628,0.723,13.33,6.649,8.365,15.582,37.552,37.026,34.19,31.324,28.403,0.0,mid,0.582,0.473,0.474,0.492,-179.392,220.325,422.497,216.19,1.778,3.253,0.545,Luchun-Lax,0.546572394712573,-5526572578249423008
Luchun_M5,5,M,Luchun,,M5_be33_02,166.407,326.808,160.401,5,e33,Vowel,e,Lax,Oral,33.0,1.0,Mid,33,Unaspirated,Oral,118.413,118.247,118.482,118.554,603.681,40.513,1805.244,124.271,2696.911,104.146,4215.942,292.267,715.495,2478.741,4050.286,5371.95,18.801,18.419,21.436,19.823,24.219,15.311,34.096,8.878,21.56,7.981,15.501,12.131,-2.635,-1.403,-2.782,4.512,-15.296,9.543,-2.759,10.439,3.3,6.288,31.057,30.199,26.634,24.952,22.911,29.432,0.0,mid,0.712,0.556,0.53,0.555,-450.757,249.71,466.629,245.019,2.142,3.275,0.653,Luchun-Lax,0.654045801526718,-1670001278638263778
Luchun_M5,5,M,Luchun,,M5_bi_31_01,188.008,565.12,377.112,5,i_31,Vowel,i,Tense,Oral,31.0,2.0,Mid,31,Unaspirated,Oral,95.571,94.867,97.262,122.373,246.462,65.034,2593.67,95.263,3010.99,403.914,4565.752,221.26,2501.212,2885.474,4623.507,4940.802,2.235,0.793,14.171,6.542,3.511,7.066,7.466,-5.063,4.846,14.776,0.476,3.084,-11.936,-5.749,10.661,-0.524,-5.23,5.856,-2.611,-13.982,1.759,-2.291,0.322,20.879,36.564,38.756,34.118,24.255,0.49,low,0.613,0.531,0.716,0.585,-163.512,378.687,609.147,372.521,1.346,4.931,0.273,Luchun-Tense,0.272966943824782,8490042984537579461
Luchun_M5,5,M,Luchun,,M5_bi_31_02,182.369,512.657,330.288,5,i_31,Vowel,i,Tense,Oral,31.0,2.0,Mid,31,Unaspirated,Oral,98.006,97.337,101.223,99.055,262.755,44.406,2525.7,69.165,2879.5,205.472,3476.707,193.606,2602.518,3258.178,4797.613,5070.167,2.017,0.65,14.742,7.539,4.075,6.671,10.784,-2.709,7.041,15.353,4.465,4.795,-12.725,-6.889,10.666,0.868,-8.767,3.359,-5.024,-14.703,-2.449,-4.145,0.532,19.34,33.734,35.908,31.572,24.336,0.56,low,0.636,0.554,0.667,0.459,-190.835,348.743,580.244,343.978,1.61,4.853,0.333,Luchun-Tense,0.33175355450237,2208538331235415998
Luchun_M5,5,M,Luchun,,M5_bi31_01,239.151,689.081,449.93,5,i31,Vowel,i,Lax,Oral,31.0,2.0,Mid,31,Unaspirated,Oral,106.545,106.332,107.873,107.565,269.084,55.249,2408.733,63.071,2847.998,217.158,3726.248,283.039,2512.119,3555.446,5477.629,5334.559,13.255,11.773,21.258,13.205,9.892,13.498,13.572,-0.346,8.122,15.015,2.942,4.487,-8.004,-1.432,11.366,-0.292,-0.317,12.118,5.132,-3.243,10.313,7.285,1.719,19.578,34.255,34.408,30.997,24.724,0.749,low,0.598,0.516,0.536,0.456,-423.677,465.558,984.433,461.238,1.369,3.352,0.413,Luchun-Lax,0.408412887828162,8637650239997555232
Luchun_M5,5,M,Luchun,,M5_bi31_02,196.933,619.635,422.702,5,i31,Vowel,i,Lax,Oral,31.0,2.0,Mid,31,Unaspirated,Oral,102.157,102.02,103.829,102.957,257.141,50.846,2409.65,64.198,2830.577,230.831,3690.285,272.935,2501.216,3560.829,4381.485,5413.963,10.763,9.299,20.423,12.557,9.093,12.664,10.593,-2.794,9.186,16.658,2.442,4.191,-9.66,-3.257,11.33,-0.107,0.169,12.093,1.577,-7.359,8.321,5.109,1.404,22.814,37.258,35.781,31.84,25.14,0.699,low,0.618,0.442,0.528,0.559,-417.01,410.128,893.283,404.614,1.459,3.851,0.379,Luchun-Lax,0.378862633082316,5443885012261479209
Luchun_M5,5,M,Luchun,,M5_bja_31_01,249.445,494.748,245.303,5,a_31,Vowel,a,Tense,Oral,31.0,2.0,Mid,31,Unaspirated,Oral,86.053,93.352,457.254,174.969,892.215,44.98,1429.345,145.622,2857.578,197.114,3873.456,431.265,982.998,1745.372,3184.496,3922.505,5.032,4.912,6.275,5.788,8.202,6.152,30.137,-2.079,20.373,-7.071,4.525,1.349,-1.243,-0.876,-1.928,-0.364,-25.105,7.016,-15.341,11.982,0.507,3.563,14.411,17.25,7.349,11.429,13.863,22.864,0.311,low,0.58,0.486,0.803,0.404,-67.453,372.329,311.811,367.661,0.952,5.733,0.17,Luchun-Tense,0.166056166056166,3051259121022940372
Luchun_M5,5,M,Luchun,,M5_bja_31_02,253.726,466.596,212.87,5,a_31,Vowel,a,Tense,Oral,31.0,2.0,Mid,31,Unaspirated,Oral,83.448,294.542,445.864,188.647,879.408,35.663,1463.716,149.306,2969.014,383.685,3825.946,381.011,941.977,1730.285,3410.992,5298.916,-5.19,-5.305,-3.444,-3.908,-1.521,-3.472,18.757,-13.015,6.922,-19.664,-8.658,-11.479,-1.746,-1.397,-1.923,-0.436,-23.948,7.733,-12.112,14.359,3.468,6.174,1.103,27.662,19.473,22.711,24.969,21.809,0.315,low,0.62,0.516,0.799,0.401,-55.283,359.466,309.897,354.609,0.952,6.438,0.149,Luchun-Tense,0.147872009940975,-6318828622918528661
Luchun_M5,5,M,Luchun,,M5_bja_33_01,292.286,512.12,219.834,5,a33,Vowel,a,Tense,Oral,33.0,1.0,Mid,33,Unaspirated,Oral,118.536,118.544,118.348,118.554,834.468,49.734,1424.162,93.085,2364.744,289.609,3141.833,367.087,1002.234,1805.998,3261.376,3783.964,2.619,2.381,8.055,7.078,8.029,3.623,26.39,-3.834,18.865,-5.952,5.865,-3.73,-5.436,-4.696,0.026,3.454,-23.77,6.225,-16.246,8.334,-3.246,6.111,5.801,54.419,42.984,42.196,41.201,32.345,0.0,mid,0.661,0.6,0.708,0.601,-84.996,403.817,293.034,398.752,0.925,4.328,0.215,Luchun-Tense,0.213724584103512,-766142099942820551
Luchun_M5,5,M,Luchun,,M5_bja_33_02,326.359,539.788,213.429,5,a33,Vowel,a,Tense,Oral,33.0,1.0,Mid,33,Unaspirated,Oral,111.418,111.363,111.582,111.328,844.576,72.824,1445.484,95.749,2458.004,280.06,3612.119,420.475,1052.562,1803.856,3454.298,3764.963,2.358,2.152,7.282,6.436,4.532,0.784,22.101,-8.346,18.674,-6.292,3.319,-4.724,-4.924,-4.284,2.75,5.651,-19.743,10.508,-16.316,8.444,-0.96,6.875,3.704,61.719,50.676,48.254,46.352,31.832,0.8,mid,0.665,0.621,0.727,0.614,-91.537,435.185,303.286,429.678,0.925,4.648,0.202,Luchun-Tense,0.199010327022375,-3873165548456444004
Luchun_M5,5,M,Luchun,,M5_bja31_01,250.95,502.948,251.998,5,a31,Vowel,a,Lax,Oral,31.0,2.0,Mid,31,Unaspirated,Oral,80.754,2.988,42.2,174.749,823.624,56.639,1375.038,172.446,2410.164,254.34,3990.3,467.922,944.894,2230.722,3693.225,3773.908,14.277,14.151,16.348,15.836,13.743,11.577,29.169,-2.214,18.694,-7.786,7.928,0.311,-2.07,-1.685,2.604,4.259,-14.891,16.376,-4.417,21.937,6.349,13.84,17.756,8.822,2.145,7.053,11.111,21.418,0.46,low,0.449,0.315,0.466,0.333,-196.839,375.824,898.865,371.694,0.982,5.092,0.191,Luchun-Lax,0.192851531814611,-7440835763336874285
Luchun_M5,5,M,Luchun,,M5_bja31_02,241.993,485.593,243.6,5,a31,Vowel,a,Lax,Oral,31.0,2.0,Mid,31,Unaspirated,Oral,91.171,,103.524,92.637,819.15,54.978,1391.51,125.095,2490.027,355.855,3645.105,627.142,922.13,1776.585,3680.06,5023.039,15.371,15.213,18.716,18.072,14.858,12.081,31.276,0.663,21.727,-3.489,5.673,-0.415,-3.345,-2.859,3.858,5.991,-15.905,14.561,-6.356,18.702,9.698,15.628,27.064,9.205,1.065,7.122,11.348,21.097,0.296,low,0.571,0.38,0.594,0.201,-237.329,346.803,799.561,344.717,0.907,4.762,0.191,Luchun-Lax,0.190466190676187,-115267142255045531
Luchun_M5,5,M,Luchun,,M5_bja33_01,207.065,476.73,269.665,5,a33,Vowel,a,Lax,Oral,33.0,1.0,Mid,33,Unaspirated,Oral,111.133,111.061,112.053,111.603,796.292,56.311,1376.29,135.491,2453.215,238.654,3757.827,210.16,910.738,1893.578,3646.248,4697.92,11.724,11.491,12.849,11.894,13.059,8.762,27.838,-1.989,17.716,-6.624,2.999,-2.856,-1.125,-0.403,-0.21,3.132,-16.114,13.492,-5.992,18.115,8.725,14.348,9.152,49.528,37.92,36.522,35.266,28.877,0.957,mid,0.55,0.475,0.545,0.517,-466.99,345.184,1344.72,340.522,1.678,3.383,0.496,Luchun-Lax,0.496009459060006,220336845669263856
Luchun_M5,5,M,Luchun,,M5_bja33_02,252.072,512.657,260.585,5,a33,Vowel,a,Lax,Oral,33.0,1.0,Mid,33,Unaspirated,Oral,107.885,107.9,108.477,108.381,816.684,57.427,1419.457,108.453,2801.536,737.578,3859.516,360.592,838.809,1462.145,3698.255,5397.537,10.55,10.343,12.055,11.209,11.224,7.478,27.785,-2.377,18.382,-6.267,-6.806,-8.624,-1.504,-0.865,0.831,3.731,-17.234,12.74,-7.832,16.61,17.356,18.967,9.194,47.003,36.728,37.045,36.464,28.026,0.609,mid,0.528,0.466,0.537,0.501,-395.222,383.318,1126.61,378.664,0.963,3.483,0.278,Luchun-Lax,0.276485788113695,7124113582203881169
Luchun_M5,5,M,Luchun,,M5_bja55_01,216.257,538.114,321.857,5,a55,Vowel,a,Lax,Oral,55.0,1.0,High,55,Unaspirated,Oral,128.03,128.101,129.362,128.289,765.366,164.875,1496.853,222.478,2529.308,174.528,3803.553,200.717,1022.609,2211.864,3725.911,4258.677,13.017,12.696,14.817,13.481,14.012,7.516,23.96,-4.275,14.494,-6.963,6.267,1.074,-1.8,-0.785,0.806,5.965,-10.943,16.979,-1.477,19.659,6.75,11.622,4.288,43.73,37.428,36.33,35.57,30.569,0.743,high,0.564,0.51,0.569,0.54,-704.651,379.875,1856.607,375.645,1.107,3.404,0.325,Luchun-Lax,0.325205640423032,-575117757640605851
Luchun_M5,5,M,Luchun,,M5_bja55_02,221.703,458.068,236.365,5,a55,Vowel,a,Lax,Oral,55.0,1.0,High,55,Unaspirated,Oral,133.093,133.423,130.47,131.856,727.616,132.136,1581.982,349.61,2708.234,255.895,3864.729,351.159,799.693,2333.636,3787.76,4245.977,13.529,13.175,13.129,11.646,12.163,4.626,19.508,-7.777,2.614,-16.837,-5.127,-7.194,0.4,1.529,0.966,7.02,-5.979,20.96,10.915,30.012,18.656,20.369,1.941,30.496,28.109,30.541,30.8,25.557,0.0,high,0.47,0.408,0.473,0.439,-593.315,341.982,1453.956,338.697,1.122,2.514,0.449,Luchun-Lax,0.446300715990454,-8428331464831497893
Luchun_M5,5,M,Luchun,,M5_bu_31_01,233.169,555.202,322.033,5,u_31,Vowel,u,Tense,Oral,31.0,2.0,Mid,31,Unaspirated,Oral,93.569,93.004,94.501,94.092,295.087,76.954,667.291,94.25,3018.197,497.157,3771.172,227.044,555.605,3499.205,4350.223,5166.059,0.86,-0.25,7.096,1.872,7.456,0.636,10.029,-7.518,3.57,-9.738,-24.915,10.001,-6.236,-2.122,-0.36,1.235,-9.169,7.319,-2.711,9.487,25.775,-10.251,0.179,30.093,40.642,46.372,46.849,20.75,0.26,low,0.647,0.592,0.83,0.554,-138.491,395.719,570.541,389.753,1.042,5.277,0.198,Luchun-Tense,0.197460678415767,4484482731216517220
Luchun_M5,5,M,Luchun,,M5_bu_31_02,187.26,483.736,296.476,5,u_31,Vowel,u,Tense,Oral,31.0,2.0,Mid,31,Unaspirated,Oral,92.864,92.162,94.176,93.601,300.368,66.42,710.744,111.415,2867.241,182.789,3776.464,86.39,548.102,3549.135,4181.87,4938.944,4.801,3.76,11.049,6.185,12.125,4.823,12.097,-5.642,3.814,-8.967,-19.596,11.569,-6.248,-2.425,-1.076,1.362,-7.296,9.433,0.987,12.727,24.397,-7.809,0.36,24.948,36.702,45.064,45.209,21.701,0.795,low,0.626,0.585,0.808,0.565,-157.114,337.303,544.215,331.179,1.114,5.196,0.216,Luchun-Tense,0.214395688991532,5909415272279547001
Luchun_M5,5,M,Luchun,,M5_bu31_01,240.248,692.808,452.56,5,u31,Vowel,u,Lax,Oral,31.0,2.0,Mid,31,Unaspirated,Oral,101.888,101.256,103.626,102.697,290.515,68.602,789.27,97.695,3669.828,71.397,4321.358,313.986,678.725,3610.248,4090.563,5210.864,11.714,10.396,16.239,9.656,13.07,10.801,15.652,-0.704,7.732,-2.657,-10.39,28.651,-4.526,0.74,3.169,-1.145,-3.938,11.151,3.982,13.054,22.104,-18.255,0.912,17.909,29.062,36.366,38.314,20.289,0.737,low,0.641,0.591,0.794,0.539,-166.527,467.646,287.515,462.325,1.56,5.013,0.312,Luchun-Lax,0.311190903650509,8762011263554221388
Luchun_M5,5,M,Luchun,,M5_bu31_02,242.492,644.009,401.517,5,u31,Vowel,u,Lax,Oral,31.0,2.0,Mid,31,Unaspirated,Oral,102.984,102.257,104.694,103.883,293.7,85.269,737.519,179.084,2664.417,245.514,3754.234,56.338,531.16,2963.9,3771.754,5470.475,11.716,10.411,15.167,8.722,12.898,9.695,15.338,-1.7,4.93,-6.658,-17.993,9.668,-3.451,1.689,2.27,-0.973,-3.622,12.129,6.787,17.07,29.71,0.743,0.766,19.208,30.325,37.973,40.236,21.293,0.667,low,0.702,0.624,0.818,0.577,-123.083,444.56,282.524,438.935,1.562,5.036,0.31,Luchun-Lax,0.310166799046863,3287087462382370800
Luchun_M5,5,M,Luchun,,M5_cjo_31_01,280.266,622.05,341.784,5,o_31,Vowel,o,Tense,Oral,31.0,2.0,Mid,31,Unaspirated,Oral,92.788,92.455,94.079,93.45,349.122,48.386,650.746,25.564,2805.572,149.623,3814.622,77.731,601.133,3172.175,3918.008,,-0.25,-1.078,6.595,2.913,15.928,-1.573,15.892,-5.718,15.499,-1.843,-16.431,12.795,-6.845,-3.991,-9.333,4.486,-16.141,4.706,-15.749,0.764,16.181,-13.874,0.737,24.063,35.777,43.504,43.272,23.646,0.024,low,0.726,0.597,0.844,0.328,-69.232,450.212,286.605,446.677,1.201,6.405,0.188,Luchun-Tense,0.187509758001561,2226086924311165516
Luchun_M5,5,M,Luchun,,M5_cjo_31_02,292.603,642.757,350.154,5,o_31,Vowel,o,Tense,Oral,31.0,2.0,Mid,31,Unaspirated,Oral,92.097,91.441,94.058,99.95,353.481,52.634,670.446,46.674,2822.29,141.675,3898.875,276.501,611.755,2893.978,4018.483,,-0.245,-1.052,6.667,3.085,15.476,-2.742,15.365,-6.318,13.27,-3.913,-17.192,11.68,-6.912,-4.138,-8.809,5.828,-15.61,5.328,-13.515,2.861,16.947,-12.733,0.555,20.526,31.259,40.138,40.946,22.013,0.379,low,0.551,0.432,0.631,0.218,-161.528,466.919,649.54,464.522,1.48,1.827,0.18,Luchun-Tense,0.810071154898741,911230643638423819
Luchun_M5,5,M,Luchun,,M5_cjo31_01,262.912,674.355,411.443,5,o31,Vowel,o,Lax,Oral,31.0,2.0,Mid,31,Unaspirated,Oral,97.326,96.831,98.599,97.917,366.717,55.972,736.822,128.167,2634.26,95.153,3401.769,261.083,533.227,2848.061,3818.637,,8.208,7.406,14.977,11.412,22.234,4.525,22.226,0.133,12.551,-4.135,-15.237,8.589,-6.768,-4.005,-7.258,6.887,-14.017,7.308,-4.343,11.541,23.445,-1.182,1.952,19.879,32.044,40.569,41.223,20.953,0.645,low,0.615,0.525,0.599,0.576,-314.999,470.827,661.744,464.87,1.648,4.491,0.373,Luchun-Lax,0.366956134491205,6568320578222827710
Luchun_M5,5,M,Luchun,,M5_cjo31_02,242.827,612.389,369.562,5,o31,Vowel,o,Lax,Oral,31.0,2.0,Mid,31,Unaspirated,Oral,96.891,96.789,98.729,97.747,377.61,39.597,887.513,33.835,2691.047,105.135,3535.589,299.676,785.975,2997.39,4344.989,,7.663,6.961,13.418,10.317,23.501,3.113,23.497,1.541,14.936,0.212,-12.283,8.035,-5.755,-3.356,-10.084,7.204,-15.834,5.436,-7.273,6.749,19.946,-1.073,2.182,19.665,27.672,36.696,38.111,23.078,0.606,low,0.617,0.49,0.632,0.398,-261.696,428.577,708.267,424.446,1.7,5.198,0.331,Luchun-Lax,0.327048864948057,4891897703312249360
Luchun_M5,5,M,Luchun,,M5_de_31_01,144.836,436.519,291.683,5,e_31,Vowel,e,Tense,Oral,31.0,2.0,Mid,31,Unaspirated,Oral,93.348,42.769,93.962,162.895,590.935,51.682,2026.879,135.866,2544.765,847.651,2690.305,203.492,666.022,2115.206,2728.421,5637.619,4.34,4.096,10.672,9.662,8.311,3.467,22.198,-3.161,19.041,7.844,16.021,1.296,-6.332,-5.566,2.361,6.195,-17.858,7.258,-14.701,-3.748,-11.682,2.8,4.954,15.395,14.723,11.639,12.335,19.493,0.265,low,0.58,0.382,0.396,0.298,-163.896,290.952,440.956,287.82,2.007,4.374,0.468,Luchun-Tense,0.458847736625514,950902052768126249
Luchun_M5,5,M,Luchun,,M5_de_31_02,128.766,424.722,295.956,5,e_31,Vowel,e,Tense,Oral,31.0,2.0,Mid,31,Unaspirated,Oral,92.725,92.505,80.519,148.657,636.0,41.026,1984.472,140.406,2634.061,120.451,4106.458,739.545,701.155,2055.794,2646.405,5708.402,7.456,7.244,11.722,10.849,8.128,4.084,25.142,-1.023,20.672,7.425,16.545,6.59,-4.267,-3.605,3.594,6.764,-17.687,8.267,-13.217,-0.181,-9.09,0.653,7.973,24.845,19.856,15.08,16.204,21.066,0.491,low,0.501,0.417,0.524,0.182,-85.239,273.453,382.221,273.482,0.389,5.294,0.073,Luchun-Tense,0.0734794106535701,1771385643957413422
Luchun_M5,5,M,Luchun,,M5_de_33_01,171.645,509.976,338.331,5,e_33,Vowel,e,Tense,Oral,33.0,1.0,Mid,33,Unaspirated,Oral,120.59,120.45,121.236,120.678,590.836,74.699,1990.18,97.702,2638.825,208.781,3117.236,330.314,667.694,2134.578,2891.584,5599.181,11.39,10.977,17.357,15.596,20.864,10.446,27.155,2.472,22.303,11.439,19.848,12.037,-5.967,-4.619,-3.508,5.149,-15.766,8.506,-10.913,-0.463,-8.459,-1.06,12.686,46.0,43.648,37.943,33.448,30.632,0.0,mid,0.6,0.505,0.624,0.587,-188.668,343.263,600.538,338.389,1.114,1.73,0.184,Luchun-Tense,0.64393063583815,1103395407934090186
Luchun_M5,5,M,Luchun,,M5_de_33_02,151.27,489.601,338.331,5,e_33,Vowel,e,Tense,Oral,33.0,1.0,Mid,33,Unaspirated,Oral,117.399,117.472,117.893,117.774,593.168,41.544,1976.482,75.501,2681.678,280.013,4490.418,587.367,630.33,2057.968,2891.999,5563.274,11.494,11.112,17.368,15.749,18.528,9.431,30.583,5.715,21.305,10.109,13.194,5.91,-5.874,-4.637,-1.16,6.318,-19.089,5.399,-9.811,1.003,-1.7,5.202,14.155,50.839,47.444,42.171,37.627,31.136,0.0,mid,0.615,0.555,0.714,0.591,-97.809,322.023,320.339,316.989,0.905,4.211,0.218,Luchun-Tense,0.214913322251247,-3262309111995545386
Luchun_M5,5,M,Luchun,,M5_de-_33_01,146.956,538.327,391.371,5,e-_33,Vowel,ø,Tense,Oral,33.0,1.0,Mid,33,Unaspirated,Oral,123.252,123.013,123.526,124.318,352.148,26.098,1866.622,49.398,2642.404,90.881,3471.582,88.633,2053.153,2820.318,3427.324,,6.786,5.618,17.092,11.185,8.022,7.151,21.808,3.308,12.849,10.251,8.347,12.113,-10.306,-5.567,9.07,4.034,-15.022,2.311,-6.063,-4.633,-1.561,-6.495,2.196,42.331,53.043,49.158,45.298,32.318,0.0,mid,0.649,0.433,0.651,0.324,-278.984,342.165,643.483,339.534,1.492,2.07,0.286,Luchun-Tense,0.720772946859903,-1050216392936871315
Luchun_M5,5,M,Luchun,,M5_de-_33_02,203.442,559.343,355.901,5,e-_33,Vowel,ø,Tense,Oral,33.0,1.0,Mid,33,Unaspirated,Oral,122.611,122.347,123.119,123.393,361.789,21.567,1900.082,91.686,2585.672,85.956,3497.318,112.017,1813.544,2394.738,3542.402,,9.427,8.331,17.869,12.424,11.753,9.787,25.256,6.248,9.98,7.162,13.533,15.126,-8.442,-4.093,6.117,2.637,-15.829,2.083,-0.553,1.169,-4.106,-6.795,4.092,43.282,54.007,49.979,46.007,31.031,0.0,mid,0.626,0.432,0.622,0.378,-344.025,382.447,662.751,379.348,1.766,3.374,0.524,Luchun-Tense,0.523414344991109,-7612184301441046584
Luchun_M5,5,M,Luchun,,M5_de-33_01,170.39,547.645,377.255,5,e-33,Vowel,ø,Lax,Oral,33.0,1.0,Mid,33,Unaspirated,Oral,118.905,118.77,119.263,119.531,356.7,73.418,1785.9,56.558,2510.858,67.7,3463.079,116.443,1838.957,2465.386,3575.658,5693.083,16.33,15.253,20.566,15.251,15.744,13.398,23.219,4.49,14.224,10.656,11.547,13.994,-4.236,0.002,4.822,1.853,-6.889,10.764,2.106,4.597,4.783,1.259,3.778,40.762,49.227,45.363,42.604,31.377,0.0,mid,0.61,0.541,0.578,0.523,-217.536,360.798,415.657,356.39,1.468,3.368,0.436,Luchun-Lax,0.435866983372922,-3593166424848735868
Luchun_M5,5,M,Luchun,,M5_de-33_02,147.875,501.941,354.066,5,e-33,Vowel,ø,Lax,Oral,33.0,1.0,Mid,33,Unaspirated,Oral,114.339,114.32,114.48,114.622,393.061,86.174,1786.689,79.624,2503.878,78.666,3451.115,140.492,1620.896,2422.826,3508.797,,12.986,12.172,18.984,15.207,19.667,10.847,21.078,0.471,11.028,5.553,12.631,12.937,-5.998,-3.034,-0.684,4.36,-8.091,11.702,1.958,6.619,0.355,-0.765,3.278,43.07,51.961,47.459,44.193,32.089,0.564,mid,0.703,0.6,0.587,0.579,-562.499,328.028,467.598,322.975,2.418,3.263,0.741,Luchun-Lax,0.741035856573705,-7453626787951702692
Luchun_M5,5,M,Luchun,,M5_de31_01,146.453,517.998,371.545,5,e31,Vowel,e,Lax,Oral,31.0,2.0,Mid,31,Unaspirated,Oral,94.234,94.126,96.019,94.976,631.363,49.043,1870.79,118.146,2706.508,307.937,3683.602,981.249,664.867,2021.613,3126.483,5647.585,15.08,14.853,17.162,16.227,18.873,14.498,29.71,3.576,15.197,1.027,6.683,0.726,-2.082,-1.373,-1.71,1.729,-14.631,11.279,-0.118,13.826,8.397,14.127,12.588,20.826,19.063,17.864,18.101,24.085,0.706,low,0.642,0.481,0.287,0.48,-210.936,334.181,633.963,329.057,1.93,5.47,0.354,Luchun-Lax,0.352833638025594,8682096285006865204
Luchun_M5,5,M,Luchun,,M5_de31_02,126.412,488.507,362.095,5,e31,Vowel,e,Lax,Oral,31.0,2.0,Mid,31,Unaspirated,Oral,99.253,99.415,101.765,178.952,626.019,33.95,1845.524,124.067,2653.791,296.303,4142.295,449.299,672.452,2145.345,3564.247,4888.757,15.838,15.583,18.087,17.03,21.276,16.209,33.684,7.686,17.108,2.844,10.166,3.578,-2.249,-1.447,-3.189,0.82,-17.847,7.899,-1.27,12.739,5.672,12.005,23.116,16.448,15.09,14.006,14.578,23.971,0.327,low,0.603,0.449,0.323,0.412,-236.017,308.866,695.438,304.705,1.78,4.864,0.371,Luchun-Lax,0.365953947368421,-6815659007664333724
Luchun_M5,5,M,Luchun,,M5_de33_01,129.691,488.386,358.695,5,e33,Vowel,e,Lax,Oral,33.0,1.0,Mid,33,Unaspirated,Oral,115.575,115.568,115.226,115.609,589.414,36.246,1913.558,144.279,2613.783,218.341,4255.839,464.833,637.026,2251.459,3046.86,5513.808,19.7,19.327,20.86,19.279,26.152,17.398,34.232,9.314,18.674,6.862,17.106,10.051,-1.16,0.048,-5.292,1.881,-14.532,10.014,1.026,12.465,2.594,9.276,32.772,40.604,39.648,35.698,33.039,30.698,0.0,mid,0.577,0.406,0.402,0.347,-405.434,309.96,916.569,306.961,1.564,3.47,0.451,Luchun-Lax,0.450720461095101,3091657451736812673
Luchun_M5,5,M,Luchun,,M5_de33_02,148.589,537.857,389.268,5,e33,Vowel,e,Lax,Oral,33.0,1.0,Mid,33,Unaspirated,Oral,120.148,120.19,119.857,120.198,600.164,42.379,1861.03,115.46,2633.91,236.193,4318.379,627.302,659.733,2137.854,2976.955,5529.464,20.205,19.812,21.703,20.033,27.438,17.988,34.756,9.744,21.954,9.377,18.651,12.836,-1.498,-0.221,-5.735,2.045,-14.551,10.069,-1.748,10.435,1.554,6.976,38.403,40.143,38.693,35.513,32.706,31.639,0.0,mid,0.589,0.486,0.502,0.491,-296.663,345.135,862.117,341.057,1.683,3.41,0.495,Luchun-Lax,0.493548387096774,1075757230388723011
Luchun_M5,5,M,Luchun,,M5_de55_01,187.369,571.974,384.605,5,e55,Vowel,e,Lax,Oral,55.0,1.0,High,55,Unaspirated,Oral,125.127,125.165,124.976,124.744,557.397,56.182,1863.899,78.522,2726.453,230.642,4055.833,550.889,593.398,1975.913,2948.634,5222.205,20.695,20.206,24.332,22.218,30.601,16.118,30.41,6.179,22.668,11.617,12.965,10.506,-3.638,-2.012,-6.268,6.099,-9.715,14.028,-1.973,8.588,7.73,9.699,23.404,33.46,34.261,32.19,31.182,29.115,0.785,high,0.614,0.565,0.607,0.546,-309.631,382.541,672.46,378.171,0.848,3.386,0.251,Luchun-Lax,0.250443000590667,666610479525943605
Luchun_M5,5,M,Luchun,,M5_de55_02,130.017,490.085,360.068,5,e55,Vowel,e,Lax,Oral,55.0,1.0,High,55,Unaspirated,Oral,126.352,126.428,126.267,126.173,585.548,73.132,1857.376,119.231,2812.891,293.143,4208.938,484.932,630.583,2074.107,3248.899,5470.242,21.038,20.579,23.984,22.013,29.901,17.402,30.273,5.66,18.58,6.649,10.208,8.283,-2.945,-1.434,-5.917,4.612,-9.235,14.921,2.458,13.93,10.83,12.296,22.872,39.264,37.63,34.216,32.145,29.227,0.922,high,0.651,0.575,0.582,0.557,-350.041,312.993,635.034,308.585,1.685,3.376,0.499,Luchun-Lax,0.499111374407583,4580922110422004185
Luchun_M5,5,M,Luchun,,M5_do_31_01,153.12,473.612,320.492,5,o_31,Vowel,o,Tense,Oral,31.0,2.0,Mid,31,Unaspirated,Oral,101.576,101.205,69.344,102.059,341.566,94.597,719.042,47.45,2692.971,117.78,3322.168,376.579,642.702,2955.369,4225.202,4775.272,2.699,1.734,10.779,6.362,13.612,2.72,13.914,-6.718,13.911,-1.499,-11.635,14.528,-8.08,-4.628,-2.834,3.642,-11.215,8.486,-11.212,3.233,14.334,-12.795,0.686,16.213,26.026,35.883,36.634,20.389,0.0,low,0.631,0.422,0.708,0.231,-137.545,312.071,444.582,309.791,1.073,2.779,0.122,Luchun-Tense,0.386110111550918,5444487350172910457
Luchun_M5,5,M,Luchun,,M5_do_31_02,141.078,459.192,318.114,5,o_31,Vowel,o,Tense,Oral,31.0,2.0,Mid,31,Unaspirated,Oral,101.097,100.82,101.278,101.428,353.537,82.773,811.637,34.237,2755.515,86.999,3426.138,509.3,767.347,2872.034,4381.394,,3.271,2.412,11.229,7.335,15.636,2.997,13.393,-7.441,14.401,-0.046,-8.784,15.406,-7.958,-4.924,-4.407,4.338,-10.121,9.875,-11.129,2.457,12.055,-12.994,0.838,23.348,29.348,37.237,36.603,21.187,0.512,low,0.627,0.534,0.69,0.231,-121.479,298.803,457.321,296.516,1.099,4.959,0.224,Luchun-Tense,0.221617261544666,7419310588282852214
Luchun_M5,5,M,Luchun,,M5_do_33_01,106.643,432.648,326.005,5,o_33,Vowel,o,Tense,Oral,33.0,1.0,Mid,33,Unaspirated,Oral,127.963,128.051,127.457,128.116,375.751,32.686,791.728,167.361,2680.642,48.587,3789.256,238.002,452.439,2808.993,4311.823,,6.207,4.927,16.037,9.821,10.238,4.291,23.459,2.125,6.271,-8.845,-7.112,16.119,-9.83,-4.894,5.799,5.53,-17.252,2.831,-0.063,13.772,13.319,-11.192,2.453,44.628,52.817,59.56,58.164,31.007,0.0,mid,0.677,0.607,0.677,0.643,-230.39,271.783,432.772,266.767,1.48,3.313,0.447,Luchun-Tense,0.446725022638092,-3875591243298793624
Luchun_M5,5,M,Luchun,,M5_do+_31_02,112.499,446.074,333.575,5,o+_31,Vowel,ɔ,Tense,Oral,31.0,2.0,Mid,31,Unaspirated,Oral,92.833,142.352,297.637,166.19,610.632,55.37,871.361,56.659,3048.411,91.2,3983.471,597.543,776.044,3039.051,3768.741,5444.696,-0.11,-0.428,6.053,4.74,3.661,-2.444,21.437,-9.015,20.038,-7.126,4.639,21.785,-6.163,-5.168,2.391,7.184,-21.547,8.751,-20.148,6.698,-4.749,-22.213,3.316,21.039,18.023,26.341,25.748,22.646,0.128,low,0.575,0.462,0.643,0.58,-120.849,281.541,488.695,275.22,1.488,5.106,0.292,Luchun-Tense,0.291421856639248,2462478748928828924
Luchun_M5,5,M,Luchun,,M5_do+_33_01,136.793,503.005,366.212,5,o+_33,Vowel,ɔ,Tense,Oral,33.0,1.0,Mid,33,Unaspirated,Oral,121.906,60.858,61.152,122.441,576.519,55.844,858.881,35.056,3140.37,94.138,4032.211,376.574,786.167,3211.838,3952.755,,5.011,4.428,11.261,8.783,20.858,6.364,27.146,-1.492,27.435,2.509,10.045,30.454,-6.25,-4.355,-9.598,2.419,-22.136,6.103,-22.424,1.919,-5.034,-26.025,11.308,18.493,14.541,23.443,23.312,26.012,0.0,mid,0.632,0.566,0.647,0.604,-273.347,322.436,643.92,317.464,1.119,3.713,0.301,Luchun-Tense,0.301373552383517,-7394236088459296817
Luchun_M5,5,M,Luchun,,M5_do+31_01,185.991,508.024,322.033,5,o+31,Vowel,ɔ,Lax,Oral,31.0,2.0,Mid,31,Unaspirated,Oral,96.223,95.949,98.183,97.188,580.764,71.082,860.979,75.553,3079.727,114.458,3824.428,390.675,759.396,3141.243,3976.472,,8.055,7.687,10.39,8.862,11.629,4.238,26.492,-2.863,22.595,-3.008,-2.013,16.761,-2.335,-1.175,-1.239,4.624,-18.437,10.694,-14.54,10.695,10.068,-9.074,7.797,19.445,17.834,27.285,28.17,22.647,0.848,low,0.691,0.53,0.507,0.497,-284.063,349.818,421.164,344.626,2.595,4.669,0.556,Luchun-Lax,0.555793531805526,-4812903245124230020
Luchun_M5,5,M,Luchun,,M5_do+31_02,157.601,537.763,380.162,5,o+31,Vowel,ɔ,Lax,Oral,31.0,2.0,Mid,31,Unaspirated,Oral,90.668,90.417,92.257,106.855,578.302,57.371,942.246,59.14,2946.582,276.014,3942.097,295.523,797.159,3231.525,3946.761,4964.534,8.568,8.262,11.647,10.384,13.841,7.922,26.489,-2.134,21.23,-2.811,-2.017,13.249,-3.079,-2.122,-2.194,2.461,-17.922,10.463,-12.662,11.073,10.584,-4.987,6.546,21.1,18.858,28.059,27.834,24.724,0.596,low,0.632,0.5,0.527,0.504,-222.958,349.554,791.743,343.973,1.872,5.432,0.345,Luchun-Lax,0.344624447717231,8637650239997555232
Luchun_M5,5,M,Luchun,,M5_do+33_01,119.735,489.02,369.285,5,o+33,Vowel,ɔ,Lax,Oral,33.0,1.0,Mid,33,Unaspirated,Oral,117.801,117.8,117.903,118.025,552.084,74.744,872.485,61.329,2958.701,225.564,3913.638,166.146,774.927,3180.535,3897.397,,12.762,12.195,15.133,12.722,25.338,11.161,28.984,1.117,26.859,3.319,4.883,23.303,-2.371,-0.527,-10.205,1.561,-16.223,11.183,-14.097,8.876,7.879,-11.109,15.457,38.198,35.462,41.943,38.75,30.782,0.0,mid,0.637,0.511,0.545,0.434,-270.952,305.035,854.489,301.348,1.925,3.798,0.508,Luchun-Lax,0.506845708267509,2144413408295826707
Luchun_M5,5,M,Luchun,,M5_do+33_02,136.58,466.584,330.004,5,o+33,Vowel,ɔ,Lax,Oral,33.0,1.0,Mid,33,Unaspirated,Oral,115.646,115.711,115.571,115.609,562.077,66.826,929.155,84.447,2874.716,125.475,3878.687,235.35,758.432,3082.717,3861.032,,12.823,12.312,15.391,13.226,24.692,12.541,29.589,1.992,21.578,-1.247,5.874,21.569,-2.568,-0.914,-9.301,0.685,-16.765,10.386,-8.755,13.558,6.949,-9.257,14.235,42.751,39.122,43.791,40.084,30.962,0.0,mid,0.625,0.517,0.583,0.537,-296.137,303.701,991.82,299.058,1.697,3.874,0.439,Luchun-Lax,0.438048528652556,4013829130673364214
Luchun_M5,5,M,Luchun,,M5_do+55_01,148.688,547.61,398.922,5,o+55,Vowel,ɔ,Lax,Oral,55.0,1.0,High,55,Unaspirated,Oral,125.127,125.083,124.991,124.672,540.115,66.41,929.023,63.706,2861.139,116.122,3702.086,255.574,776.736,3036.514,3759.909,5476.266,13.346,12.709,17.485,14.74,28.666,9.691,28.663,1.925,23.342,1.771,6.07,22.523,-4.139,-2.031,-11.181,5.048,-15.317,10.844,-9.996,10.938,7.276,-9.814,13.79,44.746,44.102,51.136,48.849,32.813,0.781,high,0.63,0.542,0.581,0.548,-350.318,350.422,1047.143,346.044,1.415,3.594,0.394,Luchun-Lax,0.393711741791875,6643370007429574866
Luchun_M5,5,M,Luchun,,M5_do+55_02,137.799,481.212,343.413,5,o+55,Vowel,ɔ,Lax,Oral,55.0,1.0,High,55,Unaspirated,Oral,125.615,125.647,125.723,125.303,529.363,66.472,904.728,78.965,2986.53,154.269,3714.137,377.909,757.642,3126.648,3853.593,5583.132,13.897,13.223,17.864,14.948,29.275,7.666,29.273,2.657,23.542,2.041,5.404,24.451,-3.967,-1.725,-11.411,7.282,-15.376,10.644,-9.645,11.182,8.493,-11.227,14.988,45.521,45.078,51.871,49.608,32.343,0.826,high,0.643,0.521,0.565,0.4,-302.632,310.154,979.783,306.965,1.42,3.719,0.382,Luchun-Lax,0.381823070717935,2863920015404009033
Luchun_M5,5,M,Luchun,,M5_do31_01,106.877,454.507,347.63,5,o31,Vowel,o,Lax,Oral,31.0,2.0,Mid,31,Unaspirated,Oral,104.832,104.339,107.126,105.859,377.832,82.014,769.397,72.429,2646.35,69.207,3820.573,321.721,640.747,2774.098,4458.628,,11.513,10.592,17.062,12.862,20.323,7.41,19.969,-1.816,15.576,-0.336,-10.713,12.405,-5.548,-2.271,-3.262,5.452,-8.456,12.437,-4.063,10.927,22.226,-1.813,2.318,15.355,25.596,36.019,38.086,23.728,0.479,low,0.629,0.599,0.818,0.563,-199.734,282.457,311.122,277.051,1.414,5.063,0.287,Luchun-Lax,0.279281058660873,-671018072203947981
Luchun_M5,5,M,Luchun,,M5_do31_02,106.625,443.503,336.878,5,o31,Vowel,o,Lax,Oral,31.0,2.0,Mid,31,Unaspirated,Oral,103.596,103.194,106.047,104.947,382.822,71.815,809.536,101.892,2638.238,88.955,3927.547,308.068,593.639,2821.756,4278.293,5628.375,10.322,9.475,15.732,11.921,20.844,5.98,20.213,-1.909,11.707,-4.082,-8.449,13.202,-5.41,-2.446,-5.112,5.941,-9.891,11.408,-1.385,13.557,18.771,-3.727,2.133,16.628,27.193,36.387,37.252,25.655,0.721,low,0.69,0.608,0.792,0.564,-157.661,276.503,333.275,271.023,1.438,5.246,0.274,Luchun-Lax,0.274113610369806,-9167699533746554083
Luchun_M5,5,M,Luchun,,M5_do33_01,122.338,451.696,329.358,5,o33,Vowel,o,Lax,Oral,33.0,1.0,Mid,33,Unaspirated,Oral,123.088,122.943,123.594,123.832,343.45,74.142,848.257,54.156,2638.442,107.45,3885.563,345.233,713.155,3080.356,4625.93,,15.169,13.797,19.86,12.961,10.579,7.551,22.549,3.238,14.114,1.551,-7.734,15.138,-4.69,0.836,9.28,5.411,-7.379,10.575,1.056,12.246,22.903,-1.34,2.908,30.773,39.065,45.617,43.609,26.907,0.0,mid,0.69,0.613,0.771,0.527,-145.809,287.563,361.774,283.28,1.468,3.925,0.376,Luchun-Lax,0.374012738853503,-21019027095796744
Luchun_M5,5,M,Luchun,,M5_do33_02,115.779,452.633,336.854,5,o33,Vowel,o,Lax,Oral,33.0,1.0,Mid,33,Unaspirated,Oral,130.28,130.248,130.486,130.979,365.243,69.387,827.603,64.261,2606.219,123.789,3902.802,273.507,661.355,2980.873,4460.886,,14.764,13.384,20.562,13.674,10.554,6.365,23.568,2.959,15.037,0.975,-7.912,14.193,-5.798,-0.291,10.008,7.309,-8.804,10.446,-0.273,12.409,22.676,-0.809,3.677,34.928,44.167,50.549,48.686,27.063,0.0,mid,0.675,0.626,0.742,0.556,-140.885,285.176,310.558,280.916,1.394,3.474,0.402,Luchun-Lax,0.401266551525619,3707023343723301486
Luchun_M5,5,M,Luchun,,M5_do55_01,155.403,544.855,389.452,5,o55,Vowel,o,Lax,Oral,55.0,1.0,High,55,Unaspirated,Oral,137.927,137.829,138.2,137.871,353.281,66.823,820.921,41.576,2610.766,95.718,3346.494,192.739,699.057,3141.726,4520.649,5297.524,14.396,12.729,22.514,13.62,11.653,9.549,16.259,-3.43,15.405,2.178,-8.801,14.244,-8.119,-0.891,10.862,4.071,-1.864,16.18,-1.009,10.551,23.197,-1.515,3.535,40.964,48.114,55.424,53.127,27.871,0.821,high,0.714,0.644,0.811,0.408,-153.992,349.996,364.919,347.037,1.392,3.399,0.411,Luchun-Lax,0.409532215357458,-3422204266801937509
Luchun_M5,5,M,Luchun,,M5_do55_02,142.964,492.12,349.156,5,o55,Vowel,o,Lax,Oral,55.0,1.0,High,55,Unaspirated,Oral,138.606,138.539,138.984,138.525,345.951,66.711,821.963,48.908,2624.504,76.811,3343.692,122.469,685.015,3097.685,4662.055,5156.581,14.737,13.015,22.615,13.278,12.278,10.664,13.737,-5.648,16.219,3.324,-5.823,17.597,-7.878,-0.263,10.337,2.613,1.0,18.684,-1.482,9.691,20.56,-4.581,3.703,40.797,49.537,56.67,55.189,30.093,0.787,high,0.733,0.671,0.832,0.458,-138.574,317.646,382.074,314.348,1.418,3.352,0.424,Luchun-Lax,0.423031026252983,7516557394714519043
Luchun_M5,5,M,Luchun,,M5_dze_33_01,190.273,531.774,341.501,5,e_33,Vowel,e,Tense,Oral,33.0,1.0,Mid,33,Unaspirated,Oral,127.182,127.114,127.209,127.807,523.194,42.672,2042.555,134.628,2737.474,218.364,4031.158,223.405,2062.753,2382.629,3944.606,4719.622,11.98,11.411,18.244,15.741,30.82,8.819,30.817,7.337,23.605,15.733,18.824,14.464,-6.263,-4.33,-12.576,6.922,-18.837,4.075,-11.625,-4.322,-6.844,-3.052,18.985,48.826,49.108,45.309,42.926,33.546,0.518,mid,0.619,0.487,0.599,0.616,-274.495,363.817,732.082,358.964,1.289,3.433,0.375,Luchun-Tense,0.375473346926886,2044758881023849001
Luchun_M5,5,M,Luchun,,M5_dze_33_02,142.691,492.818,350.127,5,e_33,Vowel,e,Tense,Oral,33.0,1.0,Mid,33,Unaspirated,Oral,121.757,121.674,122.281,121.959,574.924,64.248,2009.473,135.337,2782.954,220.433,4076.993,223.494,1654.319,2428.448,3714.634,5002.213,12.499,12.054,18.362,16.454,25.755,13.71,27.586,3.218,21.627,11.602,16.174,11.56,-5.863,-4.4,-7.393,2.744,-15.087,8.837,-9.129,0.452,-3.676,0.494,14.461,46.377,46.918,42.453,39.614,32.973,0.0,mid,0.647,0.509,0.594,0.611,-281.142,320.727,696.677,315.701,1.37,3.504,0.391,Luchun-Tense,0.390981735159817,-6030134541189125155
Luchun_M5,5,M,Luchun,,M5_dze33_01,234.349,596.404,362.055,5,e33,Vowel,e,Lax,Oral,33.0,1.0,Mid,33,Unaspirated,Oral,122.054,122.008,121.966,121.575,596.899,42.933,1915.589,106.714,2578.12,196.425,4179.754,482.493,678.711,2251.216,3288.811,5400.514,20.518,20.108,22.302,20.555,28.025,17.839,33.985,9.127,22.767,10.854,18.164,10.287,-1.784,-0.447,-5.723,2.716,-13.467,10.982,-2.249,9.254,2.354,9.82,34.786,46.134,45.018,38.383,35.51,32.964,0.0,mid,0.598,0.462,0.472,0.403,-313.22,416.379,935.228,413.08,1.482,3.302,0.45,Luchun-Lax,0.448818897637795,-6094288638006387900
Luchun_M5,5,M,Luchun,,M5_dze33_02,120.988,468.622,347.634,5,e33,Vowel,e,Lax,Oral,33.0,1.0,Mid,33,Unaspirated,Oral,116.557,116.586,117.088,116.965,593.726,33.736,1868.113,95.15,2629.523,264.178,4076.934,415.09,664.889,2143.592,3406.841,5086.273,20.041,19.661,22.228,20.616,25.786,16.815,35.969,10.975,24.864,12.453,16.428,10.516,-2.187,-0.955,-3.558,3.801,-15.928,8.687,-4.823,7.207,3.613,9.144,44.765,40.764,37.998,34.467,31.939,32.065,0.0,mid,0.596,0.463,0.489,0.5,-340.711,297.039,971.305,292.736,1.633,3.439,0.475,Luchun-Lax,0.474847339342832,-4773677757708320869
Luchun_M5,5,M,Luchun,,M5_dzii_31_02,276.184,527.881,251.697,5,ii_31,Vowel,ɿ,Tense,Oral,31.0,2.0,Mid,31,Unaspirated,Oral,112.751,112.4,114.604,113.089,370.923,86.567,1180.24,91.458,3025.807,91.47,4355.943,271.428,1109.802,3007.288,4379.239,,11.145,10.204,19.023,14.6,19.92,12.923,21.919,1.664,16.637,6.248,-0.485,19.948,-7.877,-4.397,-0.897,1.677,-10.773,8.548,-5.492,3.956,11.631,-9.745,3.361,24.524,25.81,31.741,30.62,25.185,0.763,low,0.622,0.54,0.647,0.6,-225.474,405.037,647.116,399.691,1.244,3.884,0.322,Luchun-Tense,0.320288362512873,1659908924404434249
Luchun_M5,5,M,Luchun,,M5_dzii_33_01,259.718,516.341,256.623,5,ii_33,Vowel,ɿ,Tense,Oral,33.0,1.0,Mid,33,Unaspirated,Oral,138.711,138.483,138.941,137.871,321.56,78.546,1142.879,171.563,3050.987,80.074,4275.201,374.725,1097.642,3062.866,4583.513,,13.157,11.255,22.191,10.788,9.026,12.642,21.361,4.531,11.391,3.969,1.501,26.094,-9.034,0.467,13.165,-1.854,-8.204,6.731,1.765,7.286,11.656,-14.839,2.476,44.355,46.048,47.649,45.132,30.253,0.687,mid,0.679,0.608,0.655,0.629,-313.566,390.436,705.095,385.897,1.084,2.943,0.37,Luchun-Tense,0.36833163438668,-2522886242344781179
Luchun_M5,5,M,Luchun,,M5_dzii_33_02,288.713,532.163,243.45,5,ii_33,Vowel,ɿ,Tense,Oral,33.0,1.0,Mid,33,Unaspirated,Oral,132.276,132.156,132.092,132.468,337.697,89.032,1167.877,70.947,3096.382,142.229,4308.403,428.469,1104.396,3131.32,4643.127,,13.478,11.905,21.431,12.801,9.646,11.219,13.443,-4.303,12.202,4.195,-1.003,22.841,-7.953,-0.896,11.784,1.582,0.035,16.216,1.276,7.71,14.48,-10.937,2.729,28.503,33.791,40.151,38.96,27.244,0.0,mid,0.674,0.6,0.66,0.626,-288.488,412.441,709.379,407.696,1.193,3.361,0.358,Luchun-Tense,0.354953882772984,5335536929982027505
Luchun_M5,5,M,Luchun,,M5_dzii31_01,283.678,599.075,315.397,5,ii31,Vowel,ɿ,Lax,Oral,31.0,2.0,Mid,31,Unaspirated,Oral,99.043,98.494,102.51,113.867,364.767,68.091,1290.326,111.238,2908.368,148.471,3741.454,245.254,1048.5,3315.717,4135.419,4809.028,9.374,8.633,14.177,10.817,18.601,5.365,17.988,-2.304,2.521,-6.919,-6.94,9.569,-4.804,-2.185,-4.423,5.453,-8.614,10.941,6.852,15.552,16.314,-0.936,1.079,9.789,16.825,25.24,27.308,20.932,0.507,low,0.609,0.532,0.631,0.591,-306.023,443.861,842.763,437.836,1.425,4.166,0.343,Luchun-Lax,0.342054728756601,-3490633486469971666
Luchun_M5,5,M,Luchun,,M5_dzii31_02,232.006,561.596,329.59,5,ii31,Vowel,ɿ,Lax,Oral,31.0,2.0,Mid,31,Unaspirated,Oral,103.474,102.835,104.948,103.661,379.454,63.962,1246.302,186.292,2899.198,368.553,3899.851,346.371,787.657,2898.351,4154.903,4640.56,12.559,11.811,17.84,14.451,22.737,9.328,22.453,1.612,6.984,-3.39,-6.33,10.876,-5.281,-2.64,-4.898,5.123,-9.894,10.204,5.575,15.201,18.889,0.935,2.854,13.546,21.666,27.489,28.717,21.099,0.633,low,0.626,0.561,0.646,0.601,-373.547,399.278,816.128,393.406,1.358,4.013,0.342,Luchun-Lax,0.338400199352106,5884529320776505509
Luchun_M5,5,M,Luchun,,M5_dzii33_01,303.213,577.969,274.756,5,ii33,Vowel,ɿ,Lax,Oral,33.0,1.0,Mid,33,Unaspirated,Oral,136.447,136.491,136.546,136.147,348.529,71.195,1210.685,201.171,2976.588,149.085,3950.706,381.381,970.804,3108.903,4302.942,,20.112,18.58,25.24,16.909,10.128,11.346,20.512,2.062,11.031,2.754,3.309,23.956,-5.128,1.671,15.112,5.564,-0.399,16.524,9.082,15.826,16.804,-5.376,7.844,33.276,38.405,40.84,36.987,25.586,0.0,mid,0.663,0.62,0.659,0.609,-341.275,442.72,441.674,438.255,1.695,2.425,0.697,Luchun-Lax,0.698969072164949,3457958998821381659
Luchun_M5,5,M,Luchun,,M5_dzii33_02,229.143,504.03,274.887,5,ii33,Vowel,ɿ,Lax,Oral,33.0,1.0,Mid,33,Unaspirated,Oral,131.585,131.588,131.168,131.157,343.44,83.135,1208.035,172.021,3012.181,85.772,4035.432,459.969,1076.754,3048.752,4535.801,4302.25,20.155,18.655,25.028,16.935,13.832,14.984,20.819,2.842,13.913,6.052,6.745,28.336,-4.873,1.72,11.196,1.951,-0.664,15.819,6.242,12.603,13.41,-9.681,7.511,34.876,40.185,40.872,37.303,25.916,0.0,mid,0.653,0.578,0.596,0.557,-550.645,368.881,927.603,364.649,1.654,2.877,0.577,Luchun-Lax,0.574904414320473,-7419017628542704551
Luchun_M5,5,M,Luchun,,M5_dzii55_01,255.979,573.351,317.372,5,ii55,Vowel,ɿ,Lax,Oral,55.0,1.0,High,55,Unaspirated,Oral,146.117,146.127,145.585,146.463,376.249,71.453,1167.53,155.525,3014.435,409.56,4040.816,235.587,835.257,3176.956,4180.395,4957.153,17.434,15.902,25.208,16.94,13.971,14.386,20.994,1.256,10.338,0.442,-4.513,16.37,-7.774,-1.038,11.237,2.554,-3.559,14.656,7.096,15.46,21.947,-0.467,6.935,32.018,36.655,39.858,37.958,24.688,0.94,high,0.644,0.522,0.603,0.435,-319.319,415.749,1005.71,412.77,0.891,2.953,0.302,Luchun-Lax,0.301727057229936,-7048295571341143502
Luchun_M5,5,M,Luchun,,M5_dzii55_02,291.977,610.811,318.834,5,ii55,Vowel,ɿ,Lax,Oral,55.0,1.0,High,55,Unaspirated,Oral,142.058,141.951,142.336,142.179,387.082,68.245,1226.435,84.572,2986.797,159.126,4104.911,201.159,975.43,3006.25,4198.898,5037.506,18.611,17.239,25.481,18.367,15.211,14.404,26.658,6.406,11.884,1.887,1.715,20.873,-6.869,-1.128,10.269,3.963,-8.047,10.841,6.727,15.353,16.896,-3.634,9.045,39.813,42.989,43.906,39.722,26.521,0.0,high,0.706,0.62,0.633,0.607,-219.502,453.97,420.503,449.696,1.523,2.77,0.552,Luchun-Lax,0.549819494584837,-2097628058534065870
Luchun_M5,5,M,Luchun,,M5_dzji_31_01,267.454,587.394,319.94,5,i_31,Vowel,i,Tense,Oral,31.0,2.0,Mid,31,Unaspirated,Oral,102.613,102.064,103.27,189.824,229.059,43.606,2509.427,105.679,2827.604,142.659,3690.609,270.331,2639.002,3415.117,5088.936,5332.382,8.563,6.724,18.26,8.262,4.874,11.553,18.234,6.803,6.64,16.944,6.597,7.345,-9.697,-1.539,13.386,-3.29,-9.671,-0.08,1.924,-10.221,1.966,-0.622,0.722,34.745,45.832,42.989,36.178,24.856,0.367,low,0.634,0.567,0.722,0.593,-199.177,429.089,769.106,423.279,1.145,4.602,0.25,Luchun-Tense,0.248804867448935,4911148208268866303
Luchun_M5,5,M,Luchun,,M5_dzji_31_02,188.267,491.746,303.479,5,i_31,Vowel,i,Tense,Oral,31.0,2.0,Mid,31,Unaspirated,Oral,99.667,99.399,101.042,100.282,236.601,56.388,2470.509,97.931,2795.089,207.159,3706.099,228.032,2559.923,3383.787,5170.009,5416.022,6.85,5.198,17.562,8.584,2.381,7.725,15.606,3.664,7.303,16.702,5.859,6.207,-10.712,-3.387,15.181,0.859,-8.756,1.533,-0.453,-11.504,0.992,-1.009,0.651,37.476,47.757,43.491,36.567,24.847,0.552,low,0.634,0.572,0.713,0.592,-192.403,342.071,734.106,336.092,1.102,4.748,0.233,Luchun-Tense,0.232097725358046,-6190953976942196729
Luchun_M5,5,M,Luchun,,M5_dzji31_01,286.746,726.765,440.019,5,i31,Vowel,i,Lax,Oral,31.0,2.0,Mid,31,Unaspirated,Oral,93.968,93.645,96.386,95.117,254.473,54.393,2366.775,92.27,2732.452,195.11,3749.813,236.024,2417.418,3068.936,4017.096,5344.073,11.023,9.734,19.202,12.558,8.881,10.762,15.286,2.018,6.801,13.903,2.111,2.121,-8.179,-2.824,10.321,1.797,-4.263,7.717,4.222,-4.169,8.912,7.613,1.119,16.604,31.47,31.091,29.031,22.277,0.512,low,0.65,0.578,0.605,0.58,-466.328,509.647,679.745,503.403,2.014,3.973,0.508,Luchun-Lax,0.506921721620941,-943124620591576672
Luchun_M5,5,M,Luchun,,M5_dzji31_02,242.492,652.153,409.661,5,i31,Vowel,i,Lax,Oral,31.0,2.0,Mid,31,Unaspirated,Oral,95.064,94.693,96.473,95.86,264.322,52.882,2346.498,97.547,2689.942,224.172,3756.165,264.965,2117.968,3256.731,4592.69,5426.614,11.991,10.764,19.638,13.373,9.476,10.524,18.367,4.544,5.729,12.176,4.359,2.911,-7.647,-2.609,10.162,2.849,-6.376,6.22,6.262,-1.412,7.632,7.852,1.376,22.138,35.992,34.604,31.775,24.678,0.0,low,0.62,0.499,0.613,0.582,-423.257,450.089,803.62,443.914,1.909,4.259,0.449,Luchun-Lax,0.448227283399859,563923907535763629
Luchun_M5,5,M,Luchun,,M5_dzu_31_01,284.478,637.159,352.681,5,u_31,Vowel,u,Tense,Oral,31.0,2.0,Mid,31,Unaspirated,Oral,94.307,93.906,95.248,94.66,275.908,61.151,792.034,124.644,2940.069,355.949,3759.743,76.38,602.421,3682.014,4437.133,5230.858,4.87,3.66,10.359,4.451,6.568,3.744,11.764,-3.837,0.01,-9.645,-20.849,10.76,-5.489,-0.791,3.792,0.707,-6.894,7.514,4.861,13.305,25.72,-7.099,0.244,29.378,39.9,46.982,46.618,21.045,0.0,low,0.618,0.558,0.784,0.566,-156.749,462.586,645.918,456.558,1.133,5.181,0.22,Luchun-Tense,0.218683651804671,-4951613411290052296
Luchun_M5,5,M,Luchun,,M5_dzu_31_02,296.362,609.558,313.196,5,u_31,Vowel,u,Tense,Oral,31.0,2.0,Mid,31,Unaspirated,Oral,92.73,91.793,94.081,93.337,278.498,54.994,787.818,92.061,2903.089,176.671,3823.358,65.499,628.302,3677.044,4177.178,5183.269,3.646,2.489,9.459,3.87,6.798,3.201,11.607,-4.266,0.348,-9.567,-19.943,10.939,-5.813,-1.381,2.661,0.669,-7.961,6.772,3.298,12.057,23.589,-8.449,0.224,23.227,35.037,43.74,44.805,22.701,0.0,low,0.616,0.567,0.787,0.476,-161.101,454.329,635.883,449.126,1.04,5.077,0.207,Luchun-Tense,0.204845381130589,-3409008977935933729
Luchun_M5,5,M,Luchun,,M5_dzu31_01,252.048,687.255,435.207,5,u31,Vowel,u,Lax,Oral,31.0,2.0,Mid,31,Unaspirated,Oral,92.892,92.183,94.475,93.716,275.397,69.279,895.101,113.416,2671.389,199.058,3624.2,295.33,678.178,3072.098,4394.412,4680.897,11.358,10.184,15.512,9.758,13.387,11.011,13.948,-1.338,3.95,-4.173,-12.005,13.584,-4.154,0.426,2.125,-1.254,-2.591,11.528,7.408,14.357,23.363,-3.4,0.665,15.643,25.287,32.361,33.954,22.336,0.671,low,0.658,0.591,0.626,0.558,-313.554,470.841,406.277,464.776,1.902,4.982,0.384,Luchun-Lax,0.381774387796066,87903022111564711
Luchun_M5,5,M,Luchun,,M5_dzu31_02,268.83,683.766,414.936,5,u31,Vowel,u,Lax,Oral,31.0,2.0,Mid,31,Unaspirated,Oral,93.361,92.664,95.162,94.313,282.289,63.73,903.343,204.146,2723.774,161.444,3591.561,158.9,635.842,2999.369,4016.449,5003.434,10.281,9.166,15.398,10.002,13.798,10.5,14.739,-1.117,2.807,-5.776,-10.9,14.617,-5.117,-0.836,1.6,-0.498,-4.458,10.29,7.474,14.942,21.181,-5.451,0.676,17.107,26.505,33.415,34.801,20.866,0.781,low,0.607,0.56,0.616,0.562,-396.346,479.006,795.345,472.936,1.745,4.845,0.365,Luchun-Lax,0.360165118679051,-6348502568972991493
Luchun_M5,5,M,Luchun,,M5_gu_31_01,186.658,516.946,330.288,5,u_31,Vowel,u,Tense,Oral,31.0,2.0,Mid,31,Unaspirated,Oral,102.162,101.49,103.838,102.916,255.568,67.686,709.128,214.163,2842.857,184.934,4503.168,94.962,411.513,3143.503,4478.781,,5.521,3.812,14.142,5.076,4.256,5.023,8.68,-5.444,-2.708,-11.971,-18.602,15.474,-8.621,-1.264,9.885,0.053,-3.16,9.277,8.228,15.784,24.123,-11.661,0.305,26.918,39.755,46.928,46.489,23.867,0.767,low,0.634,0.588,0.763,0.517,-183.381,353.162,576.719,348.035,1.13,4.281,0.264,Luchun-Tense,0.263957019387993,-1856331394351076145
Luchun_M5,5,M,Luchun,,M5_gu_31_02,200.42,471.986,271.566,5,u_31,Vowel,u,Tense,Oral,31.0,2.0,Mid,31,Unaspirated,Oral,93.78,92.988,94.849,94.581,253.171,44.509,699.782,168.745,2847.612,176.987,4266.839,247.196,447.593,3300.767,4559.199,4890.192,8.614,7.184,15.319,8.113,7.851,7.025,14.524,0.29,0.387,-8.964,-20.748,13.365,-6.705,-0.928,7.468,1.088,-5.91,6.915,8.227,16.148,29.362,-6.181,0.57,24.306,36.724,43.717,45.172,22.335,0.0,low,0.588,0.501,0.668,0.345,-169.792,336.239,637.793,332.547,1.426,4.271,0.334,Luchun-Tense,0.333879653476937,8718182526022749477
Luchun_M5,5,M,Luchun,,M5_gu31_01,181.127,574.876,393.749,5,u31,Vowel,u,Lax,Oral,31.0,2.0,Mid,31,Unaspirated,Oral,96.26,95.372,98.087,97.063,264.722,57.064,829.511,140.269,2653.622,131.577,3694.633,211.407,672.825,2890.887,4227.457,4964.367,11.721,10.331,17.681,10.606,12.46,12.086,13.627,-0.943,4.258,-4.003,-15.472,12.161,-5.959,-0.275,5.221,-1.481,-1.906,11.282,7.464,14.334,27.194,-1.831,0.898,17.173,28.193,35.37,38.068,21.801,0.892,low,0.618,0.582,0.787,0.551,-189.872,379.578,312.79,373.802,1.633,5.311,0.308,Luchun-Lax,0.307475051779326,7204298909351902992
Luchun_M5,5,M,Luchun,,M5_gu31_02,151.492,542.62,391.128,5,u31,Vowel,u,Lax,Oral,31.0,2.0,Mid,31,Unaspirated,Oral,96.96,96.378,98.501,97.783,260.767,45.247,844.162,102.89,2639.612,175.559,3729.594,156.406,739.677,3008.323,4182.122,5127.612,11.145,9.738,17.818,10.626,11.343,11.5,14.461,0.11,5.507,-2.198,-15.935,11.14,-6.673,-0.888,6.474,-0.874,-3.316,9.635,5.638,11.936,27.08,-1.402,0.927,18.602,28.664,35.285,37.418,20.075,0.066,low,0.624,0.61,0.735,0.587,-393.736,348.915,626.221,342.802,1.565,4.469,0.357,Luchun-Lax,0.350190199149698,-3015766157441284783
Luchun_M5,5,M,Luchun,,M5_la_31_02,191.655,438.72,247.065,5,a_31,Vowel,a,Tense,Oral,31.0,2.0,Mid,31,Unaspirated,Oral,99.598,428.691,50.026,159.215,858.521,66.04,1336.278,195.478,2574.223,259.036,3786.565,734.911,1023.319,2405.06,2931.544,5734.832,4.004,3.834,7.562,6.87,4.143,1.159,26.487,-5.529,19.187,-8.623,16.147,11.754,-3.558,-3.036,3.419,5.711,-22.483,9.387,-15.183,12.457,-12.142,-7.92,11.668,10.216,1.849,5.799,7.898,20.077,0.408,low,0.598,0.515,0.813,0.348,-55.997,314.46,259.326,311.098,0.756,3.228,0.154,Luchun-Tense,0.234200743494424,-2511137984987158601
Luchun_M5,5,M,Luchun,,M5_la_33_01,221.537,506.852,285.315,5,a_33,Vowel,a,Tense,Oral,33.0,1.0,Mid,33,Unaspirated,Oral,117.351,117.471,117.753,117.611,829.294,32.129,1386.002,77.327,2899.029,259.778,3977.381,362.891,873.3,1474.971,3111.805,5397.27,6.454,6.212,11.513,10.518,7.056,2.572,29.805,-0.673,21.869,-3.645,-0.488,0.343,-5.059,-4.306,4.457,7.946,-23.351,6.915,-15.415,9.857,6.942,5.869,12.678,42.797,31.836,34.298,35.312,29.043,0.0,mid,0.638,0.549,0.696,0.448,-52.413,365.187,192.038,361.379,0.951,1.8,0.134,Luchun-Tense,0.528333333333333,6902715421820365286
Luchun_M5,5,M,Luchun,,M5_la_33_02,193.695,465.394,271.699,5,a_33,Vowel,a,Tense,Oral,33.0,1.0,Mid,33,Unaspirated,Oral,119.693,119.28,120.053,119.918,826.736,30.23,1415.423,63.019,2413.014,427.776,4011.998,623.325,901.341,1603.987,3554.233,5289.133,8.927,8.677,13.892,12.865,12.537,7.879,31.438,1.278,23.306,-1.544,2.924,-4.912,-4.965,-4.189,1.355,4.987,-22.512,7.41,-14.379,10.221,6.003,13.589,18.149,32.096,20.702,22.574,25.015,25.799,0.0,mid,0.642,0.547,0.622,0.436,-83.899,330.171,314.494,326.526,1.039,3.755,0.283,Luchun-Tense,0.276697736351531,3391681338048453259
Luchun_M5,5,M,Luchun,,M5_la33_01,236.981,570.558,333.577,5,a33,Vowel,a,Lax,Oral,33.0,1.0,Mid,33,Unaspirated,Oral,115.339,115.307,115.582,115.571,769.343,59.021,1346.686,104.811,2463.943,587.183,3767.698,325.989,954.672,1953.774,3507.617,3972.837,17.796,17.53,20.074,18.98,20.969,15.943,33.964,4.443,25.957,1.778,9.218,5.045,-2.278,-1.45,-0.895,3.037,-16.168,13.101,-8.161,15.752,8.578,12.485,41.464,38.383,29.345,32.096,31.646,30.565,0.886,mid,0.575,0.488,0.543,0.544,-264.418,407.261,673.516,402.54,1.472,3.36,0.438,Luchun-Lax,0.438095238095238,-2958687257256428790
Luchun_M5,5,M,Luchun,,M5_la33_02,228.518,550.551,322.033,5,a33,Vowel,a,Lax,Oral,33.0,1.0,Mid,33,Unaspirated,Oral,117.313,117.286,117.126,117.072,752.629,59.083,1391.169,85.077,3137.292,605.428,3880.899,289.851,856.162,1511.959,3620.324,5232.663,17.492,17.215,20.558,19.415,20.048,14.723,32.487,3.629,25.856,2.945,4.324,10.067,-3.066,-2.2,0.51,4.692,-14.995,13.615,-8.364,14.27,13.168,7.148,35.798,46.287,35.995,37.131,35.157,29.905,0.754,mid,0.578,0.503,0.586,0.549,-256.924,391.456,662.918,386.776,0.908,3.44,0.264,Luchun-Lax,0.263953488372093,-2497652480736047881
Luchun_M5,5,M,Luchun,,M5_la55_01,186.68,539.229,352.549,5,a55,Vowel,a,Lax,Oral,55.0,1.0,High,55,Unaspirated,Oral,133.99,134.072,134.206,134.158,788.577,165.223,1379.624,166.426,2787.688,211.717,3896.813,153.163,1091.576,2615.443,3870.026,,17.466,17.127,19.676,18.269,22.959,16.156,28.655,-0.626,21.763,-2.13,9.407,9.647,-2.21,-1.142,-3.283,2.113,-11.189,17.776,-4.297,19.257,8.059,7.481,17.416,26.436,19.791,24.531,25.667,31.069,0.601,high,0.576,0.529,0.61,0.549,-218.389,364.825,664.385,360.728,0.906,2.126,0.225,Luchun-Lax,0.42615239887112,-6979789708750785930
Luchun_M5,5,M,Luchun,,M5_la55_02,212.242,539.507,327.265,5,a55,Vowel,a,Lax,Oral,55.0,1.0,High,55,Unaspirated,Oral,131.367,131.362,131.553,131.105,733.893,44.938,1429.038,110.758,2712.069,229.299,3821.321,138.327,835.001,1976.92,3506.169,3817.26,17.169,16.81,20.976,19.477,20.063,12.553,31.719,3.728,21.107,-0.391,5.613,5.497,-3.807,-2.667,0.913,6.924,-14.55,13.096,-3.938,17.201,11.557,11.313,26.19,48.07,41.968,41.661,38.601,30.216,0.876,high,0.649,0.526,0.54,0.575,-335.653,378.56,757.377,374.182,1.595,3.351,0.476,Luchun-Lax,0.475977320202924,-5326008853021016570
Luchun_M5,5,M,Luchun,,M5_le_31_01,201.26,527.04,325.78,5,e_31,Vowel,e,Tense,Oral,31.0,2.0,Mid,31,Unaspirated,Oral,99.113,98.955,101.823,99.781,660.076,53.147,1901.441,105.149,2752.913,171.798,4302.843,673.306,713.401,1979.596,2818.812,5571.917,9.812,9.575,14.652,13.67,11.107,6.476,27.954,1.662,18.974,4.634,12.892,6.685,-4.84,-4.096,3.545,7.195,-18.142,7.914,-9.162,4.941,-3.08,2.889,9.663,22.917,18.248,14.993,14.384,22.932,0.394,low,0.549,0.455,0.64,0.576,-134.686,367.428,522.395,361.557,1.521,4.534,0.335,Luchun-Tense,0.335465372739303,8723408916912457574
Luchun_M5,5,M,Luchun,,M5_le_33_01,249.833,575.586,325.753,5,e_33,Vowel,e,Tense,Oral,33.0,1.0,Mid,33,Unaspirated,Oral,125.661,125.953,126.55,125.611,639.868,49.934,1883.467,80.933,2783.391,275.0,4220.829,439.251,619.608,2045.298,2972.735,5424.873,11.59,11.204,17.185,15.553,18.666,9.614,29.974,4.516,21.58,8.132,15.213,11.171,-5.596,-4.349,-1.481,5.939,-18.384,6.691,-9.991,3.072,-3.623,0.033,15.212,23.963,20.099,18.06,16.839,27.073,0.0,mid,0.598,0.479,0.623,0.276,-115.551,411.919,479.181,409.712,0.955,3.98,0.249,Luchun-Tense,0.239949748743719,3002434705792828149
Luchun_M5,5,M,Luchun,,M5_le_33_02,216.807,521.378,304.571,5,e_33,Vowel,e,Tense,Oral,33.0,1.0,Mid,33,Unaspirated,Oral,119.978,119.882,120.824,120.492,677.463,75.983,1842.875,68.059,2809.245,322.246,4213.365,653.146,765.215,1931.404,2977.876,5177.977,12.72,12.399,18.025,16.68,18.632,11.801,28.045,1.843,24.651,9.468,15.639,11.085,-5.305,-4.281,-0.607,4.88,-15.324,10.559,-11.931,2.931,-2.919,1.314,17.784,27.643,22.516,18.474,16.311,25.037,0.762,mid,0.639,0.544,0.641,0.324,-113.552,369.353,461.64,366.653,1.083,3.465,0.243,Luchun-Tense,0.312554112554113,1780396362690327289
Luchun_M5,5,M,Luchun,,M5_le31_01,200.035,552.295,352.26,5,e31,Vowel,e,Lax,Oral,31.0,2.0,Mid,31,Unaspirated,Oral,97.395,97.091,100.129,98.381,677.49,54.903,1842.256,95.155,2702.918,121.285,4261.244,796.083,731.038,2079.32,3026.266,4953.316,17.104,16.884,19.726,18.816,19.239,15.017,32.682,5.999,20.037,4.465,13.438,6.718,-2.622,-1.932,0.487,3.798,-15.578,10.887,-2.933,12.418,3.666,10.166,27.691,13.597,10.635,11.253,12.615,24.768,0.486,low,0.6,0.499,0.55,0.528,-251.894,377.971,761.743,372.507,1.101,3.965,0.178,Luchun-Lax,0.277679697351829,-5885634365755149913
Luchun_M5,5,M,Luchun,,M5_le31_02,220.484,558.041,337.557,5,e31,Vowel,e,Lax,Oral,31.0,2.0,Mid,31,Unaspirated,Oral,101.304,100.789,103.286,107.629,665.502,68.32,1806.57,72.703,2758.131,225.443,3937.09,386.583,698.203,1878.495,3383.894,5250.183,16.647,16.403,19.719,18.71,20.081,15.321,33.32,6.833,20.042,4.457,6.779,2.398,-3.072,-2.307,-0.362,3.389,-16.673,9.573,-3.396,11.946,9.868,14.006,27.791,15.793,12.274,12.27,14.691,23.128,0.638,low,0.613,0.493,0.546,0.528,-296.68,392.196,738.44,386.946,1.505,4.283,0.352,Luchun-Lax,0.35138921316834,-4427750205788237745
Luchun_M5,5,M,Luchun,,M5_le33_01,287.485,641.364,353.879,5,e33,Vowel,e,Lax,Oral,33.0,1.0,Mid,33,Unaspirated,Oral,112.896,112.903,113.16,228.533,666.45,47.285,1795.523,68.413,2698.998,150.853,4046.284,404.621,694.3,1874.255,3029.172,5097.239,19.2,18.91,21.671,20.462,22.218,16.268,33.333,7.02,22.503,6.963,9.293,3.99,-2.471,-1.552,-0.546,4.194,-14.132,11.892,-3.302,11.946,9.907,14.919,25.716,33.32,29.737,25.221,23.806,24.79,0.329,mid,0.57,0.478,0.513,0.52,-329.347,466.718,727.282,462.116,1.291,3.514,0.367,Luchun-Lax,0.367387592487194,-6950204631026334267
Luchun_M5,5,M,Luchun,,M5_le55_01,187.247,563.34,376.093,5,e55,Vowel,e,Lax,Oral,55.0,1.0,High,55,Unaspirated,Oral,128.948,128.866,128.372,128.601,630.577,44.199,1784.653,96.583,2764.172,159.68,4079.721,223.24,740.53,2209.892,3463.988,4788.901,19.829,19.413,21.874,20.106,27.655,17.486,33.94,8.557,22.034,7.853,14.4,11.791,-2.045,-0.693,-5.781,2.62,-14.111,10.859,-2.206,11.56,5.429,7.622,32.713,33.321,32.01,29.773,27.84,29.417,0.0,high,0.591,0.515,0.605,0.542,-311.755,377.73,1206.637,373.527,1.004,1.708,0.21,Luchun-Lax,0.587822014051522,6352338613686982595
Luchun_M5,5,M,Luchun,,M5_le55_02,274.742,656.847,382.105,5,e55,Vowel,e,Lax,Oral,55.0,1.0,High,55,Unaspirated,Oral,127.993,127.961,128.468,127.961,638.735,32.079,1756.023,91.372,2784.085,135.558,3616.108,448.421,706.539,2234.727,3323.502,5287.394,21.401,20.995,23.735,22.014,28.282,18.576,37.489,11.919,22.332,7.553,17.419,15.477,-2.334,-1.019,-4.547,3.437,-16.088,9.08,-0.931,13.442,3.982,5.518,66.098,35.688,33.685,32.225,29.322,31.095,0.0,high,0.665,0.586,0.619,0.605,-229.154,468.564,546.955,463.833,1.236,3.488,0.355,Luchun-Lax,0.354357798165138,-5901711151368806472
Luchun_M5,5,M,Luchun,,M5_lo_31_02,194.722,476.694,281.972,5,o_31,Vowel,o,Tense,Oral,31.0,2.0,Mid,31,Unaspirated,Oral,98.414,97.909,100.495,99.749,375.045,42.886,710.425,62.263,2974.174,121.985,3397.07,901.004,589.611,2990.168,4072.357,5524.368,-1.37,-2.179,6.758,3.163,15.06,-3.402,14.644,-7.912,9.561,-7.828,-9.319,19.458,-8.128,-5.343,-8.302,6.565,-16.015,5.803,-10.931,5.648,7.949,-21.637,0.426,24.311,33.588,41.447,40.926,23.658,0.704,low,0.598,0.523,0.657,0.334,-152.921,335.67,544.748,332.257,1.337,4.698,0.29,Luchun-Tense,0.284589186888037,3656194019961748149
Luchun_M5,5,M,Luchun,,M5_lo_33_01,208.642,520.699,312.057,5,o_33,Vowel,o,Tense,Oral,33.0,1.0,Mid,33,Unaspirated,Oral,134.461,134.405,134.402,134.493,383.115,39.956,693.828,109.143,2953.859,111.224,3568.007,63.615,508.998,3096.552,3625.575,5774.434,7.979,6.528,18.194,11.086,13.214,4.903,24.775,2.24,15.379,-2.361,-3.446,25.976,-10.215,-4.559,4.979,6.183,-16.797,4.396,-7.4,8.889,11.425,-19.448,3.807,41.265,50.675,56.911,54.878,30.986,0.0,mid,0.689,0.655,0.692,0.641,-278.375,367.373,540.081,362.607,1.319,1.37,0.244,Luchun-Tense,0.962773722627737,4504593744972269590
Luchun_M5,5,M,Luchun,,M5_lo_33_02,232.587,542.995,310.408,5,o_33,Vowel,o,Tense,Oral,33.0,1.0,Mid,33,Unaspirated,Oral,134.491,134.388,134.364,134.445,382.893,40.982,781.878,133.028,2933.502,123.93,3598.95,153.649,548.395,3151.698,3915.257,,9.092,7.699,18.048,11.179,11.503,5.587,23.853,2.096,10.157,-5.671,-5.898,21.271,-8.956,-3.481,6.545,5.592,-14.761,5.66,-1.065,13.37,14.99,-13.572,3.2,42.381,51.664,57.942,56.505,30.718,0.0,mid,0.668,0.627,0.671,0.629,-251.722,390.282,562.212,385.604,1.265,3.131,0.404,Luchun-Tense,0.404024273395081,248043350034172927
Luchun_M5,5,M,Luchun,,M5_lo31_01,149.463,515.674,366.211,5,o31,Vowel,o,Lax,Oral,31.0,2.0,Mid,31,Unaspirated,Oral,109.846,109.392,111.134,110.377,357.963,84.938,765.007,52.83,2644.81,277.587,3523.099,95.255,696.495,3238.668,3540.518,5619.668,11.685,10.616,17.442,12.439,19.493,11.181,19.119,-1.584,18.157,3.359,-12.044,11.733,-5.757,-1.823,-2.051,1.258,-7.434,12.225,-6.473,7.257,23.729,-1.117,2.435,28.709,36.708,43.124,40.788,25.75,0.162,low,0.641,0.611,0.811,0.569,-193.195,333.918,310.59,328.727,1.382,2.838,0.131,Luchun-Lax,0.486962649753347,-7093347566995346048
Luchun_M5,5,M,Luchun,,M5_lo31_02,200.617,571.478,370.861,5,o31,Vowel,o,Lax,Oral,31.0,2.0,Mid,31,Unaspirated,Oral,108.831,108.558,111.267,109.779,353.114,68.61,765.912,32.72,2608.329,196.979,3502.786,75.994,715.536,3386.335,3899.717,5495.114,10.193,9.095,16.321,11.141,17.845,10.165,20.735,0.426,19.294,4.883,-11.925,11.694,-6.128,-2.046,-1.524,0.976,-10.542,8.692,-9.101,4.212,22.118,-2.599,2.614,20.541,29.401,36.735,36.217,20.588,0.0,low,0.673,0.621,0.821,0.584,-143.085,387.901,285.282,382.504,1.293,5.132,0.252,Luchun-Lax,0.25194855806703,4778074201728730360
Luchun_M5,5,M,Luchun,,M5_lo33_01,186.655,489.134,302.479,5,o33,Vowel,o,Lax,Oral,33.0,1.0,Mid,33,Unaspirated,Oral,120.351,120.301,120.804,120.272,361.765,83.499,808.799,64.854,2810.966,293.618,3564.041,76.659,718.844,3258.958,3545.132,5437.804,12.986,11.781,18.302,12.506,17.289,11.353,21.372,0.702,14.996,0.7,-9.237,16.107,-5.316,-0.725,1.013,1.153,-8.386,11.109,-2.01,11.081,22.223,-4.325,2.708,37.262,45.117,51.42,49.395,28.718,0.0,mid,0.651,0.558,0.582,0.549,-378.467,340.537,706.098,335.977,1.973,3.386,0.58,Luchun-Lax,0.582693443591258,-5339131720885536513
Luchun_M5,5,M,Luchun,,M5_lo33_02,213.228,500.872,287.644,5,o33,Vowel,o,Lax,Oral,33.0,1.0,Mid,33,Unaspirated,Oral,126.488,126.438,126.826,126.25,360.294,63.58,810.43,69.467,2670.502,325.572,3481.904,102.106,687.699,3315.034,3520.588,,13.749,12.387,19.716,12.957,14.895,10.469,23.591,3.232,16.167,2.085,-9.322,14.912,-5.967,-0.571,4.821,2.488,-9.842,9.181,-2.418,10.302,23.07,-2.525,3.66,41.906,48.691,55.227,52.98,29.77,0.0,mid,0.665,0.583,0.609,0.554,-392.627,359.841,665.32,355.454,2.211,3.129,0.708,Luchun-Lax,0.706615532118888,2379269643452873166
Luchun_M5,5,M,Luchun,,M5_lo55_01,184.856,561.061,376.205,5,o55,Vowel,o,Lax,Oral,55.0,1.0,High,55,Unaspirated,Oral,148.843,148.849,149.014,148.679,349.503,80.562,805.868,123.001,2828.545,110.885,3548.908,46.474,629.423,2952.222,3562.895,5203.734,14.578,12.592,23.523,12.042,13.039,11.564,21.034,1.649,12.399,-0.702,-3.216,23.689,-8.945,0.55,10.484,0.478,-6.456,10.977,2.179,13.294,17.794,-11.097,3.799,46.9,54.092,59.729,56.008,27.303,0.855,high,0.688,0.61,0.793,0.436,-155.439,373.149,398.955,370.221,1.267,3.03,0.42,Luchun-Lax,0.418151815181518,8933442808073693493
Luchun_M5,5,M,Luchun,,M5_lo55_02,240.725,559.271,318.546,5,o55,Vowel,o,Lax,Oral,55.0,1.0,High,55,Unaspirated,Oral,145.693,145.709,145.747,145.977,348.641,81.875,831.332,74.324,2603.035,107.71,3454.788,116.497,682.285,2904.237,3510.229,4983.939,15.019,13.123,24.213,13.429,14.134,13.282,20.291,1.091,13.567,0.986,-5.771,17.199,-9.194,-0.306,10.079,0.147,-5.272,12.051,1.453,12.137,20.79,-4.076,4.373,36.757,44.319,51.37,49.981,29.067,0.74,high,0.694,0.623,0.803,0.42,-147.224,399.916,422.378,397.037,1.28,3.158,0.406,Luchun-Lax,0.405319822672578,1075662087877310232
Luchun_M5,5,M,Luchun,,M5_lu_31_01,205.732,465.752,260.02,5,u_31,Vowel,u,Tense,Oral,31.0,2.0,Mid,31,Unaspirated,Oral,113.5,113.084,115.233,114.27,285.642,86.97,815.712,129.17,3190.818,167.594,3985.989,808.887,743.94,3213.011,4520.334,5813.313,7.865,6.193,17.992,8.946,7.575,8.431,10.422,-5.275,6.779,-2.616,-10.334,23.624,-10.127,-2.753,10.417,0.514,-2.557,11.492,1.087,8.808,18.199,-17.432,0.862,25.88,32.167,37.032,36.118,22.341,0.744,low,0.726,0.694,0.785,0.55,-176.081,337.23,338.597,332.409,1.739,3.731,0.47,Luchun-Tense,0.466094880729027,-3181037765315176657
Luchun_M5,5,M,Luchun,,M5_lu_31_02,200.279,456.244,255.965,5,u_31,Vowel,u,Tense,Oral,31.0,2.0,Mid,31,Unaspirated,Oral,111.522,111.038,112.708,111.865,287.227,68.457,837.011,98.288,3206.64,209.781,3860.907,348.569,759.38,3225.221,3982.216,,7.186,5.595,17.304,8.837,6.499,7.028,10.039,-5.684,7.931,-1.334,-8.341,25.509,-10.118,-3.242,10.804,1.808,-2.853,11.303,-0.745,6.929,15.527,-19.914,0.834,34.74,40.467,43.78,41.913,24.873,0.848,low,0.702,0.659,0.803,0.617,-202.986,330.321,560.746,324.772,1.179,4.532,0.262,Luchun-Tense,0.260150044130627,3186092145090916719
Luchun_M5,5,M,Luchun,,M5_lu_33_01,222.582,511.048,288.466,5,u_33,Vowel,u,Tense,Oral,33.0,1.0,Mid,33,Unaspirated,Oral,137.433,137.481,137.204,137.871,284.895,54.829,795.152,152.629,3069.495,313.909,3835.647,674.728,700.265,3108.226,4670.657,,14.43,11.976,24.537,9.803,10.441,13.537,24.535,9.3,7.754,-1.387,-11.414,22.338,-10.107,2.174,14.096,-3.734,-10.104,2.703,6.677,13.364,25.845,-10.362,3.374,38.702,43.904,46.968,46.1,26.569,0.538,mid,0.624,0.589,0.801,0.595,-201.286,367.662,503.691,363.335,1.07,1.471,0.214,Luchun-Tense,0.727396329027872,7827464009179947663
Luchun_M5,5,M,Luchun,,M5_lu31_01,473.176,710.697,237.521,5,u31,Vowel,u,Lax,Oral,31.0,2.0,Mid,31,Unaspirated,Oral,94.836,94.121,97.44,95.839,314.461,64.24,893.743,142.552,2582.818,708.126,3738.901,423.989,723.622,2505.881,4457.557,5207.448,8.904,7.97,16.833,12.495,19.015,11.241,19.104,0.839,11.22,0.21,-14.301,4.305,-7.929,-4.524,-2.183,1.253,-10.2,7.137,-2.316,7.76,23.205,3.665,1.592,12.698,19.155,24.443,27.557,19.562,0.712,low,0.731,0.631,0.828,0.57,-157.255,593.12,330.882,587.08,1.47,5.744,0.256,Luchun-Lax,0.25591922005571,-7762606786268087447
Luchun_M5,5,M,Luchun,,M5_lu31_02,476.875,670.949,194.074,5,u31,Vowel,u,Lax,Oral,31.0,2.0,Mid,31,Unaspirated,Oral,95.586,95.098,96.883,96.21,319.159,61.244,872.748,98.915,3262.278,487.766,4008.153,550.148,760.393,3283.082,4320.515,5603.321,8.406,7.48,16.647,12.358,19.09,10.843,19.04,0.625,11.355,-0.084,-16.884,13.703,-8.242,-4.879,-2.443,1.515,-10.634,6.878,-2.949,7.564,25.29,-6.224,1.539,14.941,23.537,32.156,34.428,22.742,0.854,low,0.754,0.643,0.846,0.578,-138.78,575.307,307.889,569.241,1.451,6.151,0.236,Luchun-Lax,0.235896602178508,2641862241851035974
Luchun_M5,5,M,Luchun,,M5_lu33_01,208.485,543.737,335.252,5,u33,Vowel,u,Lax,Oral,33.0,1.0,Mid,33,Unaspirated,Oral,128.763,128.542,129.244,129.345,327.233,73.376,998.644,198.396,2512.378,252.815,3957.688,382.478,495.427,2686.163,4382.45,5558.058,19.718,18.127,25.223,16.604,12.966,13.632,17.659,-0.096,7.129,-2.464,-6.981,12.082,-5.505,1.523,12.258,2.972,2.058,18.229,12.589,20.591,26.699,6.045,5.899,27.777,34.963,38.917,38.475,24.09,0.0,mid,0.685,0.558,0.754,0.365,-209.452,375.838,342.08,373.001,1.481,3.593,0.413,Luchun-Lax,0.412190370164208,-5213869013747527176
Luchun_M5,5,M,Luchun,,M5_lu33_02,173.271,483.917,310.646,5,u33,Vowel,u,Lax,Oral,33.0,1.0,Mid,33,Unaspirated,Oral,130.863,130.775,130.989,131.105,324.779,77.177,980.393,167.281,2569.642,232.347,3693.523,486.36,666.308,3111.535,4364.771,5274.095,20.609,18.951,26.597,17.463,14.835,15.886,17.607,-0.012,10.464,0.899,-5.235,14.543,-5.988,1.487,11.761,1.578,3.002,18.969,10.145,18.051,25.844,4.408,8.05,27.712,35.234,38.723,38.671,24.733,0.67,mid,0.683,0.589,0.766,0.379,-200.376,328.183,398.255,325.285,1.462,3.52,0.415,Luchun-Lax,0.415340909090909,4737298800139200342
Luchun_M5,5,M,Luchun,,M5_lu55_01,191.164,534.797,343.633,5,u55,Vowel,u,Lax,Oral,55.0,1.0,High,55,Unaspirated,Oral,153.767,153.864,153.404,154.252,292.598,25.741,902.313,74.29,2562.105,256.649,3368.006,195.693,688.005,3371.244,4743.629,5126.854,21.465,18.541,28.056,13.906,9.445,14.581,28.054,12.915,13.607,5.69,-5.283,18.585,-6.591,4.636,18.611,-0.675,-6.589,5.634,7.858,12.851,26.748,-0.044,8.096,23.339,30.699,37.837,39.454,27.042,0.513,high,0.589,0.57,0.765,0.415,-252.93,363.027,399.516,360.337,1.648,2.15,0.822,Luchun-Lax,0.766511627906977,-9087406302117726937
Luchun_M5,5,M,Luchun,,M5_lu55_02,231.843,587.008,355.165,5,u55,Vowel,u,Lax,Oral,55.0,1.0,High,55,Unaspirated,Oral,150.13,150.032,150.056,150.184,291.49,32.987,916.901,69.213,2622.507,205.464,3580.2,239.162,733.404,3352.443,3992.124,5379.447,20.014,17.209,26.832,12.169,8.776,14.004,26.83,11.736,14.415,6.649,-4.705,20.041,-6.818,5.04,18.056,-1.834,-6.816,5.482,5.599,10.561,24.719,-2.831,6.215,29.924,35.412,41.146,41.17,26.818,0.553,high,0.606,0.565,0.777,0.429,-229.629,409.441,400.612,406.584,1.54,2.274,0.685,Luchun-Lax,0.677220756376429,-4767987148585565659
Luchun_M5,5,M,Luchun,,M5_lw_33_01,252.072,558.232,306.16,5,w_33,Vowel,ɯ,Tense,Oral,33.0,1.0,Mid,33,Unaspirated,Oral,130.805,130.758,130.985,265.181,264.163,23.904,1307.368,74.405,2824.439,429.531,4518.036,91.213,1244.224,3170.822,4529.919,,12.475,10.074,23.517,10.205,-0.16,7.519,23.514,10.205,6.489,3.949,-8.415,13.281,-11.041,-0.131,23.676,2.686,-11.039,-0.129,5.986,6.125,20.89,-3.207,2.279,38.938,45.386,50.347,50.798,29.961,0.348,mid,0.632,0.45,0.733,0.328,-336.363,405.086,788.869,402.574,1.032,2.953,0.232,Luchun-Tense,0.349475110057569,-1725960810372296853
Luchun_M5,5,M,Luchun,,M5_lw_33_02,232.495,550.962,318.467,5,w_33,Vowel,ɯ,Tense,Oral,33.0,1.0,Mid,33,Unaspirated,Oral,126.334,126.381,126.626,124.672,267.949,41.365,1255.28,115.935,2789.786,108.31,4533.933,213.595,1139.962,2941.36,4575.81,,13.084,10.899,22.803,9.914,5.04,11.642,22.8,9.159,5.47,2.159,-5.793,15.893,-9.719,0.985,17.763,-1.728,-9.716,1.742,7.615,8.739,18.877,-4.995,2.044,43.538,49.451,55.089,55.421,31.042,0.513,mid,0.627,0.448,0.69,0.313,-324.874,391.346,784.999,388.868,1.11,3.746,0.298,Luchun-Tense,0.296316070475174,7585906294749818306
Luchun_M5,5,M,Luchun,,M5_lw33_01,233.169,560.433,327.264,5,w33,Vowel,ɯ,Lax,Oral,33.0,1.0,Mid,33,Unaspirated,Oral,122.655,122.687,122.521,124.672,319.735,62.722,1437.593,245.418,2567.022,114.874,4336.247,411.617,408.882,2447.803,4541.187,5888.827,17.781,16.383,21.929,14.506,10.036,11.302,16.603,-0.471,-4.896,-10.129,-9.51,2.16,-4.148,1.877,11.893,3.205,1.178,16.855,22.677,26.512,27.292,14.223,2.453,28.691,36.898,39.82,40.912,23.376,0.054,mid,0.694,0.516,0.707,0.364,-188.54,396.236,303.154,393.278,1.66,3.734,0.445,Luchun-Lax,0.444563470808784,-7121281574478442348
Luchun_M5,5,M,Luchun,,M5_lw33_02,200.387,492.653,292.266,5,w33,Vowel,ɯ,Lax,Oral,33.0,1.0,Mid,33,Unaspirated,Oral,124.73,124.755,124.905,124.811,304.315,71.843,1408.364,131.78,2599.731,146.538,4219.502,412.538,816.066,2537.558,4565.137,4959.875,17.32,15.656,23.542,14.081,9.963,13.592,18.511,2.741,-0.956,-5.048,-11.277,2.461,-6.222,1.575,13.579,0.489,-1.191,12.916,18.276,20.704,28.597,13.195,2.96,12.4,22.223,28.527,31.772,19.123,0.804,mid,0.696,0.524,0.737,0.338,-169.153,345.74,349.527,343.03,1.455,3.853,0.379,Luchun-Lax,0.377627822475993,-1423560027665321900
Luchun_M5,5,M,Luchun,,M5_ma_31_02,232.022,531.405,299.383,5,a_31,Vowel,a,Tense,Oral,31.0,2.0,Mid,31,Unaspirated,Nasal,82.805,12.388,84.016,88.293,940.864,124.817,1308.569,70.507,2841.009,143.48,3643.187,385.385,1158.932,1924.834,3279.464,5105.215,2.998,2.892,6.791,6.365,-1.068,-2.845,22.641,-12.29,20.034,-11.765,-0.47,-3.077,-3.793,-3.473,7.859,9.21,-19.643,15.242,-17.036,14.658,3.468,5.97,4.06,24.279,14.767,22.708,23.396,24.287,0.498,low,0.602,0.478,0.582,0.46,-91.145,384.203,357.525,378.645,1.879,5.114,0.368,Luchun-Tense,0.367422761048103,-9142240781299126756
Luchun_M5,5,M,Luchun,,M5_ma31_01,138.938,501.933,362.995,5,a31,Vowel,a,Lax,Oral,31.0,2.0,Mid,31,Unaspirated,Nasal,89.566,89.517,91.034,98.741,865.859,116.825,1280.987,158.052,2910.651,167.711,4068.264,233.026,1023.712,2194.045,3687.757,4125.482,12.268,12.125,14.723,14.145,13.388,10.932,29.009,-3.941,22.984,-6.301,2.452,3.392,-2.456,-2.02,1.336,3.213,-16.741,16.118,-10.717,18.426,9.815,8.733,14.338,25.051,15.414,20.667,20.964,24.983,0.593,low,0.485,0.385,0.581,0.517,-165.203,322.345,786.718,316.593,1.161,4.307,0.269,Luchun-Lax,0.269561179475273,1970772822554441497
Luchun_M5,5,M,Luchun,,M5_ma31_02,208.485,547.09,338.605,5,a31,Vowel,a,Lax,Oral,31.0,2.0,Mid,31,Unaspirated,Nasal,88.022,87.733,88.951,90.445,901.917,216.684,1332.157,234.199,3095.488,164.118,4013.226,275.052,1059.48,1311.675,3451.44,4458.953,12.26,12.136,14.552,14.047,11.511,9.388,25.945,-7.454,21.809,-7.868,1.346,3.088,-2.291,-1.912,3.04,4.659,-13.685,19.652,-9.548,20.004,10.914,9.048,8.93,27.389,18.423,23.222,24.013,27.338,0.649,low,0.494,0.369,0.528,0.24,-158.888,375.837,722.749,373.114,1.401,4.381,0.32,Luchun-Lax,0.319790002282584,3028320421093309412
Luchun_M5,5,M,Luchun,,M5_me_31_01,168.014,486.966,318.952,5,e_31,Vowel,e,Tense,Oral,31.0,2.0,Mid,31,Unaspirated,Nasal,90.905,38.207,224.407,145.395,665.143,99.831,1886.227,128.955,2745.253,227.229,3942.464,160.049,1162.612,2138.915,3441.078,5508.274,5.997,5.81,11.194,10.424,7.544,4.069,19.801,-7.051,13.978,-1.345,4.019,-3.423,-5.197,-4.615,3.65,6.355,-13.804,12.863,-7.981,7.155,1.978,9.232,2.11,12.026,11.308,10.643,13.459,17.43,0.294,low,0.584,0.439,0.573,0.405,-47.602,328.233,202.969,325.037,0.714,5.442,0.136,Luchun-Tense,0.131201764057332,-5010740476797635514
Luchun_M5,5,M,Luchun,,M5_me_33_01,242.223,567.703,325.48,5,e_33,Vowel,e,Tense,Oral,33.0,1.0,Mid,33,Unaspirated,Nasal,123.059,123.205,123.818,231.119,710.497,98.259,1902.226,137.897,2745.467,184.866,3896.851,437.498,872.691,2176.44,3151.041,5658.051,14.67,14.356,19.593,18.28,25.455,18.827,29.258,2.818,21.909,6.644,16.657,9.756,-4.923,-3.923,-5.862,-0.548,-14.587,11.54,-7.239,7.712,-1.986,4.6,18.83,34.267,30.183,26.569,24.215,28.165,0.342,mid,0.622,0.519,0.612,0.516,-157.023,406.602,482.5,402.412,1.049,3.53,0.266,Luchun-Tense,0.297167138810198,-4286015530026827311
Luchun_M5,5,M,Luchun,,M5_me_33_02,227.467,540.347,312.88,5,e_33,Vowel,e,Tense,Oral,33.0,1.0,Mid,33,Unaspirated,Nasal,119.371,119.591,119.808,186.101,704.822,95.313,1874.087,111.36,2846.099,272.715,3932.717,342.408,1242.181,2232.251,3327.277,4260.018,11.703,11.412,17.78,16.565,21.199,15.231,27.889,1.262,21.671,5.957,15.952,10.996,-6.076,-5.153,-3.42,1.334,-16.186,10.152,-9.968,5.455,-4.249,0.415,12.343,34.688,30.707,26.716,23.988,29.621,0.395,mid,0.64,0.473,0.603,0.257,-127.941,383.045,450.587,380.898,1.065,2.957,0.182,Luchun-Tense,0.360162326682448,-6944468218633980748
Luchun_M5,5,M,Luchun,,M5_me31_01,212.634,578.573,365.939,5,e31,Vowel,e,Lax,Oral,31.0,2.0,Mid,31,Unaspirated,Nasal,96.248,96.069,98.673,97.355,724.068,75.778,1821.132,88.547,2686.355,191.272,3885.433,248.275,773.317,2026.81,3552.076,5418.115,15.761,15.572,18.991,18.216,17.481,13.999,27.68,0.135,17.35,-0.012,7.79,-0.493,-3.23,-2.644,1.51,4.217,-11.919,15.44,-1.589,15.584,7.972,16.066,10.102,14.762,12.835,13.083,15.109,22.252,0.248,low,0.638,0.548,0.468,0.554,-203.935,398.037,504.272,392.21,1.29,4.609,0.285,Luchun-Lax,0.279887177261879,-8027985514175220162
Luchun_M5,5,M,Luchun,,M5_me31_02,180.224,526.061,345.837,5,e31,Vowel,e,Lax,Oral,31.0,2.0,Mid,31,Unaspirated,Nasal,99.03,98.757,100.27,99.843,712.347,132.65,1803.251,92.546,2741.436,193.502,3978.22,313.078,773.042,1961.766,3487.272,5552.806,15.242,15.039,18.503,17.665,17.795,13.99,25.826,-1.505,15.895,-1.32,5.486,-0.825,-3.26,-2.626,0.708,3.675,-10.584,16.547,-0.653,16.358,9.757,15.864,7.22,20.144,17.808,17.433,19.175,23.861,0.0,low,0.662,0.602,0.66,0.596,-182.853,355.109,336.077,349.108,1.235,4.729,0.265,Luchun-Lax,0.261154578134912,-2689392550116501207
Luchun_M5,5,M,Luchun,,M5_me33_01,114.842,451.228,336.386,5,e33,Vowel,e,Lax,Oral,33.0,1.0,Mid,33,Unaspirated,Nasal,106.734,106.815,106.997,107.205,667.674,200.658,1836.186,74.89,2629.251,185.91,3951.702,543.227,716.581,1893.773,2988.138,5614.754,16.749,16.494,17.488,16.433,21.869,16.844,23.272,-3.228,18.917,3.463,4.23,-3.518,-0.74,0.061,-4.381,-0.411,-6.523,19.724,-2.168,13.031,12.518,20.012,7.816,45.979,41.5,33.99,31.463,27.832,0.0,mid,0.512,0.356,0.409,0.274,-185.82,282.27,583.911,279.703,1.337,4.149,0.331,Luchun-Lax,0.322246324415522,1927236485928506553
Luchun_M5,5,M,Luchun,,M5_me33_02,194.701,513.729,319.028,5,e33,Vowel,e,Lax,Oral,33.0,1.0,Mid,33,Unaspirated,Nasal,105.655,105.57,105.738,105.865,691.868,161.049,1855.443,123.754,2686.081,133.54,3978.731,452.181,782.308,2025.909,3068.201,5428.236,16.806,16.571,18.715,17.745,20.893,16.358,26.33,-0.491,18.006,2.164,10.756,3.018,-1.909,-1.174,-2.178,1.387,-9.524,17.064,-1.2,14.407,6.05,13.553,9.198,42.253,39.345,33.031,30.347,30.446,0.0,mid,0.532,0.461,0.537,0.497,-213.866,355.224,688.194,350.512,0.987,3.701,0.267,Luchun-Lax,0.266684679816266,3584422186782591604
Luchun_M5,5,M,Luchun,,M5_me55_01,225.049,622.599,397.55,5,e55,Vowel,e,Lax,Oral,55.0,1.0,High,55,Unaspirated,Nasal,133.857,133.762,133.651,137.164,579.014,167.322,1711.307,77.735,2830.316,142.011,3608.17,339.251,822.815,1850.839,3296.828,5327.791,21.595,21.066,25.645,23.351,31.743,15.063,31.74,7.191,22.786,9.592,15.208,16.475,-4.05,-2.285,-6.097,8.288,-10.145,13.879,-1.19,11.475,6.388,4.591,27.575,40.844,40.354,37.936,34.012,28.957,0.443,high,0.618,0.563,0.602,0.534,-191.714,425.14,436.76,421.151,0.992,3.141,0.316,Luchun-Lax,0.315822986310092,-2936580202850711706
Luchun_M5,5,M,Luchun,,M5_me55_02,212.292,587.394,375.102,5,e55,Vowel,e,Lax,Oral,55.0,1.0,High,55,Unaspirated,Nasal,133.253,133.303,132.741,173.54,588.35,184.635,1718.404,92.284,2915.41,163.436,3709.666,328.081,1091.29,2133.842,3524.719,5280.889,19.918,19.421,24.308,22.166,31.677,17.19,29.828,4.999,23.389,9.679,13.939,15.896,-4.39,-2.745,-7.369,4.976,-9.91,14.426,-3.471,9.743,5.979,3.525,26.656,31.526,31.112,30.711,29.452,30.549,0.419,high,0.628,0.56,0.635,0.545,-139.332,401.585,435.993,397.499,0.894,3.555,0.252,Luchun-Lax,0.251476793248945,7568203778495143535
Luchun_M5,5,M,Luchun,,M5_mi_33_01,147.169,426.866,279.697,5,i_33,Vowel,i,Tense,Oral,33.0,1.0,Mid,33,Unaspirated,Nasal,133.573,133.498,133.836,265.181,313.922,51.823,2613.226,156.662,2960.83,283.221,4488.286,167.837,758.983,2922.323,3674.659,4843.253,5.636,3.91,19.143,8.861,5.196,10.367,17.456,1.458,5.706,12.259,5.387,3.401,-13.507,-4.951,13.947,-1.506,-11.82,2.452,-0.07,-8.349,0.249,0.51,0.966,46.881,63.96,64.822,59.417,32.757,0.372,mid,0.654,0.473,0.693,0.341,-166.692,286.632,585.465,284.079,0.863,3.732,0.234,Luchun-Tense,0.231243301178992,-1954315334740529497
Luchun_M5,5,M,Luchun,,M5_mi_33_02,206.313,502.924,296.611,5,i_33,Vowel,i,Tense,Oral,33.0,1.0,Mid,33,Unaspirated,Nasal,128.899,128.902,128.825,129.563,348.985,70.175,2540.874,106.954,2909.832,189.48,3349.686,1523.198,318.023,2655.772,3178.322,4952.187,4.138,2.844,17.182,10.361,7.423,8.645,12.303,-5.672,5.907,10.023,3.346,-0.568,-13.044,-7.517,9.76,1.716,-8.165,8.517,-1.769,-7.179,0.792,3.412,0.783,51.151,67.102,67.428,60.717,31.791,0.546,mid,0.686,0.512,0.736,0.31,-180.161,354.169,620.081,351.763,0.906,3.947,0.23,Luchun-Tense,0.229541423866228,1143639972555945188
Luchun_M5,5,M,Luchun,,M5_mi33_01,245.638,551.798,306.16,5,i33,Vowel,i,Lax,Oral,33.0,1.0,Mid,33,Unaspirated,Nasal,121.788,121.718,122.053,122.677,332.044,73.796,2411.334,94.002,2794.658,107.551,4393.46,382.106,282.701,2614.221,3543.515,5497.885,9.754,8.482,19.148,12.504,6.491,7.503,16.046,-1.256,4.063,7.666,4.234,1.097,-9.394,-4.021,12.657,5.001,-6.292,9.738,5.69,0.816,5.519,7.386,1.211,48.418,64.398,62.947,56.397,29.71,0.918,mid,0.662,0.518,0.64,0.3,-169.166,398.119,493.907,395.657,1.27,3.759,0.338,Luchun-Lax,0.337855812716148,4876771176063892785
Luchun_M5,5,M,Luchun,,M5_mi33_02,192.63,490.155,297.525,5,i33,Vowel,i,Lax,Oral,33.0,1.0,Mid,33,Unaspirated,Nasal,125.842,125.711,125.996,125.925,298.421,105.035,2472.215,87.383,2804.68,87.059,3799.308,347.041,360.397,2652.754,3727.864,5634.986,9.321,7.647,20.514,10.789,7.653,12.512,17.556,2.225,1.689,7.777,2.622,-0.287,-11.193,-3.141,12.861,-1.723,-8.235,5.423,7.632,-0.129,6.699,7.935,1.412,42.657,56.482,56.62,51.118,31.301,0.697,mid,0.654,0.503,0.664,0.35,-189.033,340.996,416.365,338.209,1.292,3.805,0.342,Luchun-Lax,0.339553219448095,4383116600697394591
Luchun_M5,5,M,Luchun,,M5_mo_31_02,227.219,514.061,286.842,5,o_31,Vowel,o,Tense,Oral,31.0,2.0,Mid,31,Unaspirated,Nasal,86.548,85.969,88.274,110.534,373.516,34.319,630.744,22.292,3412.268,149.55,4400.721,277.87,593.413,3367.432,4216.571,4703.198,-4.042,-4.717,1.518,-1.403,14.881,-5.682,14.878,-8.619,13.884,-5.894,-18.051,17.956,-5.56,-3.315,-13.364,4.28,-18.92,4.127,-17.926,1.177,14.008,-22.673,0.471,24.687,36.251,44.809,45.409,21.911,0.678,low,0.4,0.321,0.658,0.184,-137.287,369.205,410.703,367.071,1.672,2.707,0.247,Luchun-Tense,0.617657923900997,8999301706688976891
Luchun_M5,5,M,Luchun,,M5_mo31_01,200.035,557.527,357.492,5,o31,Vowel,o,Lax,Oral,31.0,2.0,Mid,31,Unaspirated,Nasal,96.271,95.771,97.471,96.723,339.127,46.626,641.642,54.448,2696.161,27.673,3786.267,160.133,577.762,2697.253,3958.176,,4.805,3.851,13.171,8.85,18.962,6.002,15.662,-5.186,12.63,-4.191,-11.451,17.311,-8.366,-4.999,-5.791,2.848,-10.858,9.095,-7.826,8.043,16.255,-13.46,1.121,25.388,38.367,45.127,46.562,24.054,0.685,low,0.659,0.584,0.597,0.582,-249.763,381.088,278.788,375.011,1.837,3.931,0.468,Luchun-Lax,0.467311116764182,-603288061478305312
Luchun_M5,5,M,Luchun,,M5_mo31_02,226.22,570.131,343.911,5,o31,Vowel,o,Lax,Oral,31.0,2.0,Mid,31,Unaspirated,Nasal,97.561,97.236,98.886,98.211,359.305,38.815,676.729,44.666,2734.679,72.035,3717.08,367.462,614.389,2750.189,4053.033,5354.141,3.267,2.42,12.721,8.945,21.381,4.529,21.376,-0.806,16.45,-1.044,-13.811,13.058,-9.454,-6.525,-8.659,4.416,-18.108,3.282,-13.183,3.465,17.078,-10.637,1.576,22.525,34.034,42.127,43.525,22.566,0.674,low,0.63,0.54,0.615,0.585,-262.326,400.853,591.177,394.818,1.503,4.871,0.315,Luchun-Lax,0.308560870457811,-4290254617015625712
Luchun_M5,5,M,Luchun,,M5_na_31_01,173.405,466.22,292.815,5,a_31,Vowel,a,Tense,Oral,31.0,2.0,Mid,31,Unaspirated,Nasal,84.703,,359.456,145.155,947.022,84.435,1417.395,135.631,2782.484,227.418,3904.045,421.718,1110.002,2262.598,3128.505,3730.372,-1.852,-1.959,0.776,0.345,2.252,0.452,19.463,-14.139,11.588,-17.92,-2.397,-7.621,-2.628,-2.304,-1.476,-0.107,-21.315,12.211,-13.44,15.962,0.545,5.663,1.394,27.002,18.859,23.397,25.153,25.258,0.123,low,0.613,0.531,0.81,0.631,-61.168,322.456,294.994,315.015,0.841,5.657,0.149,Luchun-Tense,0.148665370337635,8895104898477852432
Luchun_M5,5,M,Luchun,,M5_na_31_02,150.348,407.673,257.325,5,a_31,Vowel,a,Tense,Oral,31.0,2.0,Mid,31,Unaspirated,Nasal,83.571,,476.56,151.264,949.096,88.37,1410.72,172.136,2770.168,255.862,3882.164,455.388,1100.969,2598.74,3714.059,4010.043,-1.461,-1.567,0.989,0.564,3.169,1.395,19.494,-14.135,12.307,-17.271,-1.304,-6.488,-2.451,-2.131,-2.18,-0.83,-20.955,12.599,-13.769,15.704,-0.157,4.921,1.485,27.594,19.873,23.762,24.38,25.101,0.444,low,0.607,0.519,0.817,0.369,-56.893,278.913,302.869,274.445,0.834,5.972,0.141,Luchun-Tense,0.139651707970529,-2642488969938462696
Luchun_M5,5,M,Luchun,,M5_na_33_01,205.508,479.775,274.267,5,a_33,Vowel,a,Tense,Oral,33.0,1.0,Mid,33,Unaspirated,Nasal,114.236,114.118,115.215,121.964,936.035,149.232,1453.64,152.321,2874.612,93.287,3882.212,670.481,1098.759,1495.992,2994.144,4718.72,1.616,1.425,6.924,6.144,7.226,3.829,22.189,-10.004,15.114,-12.586,3.667,0.821,-5.308,-4.72,-0.302,2.315,-20.573,11.464,-13.498,14.01,-2.051,0.604,2.525,52.089,42.546,42.963,40.364,29.517,0.492,mid,0.675,0.625,0.734,0.629,-83.319,344.212,303.215,338.703,0.827,3.791,0.138,Luchun-Tense,0.218148245845423,5643324098396652256
Luchun_M5,5,M,Luchun,,M5_na_33_02,188.635,458.727,270.092,5,a_33,Vowel,a,Tense,Oral,33.0,1.0,Mid,33,Unaspirated,Nasal,111.003,110.801,112.31,111.65,918.009,135.959,1417.668,143.683,3077.144,175.401,3863.735,439.892,1077.336,1522.869,3248.504,4875.879,1.312,1.126,6.736,5.978,6.421,3.132,21.056,-11.229,18.211,-9.739,0.427,0.954,-5.424,-4.852,0.314,2.847,-19.744,12.405,-16.899,10.865,0.885,0.173,2.967,43.647,34.313,35.325,35.491,29.693,0.626,mid,0.665,0.596,0.72,0.619,-70.524,325.844,291.221,320.258,0.896,4.519,0.2,Luchun-Tense,0.198273954414694,7511306999036362299
Luchun_M5,5,M,Luchun,,M5_na31_01,188.267,544.291,356.024,5,a31,Vowel,a,Lax,Oral,31.0,2.0,Mid,31,Unaspirated,Nasal,84.191,1.926,91.078,108.757,767.491,432.714,1447.337,386.481,3098.374,250.891,3938.693,411.202,1122.997,1513.308,3477.59,4770.545,5.639,5.474,7.609,6.933,6.035,3.033,10.68,-18.159,11.161,-10.545,-5.228,-1.58,-1.969,-1.459,1.574,3.899,-5.041,23.649,-5.522,16.02,10.867,7.054,1.166,20.848,15.905,21.067,24.579,24.387,0.611,low,0.539,0.431,0.608,0.549,-105.31,352.744,428.955,346.395,0.771,4.671,0.165,Luchun-Lax,0.165061014771997,6797111789590997059
Luchun_M5,5,M,Luchun,,M5_na31_02,177.543,522.844,345.301,5,a31,Vowel,a,Lax,Oral,31.0,2.0,Mid,31,Unaspirated,Nasal,89.216,88.753,90.594,94.043,658.725,297.862,1263.206,319.761,3168.275,259.504,3940.665,451.301,1019.823,1521.361,3480.939,4919.332,5.695,5.484,7.798,6.934,7.028,3.151,5.005,-23.148,10.01,-11.749,-7.295,2.011,-2.103,-1.45,0.771,3.783,0.69,28.656,-4.315,17.233,12.99,3.473,1.156,25.415,19.698,24.237,27.497,25.268,0.523,low,0.469,0.376,0.505,0.426,-190.619,351.703,795.316,346.88,1.213,4.249,0.287,Luchun-Lax,0.285478936220287,-4448328791642200642
Luchun_M5,5,M,Luchun,,M5_na33_01,165.063,466.584,301.521,5,a33,Vowel,a,Lax,Oral,33.0,1.0,Mid,33,Unaspirated,Nasal,105.08,105.119,105.62,105.373,909.568,216.596,1424.117,168.502,3138.706,434.803,3875.108,188.332,1029.618,1466.104,3724.844,4423.242,8.178,8.006,11.733,11.034,10.282,7.259,22.431,-9.462,18.607,-8.679,-4.067,-2.501,-3.555,-3.027,1.451,3.775,-14.253,17.513,-10.429,16.685,12.245,10.507,3.855,45.995,39.59,41.239,40.98,29.906,0.0,mid,0.598,0.531,0.61,0.573,-326.749,317.963,883.69,312.509,0.798,3.908,0.204,Luchun-Lax,0.204196519959058,-7889322588006814206
Luchun_M5,5,M,Luchun,,M5_na33_02,161.497,455.392,293.895,5,a33,Vowel,a,Lax,Oral,33.0,1.0,Mid,33,Unaspirated,Nasal,105.179,104.986,105.889,105.558,836.741,294.045,1400.398,258.96,3230.582,350.046,3903.629,399.633,1012.679,1460.065,3602.693,4830.159,8.508,8.318,10.979,10.203,11.914,8.517,19.16,-11.637,17.2,-8.517,-6.426,-2.008,-2.471,-1.885,-0.935,1.686,-10.652,19.998,-8.691,16.835,14.935,10.326,3.234,45.625,36.981,36.552,34.939,27.654,0.0,mid,0.576,0.506,0.611,0.559,-343.526,310.156,1045.757,304.827,0.761,3.852,0.198,Luchun-Lax,0.197559709241952,4354876588377518656
Luchun_M5,5,M,Luchun,,M5_na55_02,235.006,621.14,386.134,5,a55,Vowel,a,Lax,Oral,55.0,1.0,High,55,Unaspirated,Nasal,129.11,129.034,129.887,129.361,834.853,183.147,1407.742,129.059,2833.076,341.703,3838.861,143.542,955.501,1493.645,3664.082,5899.501,17.683,17.393,20.432,19.234,24.568,18.999,29.78,-0.327,25.004,0.024,2.185,1.783,-2.749,-1.841,-4.136,0.236,-12.097,17.748,-7.321,17.369,15.498,15.61,25.705,26.652,21.056,25.01,25.549,25.828,0.726,high,0.7,0.629,0.646,0.641,-406.662,430.782,691.272,425.806,1.393,1.834,0.327,Luchun-Lax,0.759541984732824,-4223612452106731360
Luchun_M5,5,M,Luchun,,M5_ne_33_01,325.445,664.417,338.972,5,e_33,Vowel,e,Tense,Oral,33.0,1.0,Mid,33,Unaspirated,Nasal,119.911,119.924,119.723,123.125,625.765,139.087,1976.755,149.293,2763.75,197.01,4087.029,221.666,1819.78,2632.683,3938.456,4659.179,10.61,10.252,16.812,15.304,23.517,15.382,16.296,-9.027,21.025,8.766,20.068,13.953,-6.203,-5.052,-6.705,-0.078,-5.686,19.281,-10.416,1.486,-9.459,-3.701,9.522,51.349,50.293,46.215,43.919,33.913,0.432,mid,0.605,0.479,0.624,0.446,-182.669,496.266,679.705,492.546,1.147,2.002,0.17,Luchun-Tense,0.572927072927073,-7742077004718849419
Luchun_M5,5,M,Luchun,,M5_ne_33_02,198.664,547.158,348.494,5,e_33,Vowel,e,Tense,Oral,33.0,1.0,Mid,33,Unaspirated,Nasal,116.273,116.274,116.403,228.457,689.461,91.938,1965.133,125.686,2644.853,293.869,4022.946,232.49,1701.994,2611.039,3798.305,4697.163,11.85,11.566,18.209,17.024,21.966,16.145,27.28,0.937,22.753,8.408,22.397,12.137,-6.359,-5.459,-3.756,0.88,-15.43,10.63,-10.903,3.158,-10.546,-0.571,14.195,47.939,46.04,42.839,39.385,34.109,0.363,mid,0.623,0.494,0.619,0.535,-179.42,375.135,631.001,370.532,1.415,1.69,0.225,Luchun-Tense,0.837278106508876,-3723462953035324402
Luchun_M5,5,M,Luchun,,M5_ne33_01,203.042,577.648,374.606,5,e33,Vowel,e,Lax,Oral,33.0,1.0,Mid,33,Unaspirated,Nasal,118.638,118.601,118.238,238.224,678.079,85.831,1892.001,186.678,2626.136,196.619,4179.527,274.772,816.699,2402.261,3670.739,5555.432,20.821,20.515,23.46,22.183,29.367,22.969,32.208,5.983,22.887,8.091,21.332,12.611,-2.639,-1.668,-5.907,-0.786,-11.387,14.534,-2.066,12.424,-0.512,7.904,30.24,37.641,35.132,32.345,30.746,32.403,0.221,mid,0.604,0.506,0.532,0.534,-481.889,393.165,935.847,388.665,2.13,3.185,0.669,Luchun-Lax,0.668759811616954,-2339718712103476350
Luchun_M5,5,M,Luchun,,M5_ne33_02,279.136,650.992,371.856,5,e33,Vowel,e,Lax,Oral,33.0,1.0,Mid,33,Unaspirated,Nasal,115.971,115.909,116.358,160.561,652.599,124.21,1881.966,175.805,2711.45,178.691,4179.577,267.122,1184.178,2436.164,3751.855,5267.046,20.369,20.051,23.561,22.228,28.475,21.678,28.626,2.768,20.008,6.005,16.288,9.879,-3.192,-2.178,-4.914,0.55,-8.257,17.285,0.361,14.046,4.081,10.172,19.654,36.386,34.553,30.971,29.304,30.593,0.41,mid,0.596,0.552,0.6,0.562,-590.406,467.611,1262.717,462.759,1.353,3.157,0.428,Luchun-Lax,0.428571428571429,-2562944468545506086
Luchun_M5,5,M,Luchun,,M5_nga_31_02,266.883,519.743,252.86,5,a_31,Vowel,a,Tense,Oral,31.0,2.0,Mid,31,Unaspirated,Nasal,83.135,80.531,209.881,166.804,934.561,107.933,1376.295,146.796,2755.237,245.981,3582.961,530.126,1036.105,1523.797,3170.728,5083.466,1.991,1.88,2.481,2.033,5.535,3.658,24.533,-9.094,18.475,-11.311,-1.963,-5.711,-0.491,-0.153,-3.053,-1.625,-22.543,11.01,-16.485,13.191,3.954,7.591,5.011,13.138,5.642,12.197,14.992,18.872,0.427,low,0.532,0.442,0.702,0.292,-63.224,391.356,242.633,387.88,0.891,4.493,0.204,Luchun-Tense,0.198308479857556,6807252454542428372
Luchun_M5,5,M,Luchun,,M5_nga31_02,242.223,570.119,327.896,5,a31,Vowel,a,Lax,Oral,31.0,2.0,Mid,31,Unaspirated,Nasal,97.376,97.309,99.833,98.427,871.049,113.539,1355.129,166.05,3192.976,447.379,3928.146,250.885,1004.759,1538.46,3707.959,4478.166,14.022,13.859,16.725,16.062,13.509,10.66,27.768,-4.259,21.644,-6.1,-1.272,2.496,-2.703,-2.203,3.216,5.402,-13.746,18.174,-7.622,19.959,15.295,11.363,10.95,19.768,12.368,16.602,19.072,24.447,0.052,low,0.484,0.388,0.556,0.324,-221.99,405.577,1167.715,402.248,1.459,4.006,0.368,Luchun-Lax,0.364203694458313,1127706444494681142
Luchun_M5,5,M,Luchun,,M5_sa_31_01,268.793,544.756,275.963,5,a_31,Vowel,a,Tense,Oral,31.0,2.0,Mid,31,Unaspirated,Oral,90.418,60.203,443.45,130.143,884.806,56.678,1309.463,125.822,2524.856,148.677,3847.254,661.516,1001.531,2357.061,3100.803,3677.736,3.586,3.443,5.448,4.869,6.541,4.081,25.727,-7.217,18.648,-10.453,10.049,4.145,-1.862,-1.426,-1.094,0.788,-22.142,10.686,-15.062,13.896,-6.463,-0.702,6.455,16.246,8.288,13.203,14.802,19.852,0.244,low,0.576,0.476,0.742,0.461,-49.763,407.237,260.545,402.162,1.148,1.558,0.137,Luchun-Tense,0.736842105263158,-6998216601520102910
Luchun_M5,5,M,Luchun,,M5_sa_31_02,283.889,566.495,282.606,5,a_31,Vowel,a,Tense,Oral,31.0,2.0,Mid,31,Unaspirated,Oral,88.055,,453.969,214.795,897.403,49.09,1373.691,92.827,2688.281,127.467,3288.925,1106.023,1056.975,1902.003,2885.868,4457.097,4.392,4.264,4.927,4.41,8.787,6.604,26.559,-6.287,20.719,-7.957,9.569,4.853,-0.535,-0.145,-3.86,-2.194,-22.167,10.578,-16.327,12.221,-5.177,-0.588,10.095,17.498,8.009,12.508,13.374,20.971,0.303,low,0.56,0.486,0.76,0.423,-46.553,425.252,250.7,420.43,1.088,4.826,0.224,Luchun-Tense,0.225445503522586,-9039518011135941641
Luchun_M5,5,M,Luchun,,M5_sa31_01,269.444,558.855,289.411,5,a31,Vowel,a,Lax,Oral,31.0,2.0,Mid,31,Unaspirated,Oral,98.167,175.349,99.663,98.934,840.81,48.085,1317.481,94.861,2672.503,96.399,4036.552,322.722,996.285,2603.839,4043.749,4161.826,12.86,12.686,16.801,16.093,13.686,10.625,31.687,-0.076,24.691,-2.804,9.106,6.717,-3.941,-3.407,3.116,5.468,-18.826,12.79,-11.831,15.49,3.754,5.969,25.451,31.924,20.993,24.418,23.093,27.655,0.653,low,0.526,0.4,0.503,0.465,-162.154,415.727,654.011,411.013,1.31,4.306,0.305,Luchun-Lax,0.304226660473758,-8401929009763318986
Luchun_M5,5,M,Luchun,,M5_sa31_02,285.701,576.157,290.456,5,a31,Vowel,a,Lax,Oral,31.0,2.0,Mid,31,Unaspirated,Oral,92.847,92.537,94.51,103.39,817.39,51.196,1325.44,92.665,2767.18,288.713,4058.66,232.436,919.052,1657.742,3476.826,4108.756,11.491,11.33,15.433,14.776,11.289,8.458,30.322,-1.006,21.018,-5.733,0.627,0.156,-3.942,-3.446,4.145,6.317,-18.83,12.363,-9.526,17.063,10.865,11.174,14.749,22.802,13.671,18.837,20.933,27.304,0.371,low,0.536,0.395,0.59,0.218,-142.976,429.491,589.386,427.135,1.322,4.682,0.283,Luchun-Lax,0.282357966680906,5948910168731358352
Luchun_M5,5,M,Luchun,,M5_se_31_01,223.287,516.255,292.968,5,e_31,Vowel,e,Tense,Oral,31.0,2.0,Mid,31,Unaspirated,Oral,81.926,348.514,342.052,181.425,700.833,23.801,1845.564,319.686,2884.068,183.292,4058.232,249.262,732.115,2321.519,2981.77,4163.002,3.533,3.39,4.946,4.36,9.153,6.592,29.847,2.444,10.283,-5.812,5.522,0.178,-1.413,-0.97,-4.207,-2.232,-26.314,0.948,-6.749,9.201,-1.989,3.212,8.956,22.994,17.723,18.524,18.672,24.983,0.23,low,0.552,0.466,0.776,0.325,-53.069,369.186,302.732,365.188,1.042,5.526,0.19,Luchun-Tense,0.188563155989866,1970772822554441497
Luchun_M5,5,M,Luchun,,M5_se_31_02,191.484,494.426,302.942,5,e_31,Vowel,e,Tense,Oral,31.0,2.0,Mid,31,Unaspirated,Oral,79.249,79.364,81.273,103.093,608.342,66.278,1921.211,134.423,2834.19,453.032,4279.794,382.059,667.942,2038.639,3264.842,4323.338,2.698,2.525,4.911,4.203,9.101,5.924,21.91,-4.188,8.699,-4.505,-0.097,-3.954,-2.213,-1.678,-4.19,-1.721,-19.213,6.714,-6.001,7.03,2.795,6.48,2.149,19.873,18.393,18.821,19.949,26.646,0.318,low,0.565,0.475,0.755,0.397,-60.642,343.274,306.393,338.301,1.187,6.051,0.197,Luchun-Tense,0.196165922987936,-8207012439657348742
Luchun_M5,5,M,Luchun,,M5_se31_01,289.613,637.901,348.288,5,e31,Vowel,e,Lax,Oral,31.0,2.0,Mid,31,Unaspirated,Oral,95.013,94.619,96.876,95.628,641.753,42.925,1846.094,138.196,2714.509,306.764,4139.326,336.734,695.208,2172.665,3726.258,4401.765,14.655,14.428,18.068,17.13,16.272,11.886,29.189,2.936,13.009,-1.621,5.353,0.21,-3.413,-2.702,1.796,5.243,-14.534,11.493,1.646,16.049,9.302,14.218,11.048,17.127,16.569,17.05,18.509,25.433,0.29,low,0.598,0.434,0.564,0.56,-309.012,466.941,816.161,460.991,1.564,4.587,0.341,Luchun-Lax,0.340963592762154,6441426780167786998
Luchun_M5,5,M,Luchun,,M5_se31_02,296.232,656.847,360.615,5,e31,Vowel,e,Lax,Oral,31.0,2.0,Mid,31,Unaspirated,Oral,92.173,91.766,93.465,92.59,631.744,45.346,1842.997,131.476,2660.598,242.385,4220.029,294.125,680.597,2120.936,3437.189,4519.207,13.718,13.5,17.239,16.34,15.017,10.844,28.155,1.958,12.121,-2.308,4.5,-2.225,-3.521,-2.84,2.223,5.496,-14.437,11.543,1.597,15.808,9.219,15.725,8.496,24.882,23.459,21.139,21.364,25.19,0.046,low,0.583,0.429,0.535,0.562,-285.076,479.459,751.998,473.328,1.668,4.535,0.368,Luchun-Lax,0.367805953693495,8028255999283539874
Luchun_M5,5,M,Luchun,,M5_si_31_01,293.954,605.158,311.204,5,i_31,Vowel,i,Tense,Oral,31.0,2.0,Mid,31,Unaspirated,Oral,100.946,99.992,102.778,104.822,256.246,69.126,2519.098,199.375,2809.547,422.102,4182.738,404.759,2582.255,3163.109,4985.704,5443.961,5.203,3.691,16.263,8.096,3.706,7.746,10.914,-2.028,5.371,14.259,4.351,2.323,-11.06,-4.404,12.557,0.35,-5.711,5.719,-0.167,-10.567,0.852,1.369,0.516,22.825,37.179,37.375,34.029,24.816,0.588,low,0.662,0.537,0.529,0.593,-190.389,452.306,554.416,446.416,1.733,4.303,0.405,Luchun-Tense,0.402742272832907,4733245565964764451
Luchun_M5,5,M,Luchun,,M5_si_33_01,292.764,625.034,332.27,5,i_33,Vowel,i,Tense,Oral,33.0,1.0,Mid,33,Unaspirated,Oral,131.169,131.106,131.504,265.181,260.495,11.398,2603.574,206.849,2904.66,240.626,4078.607,82.98,2688.085,3935.721,5003.609,4842.883,14.593,12.166,25.307,12.57,0.755,9.996,25.305,12.515,8.261,17.923,7.963,6.755,-10.714,-0.403,24.552,2.574,-10.712,-0.349,6.332,-5.756,6.63,5.412,3.44,34.742,46.909,46.984,43.716,29.945,0.242,mid,0.543,0.503,0.947,0.409,-279.57,458.259,358.028,455.135,1.633,4.149,0.394,Luchun-Tense,0.393588816582309,4209791606014856598
Luchun_M5,5,M,Luchun,,M5_si_33_02,305.762,613.39,307.628,5,i_33,Vowel,i,Tense,Oral,33.0,1.0,Mid,33,Unaspirated,Oral,125.435,125.577,125.751,205.347,263.79,32.564,2544.809,289.688,2820.773,233.087,4078.494,51.791,1615.043,2932.862,4086.625,4978.549,11.91,9.761,23.392,10.774,3.933,11.905,23.388,10.272,7.439,16.388,7.443,4.846,-11.481,-1.013,19.459,-1.13,-11.478,-0.511,4.471,-6.627,4.467,4.915,2.211,27.249,38.162,37.496,34.405,26.212,0.392,mid,0.63,0.516,0.421,0.575,-252.805,461.702,724.107,457.113,1.147,1.225,0.252,Luchun-Tense,0.936326530612245,-1142290910236691519
Luchun_M5,5,M,Luchun,,M5_si31_01,265.341,674.978,409.637,5,i31,Vowel,i,Lax,Oral,31.0,2.0,Mid,31,Unaspirated,Oral,103.911,103.644,105.813,104.91,287.983,49.409,2277.058,121.694,2587.777,228.692,3740.656,377.269,1908.198,3028.315,3688.228,5179.836,10.18,8.947,19.746,13.407,9.882,10.719,19.35,4.116,7.743,12.08,6.988,2.627,-9.566,-4.459,9.863,2.687,-9.17,4.832,2.437,-3.132,3.191,6.32,1.653,26.083,39.887,36.872,34.35,26.903,0.278,low,0.631,0.513,0.643,0.585,-320.194,472.731,737.489,467.045,1.53,4.396,0.349,Luchun-Lax,0.348043676069154,4835247059609244199
Luchun_M5,5,M,Luchun,,M5_si31_02,331.852,724.696,392.844,5,i31,Vowel,i,Lax,Oral,31.0,2.0,Mid,31,Unaspirated,Oral,101.287,101.072,102.848,102.276,291.201,43.486,2279.468,227.96,2503.908,240.482,3677.787,566.651,707.343,2721.817,3697.101,4714.063,9.669,8.521,18.676,12.887,9.89,9.648,20.446,5.029,5.059,9.374,4.964,-2.66,-9.006,-4.366,8.785,3.239,-10.777,3.491,4.611,-0.853,4.705,11.181,1.485,26.682,40.813,37.88,35.975,26.16,0.0,low,0.61,0.476,0.626,0.582,-335.893,531.042,798.407,525.25,1.398,4.054,0.345,Luchun-Lax,0.344844597927972,520273784863534553
Luchun_M5,5,M,Luchun,,M5_si33_01,325.779,676.993,351.214,5,i33,Vowel,i,Lax,Oral,33.0,1.0,Mid,33,Unaspirated,Oral,119.509,119.464,119.649,120.055,296.817,69.001,2116.914,537.347,2646.293,298.83,3955.553,301.99,579.286,2718.573,3812.711,5202.164,13.556,12.014,22.149,13.545,9.259,13.0,13.885,-1.421,-1.755,1.593,0.437,1.272,-8.593,-1.531,12.889,0.545,-0.329,13.435,15.311,10.42,13.119,10.741,2.039,40.961,51.538,49.032,45.583,31.181,0.718,mid,0.685,0.496,0.8,0.353,-262.514,500.441,443.292,497.486,1.541,4.133,0.373,Luchun-Lax,0.37285264940721,8426215215266020832
Luchun_M5,5,M,Luchun,,M5_si33_02,320.669,636.066,315.397,5,i33,Vowel,i,Lax,Oral,33.0,1.0,Mid,33,Unaspirated,Oral,115.833,115.677,115.987,116.422,287.868,66.408,2182.287,375.742,2610.698,253.88,3967.578,143.251,1064.181,2492.025,3925.556,,11.918,10.402,21.308,12.931,9.135,12.747,11.938,-3.011,2.857,6.437,3.274,2.792,-9.39,-2.53,12.173,0.185,-0.02,13.412,9.061,3.964,8.644,7.609,1.687,43.126,54.315,51.093,47.949,31.875,0.681,mid,0.724,0.538,0.821,0.316,-182.483,477.385,392.378,474.652,1.5,4.511,0.333,Luchun-Lax,0.332520505431168,3533015266055092046
Luchun_M5,5,M,Luchun,,M5_x005F_x1a31_01,213.238,557.437,344.199,5,a31,Vowel,a,Lax,Oral,31.0,2.0,Mid,31,Unaspirated,Oral,90.576,90.206,91.98,90.697,835.838,67.089,1329.004,129.617,2834.917,366.274,3989.155,171.23,938.804,1485.989,3619.01,4174.191,14.398,14.248,15.346,14.738,12.787,10.192,31.373,-0.383,22.55,-4.804,0.503,0.261,-0.948,-0.49,2.558,4.546,-16.975,14.663,-8.152,19.052,13.895,13.987,23.422,20.504,10.06,15.394,17.881,23.931,0.686,low,0.478,0.357,0.472,0.284,-191.683,385.123,877.233,381.969,1.269,4.234,0.3,Luchun-Lax,0.299716580066131,-531307595469674471
Luchun_M5,5,M,Luchun,,M5_x005F_x1a31_02,156.201,520.864,364.663,5,a31,Vowel,a,Lax,Oral,31.0,2.0,Mid,31,Unaspirated,Oral,91.814,85.125,93.309,92.313,816.996,49.047,1325.66,98.305,2404.068,369.258,3998.886,171.251,972.848,1989.37,3827.124,3969.979,13.636,13.478,16.367,15.723,13.483,10.714,32.462,1.13,24.018,-2.701,6.716,-0.207,-2.731,-2.245,2.884,5.008,-18.825,12.362,-10.381,16.179,6.921,13.685,24.594,20.127,10.582,14.716,17.922,26.679,0.16,low,0.544,0.442,0.617,0.545,-197.942,340.785,846.319,334.81,0.968,4.617,0.21,Luchun-Lax,0.209659952350011,-5795551007819634589
Luchun_M5,5,M,Luchun,,M5_x1a_31_01,138.225,418.656,280.431,5,a_31,Vowel,a,Tense,Oral,31.0,2.0,Mid,31,Unaspirated,Oral,86.005,2.549,439.95,120.223,883.483,64.763,1296.075,121.755,3008.585,598.546,3936.48,316.064,977.215,1445.87,3616.848,4628.7,1.039,0.91,0.039,-0.487,12.169,9.952,26.588,-6.601,20.8,-8.701,-1.665,-2.659,1.001,1.396,-12.131,-10.439,-25.549,7.559,-19.761,9.611,2.704,3.568,11.116,20.731,9.267,14.489,18.026,23.506,0.555,low,0.625,0.561,0.809,0.559,-55.614,280.401,250.544,273.87,0.925,5.706,0.163,Luchun-Tense,0.1621100595864,2943737812990037293
Luchun_M5,5,M,Luchun,,M5_x1a_31_02,198.236,454.507,256.271,5,a_31,Vowel,a,Tense,Oral,31.0,2.0,Mid,31,Unaspirated,Oral,86.739,79.607,88.434,87.629,884.329,68.754,1310.376,156.668,2214.702,1088.089,3931.972,272.306,990.656,1570.816,3667.575,5531.827,3.115,2.985,2.172,1.646,13.781,11.555,26.885,-6.062,21.019,-8.038,-1.49,-12.015,0.943,1.34,-11.609,-9.91,-23.769,9.062,-17.903,11.023,4.606,15.001,10.915,24.552,13.902,17.859,20.463,25.138,0.716,low,0.566,0.495,0.783,0.37,-73.709,325.614,309.578,321.364,0.878,5.102,0.174,Luchun-Tense,0.172089376715014,-4021691524511551111
Luchun_M5,5,M,Luchun,,M5_xa_31_01,227.952,522.104,294.152,5,a_31,Vowel,a,Tense,Oral,31.0,2.0,Mid,31,Unaspirated,Oral,92.973,92.265,92.38,92.397,846.836,47.209,1334.157,115.205,2532.901,120.344,3937.362,335.597,1010.114,2365.694,3445.108,4199.754,6.879,6.73,9.955,9.353,10.303,7.732,31.288,-0.715,22.604,-5.06,12.02,6.387,-3.077,-2.623,-0.348,1.621,-24.409,7.464,-15.725,11.79,-5.141,0.343,16.979,35.782,24.18,24.694,24.352,28.194,0.057,low,0.558,0.482,0.7,0.485,-102.862,376.31,481.622,371.062,1.011,3.856,0.174,Luchun-Tense,0.262188796680498,-840445698401513226
Luchun_M5,5,M,Luchun,,M5_xa_31_02,159.818,466.22,306.402,5,a_31,Vowel,a,Tense,Oral,31.0,2.0,Mid,31,Unaspirated,Oral,93.951,93.754,95.038,94.676,843.422,46.283,1344.7,128.935,2617.228,111.922,3924.739,356.484,970.585,1884.114,3121.889,4144.585,8.242,8.086,11.266,10.629,6.671,3.942,30.467,-1.179,21.473,-5.658,8.811,4.689,-3.023,-2.544,4.595,6.687,-22.225,9.285,-13.231,13.744,-0.569,3.397,14.617,33.438,21.264,24.005,24.272,29.067,0.0,low,0.614,0.533,0.686,0.592,-100.886,316.159,443.025,309.863,1.164,4.952,0.234,Luchun-Tense,0.235056542810985,1075662087877310232
Luchun_M5,5,M,Luchun,,M5_xa_33_01,180.224,501.933,321.709,5,a_33,Vowel,a,Tense,Oral,33.0,1.0,Mid,33,Unaspirated,Oral,116.422,116.413,116.769,116.637,803.678,46.742,1303.133,141.828,2246.381,594.082,3882.515,217.641,901.048,1788.82,3688.591,,9.217,8.959,13.771,12.712,11.784,6.982,30.783,0.216,19.546,-6.431,0.982,-8.043,-4.554,-3.753,1.987,5.73,-21.566,8.754,-10.329,15.391,8.235,17.002,14.408,54.039,43.466,44.548,44.308,33.302,0.0,mid,0.642,0.578,0.709,0.591,-62.262,342.59,255.548,337.517,0.903,4.491,0.202,Luchun-Tense,0.201068804275217,-960389834332302071
Luchun_M5,5,M,Luchun,,M5_xa_33_02,208.092,539.909,331.817,5,a_33,Vowel,a,Tense,Oral,33.0,1.0,Mid,33,Unaspirated,Oral,114.302,114.155,115.26,114.482,805.302,41.157,1334.544,82.939,2401.904,280.281,3785.908,347.127,941.91,1872.769,3633.771,,9.746,9.499,14.074,13.063,11.098,6.532,31.359,0.96,21.429,-4.136,6.514,0.154,-4.329,-3.564,2.976,6.531,-21.613,8.554,-11.683,13.635,3.232,9.346,16.68,46.915,34.559,34.246,33.723,31.494,0.0,mid,0.598,0.505,0.671,0.339,-77.015,373.368,350.254,370.393,0.833,4.457,0.187,Luchun-Tense,0.186897015929998,5310431316398645937
Luchun_M5,5,M,Luchun,,M5_xa31_01,255.108,621.739,366.631,5,a31,Vowel,a,Lax,Oral,31.0,2.0,Mid,31,Unaspirated,Oral,97.157,96.814,98.577,97.687,790.35,53.482,1323.001,118.584,2760.094,311.588,3966.369,122.779,934.548,1985.0,3889.754,3921.901,12.373,12.186,15.219,14.456,12.816,9.48,31.064,0.484,21.306,-4.402,0.549,0.463,-2.846,-2.27,2.403,4.975,-18.691,11.726,-8.933,16.588,11.824,11.723,17.787,23.918,14.621,19.975,21.994,27.174,0.592,low,0.572,0.491,0.615,0.559,-163.808,440.618,618.362,434.841,1.062,4.774,0.224,Luchun-Lax,0.222454964390448,6987621215307340541
Luchun_M5,5,M,Luchun,,M5_xa31_02,184.922,533.113,348.191,5,a31,Vowel,a,Lax,Oral,31.0,2.0,Mid,31,Unaspirated,Oral,94.786,94.601,96.996,98.367,766.45,42.146,1361.384,107.7,2385.058,600.254,3933.011,242.924,878.761,1778.115,3707.492,5584.532,11.934,11.749,14.57,13.816,11.278,7.974,29.155,-0.749,17.859,-6.559,0.487,-6.707,-2.636,-2.067,3.292,5.842,-17.221,12.507,-5.925,18.308,11.447,18.456,11.809,22.05,13.569,18.059,20.954,26.527,0.583,low,0.594,0.499,0.577,0.542,-179.094,360.872,609.824,355.137,1.105,5.015,0.22,Luchun-Lax,0.220338983050847,530909020273162758
Luchun_M5,5,M,Luchun,,M5_xa33_01,196.548,562.177,365.629,5,a33,Vowel,a,Lax,Oral,33.0,1.0,Mid,33,Unaspirated,Oral,109.281,109.203,109.622,109.641,780.659,59.194,1307.852,118.438,2610.913,541.053,3816.435,319.0,881.919,1561.128,3567.493,,13.113,12.877,15.656,14.686,15.195,10.837,30.111,-0.039,21.981,-3.25,0.018,-1.831,-2.543,-1.81,0.461,3.849,-16.998,12.936,-8.868,16.127,13.095,14.708,16.982,51.401,40.956,42.011,41.416,32.494,0.853,mid,0.575,0.502,0.563,0.535,-222.795,380.926,629.755,376.026,1.15,3.957,0.293,Luchun-Lax,0.290624210260298,-5607789220992423
Luchun_M5,5,M,Luchun,,M5_xa33_02,181.832,528.206,346.374,5,a33,Vowel,a,Lax,Oral,33.0,1.0,Mid,33,Unaspirated,Oral,110.75,110.808,111.086,111.078,784.089,48.781,1307.572,89.256,2453.279,358.551,3846.142,226.39,934.592,1793.262,3728.782,,14.152,13.909,16.068,15.073,15.757,11.269,31.053,0.87,23.135,-2.182,5.35,0.822,-1.917,-1.164,0.312,3.804,-16.901,13.054,-8.983,16.091,8.802,13.087,21.698,38.707,28.125,30.797,31.751,30.214,0.903,mid,0.581,0.513,0.577,0.537,-214.571,356.544,682.067,351.698,0.83,3.761,0.166,Luchun-Lax,0.22068598776921,-8907871445595143314
Luchun_M5,5,M,Luchun,,M5_xa55_01,241.434,582.25,340.816,5,a55,Vowel,a,Lax,Oral,55.0,1.0,High,55,Unaspirated,Oral,137.918,137.78,138.107,137.871,736.739,81.28,1372.976,158.349,2611.364,93.112,3828.235,243.494,916.308,2215.664,3357.904,,17.137,16.734,19.51,17.824,21.787,13.081,31.472,3.303,22.486,0.262,10.685,9.744,-2.373,-1.089,-2.277,4.743,-14.335,13.446,-5.349,16.473,6.452,6.99,26.428,44.711,36.059,36.542,34.359,28.821,0.0,high,0.565,0.504,0.576,0.534,-304.102,413.789,837.103,409.912,0.711,2.942,0.242,Luchun-Lax,0.241672331747111,-5595517655511975761
Luchun_M5,5,M,Luchun,,M5_xa55_02,174.493,436.154,261.661,5,a55,Vowel,a,Lax,Oral,55.0,1.0,High,55,Unaspirated,Oral,136.944,136.725,138.348,136.895,772.763,94.018,1416.623,236.882,2429.126,156.127,3778.337,240.918,835.462,1881.35,3371.582,3891.924,17.119,16.751,18.547,17.013,20.475,12.832,30.162,1.429,16.33,-6.602,5.416,-0.293,-1.428,-0.261,-1.928,4.181,-13.043,15.333,0.79,23.353,11.703,17.044,18.223,36.183,27.709,27.985,29.182,25.885,0.811,high,0.54,0.455,0.583,0.543,-319.451,307.868,980.367,303.886,0.682,2.971,0.229,Luchun-Lax,0.229552339279704,-7489303300862828644
Luchun_M5,5,M,Luchun,,M5_xe=_33_01,148.688,553.197,404.509,5,e=_33,Vowel,ɤ,Tense,Oral,33.0,1.0,Mid,33,Unaspirated,Oral,130.317,130.298,130.339,130.571,447.245,92.791,1181.811,106.677,3038.545,101.467,4126.013,228.957,990.481,3108.62,4937.383,5152.775,9.967,9.081,17.159,13.083,19.06,8.783,20.918,-2.071,12.144,-1.406,-3.553,14.219,-7.191,-4.002,-1.902,4.3,-10.95,11.166,-2.177,10.487,13.52,-5.138,3.062,47.672,51.476,57.342,56.194,32.388,0.0,mid,0.623,0.524,0.659,0.622,-255.249,353.107,720.555,348.337,0.792,3.551,0.226,Luchun-Tense,0.22303576457336,6252700808778308064
Luchun_M5,5,M,Luchun,,M5_xe=_33_02,125.286,480.334,355.048,5,e=_33,Vowel,ɤ,Tense,Oral,33.0,1.0,Mid,33,Unaspirated,Oral,127.548,127.615,127.423,127.732,502.267,36.927,1272.73,52.601,2987.661,357.176,3992.826,203.09,562.314,1345.199,3485.377,5229.497,11.783,11.113,17.91,14.952,27.708,4.445,27.705,3.539,15.905,0.855,-7.919,5.492,-6.127,-3.839,-9.798,10.507,-15.922,7.586,-4.122,10.258,19.702,5.621,7.64,50.177,50.182,53.281,50.661,30.588,0.472,mid,0.607,0.499,0.629,0.615,-205.866,305.09,647.854,300.267,0.971,3.55,0.276,Luchun-Tense,0.273521126760563,-6851381541103141080
Luchun_M5,5,M,Luchun,,M5_xe=33_01,234.357,602.969,368.612,5,e=33,Vowel,ɤ,Lax,Oral,33.0,1.0,Mid,33,Unaspirated,Oral,120.039,119.996,120.4,120.236,441.273,70.71,1214.613,107.524,2728.547,930.198,3991.644,245.945,512.385,1288.986,3904.858,5778.674,14.503,13.742,18.905,15.473,24.091,9.232,24.008,1.022,11.082,-2.088,-11.456,2.954,-4.402,-1.731,-5.186,6.241,-9.504,12.729,3.422,15.83,25.96,10.788,4.631,45.536,47.365,50.555,49.686,30.868,0.701,mid,0.566,0.478,0.606,0.242,-122.43,417.894,349.894,415.879,1.146,3.613,0.323,Luchun-Lax,0.317187932466095,6190084080379572214
Luchun_M5,5,M,Luchun,,M5_xe=33_02,228.085,603.92,375.835,5,e=33,Vowel,ɤ,Lax,Oral,33.0,1.0,Mid,33,Unaspirated,Oral,117.509,117.515,117.263,207.44,453.084,42.443,1230.941,160.903,2911.355,181.006,3919.268,207.985,676.71,2946.668,3970.188,4899.972,12.244,11.56,17.769,14.731,27.465,6.935,27.461,4.027,9.355,-4.277,-1.392,13.085,-5.525,-3.171,-9.695,7.796,-15.217,7.542,2.889,15.837,13.636,-1.526,6.019,45.369,47.456,53.057,50.787,32.238,0.384,mid,0.578,0.491,0.603,0.277,-247.64,415.12,856.651,412.759,1.172,4.003,0.299,Luchun-Lax,0.292780414688983,297811113802346584
Luchun_M5,5,M,Luchun,,M5_za_31_01,184.978,469.025,284.047,5,a_31,Vowel,a,Tense,Oral,31.0,2.0,Mid,31,Unaspirated,Oral,82.017,32.555,83.549,84.725,875.864,75.965,1358.365,70.738,2702.228,260.899,2999.019,894.573,1114.341,1388.531,2780.363,5929.378,0.205,0.093,3.446,2.993,4.894,2.995,22.923,-9.721,19.469,-8.891,8.225,4.406,-3.24,-2.9,-1.448,-0.002,-22.718,9.84,-19.263,8.984,-8.02,-4.312,4.995,28.031,16.168,20.436,20.668,24.383,0.605,low,0.597,0.504,0.75,0.441,-47.498,328.786,226.05,323.379,1.764,5.531,0.32,Luchun-Tense,0.318929669137588,-584700383962766131
Luchun_M5,5,M,Luchun,,M5_za31_01,176.796,521.522,344.726,5,a31,Vowel,a,Lax,Oral,31.0,2.0,Mid,31,Unaspirated,Oral,93.24,92.992,94.823,94.001,808.368,44.043,1380.335,85.21,2458.489,348.885,4027.854,317.561,941.029,1788.609,3896.034,3998.661,12.602,12.44,16.401,15.741,12.656,9.806,30.66,-0.001,21.921,-3.511,3.865,-2.835,-3.799,-3.301,3.745,5.935,-18.058,12.452,-9.318,15.951,8.737,15.275,17.585,21.428,12.853,16.501,19.421,25.049,0.406,low,0.612,0.532,0.632,0.578,-93.972,352.041,338.812,345.809,1.117,4.995,0.226,Luchun-Lax,0.223623623623624,-496518071374825509
Luchun_M5,5,M,Luchun,,M5_za31_02,193.944,491.739,297.795,5,a31,Vowel,a,Lax,Oral,31.0,2.0,Mid,31,Unaspirated,Oral,97.267,97.118,99.09,107.264,822.695,53.789,1404.133,139.587,2545.269,200.121,3978.94,378.018,928.341,1962.397,3887.996,4135.113,12.295,12.122,16.972,16.268,12.528,9.469,31.829,1.177,22.041,-3.37,5.734,0.239,-4.677,-4.146,4.444,6.799,-19.534,10.958,-9.746,15.492,6.561,11.883,22.032,21.114,11.534,15.236,18.173,24.275,0.613,low,0.623,0.538,0.663,0.596,-86.265,345.433,321.057,339.294,1.16,4.971,0.234,Luchun-Lax,0.233353450010058,8635934380788951073
