speaker_id,speaker_number,speaker_sex,language,language_variety,filename,segment_start,segment_end,duration,timepoint,textgrid_label,segment_type,vowel_quality,phonation,vowel_nasality,tone_contour,number_of_tone_targets,tone_category,language_specific_tone,consonant_aspiration,consonant_nasality,strF0,sF0,pF0,shrF0,sF1,sB1,sF2,sB2,sF3,sB3,sF4,sB4,pF1,pF2,pF3,pF4,H1u,H1c,H2u,H2c,H4u,H4c,A1u,A1c,A2u,A2c,A3u,A3c,H1H2u,H1H2c,H2H4u,H2H4c,H1A1u,H1A1c,H1A2u,H1A2c,H1A3u,H1A3c,Energy,HNR05,HNR15,HNR25,HNR35,CPP,SHR,tone_misc,CQ,CQ_H,CQ_HT,CQ_PM,min_Vel,min_Vel_Time,peak_Vel,peak_Vel_Time,SQ2_SQ1,SQ4_SQ3,ratio,LPhon,SQ,token_id
Miao_M7,7,M,Miao,Black Miao,leibo_m7_02,1528.514,1910.096,381.582,5,pa_44_01,Vowel,a,Modal,Oral,44.0,1.0,High,44,Unaspirated,Oral,137.456,137.143,,137.401,931.592,271.066,1281.261,261.581,2891.84,883.896,3425.896,378.022,,,,,20.071,19.773,12.068,10.841,17.981,12.385,20.667,-13.06,16.238,-14.626,-9.927,-9.35,8.003,8.931,-5.913,-1.544,-0.596,32.942,3.833,34.399,29.998,29.122,3.797,35.764,28.995,33.352,33.911,25.473,0.178,High,0.51,0.362,0.433,0.285,-84.36,1720.626,268.686,1718.552,2.55,2.595,0.995,Miao-Modal,0.982658959537572,8498933186720426688
Miao_M7,7,M,Miao,Black Miao,leibo_m7_08,179.764,578.242,398.478,5,pa13_01,Vowel,a,Modal,Oral,13.0,2.0,Low,13,Unaspirated,Oral,135.62,135.534,,,938.265,102.709,1391.391,170.988,2342.37,232.836,4491.226,373.538,,,,,22.634,22.369,17.455,16.367,22.214,17.302,34.844,2.461,27.889,-0.517,14.208,2.579,5.179,6.002,-4.759,-0.934,-12.211,19.927,-5.255,22.886,8.426,19.79,53.305,27.953,20.642,21.471,24.159,27.44,0.0,Low,0.478,0.36,0.458,0.333,-102.798,380.81,373.83,378.363,2.524,2.736,0.927,Miao-Modal,0.922514619883041,301234434426169470
Miao_M7,7,M,Miao,Black Miao,leibo_m7_08,1070.576,1473.993,403.417,5,pa13_02,Vowel,a,Modal,Oral,13.0,2.0,Low,13,Unaspirated,Oral,138.598,138.504,,,940.436,91.97,1316.273,155.659,2281.154,271.321,3648.082,487.449,,,,,22.96,22.674,17.436,16.26,21.411,16.063,34.422,1.224,28.773,-1.099,10.47,-0.72,5.524,6.414,-3.975,0.197,-11.462,21.476,-5.813,23.773,12.49,23.393,43.665,30.517,22.255,23.721,26.369,26.926,0.0,Low,0.42,0.34,0.451,0.234,-95.211,1273.07,343.404,1271.383,2.196,2.49,0.883,Miao-Modal,0.881927710843374,6753218982381356376
Miao_M7,7,M,Miao,Black Miao,leibo_m7_10,4274.837,4758.56,483.723,5,pye44_03,Vowel,e,Modal,Oral,44.0,1.0,High,44,Unaspirated,Oral,165.182,165.368,,,377.349,80.43,2010.298,64.163,2603.832,164.002,3688.708,368.768,,,,,22.956,21.124,22.176,10.856,4.072,8.755,18.273,-0.811,10.143,8.298,2.483,2.092,0.78,10.268,18.105,2.101,4.683,21.935,12.813,12.825,20.474,19.032,4.969,32.825,47.109,46.447,45.362,28.71,0.0,High,0.5,0.388,0.43,0.368,-188.52,4517.657,528.459,4515.426,1.972,2.14,0.922,Miao-Modal,0.921495327102804,6695107963465344123
Miao_M7,7,M,Miao,Black Miao,leibo_m7_10,5212.361,5611.308,398.947,5,pye44_04,Vowel,e,Modal,Oral,44.0,1.0,High,44,Unaspirated,Oral,165.18,165.224,,,353.22,101.532,1999.77,42.726,2532.119,160.498,3603.633,367.9,,,,,23.928,21.92,22.671,10.054,6.343,11.909,19.202,0.832,10.623,9.378,1.811,0.485,1.258,11.866,16.327,-1.855,4.726,21.088,13.305,12.542,22.117,21.435,5.347,31.062,44.775,44.569,45.158,28.853,0.0,High,0.516,0.375,0.41,0.335,-198.936,5412.604,540.363,5410.573,2.152,2.174,0.991,Miao-Modal,0.989880404783809,2737071520499608961
Miao_M7,7,M,Miao,Black Miao,leibo_m7_100,2367.822,2720.224,352.402,5,te44_01,Vowel,e,Modal,Oral,44.0,1.0,High,44,Unaspirated,Oral,177.427,177.574,,177.309,543.992,204.555,1698.365,72.584,2611.882,185.499,3898.78,516.477,,,,,23.546,22.445,19.922,14.569,18.626,14.304,25.85,2.98,16.857,5.976,5.14,5.311,3.624,7.876,1.296,0.265,-2.304,19.468,6.689,16.47,18.406,17.135,10.631,34.691,38.826,38.552,40.085,28.625,0.0,High,0.437,0.389,0.432,0.344,-181.951,2545.051,432.152,2543.114,1.713,1.885,0.916,Miao-Modal,0.908753315649867,3397359827743125827
Miao_M7,7,M,Miao,Black Miao,leibo_m7_100,3597.903,3933.682,335.779,5,te44_02,Vowel,e,Modal,Oral,44.0,1.0,High,44,Unaspirated,Oral,172.092,172.103,,172.904,560.342,226.179,1617.144,84.052,2595.829,177.101,4045.1,480.571,,,,,23.402,22.441,18.264,13.759,20.313,12.687,22.846,-0.617,16.922,4.337,6.305,6.424,5.138,8.683,-2.049,1.071,0.556,23.061,6.479,18.105,17.097,16.017,7.537,37.051,39.783,39.741,41.045,30.287,0.0,High,0.436,0.38,0.429,0.326,-162.907,3767.017,388.588,3765.117,1.834,2.041,0.901,Miao-Modal,0.898579127878491,-571477651118280789
Miao_M7,7,M,Miao,Black Miao,leibo_m7_101,1660.03,2067.648,407.618,5,te44_03,Vowel,e,Modal,Oral,44.0,1.0,High,44,Unaspirated,Oral,178.89,179.089,,,551.092,252.533,1702.461,145.973,2659.667,195.095,3761.449,387.354,,,,,22.25,21.198,19.019,13.973,19.682,14.321,25.349,2.221,12.377,0.981,2.94,3.007,3.231,7.226,-0.664,-0.349,-3.099,18.98,9.873,20.217,19.31,18.191,8.246,37.65,40.473,40.898,42.292,29.929,0.0,High,0.439,0.372,0.436,0.293,-138.011,1864.921,328.104,1863.281,1.632,1.86,0.88,Miao-Modal,0.87741935483871,7116873692401933734
Miao_M7,7,M,Miao,Black Miao,leibo_m7_101,2908.901,3267.373,358.472,5,te44_04,Vowel,e,Modal,Oral,44.0,1.0,High,44,Unaspirated,Oral,171.536,171.551,,,482.29,225.635,1605.373,107.034,2563.729,108.552,3885.069,580.655,,,,,22.388,21.101,18.013,11.433,13.003,11.576,24.385,2.111,16.325,6.666,8.559,11.085,4.375,9.668,5.01,-0.143,-1.997,18.992,6.063,14.435,13.829,10.015,7.064,38.876,38.563,37.982,38.409,28.904,0.0,High,0.477,0.41,0.469,0.358,-112.905,3089.747,342.916,3087.658,1.737,2.081,0.835,Miao-Modal,0.83469485824123,8973733735871921013
Miao_M7,7,M,Miao,Black Miao,leibo_m7_102,1662.121,2058.935,396.814,5,hle44_01,Vowel,e,Modal,Oral,44.0,1.0,High,44,Unaspirated,Oral,177.394,177.479,,177.309,490.853,250.132,1725.085,67.471,2715.574,192.198,4282.658,739.983,,,,,22.663,21.343,19.196,12.364,17.708,16.87,24.877,2.701,19.209,10.436,7.377,10.503,3.466,8.979,1.489,-4.506,-2.215,18.644,3.453,10.907,15.286,10.84,9.603,34.501,35.938,35.893,36.132,28.855,0.0,High,0.444,0.391,0.453,0.34,-154.189,1861.423,424.781,1859.504,1.602,1.953,0.823,Miao-Modal,0.820276497695853,3773816920066271510
Miao_M7,7,M,Miao,Black Miao,leibo_m7_102,2903.948,3277.923,373.975,5,hle44_02,Vowel,e,Modal,Oral,44.0,1.0,High,44,Unaspirated,Oral,168.227,168.646,,,539.129,239.356,1655.431,97.635,2686.915,141.716,4185.898,710.703,,,,,21.967,20.958,15.661,10.847,16.473,10.406,22.142,-0.873,14.128,2.89,5.169,7.395,6.307,10.111,-0.812,0.441,-0.174,21.833,7.839,18.068,16.799,13.563,4.956,33.225,34.253,34.457,34.444,27.587,0.0,High,0.47,0.391,0.45,0.353,-118.958,3092.313,317.465,3090.218,1.842,2.057,0.899,Miao-Modal,0.895478852698104,-7306298894994700986
Miao_M7,7,M,Miao,Black Miao,leibo_m7_103,4450.038,4824.627,374.589,5,ke55_01,Vowel,e,Tense,Oral,55.0,1.0,High,55,Unaspirated,Oral,186.115,185.979,,,410.706,99.01,2315.539,1070.365,2733.954,265.625,4360.763,553.364,,,,,25.379,23.317,29.428,15.126,5.975,12.144,29.218,9.622,1.581,1.928,4.025,-0.901,-4.05,8.191,23.453,2.982,-3.84,13.696,23.797,21.39,21.354,24.218,17.501,23.527,34.272,37.945,37.303,26.88,0.463,High,0.415,0.371,0.418,0.327,-197.524,4638.426,449.24,4636.66,1.635,1.864,0.888,Miao-Tense,0.877145922746781,-2810590630569869958
Miao_M7,7,M,Miao,Black Miao,leibo_m7_103,5707.22,6081.808,374.588,5,ke55_02,Vowel,e,Tense,Oral,55.0,1.0,High,55,Unaspirated,Oral,174.717,174.633,,,432.91,81.599,1924.881,129.445,2614.466,175.461,4441.052,597.861,,,,,24.679,23.1,27.182,18.228,5.948,8.44,18.375,-2.549,10.418,5.612,5.435,5.13,-2.503,4.872,21.234,9.788,6.304,25.65,14.261,17.489,19.244,17.971,12.522,34.927,46.872,44.847,42.708,26.886,0.0,High,0.439,0.389,0.448,0.338,-172.408,5895.36,471.566,5893.421,1.57,2.277,0.69,Miao-Tense,0.689503732981994,2432971129301644340
Miao_M7,7,M,Miao,Black Miao,leibo_m7_104,1535.042,1905.607,370.565,5,shong55_01,Vowel,ong,Tense,Nasal,55.0,1.0,High,55,Aspirated,Oral,180.543,180.656,,,394.936,206.09,877.998,173.271,2263.368,896.568,3248.478,252.288,,,,,21.565,19.324,21.973,8.023,13.599,10.522,19.581,-1.889,16.511,2.086,-10.076,1.046,-0.408,11.301,8.374,-2.499,1.984,21.224,5.054,17.238,31.642,18.278,5.657,34.422,40.58,47.173,47.972,26.019,0.0,High,0.483,0.378,0.478,0.242,-239.486,1720.414,567.411,1719.075,1.523,2.14,0.713,Miao-Tense,0.711682242990654,3939236867125802863
Miao_M7,7,M,Miao,Black Miao,leibo_m7_104,2599.765,2957.283,357.518,5,shong55_02,Vowel,ong,Tense,Nasal,55.0,1.0,High,55,Aspirated,Oral,174.584,174.573,,,464.518,291.906,1083.802,734.382,2364.386,918.139,3387.398,1218.782,,,,,20.728,19.283,18.736,11.33,13.216,8.95,19.99,-3.231,4.636,-10.517,-11.467,-3.634,1.992,7.953,5.52,2.38,0.738,22.525,16.092,29.8,32.195,22.917,3.78,39.082,44.228,48.811,49.526,25.711,0.0,High,0.506,0.434,0.488,0.43,-142.404,2779.991,428.752,2777.523,1.625,2.074,0.784,Miao-Tense,0.78351012536162,8540686757621831160
Miao_M7,7,M,Miao,Black Miao,leibo_m7_105,1262.205,1619.956,357.751,5,cheng55_01,Vowel,eng,Tense,Nasal,55.0,1.0,High,55,Aspirated,Oral,187.943,187.741,,188.818,526.446,85.148,1331.044,71.661,2890.402,649.997,4123.76,740.616,,,,,23.254,21.945,19.973,13.44,13.885,10.083,26.113,2.874,18.087,3.705,-8.211,3.327,3.281,8.505,6.088,3.358,-2.859,19.086,5.167,18.24,31.465,18.618,9.884,39.342,40.051,42.775,44.057,26.316,0.0,High,0.441,0.386,0.478,0.242,-162.13,1440.98,380.777,1439.699,1.208,1.69,0.72,Miao-Tense,0.714792899408284,5588466809355808261
Miao_M7,7,M,Miao,Black Miao,leibo_m7_105,2349.768,2645.509,295.741,5,cheng55_02,Vowel,eng,Tense,Nasal,55.0,1.0,High,55,Aspirated,Oral,180.642,180.996,,,540.962,64.315,1295.043,123.409,2921.428,828.364,4147.367,756.675,,,,,19.037,17.866,16.31,10.673,15.87,9.904,24.893,1.173,13.625,-1.819,-11.553,0.536,2.727,7.194,0.44,0.769,-5.855,16.711,5.412,19.685,30.59,17.33,5.656,36.205,36.128,38.647,40.885,23.335,0.0,High,0.487,0.412,0.503,0.313,-112.065,2498.747,310.624,2497.023,1.345,2.136,0.631,Miao-Tense,0.629681647940075,118890238005143894
Miao_M7,7,M,Miao,Black Miao,leibo_m7_106,2235.182,2623.794,388.612,5,ne22_01,Vowel,e,Modal,Oral,22.0,1.0,Low,22,Unaspirated,Nasal,142.487,142.432,,,587.002,106.464,1776.809,70.252,2747.311,420.794,3538.142,1257.474,,,,,28.566,27.972,22.597,19.994,31.143,8.449,31.141,6.807,19.426,6.903,6.494,5.383,5.968,7.978,-8.545,11.545,-2.575,21.167,9.14,21.069,22.071,22.59,25.372,35.753,36.232,34.282,33.047,28.25,0.706,Mid,0.439,0.33,0.358,0.299,-183.076,2430.944,481.438,2428.845,2.456,2.596,0.95,Miao-Modal,0.946070878274268,6049763681004707214
Miao_M7,7,M,Miao,Black Miao,leibo_m7_113,2289.5,2606.162,316.662,5,ma33_02,Vowel,a,Breathy,Oral,33.0,1.0,Mid,33,Unaspirated,Nasal,129.362,129.766,,,819.003,617.609,1361.162,163.776,2200.765,681.424,3677.081,580.338,,,,,21.447,21.136,15.538,14.251,18.656,12.566,12.349,-17.25,16.627,-7.743,-3.996,-14.554,5.909,6.885,-3.118,1.685,9.097,38.394,4.82,28.879,25.443,35.69,5.08,31.008,28.234,30.267,33.628,25.773,0.0,Mid,0.431,0.297,0.328,0.257,-192.136,2448.645,501.32,2446.664,2.367,2.721,0.872,Miao-Breathy,0.869900771775083,5988834070416482095
Miao_M7,7,M,Miao,Black Miao,leibo_m7_116,2508.745,2833.973,325.228,5,tai13_02,Vowel,ai,Modal,Oral,13.0,2.0,Low,13,Unaspirated,Oral,136.9,136.521,,,455.661,156.707,1736.199,340.257,2619.267,96.99,3730.801,174.816,,,,,21.566,20.777,17.385,13.746,21.965,8.811,22.367,-0.514,5.64,-4.102,12.222,13.512,4.181,7.031,-4.58,4.936,-0.801,21.292,15.926,24.879,9.344,7.265,4.616,19.489,24.774,24.146,23.267,23.596,0.291,Low,0.411,0.332,0.376,0.293,-195.779,2672.841,580.661,2670.723,2.08,2.162,0.962,Miao-Modal,0.962072155411656,5433404942666256368
Miao_M7,7,M,Miao,Black Miao,leibo_m7_117,2351.97,2745.22,393.25,5,tjo13_02,Vowel,o,Modal,Oral,13.0,2.0,Low,13,Unaspirated,Oral,141.324,141.201,,,435.982,195.821,841.514,157.262,2535.489,149.217,3343.813,115.199,,,,,22.017,20.841,17.674,12.131,20.86,11.761,23.074,-0.924,16.885,-0.754,-6.443,10.97,4.343,8.71,-3.186,0.37,-1.057,21.795,5.132,21.595,28.46,9.87,5.877,34.74,41.817,48.196,47.03,27.057,0.0,Low,0.422,0.352,0.4,0.338,-216.113,2550.495,658.337,2548.104,1.872,2.206,0.848,Miao-Modal,0.848594741613781,1525117841195110853
Miao_M7,7,M,Miao,Black Miao,leibo_m7_120,2001.482,2527.986,526.504,5,nje11_01,Vowel,e,Creaky,Oral,11.0,1.0,Low,11,Unaspirated,Nasal,128.325,127.871,,129.287,345.982,70.391,2140.522,309.489,2797.125,437.333,3462.221,483.956,,,,,24.774,23.355,26.567,18.781,11.998,14.085,23.116,5.625,1.106,2.045,0.02,3.142,-1.793,4.574,14.569,4.696,1.658,17.731,23.668,21.311,24.755,20.213,9.658,22.547,38.716,36.861,33.091,25.346,0.0,Low,0.591,0.328,0.357,0.16,-230.149,2265.279,798.244,2264.026,2.789,3.164,0.882,Miao-Creaky,0.881479140328698,-793704317051127989
Miao_M7,7,M,Miao,Black Miao,leibo_m7_120,3261.695,3750.835,489.14,5,nje11_02,Vowel,e,Creaky,Oral,11.0,1.0,Low,11,Unaspirated,Nasal,137.363,136.95,,,315.417,87.91,2124.093,394.515,2823.331,286.06,3360.844,409.268,,,,,25.606,23.633,25.74,13.577,11.706,18.035,24.67,9.113,0.523,3.395,3.406,9.13,-0.135,10.056,14.034,-4.458,0.936,14.52,25.083,20.238,22.2,14.504,7.675,27.329,44.638,43.298,38.704,26.535,0.0,Low,0.5,0.322,0.357,0.221,-230.679,3507.185,716.719,3505.577,2.493,2.846,0.881,Miao-Creaky,0.875966268446943,942269986701003203
Miao_M7,7,M,Miao,Black Miao,leibo_m7_19,3172.331,3434.03,261.699,5,fang44_01,Vowel,ang,Modal,Nasal,44.0,1.0,High,44,Unaspirated,Oral,168.28,168.186,,168.257,472.388,191.649,965.595,410.217,2356.895,335.653,3786.588,258.741,,,,,19.961,18.633,15.354,8.855,13.496,6.814,21.039,-2.98,10.284,-6.759,-7.047,2.228,4.606,9.778,1.859,2.042,-1.078,21.628,9.677,25.392,27.008,16.405,3.205,29.057,32.852,38.803,40.039,26.91,0.0,High,0.579,0.446,0.442,0.465,-263.418,3305.089,571.39,3302.352,1.881,2.138,0.881,Miao-Modal,0.879794200187091,7101723368214239029
Miao_M7,7,M,Miao,Black Miao,leibo_m7_21,1492.358,1905.757,413.399,5,fang55_01,Vowel,ang,Tense,Nasal,55.0,1.0,High,55,Unaspirated,Oral,199.13,199.747,,,564.356,93.567,1209.734,48.931,2826.113,736.651,3575.361,353.856,,,,,19.889,18.511,19.419,12.587,8.513,3.198,24.639,0.643,18.772,1.995,-8.427,4.688,0.47,5.924,10.906,9.39,-4.75,17.901,1.116,16.516,28.316,13.824,6.926,29.349,28.879,34.826,36.895,24.496,0.0,High,0.496,0.41,0.482,0.274,-215.948,1700.48,577.147,1699.105,1.559,1.926,0.81,Miao-Tense,0.80944963655244,8799364412572481052
Miao_M7,7,M,Miao,Black Miao,leibo_m7_21,2758.574,3137.282,378.708,5,fang55_02,Vowel,ang,Tense,Nasal,55.0,1.0,High,55,Unaspirated,Oral,195.593,196.075,,,458.859,185.747,1187.474,92.415,2752.443,454.823,3575.241,358.829,,,,,19.701,17.594,20.123,6.412,7.21,8.403,16.977,-4.409,15.755,3.731,-7.556,8.168,-0.422,11.181,12.914,-1.991,2.724,22.015,3.946,13.863,27.257,9.426,4.462,32.656,34.282,39.971,40.616,24.755,0.0,High,0.485,0.407,0.484,0.317,-206.094,2948.199,555.725,2946.582,1.491,1.979,0.754,Miao-Tense,0.753410813542193,-3039554112282044104
Miao_M7,7,M,Miao,Black Miao,leibo_m7_23,1266.67,1761.957,495.287,5,sai44_01,Vowel,ai,Modal,Oral,44.0,1.0,High,44,Unaspirated,Oral,164.689,164.768,,,324.341,55.12,1893.136,554.18,2751.43,167.249,3650.654,280.454,,,,,23.462,20.87,26.255,10.55,5.572,14.246,26.253,10.288,-4.143,-4.016,-3.824,4.486,-2.793,10.319,20.683,-3.696,-2.791,10.582,27.605,24.885,27.286,16.383,7.387,29.026,41.838,44.949,45.005,27.582,0.835,High,0.49,0.364,0.441,0.268,-203.172,1514.675,546.676,1513.052,1.94,2.372,0.82,Miao-Modal,0.81787521079258,-5285003110468976487
Miao_M7,7,M,Miao,Black Miao,leibo_m7_23,2315.677,2777.575,461.898,5,sai44_02,Vowel,ai,Modal,Oral,44.0,1.0,High,44,Unaspirated,Oral,158.611,158.762,,,317.9,172.239,1947.813,142.903,2643.841,244.927,3779.152,462.667,,,,,23.454,21.155,24.555,11.486,12.423,19.607,23.674,7.062,3.262,3.128,-2.66,1.544,-1.101,9.669,12.132,-8.12,-0.22,14.093,20.192,18.027,26.114,19.611,6.071,30.8,39.939,40.803,42.23,27.424,0.134,High,0.412,0.34,0.419,0.276,-200.692,2547.328,586.907,2545.589,1.8,2.234,0.807,Miao-Modal,0.80572963294539,-1846449868505320111
Miao_M7,7,M,Miao,Black Miao,leibo_m7_25,936.336,1412.772,476.436,5,sei55_01,Vowel,ei,Tense,Oral,55.0,1.0,High,55,Unaspirated,Oral,212.961,213.084,,,249.971,95.235,2140.991,85.652,2757.736,155.106,3711.102,385.331,,,,,22.181,14.307,14.605,19.182,-2.349,15.883,20.742,9.96,2.573,10.114,-2.753,6.097,7.576,-4.874,16.954,3.299,1.439,4.348,19.608,4.194,24.934,8.21,3.02,26.593,36.309,39.971,41.997,25.878,0.0,High,0.441,0.399,0.478,0.316,-278.966,1175.597,625.721,1174.115,1.223,1.555,0.787,Miao-Tense,0.786495176848875,-5964302115069822603
Miao_M7,7,M,Miao,Black Miao,leibo_m7_25,1976.413,2437.96,461.547,5,sei55_02,Vowel,ei,Tense,Oral,55.0,1.0,High,55,Unaspirated,Oral,202.275,201.824,,,285.496,195.739,2070.938,124.734,2620.736,83.16,3693.61,266.766,,,,,20.25,14.554,16.686,16.521,-3.97,11.334,11.207,-1.561,-2.456,2.339,-2.316,2.778,3.564,-1.967,20.656,5.187,9.043,16.115,22.705,12.215,22.566,11.776,2.186,30.396,43.607,45.827,46.654,27.792,0.0,High,0.454,0.396,0.468,0.307,-240.113,2207.781,538.024,2206.267,1.287,1.727,0.746,Miao-Tense,0.745222929936306,-2315081817931904633
Miao_M7,7,M,Miao,Black Miao,leibo_m7_26,1328.816,1767.486,438.67,5,sai55_01,Vowel,ai,Tense,Oral,55.0,1.0,High,55,Unaspirated,Oral,210.619,210.898,,,290.005,134.545,2140.494,200.528,2729.412,197.565,3753.533,215.209,,,,,23.803,18.345,18.807,16.795,-1.995,12.541,17.825,3.826,3.469,7.777,1.262,6.151,4.996,1.55,20.803,4.253,5.978,14.519,20.334,10.568,22.542,12.194,4.595,28.609,41.261,43.153,43.594,27.376,0.0,High,0.458,0.41,0.467,0.331,-250.511,1548.905,560.793,1547.337,1.374,1.613,0.854,Miao-Tense,0.851828890266584,-5811099053854977684
Miao_M7,7,M,Miao,Black Miao,leibo_m7_26,2272.324,2647.277,374.953,5,sai55_02,Vowel,ai,Tense,Oral,55.0,1.0,High,55,Unaspirated,Oral,201.497,201.55,,,296.669,137.04,2055.844,377.891,2656.923,367.009,3700.132,210.392,,,,,21.253,16.749,18.246,11.896,-0.922,11.719,18.295,3.237,-2.885,-0.697,-3.666,1.257,3.007,4.853,19.168,0.177,2.959,13.512,24.138,17.446,24.919,15.492,2.799,30.671,41.041,42.995,43.258,27.617,0.065,High,0.434,0.381,0.439,0.3,-239.791,2460.341,515.686,2458.859,1.418,1.621,0.877,Miao-Tense,0.874768661320173,-8900163148106545169
Miao_M7,7,M,Miao,Black Miao,leibo_m7_27,1639.275,2020.682,381.407,5,se55_01,Vowel,e,Tense,Oral,55.0,1.0,High,55,Unaspirated,Oral,201.411,201.451,,,607.885,54.521,1563.827,153.571,2584.211,136.536,3671.499,378.272,,,,,19.654,18.496,17.068,11.461,16.514,11.305,29.643,5.91,15.125,0.928,7.831,8.04,2.586,7.034,0.553,0.157,-9.989,12.591,4.529,17.567,11.824,10.456,16.226,41.818,39.912,41.594,41.78,28.31,0.0,High,0.455,0.413,0.486,0.351,-206.491,1830.669,592.92,1828.924,1.351,1.862,0.727,Miao-Tense,0.725563909774436,-6077809261937531327
Miao_M7,7,M,Miao,Black Miao,leibo_m7_27,2760.895,3156.428,395.533,5,se55_02,Vowel,e,Tense,Oral,55.0,1.0,High,55,Unaspirated,Oral,194.726,194.728,,,584.392,83.48,1616.3,169.206,2548.235,301.594,3689.72,249.366,,,,,18.661,17.508,16.363,10.753,13.92,9.345,25.688,2.305,9.127,-3.852,-1.021,-2.27,2.298,6.755,2.443,1.408,-7.027,15.207,9.534,21.361,19.683,19.778,6.892,39.975,41.13,42.4,44.304,29.651,0.0,High,0.451,0.391,0.455,0.314,-207.593,2959.242,512.772,2957.627,1.435,1.861,0.772,Miao-Tense,0.771090811391725,-2438675801958540615
Miao_M7,7,M,Miao,Black Miao,leibo_m7_36,1549.651,1944.142,394.491,5,cjia44_02,Vowel,a,Modal,Oral,44.0,1.0,High,44,Unaspirated,Oral,157.786,158.333,,156.351,592.0,460.241,1267.114,208.33,3222.2,1043.213,4182.671,843.554,,,,,14.014,13.219,6.036,2.482,16.872,-1.4,16.207,-8.902,19.357,1.524,-6.924,8.002,7.979,10.737,-10.836,3.882,-2.193,22.156,-5.343,11.695,20.938,5.217,3.014,34.139,29.274,32.123,34.993,26.269,0.796,High,0.429,0.354,0.453,0.196,-118.005,1746.804,399.117,1745.561,1.769,2.164,0.819,Miao-Modal,0.817467652495379,6953084616585841431
Miao_M7,7,M,Miao,Black Miao,leibo_m7_37,1258.743,1408.131,149.388,5,chjia55_02,Vowel,a,Tense,Oral,55.0,1.0,High,55,Aspirated,Oral,185.358,185.207,,185.293,901.756,464.624,1286.451,112.7,2480.67,174.596,3689.052,339.666,,,,,21.26,20.701,16.725,14.361,22.449,9.303,24.073,-7.624,25.111,-3.258,3.523,-1.735,4.534,6.34,-5.724,5.058,-2.814,28.375,-3.851,23.959,17.736,22.436,19.228,42.378,37.364,39.873,40.658,28.48,0.0,High,0.413,0.36,0.453,0.246,-104.324,1333.914,318.964,1332.582,1.539,2.086,0.748,Miao-Tense,0.73777564717162,-449731466878606408
Miao_M7,7,M,Miao,Black Miao,leibo_m7_39,1876.599,2359.238,482.639,5,tjo44_01,Vowel,o,Modal,Oral,44.0,1.0,High,44,Unaspirated,Oral,169.373,169.401,,,415.117,327.955,580.12,288.877,2415.887,357.853,3273.849,116.44,,,,,21.176,18.811,20.636,7.435,11.544,6.857,19.219,-7.616,18.691,-6.363,-9.74,14.716,0.54,11.376,9.092,0.577,1.957,27.291,2.485,25.174,30.916,4.095,4.756,30.39,41.026,48.729,49.949,28.071,0.0,High,0.528,0.419,0.427,0.384,-341.486,2119.404,738.638,2117.136,1.729,2.021,0.856,Miao-Modal,0.855517070757051,1158008082752093796
Miao_M7,7,M,Miao,Black Miao,leibo_m7_39,3033.11,3500.572,467.462,5,tjo44_02,Vowel,o,Modal,Oral,44.0,1.0,High,44,Unaspirated,Oral,165.03,165.013,,,323.136,255.437,600.589,261.45,2303.605,429.343,3287.946,250.896,,,,,20.202,17.23,19.683,2.719,10.09,2.818,18.978,-0.826,12.948,-3.238,-11.489,12.979,0.519,14.511,9.593,-0.099,1.224,18.11,7.254,20.469,31.691,4.252,3.079,27.748,39.278,44.474,45.702,24.933,0.0,High,0.505,0.384,0.416,0.308,-271.536,3267.321,675.536,3265.443,1.654,2.104,0.787,Miao-Modal,0.786121673003802,-8262805384537526802
Miao_M7,7,M,Miao,Black Miao,leibo_m7_40,1633.359,2007.367,374.008,5,ta44_01,Vowel,a,Modal,Oral,44.0,1.0,High,44,Unaspirated,Oral,161.406,161.265,,,661.95,366.037,1292.705,188.971,2731.506,591.312,4155.324,636.838,,,,,19.462,18.813,12.645,9.829,20.801,-1.069,20.503,-6.383,19.558,-1.296,-3.434,0.669,6.817,8.984,-8.157,10.897,-1.041,25.217,-0.096,20.108,22.896,18.143,5.149,34.58,29.398,32.591,34.51,25.79,0.045,High,0.381,0.34,0.41,0.273,-146.363,1821.615,408.168,1819.922,1.908,1.97,0.971,Miao-Modal,0.968527918781726,-476495805272167556
Miao_M7,7,M,Miao,Black Miao,leibo_m7_40,3496.896,3887.165,390.269,5,ta44_02,Vowel,a,Modal,Oral,44.0,1.0,High,44,Unaspirated,Oral,156.363,156.757,,156.351,639.889,322.974,1264.792,148.019,2795.177,352.876,4095.798,645.467,,,,,17.505,16.821,10.846,7.854,20.232,-4.365,20.23,-5.862,19.082,-0.45,-2.598,4.671,6.659,8.966,-9.386,12.219,-2.725,22.704,-1.576,17.271,20.103,12.149,4.156,39.985,35.074,37.663,38.551,27.816,0.838,High,0.405,0.347,0.408,0.306,-141.764,3693.258,428.106,3691.306,1.86,2.014,0.926,Miao-Modal,0.923535253227408,-5108207836964133328
Miao_M7,7,M,Miao,Black Miao,leibo_m7_42,646.455,1036.159,389.704,5,ta55_01,Vowel,a,Tense,Oral,55.0,1.0,High,55,Unaspirated,Oral,189.549,189.617,,,930.547,139.539,1360.38,214.26,2376.82,699.224,3854.95,634.663,,,,,17.541,16.998,9.594,7.298,13.242,0.588,27.204,-4.183,21.63,-6.054,-2.072,-10.345,7.947,9.7,-3.648,6.71,-9.663,21.215,-4.089,23.052,19.613,27.343,10.784,32.708,26.133,30.622,32.866,25.36,0.0,High,0.38,0.345,0.471,0.273,-142.555,841.551,354.148,840.111,1.111,1.797,0.617,Miao-Tense,0.61825264329438,-2457870022055609911
Miao_M7,7,M,Miao,Black Miao,leibo_m7_42,1718.142,2099.375,381.233,5,ta55_02,Vowel,a,Tense,Oral,55.0,1.0,High,55,Unaspirated,Oral,185.471,185.286,,,946.162,218.224,1350.118,237.769,2517.338,642.115,3714.659,524.54,,,,,19.518,19.005,16.547,14.388,15.397,3.922,27.064,-4.887,20.477,-8.006,-4.781,-11.468,2.971,4.617,1.15,10.467,-7.546,23.938,-0.96,27.011,24.298,30.473,12.466,39.943,33.582,37.32,39.108,26.159,0.0,High,0.381,0.336,0.428,0.256,-132.721,1908.875,319.726,1907.487,1.337,1.727,0.774,Miao-Tense,0.774174869716271,363811718294504103
Miao_M7,7,M,Miao,Black Miao,leibo_m7_47,2668.956,2845.301,176.345,5,ta13_02,Vowel,a,Modal,Oral,13.0,2.0,Low,13,Unaspirated,Oral,137.545,137.217,,136.32,558.199,250.998,1057.436,107.069,2250.354,267.636,3128.853,456.612,,,,,22.14,21.522,18.485,15.82,24.434,5.246,23.738,-3.029,22.455,1.287,0.363,2.96,3.655,5.702,-5.949,10.574,-1.598,24.565,-0.315,20.235,21.776,18.562,11.508,17.21,16.133,21.56,25.456,29.93,0.833,Low,0.453,0.342,0.431,0.179,-110.701,2757.692,403.998,2756.403,2.189,2.616,0.841,Miao-Modal,0.83677370030581,-590516441343119872
Miao_M7,7,M,Miao,Black Miao,leibo_m7_48,3065.956,3422.872,356.916,5,te11_02,Vowel,e,Creaky,Oral,11.0,1.0,Low,11,Unaspirated,Oral,110.163,110.537,,111.382,581.128,217.136,1716.752,98.061,2516.095,443.361,3804.76,500.959,,,,,22.3,21.933,20.736,19.19,17.206,8.835,23.305,-1.855,17.288,3.413,5.083,-0.761,1.563,2.743,3.53,10.355,-1.005,23.789,5.011,18.52,17.217,22.694,6.106,10.337,12.849,12.792,16.082,25.09,0.0,Low,0.612,0.32,0.387,0.15,-125.151,3245.636,466.394,3244.271,3.396,3.405,0.998,Miao-Creaky,0.997356828193833,4127443432742837670
Miao_M7,7,M,Miao,Black Miao,leibo_m7_68,2319.07,2726.834,407.764,5,hlau44_01,Vowel,au,Modal,Oral,44.0,1.0,High,44,Unaspirated,Oral,155.583,156.611,,,713.312,158.688,1111.244,207.478,3301.538,217.656,4407.152,398.98,,,,,12.74,12.146,6.797,4.264,16.521,1.142,16.398,-12.591,10.854,-14.077,-7.733,6.055,5.943,7.882,-9.725,3.122,-3.659,24.867,1.886,26.222,20.473,6.091,1.502,34.631,30.958,36.07,36.522,25.761,0.221,High,0.518,0.39,0.449,0.346,-146.87,2524.39,513.259,2522.169,2.175,2.402,0.908,Miao-Modal,0.905495420482931,-812629036645726056
Miao_M7,7,M,Miao,Black Miao,leibo_m7_68,3391.093,3812.009,420.916,5,hlau44_02,Vowel,au,Modal,Oral,44.0,1.0,High,44,Unaspirated,Oral,150.04,150.566,,,670.922,203.05,1132.962,153.693,2501.826,414.321,4273.613,856.665,,,,,12.144,11.548,8.438,5.887,17.096,0.946,16.944,-11.255,15.173,-8.335,-7.013,-3.135,3.706,5.661,-8.657,4.941,-4.799,22.836,-3.029,19.883,19.158,14.683,1.644,37.917,32.051,36.764,37.354,25.391,0.213,High,0.48,0.371,0.438,0.279,-136.815,3602.795,496.087,3600.935,2.166,2.558,0.848,Miao-Modal,0.846755277560594,6669572426618339853
Miao_M7,7,M,Miao,Black Miao,leibo_m7_72,2329.703,2719.541,389.838,5,sha44_01,Vowel,a,Modal,Oral,44.0,1.0,High,44,Aspirated,Oral,155.939,156.563,,,848.051,232.607,1286.851,115.655,2276.952,651.682,3490.114,1011.27,,,,,11.78,11.355,3.865,2.091,11.891,2.979,16.284,-14.879,18.087,-9.268,-6.17,-14.934,7.915,9.264,-8.026,-0.889,-4.504,26.256,-6.307,20.623,17.95,26.289,2.304,26.915,19.514,24.177,28.914,23.117,0.679,High,0.44,0.362,0.442,0.209,-116.44,2524.744,390.411,2523.411,1.867,2.311,0.808,Miao-Modal,0.807875378623972,3124453068183614659
Miao_M7,7,M,Miao,Black Miao,leibo_m7_72,3300.937,3637.004,336.067,5,sha44_02,Vowel,a,Modal,Oral,44.0,1.0,High,44,Aspirated,Oral,150.767,150.993,,,725.926,336.08,1311.587,178.851,2288.496,701.104,3295.79,830.557,,,,,12.838,12.321,4.226,2.025,12.339,-0.808,7.166,-20.43,9.354,-12.311,-10.506,-15.657,8.612,10.296,-8.113,2.833,5.672,32.76,3.484,24.632,23.344,27.978,0.749,29.173,25.361,28.685,32.025,20.321,0.442,High,0.433,0.356,0.437,0.22,-116.26,3469.47,312.84,3468.014,2.129,2.333,0.928,Miao-Modal,0.912558936990999,-6932097624267270494
Miao_M7,7,M,Miao,Black Miao,leibo_m7_73,1676.161,2024.806,348.645,5,sha44_03,Vowel,a,Modal,Oral,44.0,1.0,High,44,Aspirated,Oral,145.687,145.592,,,959.014,257.194,1374.44,155.33,2415.506,522.458,3569.654,417.85,,,,,19.688,19.378,14.602,13.325,19.051,13.161,23.112,-9.723,21.378,-7.895,-1.549,-10.807,5.086,6.053,-4.449,0.165,-3.424,29.133,-1.69,27.273,21.236,30.185,8.594,32.316,24.101,27.478,29.741,24.118,0.771,High,0.586,0.362,0.432,0.217,-92.946,1851.182,280.569,1849.685,2.484,2.589,0.962,Miao-Modal,0.959443800695249,4275823889483419873
Miao_M7,7,M,Miao,Black Miao,leibo_m7_79,3552.987,3889.055,336.068,5,ki44_02,Vowel,i,Modal,Oral,44.0,1.0,High,44,Unaspirated,Oral,151.734,152.009,,,246.557,83.894,2100.311,171.516,2799.947,196.398,3824.934,805.326,,,,,17.851,13.908,12.736,8.648,-7.605,5.878,5.497,-5.686,-10.414,-3.592,-10.528,-0.414,5.115,5.26,20.341,2.77,12.354,19.594,28.265,17.5,28.379,14.322,0.79,27.895,43.031,44.27,44.2,23.646,0.0,High,0.513,0.379,0.422,0.373,-232.989,3722.496,706.886,3720.047,2.021,2.228,0.909,Miao-Modal,0.907091561938959,-6486865388673889643
Miao_M7,7,M,Miao,Black Miao,leibo_m7_81,654.401,1006.517,352.116,5,khi55_01,Vowel,i,Tense,Oral,55.0,1.0,High,55,Aspirated,Oral,189.264,189.284,,,210.468,52.274,2240.914,86.068,2823.648,123.796,3949.231,222.063,,,,,25.151,17.491,13.911,20.379,-5.346,14.553,25.112,16.809,-4.019,7.111,-6.44,4.292,11.24,-2.888,19.257,5.826,0.038,0.682,29.17,10.38,31.591,13.199,4.661,30.935,48.6,51.5,51.083,26.211,0.0,High,0.478,0.424,0.48,0.376,-248.582,831.602,685.945,829.605,1.416,1.888,0.754,Miao-Tense,0.75,-9021243552964973596
Miao_M7,7,M,Miao,Black Miao,leibo_m7_81,1807.161,2150.893,343.732,5,khi55_02,Vowel,i,Tense,Oral,55.0,1.0,High,55,Aspirated,Oral,185.947,185.852,,,230.369,138.109,2232.614,65.729,2744.357,110.167,4020.996,312.272,,,,,23.804,16.939,17.973,21.851,-3.822,14.265,21.73,12.106,-3.986,5.68,-7.641,-0.335,5.831,-4.912,21.795,7.586,2.074,4.833,27.79,11.259,31.445,17.274,3.438,35.312,52.759,55.776,54.921,27.767,0.0,High,0.471,0.423,0.473,0.38,-236.267,1980.077,586.548,1978.034,1.505,1.8,0.838,Miao-Tense,0.836111111111111,4894396304086946962
Miao_M7,7,M,Miao,Black Miao,leibo_m7_86,1793.856,2185.429,391.573,5,au44_01,Vowel,au,Modal,Oral,44.0,1.0,High,44,Unaspirated,Oral,138.157,137.876,,,573.23,177.422,929.167,127.19,2291.532,127.349,3187.881,248.125,,,,,24.142,23.428,16.639,13.545,28.663,4.83,28.661,1.206,24.407,1.539,1.346,7.727,7.503,9.883,-12.024,8.715,-4.52,22.251,-0.265,21.889,22.796,15.701,13.391,34.63,32.941,38.347,39.944,27.987,0.717,High,0.557,0.382,0.423,0.351,-160.133,1991.368,532.079,1988.817,2.51,2.718,0.926,Miao-Modal,0.923473142016188,-6479868042146954019
Miao_M7,7,M,Miao,Black Miao,leibo_m7_86,2949.929,3347.718,397.789,5,au44_02,Vowel,au,Modal,Oral,44.0,1.0,High,44,Unaspirated,Oral,132.694,132.89,,,581.689,165.463,1010.284,91.753,2305.636,143.251,3273.44,197.919,,,,,21.149,20.534,16.975,14.336,24.268,6.813,24.244,-2.953,19.367,-2.742,-0.58,3.958,4.173,6.198,-7.293,7.523,-3.096,23.507,1.782,23.276,21.729,16.576,6.467,30.306,29.355,34.654,36.046,26.042,0.711,High,0.568,0.371,0.408,0.355,-119.76,3150.379,398.128,3147.71,2.671,2.901,0.922,Miao-Modal,0.920716994139952,-5731561842662174260
Miao_M7,7,M,Miao,Black Miao,leibo_m7_87,2452.055,2836.843,384.788,5,pje44_02,Vowel,e,Modal,Oral,44.0,1.0,High,44,Unaspirated,Oral,142.626,142.696,,,338.414,116.599,2014.628,152.75,2600.416,212.911,3720.366,486.511,,,,,24.894,23.198,23.491,13.44,7.066,11.325,18.398,0.936,9.803,9.605,5.998,7.093,1.403,9.759,16.424,2.114,6.496,22.262,15.091,13.593,18.896,16.105,6.202,32.27,46.734,45.971,45.012,28.69,0.0,High,0.565,0.377,0.418,0.36,-149.914,2646.059,490.911,2643.535,2.427,2.627,0.925,Miao-Modal,0.923867529501332,1709545352893276721
Miao_M7,7,M,Miao,Black Miao,leibo_m7_89,1891.615,2217.819,326.204,5,hla44_02,Vowel,a,Modal,Oral,44.0,1.0,High,44,Unaspirated,Oral,142.986,142.596,,,633.414,365.419,1089.635,101.926,2380.339,212.694,3585.184,284.671,,,,,23.717,23.11,18.327,15.723,24.687,7.726,24.472,-3.118,25.515,2.916,0.599,3.881,5.39,7.387,-6.36,7.997,-0.754,26.25,-1.798,20.194,23.118,19.229,12.74,33.179,28.806,33.289,35.661,29.106,0.452,High,0.457,0.354,0.419,0.27,-126.677,2055.212,418.178,2053.319,2.166,2.217,0.978,Miao-Modal,0.976995940460081,2819120498351689601
Miao_M7,7,M,Miao,Black Miao,leibo_m7_90,4371.828,4723.421,351.593,5,ta44_02,Vowel,a,Modal,Oral,44.0,1.0,High,44,Unaspirated,Oral,142.771,142.48,,142.457,590.533,144.454,1010.745,38.251,2291.379,202.402,3529.163,314.804,,,,,22.893,22.197,17.663,14.644,25.697,2.175,25.695,-1.387,26.109,4.063,-1.604,2.447,5.23,7.553,-8.035,12.469,-2.803,23.604,-3.216,18.134,24.497,19.75,11.303,31.536,29.064,34.125,37.248,27.25,0.0,High,0.481,0.38,0.441,0.4,-132.236,4550.145,412.546,4547.336,2.199,2.22,0.993,Miao-Modal,0.99054054054054,4467770106799021308
Miao_M7,7,M,Miao,Black Miao,leibo_m7_91,2057.46,2601.644,544.184,5,nang44_01,Vowel,ang,Modal,Nasal,44.0,1.0,High,44,Unaspirated,Nasal,151.019,151.143,,,604.426,227.778,1319.279,91.078,2322.4,597.479,4133.403,635.837,,,,,23.788,23.069,21.078,17.889,28.836,8.676,27.749,2.583,26.54,9.082,6.152,5.943,2.71,5.18,-7.758,9.212,-3.961,20.492,-2.753,13.986,17.636,17.126,24.886,31.09,25.832,28.992,31.867,29.264,0.77,High,0.524,0.388,0.447,0.337,-136.449,2330.974,495.153,2328.728,2.202,2.429,0.907,Miao-Modal,0.906545903664059,5630307228345006281
Miao_M7,7,M,Miao,Black Miao,leibo_m7_91,3121.168,3666.996,545.828,5,nang44_02,Vowel,ang,Modal,Nasal,44.0,1.0,High,44,Unaspirated,Nasal,147.101,147.07,,,593.61,220.256,1299.788,85.782,2456.138,657.968,4097.016,613.934,,,,,23.509,22.832,20.188,17.214,28.381,4.348,28.379,3.083,25.435,7.682,2.019,4.323,3.322,5.617,-8.193,12.867,-4.869,19.757,-1.926,15.15,21.49,18.509,18.488,29.85,25.147,29.157,32.747,29.903,0.888,High,0.507,0.371,0.445,0.388,-129.58,3395.967,414.597,3393.325,2.317,2.39,0.971,Miao-Modal,0.969456066945607,-7855266921703807246
Miao_M7,7,M,Miao,Black Miao,leibo_m7_99,1826.959,2198.621,371.662,5,se55_02,Vowel,e,Tense,Oral,55.0,1.0,High,55,Unaspirated,Oral,177.383,177.415,,177.309,519.534,136.162,1654.914,105.739,2650.246,255.933,4038.886,530.41,,,,,23.582,22.403,20.652,14.814,16.081,12.997,28.041,5.429,14.633,3.989,1.433,3.49,2.93,7.589,4.571,1.817,-4.459,16.977,8.949,18.414,22.149,18.913,12.8,31.453,34.432,35.931,37.725,27.318,0.0,High,0.455,0.41,0.458,0.389,-161.791,2014.173,402.137,2011.977,1.656,1.847,0.902,Miao-Tense,0.896589063345966,8978278309444924181
Miao_M4,4,M,Miao,Black Miao,liuchangqian_m4_01,1068.541,1407.249,338.708,5,la44_01,Vowel,a,Modal,Oral,44.0,1.0,High,44,Unaspirated,Oral,183.371,183.203,,,681.975,105.06,1261.682,67.297,3031.79,248.104,3906.244,451.457,,,,,13.043,12.179,15.748,11.894,22.331,4.601,22.204,-4.132,17.327,-3.116,0.341,10.233,-2.706,0.286,-6.583,7.293,-9.161,16.353,-4.285,15.295,12.701,1.946,5.068,53.327,47.79,53.789,52.36,29.636,0.692,High,0.567,0.51,0.562,0.492,-188.263,1239.276,455.778,1236.589,1.049,2.056,0.51,Miao-Modal,0.510214007782101,6018683106619460733
Miao_M4,4,M,Miao,Black Miao,liuchangqian_m4_01,4335.579,4644.276,308.697,5,la44_02,Vowel,a,Modal,Oral,44.0,1.0,High,44,Unaspirated,Oral,168.937,169.075,,168.608,701.002,113.09,1344.572,293.508,3501.144,314.896,4241.161,884.238,,,,,11.341,10.763,14.602,12.068,21.665,-0.597,21.664,-3.15,-1.417,-10.698,-4.101,-4.304,-3.261,-1.305,-7.063,12.665,-10.323,13.917,12.758,21.461,15.442,15.067,3.248,46.994,43.869,51.77,54.597,29.185,0.831,High,0.559,0.483,0.536,0.496,-140.166,4491.64,334.444,4488.707,1.082,2.256,0.48,Miao-Modal,0.479609929078014,-2755375649771795979
Miao_M4,4,M,Miao,Black Miao,liuchangqian_m4_03,1955.989,2301.41,345.421,5,la55_01,Vowel,a,Tense,Oral,55.0,1.0,High,55,Unaspirated,Oral,200.691,200.774,,202.187,672.937,402.46,1092.054,1252.546,2861.209,294.177,3885.166,419.109,,,,,11.984,11.001,13.712,8.979,21.004,13.404,19.522,-4.161,2.071,-5.272,2.67,-8.697,-1.728,2.021,-7.291,-4.425,-7.538,15.165,9.913,16.273,9.314,19.698,4.203,56.385,49.492,55.858,53.4,27.567,0.791,High,0.601,0.548,0.599,0.536,-177.377,2129.537,378.894,2126.859,0.808,1.85,0.437,Miao-Tense,0.436756756756757,-7980791389428878068
Miao_M4,4,M,Miao,Black Miao,liuchangqian_m4_03,2970.07,3283.801,313.731,5,la55_02,Vowel,a,Tense,Oral,55.0,1.0,High,55,Unaspirated,Oral,200.812,200.709,,,540.598,299.525,803.26,37.401,2948.611,94.666,3893.487,267.463,,,,,11.558,9.689,13.79,4.233,26.972,4.394,19.973,-6.332,26.971,4.406,4.035,26.118,-2.232,5.455,-13.183,-0.16,-8.414,16.255,-15.413,5.283,7.523,-16.429,10.301,57.023,51.368,57.132,55.634,28.68,0.583,High,0.616,0.551,0.617,0.552,-134.284,3128.544,304.396,3125.787,0.798,1.938,0.412,Miao-Tense,0.411764705882353,-4912398999518239734
Miao_M4,4,M,Miao,Black Miao,liuchangqian_m4_07,2929.932,3264.728,334.796,5,la55_01,Vowel,a,Tense,Oral,55.0,1.0,High,55,Unaspirated,Oral,225.263,224.953,,225.177,669.896,179.0,1111.226,138.747,2746.782,128.257,4139.39,290.365,,,,,10.456,9.025,11.87,4.967,14.547,3.566,18.826,-7.454,13.891,-7.655,4.887,14.58,-1.414,4.058,-2.677,1.401,-8.37,16.543,-3.436,16.679,5.569,-5.556,2.67,34.669,31.554,41.418,41.822,28.8,0.0,High,0.594,0.562,0.63,0.533,-146.15,3097.872,290.724,3095.502,0.716,1.557,0.463,Miao-Tense,0.459858702633269,-8444809175628833441
Miao_M4,4,M,Miao,Black Miao,liuchangqian_m4_07,4266.774,4613.276,346.502,5,la55_02,Vowel,a,Tense,Oral,55.0,1.0,High,55,Unaspirated,Oral,209.712,209.317,,211.451,822.099,177.074,1083.926,475.023,2640.152,276.932,3875.12,356.869,,,,,12.018,11.348,9.528,6.573,18.273,-6.384,18.272,-7.667,5.126,-8.909,5.981,-9.066,2.49,4.775,-8.745,12.957,-6.254,19.018,6.892,20.258,6.037,20.414,2.504,36.404,33.404,35.467,37.855,24.739,0.272,High,0.588,0.537,0.602,0.521,-157.638,4441.044,345.528,4438.552,0.783,1.745,0.448,Miao-Tense,0.448710601719198,3941702843081208407
Miao_M4,4,M,Miao,Black Miao,liuchangqian_m4_08,256.209,653.45,397.241,5,la11_01,Vowel,a,Creaky,Oral,11.0,1.0,Low,11,Unaspirated,Oral,151.854,151.831,,,665.03,204.89,1194.671,91.113,2922.394,215.795,4009.02,640.213,,,,,15.49,14.877,13.203,10.567,20.408,2.415,20.392,-6.831,18.15,-3.551,-0.284,8.404,2.287,4.31,-7.205,8.152,-4.903,21.745,-2.66,18.428,15.773,6.473,3.591,39.049,34.628,42.864,41.69,28.006,0.751,Low,0.588,0.483,0.516,0.517,-139.905,456.797,321.993,453.379,1.617,2.404,0.673,Miao-Creaky,0.672628951747088,-2191428066389885901
Miao_M4,4,M,Miao,Black Miao,liuchangqian_m4_08,1269.858,1664.816,394.958,5,la11_02,Vowel,a,Creaky,Oral,11.0,1.0,Low,11,Unaspirated,Oral,140.561,140.64,,,788.283,236.657,1218.534,215.037,2765.945,400.517,4030.092,751.407,,,,,14.1,13.645,8.952,7.031,15.998,5.057,19.149,-10.481,14.625,-10.669,-3.964,1.331,5.148,6.613,-7.046,1.974,-5.049,24.18,-0.525,24.314,18.064,12.314,2.762,37.359,29.739,35.487,35.08,24.016,0.67,Low,0.621,0.454,0.447,0.426,-91.67,1469.094,219.799,1466.059,1.772,2.823,0.628,Miao-Creaky,0.627701027275948,6772135860724065690
Miao_M4,4,M,Miao,Black Miao,liuchangqian_m4_09,218.477,522.139,303.662,5,pa44_01,Vowel,a,Modal,Oral,44.0,1.0,High,44,Unaspirated,Oral,178.747,178.84,,177.309,602.902,162.515,1191.185,56.082,2490.761,533.2,3358.934,667.504,,,,,13.844,12.809,14.388,9.611,17.492,6.794,20.248,-4.821,17.55,-0.925,-4.426,0.888,-0.544,3.199,-3.104,2.816,-6.404,17.646,-3.706,13.734,18.27,11.922,4.015,41.84,42.122,51.501,55.682,30.664,0.876,High,0.578,0.528,0.578,0.531,-156.262,372.061,376.797,369.085,1.074,2.041,0.526,Miao-Modal,0.526212640862322,-9017367357806145911
Miao_M4,4,M,Miao,Black Miao,liuchangqian_m4_09,1139.53,1449.903,310.373,5,pa44_02,Vowel,a,Modal,Oral,44.0,1.0,High,44,Unaspirated,Oral,174.449,174.416,,,875.908,405.03,1135.068,100.562,2562.748,532.431,3571.164,495.081,,,,,15.284,14.199,16.067,11.013,17.316,7.648,16.557,-8.237,19.602,1.466,-4.786,4.236,-0.783,3.187,-1.249,3.365,-1.273,22.456,-4.319,12.734,20.069,9.963,4.021,43.58,37.604,44.237,46.114,28.486,0.799,High,0.597,0.534,0.575,0.544,-143.266,1296.198,334.257,1293.077,1.187,2.182,0.544,Miao-Modal,0.543996333638863,-7095551270893566314
Miao_M4,4,M,Miao,Black Miao,liuchangqian_m4_11,924.444,1207.421,282.977,5,pa55_01,Vowel,a,Tense,Oral,55.0,1.0,High,55,Unaspirated,Oral,216.537,216.829,,218.668,705.601,153.902,1135.001,217.527,2917.074,101.853,3895.248,277.214,,,,,10.694,9.521,11.752,6.343,18.305,4.569,19.498,-7.845,13.08,-9.923,-0.764,9.15,-1.057,3.178,-6.553,1.775,-8.804,17.454,-2.386,19.444,11.459,0.371,3.391,64.472,51.995,58.738,57.621,27.09,0.0,High,0.564,0.529,0.628,0.479,-111.825,1066.722,267.089,1064.513,0.65,1.668,0.39,Miao-Tense,0.38968824940048,-3287249028915443557
Miao_M4,4,M,Miao,Black Miao,liuchangqian_m4_11,1949.163,2217.133,267.97,5,pa55_02,Vowel,a,Tense,Oral,55.0,1.0,High,55,Unaspirated,Oral,205.064,204.85,,,596.317,148.249,962.609,255.067,2856.376,177.727,3579.364,1478.301,,,,,12.523,11.071,17.95,10.927,20.006,8.727,23.866,-2.121,16.344,-4.924,4.002,18.63,-5.428,0.144,-2.055,2.2,-11.344,13.281,-3.821,15.995,8.521,-7.559,6.573,67.252,59.794,65.095,63.617,29.535,0.0,High,0.615,0.542,0.651,0.33,-97.311,2083.67,272.271,2082.054,0.697,1.961,0.356,Miao-Tense,0.355430902600714,-1736521613041047106
Miao_M4,4,M,Miao,Black Miao,liuchangqian_m4_13,3311.456,3635.627,324.171,5,pa33_02,Vowel,a,Breathy,Oral,33.0,1.0,Mid,33,Unaspirated,Oral,180.359,180.701,,177.309,676.445,148.787,1234.591,65.208,2346.335,433.713,3324.768,464.54,,,,,16.023,15.201,17.014,13.374,22.925,1.589,22.924,-3.908,21.382,0.059,0.159,-0.676,-0.991,1.827,-5.911,11.785,-6.901,19.124,-5.36,15.141,15.864,15.876,8.144,44.961,39.346,43.264,44.618,26.611,0.674,Mid,0.596,0.468,0.49,0.471,-231.301,3475.323,457.725,3472.721,1.769,1.818,0.974,Miao-Breathy,0.973047304730473,3715798370701856396
Miao_M4,4,M,Miao,Black Miao,liuchangqian_m4_16,927.752,1261.917,334.165,5,pje22_01,Vowel,e,Modal,Oral,22.0,1.0,Low,22,Unaspirated,Oral,161.368,161.306,,162.364,409.147,90.136,1792.589,116.714,2692.535,116.218,3590.387,811.003,,,,,22.477,20.843,25.237,15.736,9.682,12.661,19.824,0.038,9.937,5.328,7.061,11.938,-2.759,5.107,15.554,3.075,2.653,20.806,12.54,15.514,15.416,8.905,7.48,32.489,37.796,38.854,39.062,26.529,0.0,Mid,0.67,0.513,0.525,0.522,-315.845,1097.459,536.275,1094.224,2.193,2.312,0.949,Miao-Modal,0.948529411764706,4362471322795761981
Miao_M4,4,M,Miao,Black Miao,liuchangqian_m4_16,1744.354,2032.046,287.692,5,pje22_02,Vowel,e,Modal,Oral,22.0,1.0,Low,22,Unaspirated,Oral,160.305,160.154,,,420.314,70.828,1839.006,153.85,2700.598,112.518,3593.314,484.722,,,,,20.877,19.338,23.992,15.323,9.909,12.148,18.944,-1.23,5.867,1.15,5.683,9.726,-3.115,4.015,14.083,3.175,1.933,20.568,15.009,18.188,15.193,9.612,5.559,47.639,55.531,51.296,47.025,27.162,0.0,Mid,0.616,0.519,0.548,0.528,-239.736,1890.655,483.595,1887.353,1.959,2.45,0.8,Miao-Modal,0.799591836734694,-2166696846824511130
Miao_M4,4,M,Miao,Black Miao,liuchangqian_m4_17,1042.845,1275.216,232.371,5,phje55_01,Vowel,e,Tense,Oral,55.0,1.0,High,55,Aspirated,Oral,220.151,220.177,,,447.093,29.882,1788.464,220.226,2614.162,108.934,3600.728,160.839,,,,,16.207,13.646,27.867,7.741,7.852,14.562,27.867,7.589,8.453,2.946,10.366,13.274,-11.66,5.905,20.015,-6.821,-11.659,6.058,7.754,10.7,5.841,0.372,9.283,53.471,55.217,55.447,53.631,28.063,0.39,High,0.604,0.583,0.659,0.533,-191.876,1160.013,379.792,1157.587,0.599,1.616,0.37,Miao-Tense,0.370668316831683,5335745716955619886
Miao_M4,4,M,Miao,Black Miao,liuchangqian_m4_17,1914.788,2167.076,252.288,5,phje55_02,Vowel,e,Tense,Oral,55.0,1.0,High,55,Aspirated,Oral,221.565,221.502,,,443.422,26.538,2221.232,816.23,2595.983,253.725,3732.125,91.026,,,,,19.144,16.569,30.447,10.473,9.192,17.015,30.446,10.461,6.642,5.288,9.863,3.34,-11.303,6.096,21.255,-6.542,-11.302,6.108,12.502,11.281,9.281,13.229,18.185,52.557,52.926,53.541,52.313,28.442,0.416,High,0.64,0.607,0.666,0.581,-196.709,2041.772,348.886,2039.145,0.787,1.704,0.462,Miao-Tense,0.461854460093897,-5780842171888355939
Miao_M4,4,M,Miao,Black Miao,liuchangqian_m4_20,2258.143,2663.869,405.726,5,mu44_01,Vowel,u,Modal,Oral,44.0,1.0,High,44,Unaspirated,Nasal,205.071,204.93,,,403.304,16.369,827.565,24.364,2225.579,85.601,4037.687,368.752,,,,,23.379,20.233,33.184,12.825,22.375,8.088,33.183,12.267,22.374,7.956,-2.129,13.858,-9.804,7.408,10.809,4.736,-9.804,7.986,1.006,12.277,25.509,6.375,35.726,37.056,45.16,51.726,54.385,24.01,0.256,High,0.594,0.549,0.613,0.532,-244.919,2462.183,536.93,2459.584,0.792,1.922,0.412,Miao-Modal,0.41207075962539,-3927678027659942088
Miao_M4,4,M,Miao,Black Miao,liuchangqian_m4_20,3386.799,3744.576,357.777,5,mu44_02,Vowel,u,Modal,Oral,44.0,1.0,High,44,Unaspirated,Nasal,204.683,204.609,,203.62,404.403,14.777,837.047,617.48,2253.72,12.903,3507.708,170.748,,,,,21.063,17.909,28.548,7.354,3.333,-4.695,28.548,7.211,5.71,-9.609,-2.7,14.33,-7.485,10.555,25.216,12.048,-7.484,10.729,15.354,27.518,23.763,3.579,11.949,33.421,44.142,52.888,56.452,21.86,0.453,High,0.548,0.514,0.553,0.451,-235.246,3566.416,421.064,3564.21,0.846,1.817,0.466,Miao-Modal,0.465602641717116,-8914456256265655712
Miao_M4,4,M,Miao,Black Miao,liuchangqian_m4_21,305.062,600.417,295.355,5,hmu44_01,Vowel,u,Modal,Oral,44.0,1.0,High,44,Aspirated,Oral,191.894,191.357,,,381.036,11.816,883.833,51.209,2327.069,242.03,3739.648,203.075,,,,,21.23,18.275,32.025,12.171,15.194,11.189,32.024,12.085,13.8,0.843,-5.23,11.534,-10.795,6.104,16.83,0.982,-10.794,6.205,7.43,17.432,26.46,6.741,22.327,31.357,38.272,44.191,46.923,17.745,0.303,High,0.629,0.565,0.625,0.555,-216.758,454.331,519.941,451.426,0.91,2.353,0.388,Miao-Modal,0.386740331491713,8509203761146803606
Miao_M4,4,M,Miao,Black Miao,liuchangqian_m4_21,1445.617,1759.548,313.931,5,hmu44_02,Vowel,u,Modal,Oral,44.0,1.0,High,44,Aspirated,Oral,198.739,198.748,,,394.413,12.327,795.478,34.782,2387.714,148.462,3691.4,107.548,,,,,18.644,15.566,29.394,8.609,15.452,0.746,29.393,8.549,15.451,0.77,-8.076,10.895,-10.75,6.957,13.942,7.863,-10.749,7.046,3.193,14.796,26.72,4.671,12.914,49.297,54.423,58.965,61.306,23.029,0.3,High,0.598,0.559,0.611,0.508,-213.648,1603.956,430.264,1601.397,0.955,2.064,0.463,Miao-Modal,0.462693798449612,8986521778649264968
Miao_M4,4,M,Miao,Black Miao,liuchangqian_m4_22,2483.827,2828.114,344.287,5,mo22_01,Vowel,o,Modal,Oral,22.0,1.0,Low,22,Unaspirated,Nasal,171.465,171.339,,,395.482,112.877,719.954,158.112,2233.165,55.801,4007.396,81.738,,,,,19.458,17.04,25.027,10.039,16.83,3.121,24.244,2.619,16.828,0.346,-2.422,16.31,-5.569,7.001,8.197,6.918,-4.786,14.453,2.629,16.694,21.879,0.73,7.167,42.705,48.068,52.273,54.329,25.062,0.445,Mid,0.572,0.521,0.553,0.497,-226.445,2657.789,408.936,2654.888,1.291,2.04,0.633,Miao-Modal,0.632843137254902,-3783993115960869831
Miao_M4,4,M,Miao,Black Miao,liuchangqian_m4_22,3328.896,3669.706,340.81,5,mo22_02,Vowel,o,Modal,Oral,22.0,1.0,Low,22,Unaspirated,Nasal,171.973,171.815,,172.904,409.996,90.127,813.355,102.185,2250.681,53.986,3886.558,153.168,,,,,19.075,16.942,24.906,12.357,14.269,8.717,22.829,1.021,15.125,-0.435,-1.498,14.341,-5.831,4.585,10.637,3.64,-3.754,15.941,3.95,17.377,20.573,2.601,7.371,48.883,55.834,61.498,62.778,26.419,0.0,Mid,0.545,0.516,0.562,0.49,-240.341,3500.839,518.25,3497.988,0.939,2.0,0.47,Miao-Modal,0.4695,9020846482527890907
Miao_M4,4,M,Miao,Black Miao,liuchangqian_m4_27,570.276,1003.665,433.389,5,mje11_01,Vowel,e,Creaky,Oral,11.0,1.0,Low,11,Unaspirated,Nasal,145.206,144.737,,,365.565,54.987,1898.402,78.267,2827.603,93.567,4404.158,402.094,,,,,20.91,19.27,22.376,12.782,8.978,12.536,18.559,0.341,3.697,1.693,6.763,14.067,-1.465,6.488,13.398,0.246,2.351,18.93,17.213,17.578,14.148,5.203,3.421,29.227,48.973,46.556,42.873,24.492,0.177,Low,0.597,0.486,0.503,0.499,-189.558,789.352,341.383,785.894,2.012,2.504,0.804,Miao-Creaky,0.803514376996805,-7249836858215630934
Miao_M4,4,M,Miao,Black Miao,liuchangqian_m4_27,1402.014,1796.675,394.661,5,mje11_02,Vowel,e,Creaky,Oral,11.0,1.0,Low,11,Unaspirated,Nasal,148.897,148.193,,150.037,379.609,46.757,1933.12,78.668,2827.664,101.389,4409.403,352.345,,,,,21.419,19.768,24.668,14.916,9.339,12.865,20.814,2.226,4.908,2.924,7.004,13.393,-3.249,4.853,15.329,2.051,0.605,17.543,16.511,16.845,14.415,6.376,5.393,28.666,46.722,43.188,38.889,21.881,0.291,Low,0.595,0.492,0.504,0.505,-167.54,1601.956,304.748,1598.526,1.88,2.563,0.734,Miao-Creaky,0.733515411627,-8526563977405091466
Miao_M4,4,M,Miao,Black Miao,liuchangqian_m4_28,961.443,1275.96,314.517,5,fang44_01,Vowel,ang,Modal,Nasal,44.0,1.0,High,44,Unaspirated,Oral,192.04,192.14,,,409.673,85.031,2626.182,463.498,2784.242,201.128,4168.316,1037.983,,,,,15.977,13.879,19.534,4.634,6.44,12.854,19.246,-0.407,-5.812,-3.483,-5.979,-18.176,-3.557,9.246,13.094,-8.22,-3.268,14.287,21.79,17.362,21.956,32.056,2.153,43.246,42.759,47.057,48.212,22.616,0.805,High,0.597,0.524,0.567,0.506,-145.195,1120.315,289.936,1117.694,0.954,0.974,0.426,Miao-Modal,0.979466119096509,8930519598055552041
Miao_M4,4,M,Miao,Black Miao,liuchangqian_m4_28,2202.175,2516.692,314.517,5,fang44_02,Vowel,ang,Modal,Nasal,44.0,1.0,High,44,Unaspirated,Oral,191.13,191.144,,,417.881,112.956,939.422,460.5,2598.306,483.206,2742.13,190.696,,,,,14.914,12.612,17.78,2.57,2.391,1.707,17.663,-3.566,-1.345,-14.32,-6.316,10.287,-2.866,10.041,15.389,0.863,-2.749,16.197,16.26,26.932,21.23,2.325,1.514,43.009,43.64,49.15,51.057,23.875,0.0,High,0.579,0.528,0.565,0.499,-141.847,2360.255,265.543,2357.642,0.908,1.955,0.466,Miao-Modal,0.464450127877238,1481434950647553212
Miao_M4,4,M,Miao,Black Miao,liuchangqian_m4_29,780.053,1161.331,381.278,5,fhang44_01,Vowel,ang,Modal,Nasal,44.0,1.0,High,44,Aspirated,Oral,182.453,182.699,,,395.335,125.958,1055.229,154.385,2556.49,133.133,2717.424,658.528,,,,,14.794,12.503,19.238,3.829,9.992,11.723,19.228,-1.019,6.929,-4.548,-3.293,12.595,-4.443,8.675,9.246,-7.894,-4.433,13.532,7.865,17.052,18.088,-0.092,1.737,58.399,60.681,62.321,61.116,26.096,0.668,High,0.606,0.54,0.572,0.507,-136.135,971.877,296.213,969.098,1.009,2.178,0.463,Miao-Modal,0.463269054178145,573810195077669101
Miao_M4,4,M,Miao,Black Miao,liuchangqian_m4_29,1722.813,2056.668,333.855,5,fhang44_02,Vowel,ang,Modal,Nasal,44.0,1.0,High,44,Aspirated,Oral,175.346,175.407,,,385.987,120.137,1209.22,99.977,2512.949,103.838,3355.129,571.927,,,,,16.211,14.145,22.813,9.488,14.042,16.975,21.517,1.521,10.976,1.127,-4.341,7.336,-6.602,4.658,8.771,-7.487,-5.306,12.629,5.235,13.018,20.552,6.809,3.334,48.963,47.568,50.833,50.147,23.401,0.528,High,0.564,0.529,0.587,0.495,-161.313,1891.22,382.752,1888.399,0.802,2.205,0.363,Miao-Modal,0.363718820861678,343265180280036743
Miao_M4,4,M,Miao,Black Miao,liuchangqian_m4_31,986.822,1306.604,319.782,5,fang55_01,Vowel,ang,Tense,Nasal,55.0,1.0,High,55,Unaspirated,Oral,209.364,209.458,,,624.742,100.04,1243.17,263.699,2440.976,93.729,3432.166,510.764,,,,,15.316,14.021,15.586,9.348,15.727,8.038,24.43,-0.571,11.757,-6.922,4.447,7.3,-0.27,4.672,-0.14,1.311,-9.114,14.607,3.559,20.943,10.869,6.721,5.233,54.164,47.732,51.183,53.439,29.875,0.0,High,0.612,0.576,0.664,0.542,-129.051,1147.502,301.108,1144.917,0.689,1.798,0.385,Miao-Tense,0.383203559510567,4225997480827947589
Miao_M4,4,M,Miao,Black Miao,liuchangqian_m4_31,1946.167,2271.323,325.156,5,fang55_02,Vowel,ang,Tense,Nasal,55.0,1.0,High,55,Unaspirated,Oral,198.464,198.666,,,572.545,129.302,1305.125,608.317,2433.771,198.985,3466.003,339.59,,,,,15.327,14.034,17.693,11.332,12.199,7.223,21.72,-2.109,5.222,-10.589,-0.441,1.935,-2.366,2.701,5.494,4.109,-6.393,16.151,10.105,24.623,15.768,12.099,3.565,63.641,57.956,59.785,60.182,27.071,0.0,High,0.611,0.55,0.598,0.522,-107.656,2109.747,230.578,2107.119,0.886,1.915,0.463,Miao-Tense,0.46266318537859,-8882716110011033226
Miao_M4,4,M,Miao,Black Miao,liuchangqian_m4_33,793.341,1113.701,320.36,5,te44_01,Vowel,e,Modal,Oral,44.0,1.0,High,44,Unaspirated,Oral,156.185,156.2,,156.351,604.209,71.379,1802.897,369.715,2549.802,128.121,4014.794,407.415,,,,,20.255,19.587,21.165,18.196,27.764,6.291,27.762,3.457,12.511,-0.101,13.479,7.642,-0.91,1.391,-6.598,11.905,-7.507,16.132,7.744,19.688,6.776,11.944,10.753,53.467,52.21,50.437,49.991,28.285,0.58,High,0.558,0.513,0.563,0.52,-188.548,955.669,426.388,952.337,1.097,2.187,0.502,Miao-Modal,0.501600365797897,-746492511473287265
Miao_M4,4,M,Miao,Black Miao,liuchangqian_m4_33,1744.409,2058.762,314.353,5,te44_02,Vowel,e,Modal,Oral,44.0,1.0,High,44,Unaspirated,Oral,149.434,149.448,,148.731,603.647,46.821,1936.267,268.188,2530.207,82.951,3800.837,389.115,,,,,20.1,19.499,17.295,14.651,27.994,4.199,27.993,3.702,7.872,-3.201,11.632,1.872,2.805,4.849,-10.7,10.452,-7.893,15.798,12.228,22.7,8.468,17.628,8.527,56.762,53.812,50.383,50.425,28.735,0.583,High,0.571,0.489,0.527,0.499,-175.238,1904.174,395.048,1900.834,1.638,2.313,0.707,Miao-Modal,0.708171206225681,1252045310017171262
Miao_M4,4,M,Miao,Black Miao,liuchangqian_m4_34,1980.625,2271.061,290.436,5,fang13_01,Vowel,ang,Modal,Nasal,13.0,2.0,Low,13,Unaspirated,Oral,173.48,173.364,,,356.299,88.549,1032.75,320.218,2355.899,463.661,3366.952,238.045,,,,,16.444,13.944,23.536,6.798,15.613,15.949,22.898,3.764,6.176,-5.429,-7.539,9.003,-7.093,7.146,7.923,-9.151,-6.454,10.193,10.268,19.372,23.983,4.94,3.837,29.062,31.328,34.789,36.169,21.813,0.394,Low,0.595,0.51,0.505,0.493,-161.699,2127.065,282.762,2124.25,1.39,1.963,0.711,Miao-Modal,0.708099847172695,3595025395173481481
Miao_M4,4,M,Miao,Black Miao,liuchangqian_m4_35,537.859,910.494,372.635,5,sai44_01,Vowel,ai,Modal,Oral,44.0,1.0,High,44,Unaspirated,Oral,182.029,181.561,,181.879,540.756,29.082,1967.651,405.447,2692.872,185.804,3990.609,508.697,,,,,14.214,13.096,16.945,11.467,14.056,10.39,27.312,4.564,6.464,-2.845,3.837,1.245,-2.731,1.629,2.89,1.077,-13.098,8.534,7.75,15.942,10.377,11.852,10.051,49.145,54.092,53.202,52.399,30.347,0.0,High,0.571,0.489,0.525,0.478,-169.577,725.125,343.475,722.51,1.073,2.002,0.538,Miao-Modal,0.535964035964036,5181713759487177883
Miao_M4,4,M,Miao,Black Miao,liuchangqian_m4_35,1533.943,1863.582,329.639,5,sai44_02,Vowel,ai,Modal,Oral,44.0,1.0,High,44,Unaspirated,Oral,185.682,184.84,,184.986,547.156,19.198,1985.759,205.033,2633.188,106.935,3767.489,430.769,,,,,13.313,12.174,16.438,10.817,12.592,9.456,28.775,6.121,6.886,-1.932,7.857,3.931,-3.125,1.357,3.846,1.361,-15.463,6.054,6.427,14.105,5.456,8.242,10.96,43.631,46.338,46.304,46.375,28.139,0.0,High,0.562,0.49,0.518,0.473,-157.898,1700.228,266.45,1697.675,1.058,1.634,0.648,Miao-Modal,0.64749082007344,-2950900433476779277
Miao_M4,4,M,Miao,Black Miao,liuchangqian_m4_37,279.137,636.421,357.284,5,se55_01,Vowel,e,Tense,Oral,55.0,1.0,High,55,Unaspirated,Oral,219.301,219.752,,219.583,458.434,133.57,2029.252,58.676,2670.399,95.451,3788.249,399.0,,,,,13.906,11.625,19.863,2.625,8.162,14.25,19.705,-0.959,13.482,9.329,8.011,6.615,-5.957,9.0,11.7,-11.625,-5.799,12.585,0.424,2.296,5.895,5.01,2.737,53.418,56.873,56.864,55.216,29.803,0.67,High,0.601,0.554,0.6,0.519,-180.126,458.793,278.206,456.424,0.931,1.455,0.64,Miao-Tense,0.639862542955327,-4630751419675496806
Miao_M4,4,M,Miao,Black Miao,liuchangqian_m4_37,1261.318,1561.156,299.838,5,se55_02,Vowel,e,Tense,Oral,55.0,1.0,High,55,Unaspirated,Oral,211.83,212.292,,211.451,453.254,164.605,2037.293,103.956,2599.873,113.555,3736.673,197.849,,,,,13.296,11.228,17.524,3.041,8.327,13.341,15.764,-5.069,9.33,4.747,7.631,4.39,-4.228,8.187,9.197,-10.3,-2.468,16.298,3.966,6.481,5.664,6.838,1.883,56.127,56.362,52.949,53.582,28.073,0.679,High,0.576,0.553,0.597,0.516,-168.164,1412.281,261.419,1409.85,0.841,1.41,0.596,Miao-Tense,0.59645390070922,-7997790942651687614
Miao_M4,4,M,Miao,Black Miao,liuchangqian_m4_38,1261.318,1561.156,299.838,5,sai55_02,Vowel,ai,Tense,Oral,55.0,1.0,High,55,Unaspirated,Oral,201.169,201.129,,203.171,627.172,71.765,2079.102,137.652,2742.615,58.758,4031.257,672.221,,,,,11.185,10.166,15.642,10.772,17.496,11.862,24.139,0.663,9.612,-0.127,8.829,2.15,-4.457,-0.606,-1.854,-1.09,-12.954,9.504,1.573,10.293,2.355,8.016,5.651,58.919,52.847,50.347,48.388,27.259,0.0,High,0.608,0.55,0.614,0.552,-107.234,1412.042,228.356,1409.3,1.036,1.756,0.593,Miao-Tense,0.58997722095672,-5669477338240553449
Miao_M4,4,M,Miao,Black Miao,liuchangqian_m4_39,1007.682,1352.918,345.236,5,sei22_01,Vowel,ei,Modal,Oral,22.0,1.0,Low,22,Unaspirated,Oral,149.968,149.795,,,355.069,84.556,2139.027,117.467,2805.059,75.646,3726.747,852.026,,,,,19.454,17.718,20.849,10.379,4.926,9.515,17.736,-0.246,1.34,1.74,4.26,6.782,-1.395,7.339,15.923,0.864,1.718,17.964,18.114,15.978,15.194,10.936,2.451,39.552,49.263,48.087,46.051,25.166,0.0,Mid,0.55,0.462,0.546,0.5,-211.979,1182.27,524.23,1178.932,1.055,1.224,0.291,Miao-Modal,0.861928104575163,4461240221426504340
Miao_M4,4,M,Miao,Black Miao,liuchangqian_m4_39,1895.431,2244.461,349.03,5,sei22_02,Vowel,ei,Modal,Oral,22.0,1.0,Low,22,Unaspirated,Oral,154.088,154.078,,156.351,350.313,41.782,2115.92,60.516,2781.777,79.044,4223.786,536.637,,,,,17.187,15.292,21.968,9.927,1.23,6.837,21.656,4.029,7.07,7.656,7.739,10.504,-4.781,5.365,20.738,3.09,-4.469,11.263,10.117,7.636,9.448,4.787,2.655,48.784,61.252,57.688,53.242,26.745,0.954,Mid,0.55,0.474,0.503,0.483,-230.353,2072.052,432.751,2068.907,1.228,2.283,0.538,Miao-Modal,0.537888742882173,-7571542655188930836
Miao_M4,4,M,Miao,Black Miao,liuchangqian_m4_42,315.637,695.254,379.617,5,su33_01,Vowel,u,Breathy,Oral,33.0,1.0,Mid,33,Unaspirated,Oral,180.475,180.372,,,374.094,58.478,882.817,39.773,2526.825,52.243,4400.913,366.66,,,,,18.707,16.073,24.621,6.188,11.919,10.807,24.62,4.957,14.223,1.65,-5.39,14.976,-5.913,9.885,12.702,-4.619,-5.912,11.135,4.484,14.423,24.097,1.098,14.125,27.019,40.994,48.692,51.636,25.359,0.832,Mid,0.614,0.557,0.574,0.534,-251.255,506.995,421.311,504.04,1.101,2.223,0.495,Miao-Breathy,0.49527665317139,-3273695279222016355
Miao_M4,4,M,Miao,Black Miao,liuchangqian_m4_42,1132.779,1501.136,368.357,5,su33_02,Vowel,u,Breathy,Oral,33.0,1.0,Mid,33,Unaspirated,Oral,180.218,180.196,,,367.537,46.966,856.412,89.029,2512.13,36.583,4405.217,210.492,,,,,16.707,13.929,24.362,5.26,9.547,7.375,24.361,5.001,8.134,-4.483,-8.18,13.218,-7.655,8.67,14.815,-2.115,-7.654,8.95,8.574,18.413,24.888,0.712,4.305,32.518,44.206,52.798,55.861,24.685,0.683,Mid,0.637,0.537,0.535,0.501,-232.426,1318.589,336.037,1315.808,1.374,2.016,0.682,Miao-Breathy,0.681547619047619,7899721510975705719
Miao_M4,4,M,Miao,Black Miao,liuchangqian_m4_43,301.133,673.323,372.19,5,sho33_01,Vowel,o,Breathy,Oral,33.0,1.0,Mid,33,Aspirated,Oral,180.095,180.132,,,369.08,43.009,827.293,80.541,2523.322,73.317,4333.916,348.976,,,,,16.351,13.642,23.849,5.32,10.282,7.73,23.847,4.331,9.664,-3.2,-9.507,11.899,-7.497,8.323,13.567,-2.411,-7.496,9.333,6.687,16.842,25.858,1.743,4.168,23.879,36.279,44.506,45.558,24.14,0.654,Mid,0.566,0.526,0.566,0.497,-241.637,488.418,467.093,485.666,1.019,2.135,0.478,Miao-Breathy,0.47728337236534,6658295333667530837
Miao_M4,4,M,Miao,Black Miao,liuchangqian_m4_43,1373.649,1756.473,382.824,5,sho33_02,Vowel,o,Breathy,Oral,33.0,1.0,Mid,33,Aspirated,Oral,180.041,180.096,,,374.64,57.178,784.344,156.032,2519.858,69.892,3361.598,304.544,,,,,15.202,12.471,22.457,3.617,7.438,-1.049,22.455,2.235,7.048,-7.261,-10.847,11.875,-7.254,8.854,15.019,4.666,-7.253,10.271,8.155,19.732,26.05,0.596,2.878,38.609,50.125,57.448,57.781,22.667,0.723,Mid,0.623,0.527,0.531,0.501,-204.267,1566.572,300.678,1563.792,1.413,1.923,0.736,Miao-Breathy,0.734789391575663,-1017695391559668939
Miao_M4,4,M,Miao,Black Miao,liuchangqian_m4_44,590.811,936.559,345.748,5,se44_01,Vowel,e,Modal,Oral,44.0,1.0,High,44,Unaspirated,Oral,170.129,170.386,,,344.625,103.034,2050.224,51.02,2547.577,135.616,4634.679,537.54,,,,,17.24,14.854,24.384,7.825,13.825,21.658,24.383,7.237,7.442,7.716,0.675,-0.357,-7.144,7.029,10.56,-13.833,-7.143,7.617,9.799,7.138,16.566,15.212,4.29,49.814,57.556,53.25,52.921,27.444,0.493,High,0.563,0.5,0.532,0.497,-283.2,764.965,626.17,762.055,1.263,2.129,0.595,Miao-Modal,0.593236261155472,3473196524284370359
Miao_M4,4,M,Miao,Black Miao,liuchangqian_m4_44,1364.402,1680.154,315.752,5,se44_02,Vowel,e,Modal,Oral,44.0,1.0,High,44,Unaspirated,Oral,168.186,168.622,,,342.123,75.2,2036.254,56.855,2513.92,93.011,3763.115,566.103,,,,,18.308,15.867,24.756,8.188,11.437,19.581,24.755,8.038,8.203,8.892,4.331,3.142,-6.448,7.679,13.32,-11.393,-6.447,7.83,10.106,6.975,13.977,12.726,4.601,43.003,48.92,45.099,46.499,25.324,0.544,High,0.552,0.497,0.53,0.486,-271.424,1523.242,597.403,1520.369,1.235,2.08,0.597,Miao-Modal,0.59375,469527649808001395
Miao_M4,4,M,Miao,Black Miao,liuchangqian_m4_45,300.436,655.625,355.189,5,cja44_01,Vowel,a,Modal,Oral,44.0,1.0,High,44,Unaspirated,Oral,184.417,184.428,,184.127,703.812,80.072,1373.115,445.851,2359.667,111.076,3709.469,240.745,,,,,12.565,11.778,14.477,10.985,26.51,5.956,26.508,0.273,12.665,-6.898,5.784,1.696,-1.912,0.792,-12.033,5.029,-13.943,11.514,-0.1,18.676,6.782,10.082,8.691,50.235,51.138,52.0,53.238,31.288,0.549,High,0.612,0.549,0.591,0.551,-141.505,479.566,274.146,476.575,1.065,1.92,0.555,Miao-Modal,0.5546875,6664345568923719729
Miao_M4,4,M,Miao,Black Miao,liuchangqian_m4_45,1136.638,1456.439,319.801,5,cja44_02,Vowel,a,Modal,Oral,44.0,1.0,High,44,Unaspirated,Oral,174.959,174.977,,,720.261,137.642,1467.49,318.475,2385.411,153.2,3649.391,476.231,,,,,13.599,12.91,13.105,10.09,23.823,-0.983,23.822,-2.539,9.744,-9.574,2.614,-2.787,0.494,2.82,-10.718,11.073,-10.223,15.456,3.855,22.484,10.985,15.696,5.263,40.967,39.718,40.529,43.049,29.007,0.852,High,0.597,0.535,0.566,0.529,-141.568,1298.093,278.967,1295.06,1.145,2.053,0.558,Miao-Modal,0.557720409157331,8842039747653876123
Miao_M4,4,M,Miao,Black Miao,liuchangqian_m4_46,494.507,791.313,296.806,5,chja44_01,Vowel,a,Modal,Oral,44.0,1.0,High,44,Aspirated,Oral,199.863,199.778,,201.075,785.512,54.752,1714.022,431.046,2420.221,155.158,3785.898,347.77,,,,,13.369,12.661,16.841,13.725,28.971,3.735,28.97,2.584,6.867,-11.186,3.215,-8.101,-3.472,-1.065,-12.13,9.991,-15.601,10.081,6.501,23.846,10.153,20.762,14.705,56.167,52.564,51.088,51.491,30.337,0.513,High,0.592,0.548,0.666,0.537,-112.479,643.9,294.014,641.208,0.643,1.795,0.358,Miao-Modal,0.358217270194986,-852637273968224512
Miao_M4,4,M,Miao,Black Miao,liuchangqian_m4_46,1323.355,1594.901,271.546,5,chja44_02,Vowel,a,Modal,Oral,44.0,1.0,High,44,Aspirated,Oral,196.889,196.741,,,768.631,70.266,1701.89,1017.286,2355.114,108.089,3807.902,543.146,,,,,12.158,11.447,14.731,11.595,26.884,2.418,26.883,0.642,0.341,-17.419,3.229,-9.058,-2.573,-0.148,-12.154,9.176,-14.725,10.808,11.818,28.866,8.93,20.505,8.931,61.746,56.264,57.445,59.53,29.988,0.578,High,0.577,0.544,0.63,0.556,-120.662,1460.928,245.36,1458.091,0.659,1.596,0.412,Miao-Modal,0.412907268170426,-6370759115941372978
Miao_M4,4,M,Miao,Black Miao,liuchangqian_m4_47,4465.025,4820.336,355.311,5,tjo44_01,Vowel,o,Modal,Oral,44.0,1.0,High,44,Unaspirated,Oral,176.244,176.156,,177.309,377.873,98.956,662.215,94.241,2468.845,27.112,3004.604,67.771,,,,,15.599,12.84,21.262,3.113,12.312,4.297,21.261,-0.26,12.31,-4.897,-5.641,19.104,-5.664,9.727,8.95,-1.184,-5.662,13.175,3.288,17.736,21.239,-6.265,2.943,52.694,60.303,63.054,59.28,24.713,0.913,High,0.588,0.515,0.535,0.503,-210.049,4644.219,314.565,4641.363,1.363,1.829,0.746,Miao-Modal,0.745215965008201,2162505175211158522
Miao_M4,4,M,Miao,Black Miao,liuchangqian_m4_48,817.041,1082.898,265.857,5,ta44_01,Vowel,a,Modal,Oral,44.0,1.0,High,44,Unaspirated,Oral,177.46,177.386,,177.309,665.125,81.434,1255.813,256.218,2298.29,184.944,4431.678,1033.268,,,,,12.364,11.536,13.368,9.691,25.021,5.798,25.019,-1.297,14.41,-5.883,4.46,2.565,-1.004,1.846,-11.652,3.892,-12.655,12.844,-2.046,17.419,7.904,8.971,6.236,48.728,49.77,50.289,50.529,28.779,0.753,High,0.613,0.546,0.594,0.559,-140.498,951.522,286.602,948.36,0.948,2.078,0.456,Miao-Modal,0.456207892204042,-2988253040976555100
Miao_M4,4,M,Miao,Black Miao,liuchangqian_m4_48,3147.198,3406.799,259.601,5,ta44_02,Vowel,a,Modal,Oral,44.0,1.0,High,44,Unaspirated,Oral,159.931,159.918,,,783.649,40.327,1608.786,432.311,2365.428,115.426,3845.713,367.358,,,,,11.283,10.822,8.769,6.818,13.558,2.485,21.583,-5.832,1.922,-17.75,0.596,-11.119,2.513,4.004,-4.789,4.333,-10.3,16.658,9.36,28.572,10.686,21.942,2.47,58.684,51.471,48.761,50.219,25.44,0.0,High,0.572,0.49,0.534,0.52,-80.226,3278.708,201.187,3275.452,1.092,2.296,0.476,Miao-Modal,0.475609756097561,1038890051612614796
Miao_M4,4,M,Miao,Black Miao,liuchangqian_m4_50,1734.343,2078.446,344.103,5,ta55_01,Vowel,a,Tense,Oral,55.0,1.0,High,55,Unaspirated,Oral,199.559,199.267,,200.321,822.099,304.395,1083.926,97.622,2386.255,101.939,4642.618,362.43,,,,,11.627,9.75,16.613,7.072,24.612,3.9,22.042,-4.846,24.61,1.3,4.873,19.137,-4.986,2.678,-7.999,3.172,-10.415,14.709,-12.983,8.45,6.754,-9.388,7.584,44.158,40.434,43.627,48.279,26.992,0.805,High,0.573,0.533,0.604,0.529,-138.249,1908.203,272.741,1905.546,0.726,1.566,0.463,Miao-Tense,0.46360153256705,-2335354434845636322
Miao_M4,4,M,Miao,Black Miao,liuchangqian_m4_50,2425.195,2734.888,309.693,5,ta55_02,Vowel,a,Tense,Oral,55.0,1.0,High,55,Unaspirated,Oral,198.129,197.94,,,753.168,58.028,1433.153,351.66,2395.74,241.8,3460.996,265.841,,,,,12.572,11.769,16.121,12.571,26.474,4.882,26.473,-0.486,11.657,-9.205,-0.705,-5.073,-3.549,-0.802,-10.353,7.689,-13.901,12.268,0.915,20.974,13.277,16.842,8.754,59.048,51.658,53.468,54.652,26.693,0.597,High,0.596,0.568,0.693,0.591,-109.426,2581.648,293.896,2578.647,0.568,1.817,0.313,Miao-Tense,0.312603192074849,162995335848956867
Miao_M4,4,M,Miao,Black Miao,liuchangqian_m4_51,1677.506,2011.278,333.772,5,ta22_01,Vowel,a,Modal,Oral,22.0,1.0,Low,22,Unaspirated,Oral,151.547,151.537,,,626.075,391.962,1083.926,217.209,2552.31,70.979,4271.513,368.824,,,,,18.988,18.176,15.806,12.289,24.001,-1.779,24.083,-8.274,22.265,-8.223,3.613,15.445,3.182,5.888,-8.195,14.067,-5.095,26.832,-3.277,26.4,15.375,2.731,7.087,51.566,50.172,54.86,53.681,29.485,0.758,Mid,0.637,0.476,0.492,0.49,-202.518,1846.261,515.544,1843.03,1.951,2.409,0.811,Miao-Modal,0.809879618098796,-2155580646597458069
Miao_M4,4,M,Miao,Black Miao,liuchangqian_m4_51,2421.455,2759.248,337.793,5,ta22_02,Vowel,a,Modal,Oral,22.0,1.0,Low,22,Unaspirated,Oral,149.511,149.525,,,623.815,163.661,867.04,310.065,2534.133,57.281,3247.203,590.736,,,,,17.503,16.729,15.118,11.768,25.973,1.265,25.971,-4.086,18.489,-8.644,3.369,14.041,2.385,4.962,-10.856,10.502,-8.468,20.943,-0.986,25.373,14.134,2.689,7.124,59.596,55.513,58.802,58.091,29.832,0.706,Mid,0.625,0.475,0.495,0.513,-203.724,2592.737,470.87,2589.303,1.901,2.316,0.821,Miao-Modal,0.820811744386874,-5829381722656814657
Miao_M4,4,M,Miao,Black Miao,liuchangqian_m4_54,364.954,716.211,351.257,5,ta33_01,Vowel,a,Breathy,Oral,33.0,1.0,Mid,33,Unaspirated,Oral,168.286,168.31,,167.976,605.135,255.646,984.295,160.851,2532.437,60.896,3366.545,84.697,,,,,13.749,12.842,15.878,11.846,18.841,-1.542,18.222,-9.291,15.482,-7.664,0.935,9.42,-2.13,0.996,-2.963,13.388,-4.473,22.184,-1.733,20.506,12.813,3.422,3.891,47.104,46.328,51.505,49.123,27.649,0.502,Mid,0.583,0.507,0.541,0.503,-152.205,542.926,326.437,539.944,1.244,2.054,0.606,Miao-Breathy,0.605647517039922,7519236716178762658
Miao_M4,4,M,Miao,Black Miao,liuchangqian_m4_54,2396.478,2703.173,306.695,5,ta33_02,Vowel,a,Breathy,Oral,33.0,1.0,Mid,33,Unaspirated,Oral,158.713,158.449,,,779.164,231.854,1060.185,540.501,2485.244,45.913,3409.897,272.176,,,,,14.021,13.461,11.973,9.599,11.662,-1.667,17.59,-13.614,6.493,-21.577,-5.44,-4.004,2.048,3.862,0.311,11.266,-3.569,27.279,7.528,35.038,19.461,17.464,1.428,37.717,35.868,43.033,44.317,22.295,0.0,Mid,0.564,0.478,0.51,0.495,-136.981,2551.399,303.117,2548.286,1.369,2.225,0.615,Miao-Breathy,0.615280898876404,-3290586059729773125
Miao_M4,4,M,Miao,Black Miao,liuchangqian_m4_63,544.51,945.827,401.317,5,na13_01,Vowel,a,Modal,Oral,13.0,2.0,Low,13,Unaspirated,Nasal,157.538,158.117,,,739.935,98.77,1211.196,160.412,2343.141,496.084,3409.122,377.335,,,,,16.579,16.018,14.314,11.927,14.473,0.329,19.947,-8.807,11.157,-13.036,-7.383,-9.696,2.265,4.091,-0.159,11.598,-3.368,24.845,5.422,29.055,23.962,25.714,3.067,31.072,28.64,32.956,34.579,23.809,0.0,Low,0.575,0.512,0.56,0.518,-180.603,746.657,417.319,743.385,1.088,2.284,0.475,Miao-Modal,0.476357267950963,-7943737942897672592
Miao_M4,4,M,Miao,Black Miao,liuchangqian_m4_63,1186.617,1592.394,405.777,5,na13_02,Vowel,a,Modal,Oral,13.0,2.0,Low,13,Unaspirated,Nasal,153.541,154.619,,,775.87,141.008,1311.453,244.207,2277.182,160.917,3381.6,455.951,,,,,14.406,13.954,11.084,9.184,11.707,1.579,17.604,-11.378,9.888,-14.001,0.624,-6.999,3.321,4.77,-0.623,7.605,-3.198,25.344,4.517,27.955,13.782,20.953,2.177,34.918,27.263,28.438,31.124,22.039,0.223,Low,0.562,0.491,0.537,0.471,-121.952,1391.041,306.347,1387.998,1.222,2.451,0.498,Miao-Modal,0.498572011423909,-390227382194046987
Miao_M4,4,M,Miao,Black Miao,liuchangqian_m4_68,588.518,917.816,329.298,5,cja44_01,Vowel,a,Modal,Oral,44.0,1.0,High,44,Unaspirated,Oral,186.068,185.977,,,663.299,138.251,1201.477,286.282,3182.968,365.089,3839.834,330.61,,,,,13.559,12.64,14.188,10.058,23.258,7.43,22.546,-3.79,14.583,-6.127,2.493,15.533,-0.629,2.583,-9.07,2.628,-8.986,16.492,-1.024,18.768,11.066,-2.893,7.778,41.965,44.783,49.653,49.449,29.851,0.67,High,0.613,0.547,0.582,0.555,-163.761,754.841,292.333,751.854,1.071,1.839,0.583,Miao-Modal,0.582381729200653,-5401275281684460841
Miao_M4,4,M,Miao,Black Miao,liuchangqian_m4_68,1409.306,1700.923,291.617,5,cja44_02,Vowel,a,Modal,Oral,44.0,1.0,High,44,Unaspirated,Oral,176.209,176.18,,,562.1,262.309,1083.89,204.075,3033.689,555.059,4191.885,613.742,,,,,16.017,14.95,13.967,9.022,19.31,8.751,18.035,-7.013,16.443,-2.216,2.162,17.675,2.05,5.928,-5.343,0.272,-2.018,22.01,-0.426,17.167,13.855,-2.724,9.269,36.996,41.488,46.471,46.544,28.731,0.296,High,0.599,0.547,0.578,0.542,-156.371,1556.787,282.446,1553.7,1.02,1.945,0.524,Miao-Modal,0.524421593830334,-6690610939128484515
Miao_M4,4,M,Miao,Black Miao,liuchangqian_m4_69,1449.371,1760.89,311.519,5,hla44_01,Vowel,a,Modal,Oral,44.0,1.0,High,44,Unaspirated,Oral,182.914,183.096,,183.47,643.784,209.33,1091.491,210.794,3010.511,296.112,3900.189,454.003,,,,,11.403,10.467,13.348,9.157,20.175,1.974,19.777,-7.403,14.19,-8.306,-1.621,10.916,-1.945,1.309,-6.827,7.184,-8.374,17.951,-2.787,18.772,13.024,-0.45,2.591,50.557,52.369,59.328,58.864,30.367,0.664,High,0.581,0.518,0.57,0.539,-138.797,1606.435,295.184,1603.486,0.921,1.872,0.492,Miao-Modal,0.491987179487179,3238038840307530015
Miao_M4,4,M,Miao,Black Miao,liuchangqian_m4_69,2149.054,2482.825,333.771,5,hla44_02,Vowel,a,Modal,Oral,44.0,1.0,High,44,Unaspirated,Oral,175.659,175.797,,,501.274,528.534,912.689,168.458,2944.95,323.536,3696.996,467.811,,,,,13.94,12.639,13.861,7.598,17.58,6.035,14.823,-11.531,19.401,-2.047,-3.177,15.029,0.079,5.041,-3.719,1.563,-0.883,24.307,-5.461,14.686,17.117,-2.39,3.495,39.863,43.628,50.793,51.027,31.807,0.0,High,0.578,0.533,0.58,0.519,-127.174,2317.604,275.717,2314.645,0.934,1.991,0.469,Miao-Modal,0.46911099949774,2089648124364655758
Miao_M4,4,M,Miao,Black Miao,liuchangqian_m4_75,516.694,835.179,318.485,5,ti22_01,Vowel,i,Modal,Oral,22.0,1.0,Low,22,Unaspirated,Oral,147.452,147.142,,,314.112,94.054,2162.762,425.338,3100.46,111.368,4103.407,536.119,,,,,19.525,17.401,17.48,3.488,3.827,10.989,17.477,1.575,-8.699,-5.723,-5.182,3.966,2.045,13.913,13.652,-7.502,2.048,15.826,28.223,23.123,24.707,13.434,1.413,35.075,55.41,53.942,49.458,23.701,0.0,Mid,0.679,0.48,0.475,0.49,-265.65,678.078,575.694,674.748,2.06,2.669,0.772,Miao-Modal,0.77182465342825,-8830085393579381259
Miao_M4,4,M,Miao,Black Miao,liuchangqian_m4_75,1245.349,1586.353,341.004,5,ti22_02,Vowel,i,Modal,Oral,22.0,1.0,Low,22,Unaspirated,Oral,139.043,139.009,,,356.4,88.705,2258.113,91.75,2922.04,46.292,3649.358,413.312,,,,,16.674,15.208,15.975,7.862,3.473,6.151,6.327,-11.934,-6.756,-5.38,-1.35,1.214,0.7,7.346,12.502,1.711,10.347,27.142,23.431,20.588,18.025,13.995,0.889,31.14,51.466,51.188,48.736,22.697,0.0,Mid,0.673,0.479,0.487,0.474,-241.471,1417.993,503.825,1414.575,2.365,2.772,0.855,Miao-Modal,0.853174603174603,6672716074312948523
Miao_M4,4,M,Miao,Black Miao,liuchangqian_m4_76,272.887,579.695,306.808,5,khe55_01,Vowel,e,Tense,Oral,55.0,1.0,High,55,Aspirated,Oral,215.705,215.778,,,435.212,36.341,2156.217,256.102,2619.79,91.863,3638.253,491.041,,,,,13.78,11.249,24.549,4.742,6.774,14.441,24.548,4.682,4.697,3.054,10.346,6.178,-10.769,6.507,17.775,-9.699,-10.768,6.567,9.083,8.196,3.435,5.071,4.833,62.452,65.614,63.138,61.775,29.406,0.385,High,0.611,0.595,0.65,0.546,-226.735,427.576,372.711,425.043,0.59,1.554,0.379,Miao-Tense,0.37966537966538,-8187029413934167376
Miao_M4,4,M,Miao,Black Miao,liuchangqian_m4_76,1026.502,1306.5,279.998,5,khe55_02,Vowel,e,Tense,Oral,55.0,1.0,High,55,Aspirated,Oral,214.023,213.881,,,432.673,29.795,2090.114,208.465,2612.266,125.867,3810.618,317.333,,,,,14.358,11.839,25.361,5.611,6.556,14.119,25.36,5.507,6.631,4.613,9.877,6.609,-11.003,6.228,18.806,-8.508,-11.003,6.332,7.727,7.226,4.481,5.23,5.752,62.393,64.803,62.419,61.018,28.239,0.382,High,0.617,0.601,0.652,0.553,-226.181,1167.473,370.068,1164.888,0.694,1.685,0.413,Miao-Tense,0.41186943620178,-2043869406533936683
Miao_M4,4,M,Miao,Black Miao,liuchangqian_m4_78,3004.063,3367.71,363.647,5,ne22_01,Vowel,e,Modal,Oral,22.0,1.0,Low,22,Unaspirated,Nasal,157.497,157.383,,,630.194,88.187,1971.958,159.577,2630.884,122.692,4451.468,632.094,,,,,16.082,15.466,15.834,13.118,21.29,-3.095,21.288,-3.251,6.945,-4.792,6.052,-2.011,0.248,2.348,-5.456,16.213,-5.206,18.719,9.137,20.258,10.03,17.477,2.808,53.713,52.874,49.746,47.042,26.341,0.674,Mid,0.566,0.519,0.572,0.525,-176.428,3187.459,365.44,3184.119,0.796,2.17,0.367,Miao-Modal,0.366820276497696,2282618834227241297
Miao_M4,4,M,Miao,Black Miao,liuchangqian_m4_78,3426.153,3783.306,357.153,5,ne22_02,Vowel,e,Modal,Oral,22.0,1.0,Low,22,Unaspirated,Nasal,149.955,150.285,,,620.892,61.268,1944.908,134.11,2544.259,97.534,4440.272,396.087,,,,,17.375,16.787,15.075,12.497,23.476,1.12,23.474,-1.025,7.909,-3.838,6.912,-2.367,2.3,4.29,-8.401,11.377,-6.099,17.813,9.466,20.625,10.463,19.155,4.055,41.604,44.257,42.73,42.779,26.225,0.552,Mid,0.543,0.507,0.547,0.488,-196.26,3605.797,376.906,3602.546,1.039,2.117,0.491,Miao-Modal,0.490788852149268,1392938034740305382
Miao_M4,4,M,Miao,Black Miao,liuchangqian_m4_79,432.118,904.998,472.88,5,ou44_01,Vowel,ou,Modal,Oral,44.0,1.0,High,44,Unaspirated,Oral,201.48,201.245,,,406.773,49.352,1492.38,830.542,2579.502,44.406,3640.887,28.93,,,,,16.306,13.758,26.969,8.028,9.339,15.142,26.967,7.25,-3.141,-10.366,-4.063,3.998,-10.662,5.73,17.63,-7.115,-10.661,6.511,19.447,24.124,20.369,9.759,8.596,49.513,48.848,52.803,53.802,25.489,0.61,High,0.573,0.546,0.592,0.508,-214.198,669.439,362.938,666.917,0.693,1.592,0.436,Miao-Modal,0.435301507537688,-3097694577914208140
Miao_M4,4,M,Miao,Black Miao,liuchangqian_m4_79,1654.04,2013.429,359.389,5,ou44_02,Vowel,ou,Modal,Oral,44.0,1.0,High,44,Unaspirated,Oral,188.872,188.847,,,496.285,69.791,1139.083,239.669,2535.945,83.051,3613.925,104.042,,,,,15.889,14.329,22.575,14.442,8.063,4.806,21.974,-1.248,10.248,-5.088,-6.025,3.461,-6.686,-0.112,14.512,9.636,-6.085,15.59,5.641,19.417,21.914,10.868,5.446,38.766,39.72,45.994,47.83,23.955,0.048,High,0.556,0.52,0.564,0.496,-213.459,1834.473,353.141,1831.844,0.721,1.644,0.439,Miao-Modal,0.438564476885645,6441375362402820864
Miao_M4,4,M,Miao,Black Miao,liuchangqian_m4_79,2944.056,3292.096,348.04,5,o44_01,Vowel,o,Modal,Oral,44.0,1.0,High,44,Unaspirated,Oral,180.351,180.31,,,531.287,65.959,869.515,173.777,2707.07,288.973,3825.475,191.276,,,,,12.46,11.011,16.037,9.046,18.11,6.566,26.014,0.269,16.131,-4.889,-4.843,12.193,-3.577,1.965,-2.073,2.48,-13.554,10.827,-3.671,15.9,17.303,-1.182,6.655,59.33,58.495,64.449,64.754,28.643,0.0,High,0.618,0.535,0.596,0.578,-144.095,3119.88,327.775,3116.672,0.937,2.058,0.455,Miao-Modal,0.455296404275996,3831124819053180702
Miao_M4,4,M,Miao,Black Miao,liuchangqian_m4_79,4078.968,4377.828,298.86,5,o44_02,Vowel,o,Modal,Oral,44.0,1.0,High,44,Unaspirated,Oral,171.733,171.596,,,547.33,117.838,887.76,144.755,2680.512,102.038,3455.515,179.102,,,,,10.112,8.829,14.559,8.524,17.121,4.935,19.804,-6.229,13.049,-8.282,-6.12,10.242,-4.447,0.305,-2.562,3.589,-9.692,15.137,-2.937,17.111,16.232,-1.413,2.266,49.974,51.042,61.404,60.293,28.052,0.086,High,0.604,0.52,0.56,0.545,-121.416,4230.542,297.009,4227.367,1.218,2.146,0.567,Miao-Modal,0.567567567567568,-2748761704581160325
Miao_M4,4,M,Miao,Black Miao,liuchangqian_m4_80,229.949,603.04,373.091,5,pje44_01,Vowel,e,Modal,Oral,44.0,1.0,High,44,Unaspirated,Oral,180.639,180.501,,,397.603,52.497,2092.611,284.3,2906.745,86.495,4574.119,703.763,,,,,17.047,14.982,26.225,12.025,2.484,8.571,26.223,6.995,5.888,4.778,13.006,17.292,-9.178,2.957,23.74,3.453,-9.176,7.987,11.159,10.203,4.041,-2.311,6.899,47.24,61.329,60.58,58.143,30.59,0.701,High,0.586,0.558,0.611,0.534,-237.706,417.874,500.422,414.913,0.693,2.119,0.327,Miao-Modal,0.327041057102407,1974938923454006350
Miao_M4,4,M,Miao,Black Miao,liuchangqian_m4_80,1224.858,1568.102,343.244,5,pje44_02,Vowel,e,Modal,Oral,44.0,1.0,High,44,Unaspirated,Oral,177.516,177.343,,178.655,397.931,77.851,2095.639,141.44,2837.681,53.864,3632.788,368.601,,,,,15.927,13.898,23.0,9.256,-0.4,5.539,22.912,3.802,5.664,4.675,10.599,13.517,-7.073,4.642,23.401,3.718,-6.985,10.097,10.263,9.224,5.329,0.381,3.479,51.702,64.478,63.852,60.044,30.712,0.88,High,0.568,0.53,0.576,0.511,-181.91,1397.934,368.677,1395.051,0.726,2.034,0.357,Miao-Modal,0.35693215339233,3554691232761845450
Miao_M4,4,M,Miao,Black Miao,liuchangqian_m4_80,2314.284,2662.502,348.218,5,sai44_01,Vowel,ai,Modal,Oral,44.0,1.0,High,44,Unaspirated,Oral,176.953,176.642,,177.309,521.52,26.375,1685.091,292.668,2656.665,185.222,3818.813,508.861,,,,,15.744,14.585,18.155,12.445,12.442,9.051,27.629,4.963,7.579,-3.158,4.458,6.82,-2.411,2.141,5.714,3.394,-11.885,9.626,8.166,17.743,11.286,7.765,9.763,36.242,44.864,46.895,45.999,29.948,0.0,High,0.552,0.512,0.557,0.48,-182.255,2489.546,378.925,2486.849,0.753,1.997,0.378,Miao-Modal,0.377065598397596,2868877132091233377
Miao_M4,4,M,Miao,Black Miao,liuchangqian_m4_80,3269.397,3567.869,298.472,5,sai44_02,Vowel,ai,Modal,Oral,44.0,1.0,High,44,Unaspirated,Oral,176.194,175.73,,,511.18,39.806,1903.029,282.009,2654.083,110.057,3711.865,377.238,,,,,13.544,12.377,15.944,10.136,9.035,6.468,23.721,1.377,1.812,-6.76,4.221,3.227,-2.4,2.241,6.909,3.668,-10.177,11.001,11.732,19.137,9.323,9.15,4.238,39.665,45.945,45.384,43.859,27.864,0.0,High,0.552,0.513,0.549,0.477,-175.8,3419.952,335.41,3417.269,0.783,1.793,0.438,Miao-Modal,0.436698271054099,-573475732688641319
Miao_M4,4,M,Miao,Black Miao,liuchangqian_m4_80,4159.84,4542.88,383.04,5,hlo44_01,Vowel,o,Modal,Oral,44.0,1.0,High,44,Unaspirated,Oral,173.93,173.753,,,515.993,129.149,1021.61,161.455,2759.395,84.048,3714.98,174.684,,,,,13.403,12.061,15.801,9.242,17.904,11.315,21.646,-2.409,16.345,-0.972,0.969,16.308,-2.398,2.819,-2.103,-2.073,-8.242,14.502,-2.942,13.033,12.434,-4.247,3.846,49.164,51.128,57.291,57.19,30.718,0.92,High,0.594,0.531,0.586,0.547,-148.987,4353.36,374.473,4350.215,0.85,2.107,0.403,Miao-Modal,0.403417180825819,-3233013259697152998
Miao_M4,4,M,Miao,Black Miao,liuchangqian_m4_80,5189.572,5552.713,363.141,5,hlo44_02,Vowel,o,Modal,Oral,44.0,1.0,High,44,Unaspirated,Oral,171.129,171.399,,,603.61,178.41,1053.425,245.575,2682.115,261.787,3718.106,254.886,,,,,12.836,11.85,15.042,10.567,22.308,7.301,20.87,-5.29,18.658,-2.167,-4.329,6.502,-2.206,1.283,-7.266,3.266,-8.034,17.182,-5.821,14.017,17.165,5.349,4.516,53.871,49.105,54.795,54.302,28.857,0.513,High,0.596,0.523,0.577,0.558,-171.263,5372.968,391.184,5369.716,0.906,2.146,0.422,Miao-Modal,0.422180801491146,544292679306710764
Miao_M4,4,M,Miao,Black Miao,liuchangqian_m4_81,292.816,637.46,344.644,5,to44_01,Vowel,o,Modal,Oral,44.0,1.0,High,44,Unaspirated,Oral,174.136,173.887,,,532.199,79.902,1020.462,123.905,2718.289,121.322,3658.217,439.66,,,,,14.512,13.27,17.521,11.606,17.314,8.933,23.14,-1.512,10.589,-7.825,-4.049,9.908,-3.009,1.664,0.207,2.673,-8.628,14.818,3.923,21.095,18.561,3.362,4.09,47.68,48.504,57.332,56.548,29.844,0.0,High,0.606,0.534,0.576,0.565,-188.442,466.749,407.113,463.504,0.998,2.061,0.484,Miao-Modal,0.484230955846676,3355003697458435945
Miao_M4,4,M,Miao,Black Miao,liuchangqian_m4_81,2631.095,3071.179,440.084,5,nang44_01,Vowel,ang,Modal,Nasal,44.0,1.0,High,44,Unaspirated,Nasal,175.768,175.97,,,377.685,193.841,1222.593,322.549,2487.147,70.775,3881.887,748.963,,,,,16.76,14.664,20.355,6.826,12.221,15.26,18.091,-1.755,10.45,0.864,6.933,18.032,-3.595,7.838,8.134,-8.434,-1.331,16.423,6.31,13.8,9.827,-3.369,2.937,47.402,54.306,56.491,56.526,29.944,0.852,High,0.596,0.552,0.596,0.543,-244.143,2852.461,502.053,2849.373,0.766,2.08,0.369,Miao-Modal,0.368269230769231,7176138356469522266
Miao_M4,4,M,Miao,Black Miao,liuchangqian_m4_81,3638.517,4046.788,408.271,5,nang44_02,Vowel,ang,Modal,Nasal,44.0,1.0,High,44,Unaspirated,Nasal,175.292,175.372,,,427.063,386.283,1421.348,462.897,2480.338,55.229,3838.179,528.477,,,,,17.093,15.554,20.04,11.263,13.183,12.655,15.031,-6.638,9.139,-1.504,9.496,14.254,-2.947,4.291,6.857,-1.392,2.061,22.196,7.954,17.059,7.597,1.3,3.04,56.644,55.456,55.139,54.807,27.936,0.604,High,0.584,0.547,0.602,0.524,-239.763,3843.837,538.268,3840.844,0.707,2.111,0.335,Miao-Modal,0.334912363808621,6966485040509109515
Miao_M4,4,M,Miao,Black Miao,liuchangqian_m4_81,4566.405,4995.885,429.48,5,lei44_01,Vowel,ei,Modal,Oral,44.0,1.0,High,44,Unaspirated,Oral,182.229,182.714,,,368.686,17.391,2083.466,149.941,2602.152,284.275,3301.066,357.974,,,,,18.476,16.016,27.973,10.047,4.142,12.082,27.972,9.913,6.6,6.417,7.028,5.112,-9.497,5.969,23.831,-2.035,-9.496,6.103,11.876,9.599,11.447,10.904,9.061,33.245,44.766,43.765,42.499,25.259,0.432,High,0.627,0.567,0.591,0.54,-259.653,4782.779,448.756,4779.82,0.943,2.198,0.429,Miao-Modal,0.429026387625114,-3231203778760543084
Miao_M4,4,M,Miao,Black Miao,liuchangqian_m4_81,5494.294,5913.169,418.875,5,lei44_02,Vowel,ei,Modal,Oral,44.0,1.0,High,44,Unaspirated,Oral,185.298,185.657,,,423.526,65.624,1942.754,212.487,2550.665,174.388,3508.544,484.549,,,,,16.085,14.295,23.444,12.327,2.407,6.07,21.051,0.373,7.255,2.338,7.62,6.51,-7.359,1.968,21.037,6.257,-4.966,13.923,8.83,11.957,8.465,7.785,4.821,45.674,54.897,53.806,53.236,29.0,0.602,High,0.586,0.554,0.59,0.522,-231.409,5705.208,406.87,5702.397,0.823,1.783,0.461,Miao-Modal,0.461581604038138,-4374513783198122492
Miao_M4,4,M,Miao,Black Miao,liuchangqian_m4_83,6936.213,7243.623,307.41,5,pa55_01,Vowel,a,Tense,Oral,55.0,1.0,High,55,Unaspirated,Oral,223.524,223.588,,,607.626,295.196,895.993,298.108,2732.488,247.078,3959.861,404.725,,,,,13.282,11.539,17.633,8.897,19.216,1.214,21.521,-5.736,18.329,-5.368,0.917,15.317,-4.351,2.642,-1.583,7.683,-8.238,17.451,-5.047,16.908,12.365,-3.778,5.193,61.684,54.845,60.513,61.411,29.609,0.0,High,0.607,0.585,0.781,0.496,-124.84,7090.007,287.46,7087.79,0.831,1.805,0.461,Miao-Tense,0.460387811634349,-1363892503329739409
Miao_M4,4,M,Miao,Black Miao,liuchangqian_m4_83,7944.232,8237.344,293.112,5,pa55_02,Vowel,a,Tense,Oral,55.0,1.0,High,55,Unaspirated,Oral,207.012,207.021,,,610.797,119.559,1267.516,337.876,2495.163,71.376,4778.471,226.622,,,,,11.641,10.138,17.827,10.61,21.398,5.267,26.256,-1.011,20.105,-3.393,5.184,15.81,-6.186,-0.472,-3.571,5.343,-14.616,11.24,-8.464,13.531,6.457,-5.672,9.682,58.799,52.042,53.949,55.575,31.602,0.0,High,0.62,0.57,0.737,0.347,-121.645,8091.077,236.067,8089.399,0.892,1.014,0.398,Miao-Tense,0.879684418145957,7495662352340531693
Miao_M4,4,M,Miao,Black Miao,liuchangqian_m4_84,1047.546,1416.199,368.653,5,sai55_01,Vowel,ai,Tense,Oral,55.0,1.0,High,55,Unaspirated,Oral,217.134,216.905,,,449.192,70.578,2085.446,557.687,2736.646,164.2,3989.783,470.633,,,,,14.535,12.276,21.499,4.533,5.457,11.317,20.84,0.215,1.369,-2.806,5.773,6.164,-6.965,7.742,16.042,-6.783,-6.305,12.062,13.166,15.082,8.762,6.112,7.765,29.84,40.325,45.099,46.438,29.393,0.646,High,0.549,0.554,0.687,0.508,-150.793,1232.681,221.065,1230.338,0.697,0.764,0.426,Miao-Tense,0.912303664921466,-7073219336536794362
Miao_M4,4,M,Miao,Black Miao,liuchangqian_m4_84,3102.247,3432.951,330.704,5,se55_01,Vowel,e,Tense,Oral,55.0,1.0,High,55,Unaspirated,Oral,211.669,211.565,,,637.184,44.862,1896.065,219.797,2854.916,302.296,3951.463,404.11,,,,,13.877,12.747,17.142,11.645,16.162,11.781,27.136,3.637,11.311,-0.083,5.079,4.041,-3.264,1.103,0.979,-0.136,-13.259,9.114,2.566,12.83,8.798,8.706,11.548,53.299,53.264,49.907,48.727,29.732,0.0,High,0.707,0.587,0.835,0.362,-124.484,3267.234,300.978,3265.52,0.883,2.169,0.407,Miao-Tense,0.407100046104195,7082230703802044253
Miao_M4,4,M,Miao,Black Miao,liuchangqian_m4_84,4202.786,4544.332,341.546,5,se55_02,Vowel,e,Tense,Oral,55.0,1.0,High,55,Unaspirated,Oral,204.404,204.377,,,616.317,23.328,1836.188,153.717,2525.715,285.443,3474.45,768.399,,,,,13.051,11.921,18.476,12.976,15.531,11.205,28.424,5.045,12.35,0.884,6.607,0.438,-5.425,-1.054,2.945,1.771,-15.373,6.878,0.701,11.038,6.444,11.483,12.263,50.772,54.578,54.551,54.782,31.241,0.0,High,0.681,0.615,0.785,0.31,-101.507,4372.943,257.407,4371.427,0.844,2.287,0.371,Miao-Tense,0.369042413642326,1535109608693011179
Miao_M4,4,M,Miao,Black Miao,liuchangqian_m4_85,511.326,817.839,306.513,5,te55_01,Vowel,e,Tense,Oral,55.0,1.0,High,55,Unaspirated,Oral,208.008,208.432,,,624.969,27.686,1838.681,250.085,2601.046,322.366,3173.449,749.948,,,,,13.817,12.678,18.022,12.477,14.365,9.985,29.199,5.713,10.35,-1.457,8.955,3.784,-4.205,0.201,3.657,2.492,-15.382,6.968,3.466,14.136,4.862,8.894,12.862,55.55,50.82,47.96,45.396,27.922,0.0,High,0.647,0.562,0.778,0.445,-114.71,664.56,277.853,662.422,0.796,2.177,0.366,Miao-Tense,0.365640790078089,-1076051452559665808
Miao_M4,4,M,Miao,Black Miao,liuchangqian_m4_85,1399.59,1704.018,304.428,5,te55_02,Vowel,e,Tense,Oral,55.0,1.0,High,55,Unaspirated,Oral,206.778,206.877,,,619.271,34.267,1857.487,113.474,2628.846,263.669,3810.386,789.98,,,,,14.115,12.974,17.707,12.136,15.147,11.005,28.783,5.409,11.545,0.188,2.017,-2.382,-3.592,0.838,2.56,1.131,-14.668,7.567,2.57,12.786,12.098,15.356,13.524,49.367,48.002,44.886,43.927,28.821,0.0,High,0.669,0.597,0.772,0.382,-113.802,1551.397,306.107,1549.548,0.784,1.986,0.395,Miao-Tense,0.394763343403827,2028720033346581224
Miao_M4,4,M,Miao,Black Miao,liuchangqian_m4_86,4411.264,4751.56,340.296,5,se55_01,Vowel,e,Tense,Oral,55.0,1.0,High,55,Unaspirated,Oral,215.602,215.679,,,645.103,13.142,1850.503,299.43,2457.372,423.291,4073.691,359.816,,,,,14.467,13.307,17.253,11.597,13.787,9.362,29.834,6.181,9.831,-2.591,8.632,-0.853,-2.786,1.709,3.467,2.235,-15.367,7.128,4.636,15.897,5.834,14.16,17.335,51.037,46.808,45.292,44.99,29.371,0.0,High,0.62,0.585,0.788,0.516,-147.612,4581.96,341.148,4579.568,0.677,1.918,0.353,Miao-Tense,0.352971845672576,3259395555532819175
Miao_M4,4,M,Miao,Black Miao,liuchangqian_m4_86,5325.809,5637.747,311.938,5,se55_02,Vowel,e,Tense,Oral,55.0,1.0,High,55,Unaspirated,Oral,207.672,207.684,,,622.999,44.082,1861.504,324.883,2521.82,218.663,3772.371,862.188,,,,,13.419,12.275,18.096,12.521,16.078,11.748,27.838,4.379,9.211,-2.587,7.542,0.909,-4.677,-0.246,2.018,0.773,-14.419,7.899,4.209,14.862,5.878,11.366,11.264,63.055,56.074,53.663,53.083,28.78,0.0,High,0.633,0.596,0.742,0.542,-119.592,5482.566,302.977,5479.953,0.759,1.963,0.387,Miao-Tense,0.38665308201732,-302564413734149704
Miao_M4,4,M,Miao,Black Miao,liuchangqian_m4_86,6871.32,7183.258,311.938,5,ke55_01,Vowel,e,Tense,Oral,55.0,1.0,High,55,Unaspirated,Oral,223.456,223.007,,,444.951,11.109,1990.646,274.977,2550.876,198.621,3199.679,692.407,,,,,19.009,16.389,31.239,11.216,7.504,15.007,31.238,11.159,11.65,8.23,14.113,11.043,-12.23,5.174,23.735,-3.791,-12.23,5.231,7.358,8.16,4.896,5.346,22.04,47.13,55.855,54.867,52.081,30.705,0.256,High,0.656,0.629,0.679,0.562,-259.583,7027.997,395.639,7025.473,0.727,1.77,0.416,Miao-Tense,0.410734463276836,3691440405005860239
Miao_M4,4,M,Miao,Black Miao,liuchangqian_m4_86,7913.476,8225.414,311.938,5,ke55_02,Vowel,e,Tense,Oral,55.0,1.0,High,55,Unaspirated,Oral,216.642,216.66,,,432.239,15.343,1948.329,227.117,2484.782,129.147,3248.692,404.279,,,,,15.665,13.056,27.648,7.823,6.276,13.789,27.647,7.786,10.371,6.896,13.26,10.088,-11.983,5.234,21.372,-5.966,-11.982,5.271,5.294,6.16,2.405,2.968,9.629,56.953,60.877,58.162,55.513,27.869,0.284,High,0.645,0.621,0.658,0.558,-223.653,8070.66,327.881,8068.082,0.759,1.609,0.473,Miao-Tense,0.47172156619018,-7066096672344559777
Miao_M4,4,M,Miao,Black Miao,liuchangqian_m4_87,690.24,1003.22,312.98,5,shong55_01,Vowel,ong,Tense,Nasal,55.0,1.0,High,55,Aspirated,Oral,221.959,221.659,,,396.977,146.788,854.333,152.386,2690.677,74.488,3230.001,701.589,,,,,17.564,13.69,20.012,6.54,11.821,5.753,19.67,-0.423,11.82,-1.628,-0.977,22.602,-2.449,7.15,8.191,0.788,-2.106,14.157,5.743,15.318,18.541,-8.912,2.968,48.636,50.331,55.584,53.604,27.54,0.882,High,0.592,0.568,0.775,0.493,-299.271,847.534,693.434,845.31,0.52,2.095,0.248,Miao-Tense,0.248210023866348,7427177145103451361
Miao_M4,4,M,Miao,Black Miao,liuchangqian_m4_87,1486.556,1827.268,340.712,5,shong55_02,Vowel,ong,Tense,Nasal,55.0,1.0,High,55,Aspirated,Oral,217.874,217.589,,,360.693,119.17,865.733,61.388,2676.005,116.387,2951.948,392.806,,,,,16.432,12.18,17.726,7.721,13.661,3.075,14.389,-4.217,13.66,1.98,-1.605,22.558,-1.294,4.459,4.064,4.646,2.042,16.429,2.771,10.2,18.037,-10.378,2.081,51.237,51.181,59.439,57.985,26.737,0.745,High,0.605,0.581,0.763,0.509,-275.718,1657.018,671.542,1654.687,0.532,2.109,0.252,Miao-Tense,0.252252252252252,6571064479582713545
Miao_M4,4,M,Miao,Black Miao,liuchangqian_m4_87,3233.697,3542.715,309.018,5,tchjang55_01,Vowel,ang,Tense,Nasal,55.0,1.0,High,55,Aspirated,Oral,217.802,218.264,,219.583,560.152,246.851,1312.877,86.72,2548.246,106.945,3475.249,518.263,,,,,15.454,13.901,16.826,8.687,13.141,9.617,14.1,-9.522,14.928,-0.915,2.119,6.702,-1.372,5.214,3.685,-0.93,1.354,23.434,0.527,14.816,13.335,7.199,2.492,52.73,45.257,46.564,45.625,26.262,0.0,High,0.619,0.585,0.817,0.52,-185.614,3388.889,501.451,3386.512,0.542,2.152,0.252,Miao-Tense,0.25185873605948,-986556072527511987
Miao_M4,4,M,Miao,Black Miao,liuchangqian_m4_87,4061.707,4346.955,285.248,5,tchjang55_02,Vowel,ang,Tense,Nasal,55.0,1.0,High,55,Aspirated,Oral,214.878,215.244,,,588.848,198.193,1331.494,127.722,2544.232,87.683,3476.566,460.532,,,,,16.245,14.804,18.091,10.772,13.219,9.328,19.732,-4.004,14.327,-1.416,4.067,7.205,-1.846,4.032,4.872,1.444,-3.487,18.818,1.918,16.22,12.178,7.599,3.968,45.128,44.604,46.999,47.711,28.839,0.0,High,0.654,0.597,0.783,0.516,-201.459,4204.918,562.341,4202.521,0.57,2.045,0.279,Miao-Tense,0.278728606356968,8875875235204498206
Miao_M4,4,M,Miao,Black Miao,liuchangqian_m4_88,390.437,737.017,346.58,5,ne22_01,Vowel,e,Modal,Oral,22.0,1.0,Low,22,Unaspirated,Nasal,162.061,161.991,,162.364,630.74,46.362,1769.884,95.936,2519.073,140.048,3176.42,968.017,,,,,20.166,19.499,17.123,14.17,24.829,2.057,24.828,0.176,13.877,0.168,9.543,2.734,3.043,5.329,-7.706,12.113,-4.662,19.325,6.288,19.331,10.623,16.765,11.509,42.092,51.488,50.599,49.817,29.572,0.787,Mid,0.584,0.526,0.582,0.492,-209.62,565.06,539.215,562.026,0.982,2.309,0.425,Miao-Modal,0.425292334343872,-8776028718653319128
Miao_M4,4,M,Miao,Black Miao,liuchangqian_m4_88,1222.23,1627.463,405.233,5,ne22_02,Vowel,e,Modal,Oral,22.0,1.0,Low,22,Unaspirated,Nasal,158.762,158.759,,,654.447,121.566,1834.357,178.191,2532.484,172.41,4731.945,671.693,,,,,20.079,19.463,19.428,16.718,20.866,-1.641,20.865,-3.914,8.523,-4.698,5.388,-2.836,0.651,2.744,-1.438,18.359,-0.786,23.378,11.556,24.16,14.691,22.298,4.404,50.736,53.563,48.77,47.173,26.889,0.907,Mid,0.529,0.496,0.537,0.476,-276.86,1426.897,581.716,1423.894,0.999,2.001,0.5,Miao-Modal,0.499250374812594,-2247832055839849410
Miao_M4,4,M,Miao,Black Miao,liuchangqian_m4_88,2485.916,2784.509,298.593,5,tu22_01,Vowel,u,Modal,Oral,22.0,1.0,Low,22,Unaspirated,Oral,155.539,155.397,,156.351,329.968,91.766,907.665,108.083,2445.004,154.019,4546.474,340.576,,,,,21.472,19.044,23.673,7.738,10.738,13.538,23.671,6.324,9.671,-0.282,-9.577,10.175,-2.201,11.306,12.935,-5.8,-2.199,12.729,11.801,19.326,31.049,8.869,4.579,44.197,47.159,50.863,51.85,24.268,0.781,Mid,0.61,0.489,0.514,0.493,-333.101,2637.187,727.512,2634.008,1.921,2.421,0.794,Miao-Modal,0.793473771168939,-383090825770055172
Miao_M4,4,M,Miao,Black Miao,liuchangqian_m4_88,3403.022,3696.283,293.261,5,tu22_02,Vowel,u,Modal,Oral,22.0,1.0,Low,22,Unaspirated,Oral,152.812,152.584,,,345.871,96.551,836.734,218.472,2398.046,109.432,3297.08,250.064,,,,,20.629,18.372,22.594,8.399,10.487,11.018,22.405,4.107,3.796,-7.823,-11.283,8.899,-1.964,9.974,12.107,-2.62,-1.776,14.277,16.833,26.195,31.913,9.473,3.484,28.478,36.955,41.986,43.562,20.926,0.637,Mid,0.597,0.491,0.512,0.493,-318.275,3551.791,681.205,3548.547,1.967,2.466,0.798,Miao-Modal,0.79764801297648,-3719645500983752934
Miao_M4,4,M,Miao,Black Miao,liuchangqian_m4_88,4922.645,5359.869,437.224,5,Xang22_01,Vowel,ang,Modal,Nasal,22.0,1.0,Low,22,Unaspirated,Oral,161.912,162.007,,,772.11,391.037,1460.324,42.899,2431.662,104.522,3751.005,806.672,,,,,21.335,20.839,19.228,17.124,19.263,7.11,16.178,-11.754,22.328,0.652,3.561,-3.344,2.107,3.715,-0.035,10.014,5.157,32.602,-0.993,20.187,17.774,24.183,6.271,46.369,45.371,44.455,46.154,26.129,0.762,Mid,0.522,0.491,0.527,0.48,-319.491,5142.884,617.493,5139.932,1.102,1.856,0.594,Miao-Modal,0.59375,7371370724260781334
Miao_M4,4,M,Miao,Black Miao,liuchangqian_m4_88,5690.454,6138.343,447.889,5,Xang22_02,Vowel,ang,Modal,Nasal,22.0,1.0,Low,22,Unaspirated,Oral,162.884,163.026,,,793.502,459.878,1474.462,72.656,2357.817,209.652,3710.532,598.961,,,,,20.753,20.226,19.198,16.945,14.691,-0.052,15.009,-12.575,17.973,-2.993,0.543,-8.776,1.554,3.281,4.507,16.997,5.744,32.808,2.78,23.219,20.21,29.002,4.156,44.889,41.186,39.827,42.881,24.278,0.0,Mid,0.499,0.453,0.494,0.442,-274.087,5916.226,595.755,5913.515,1.176,1.787,0.659,Miao-Modal,0.658086177951875,9198175400428443316
Miao_M4,4,M,Miao,Black Miao,liuchangqian_m4_90,1816.824,2136.445,319.621,5,ta33_02,Vowel,a,Breathy,Oral,33.0,1.0,Mid,33,Unaspirated,Oral,179.278,179.409,,177.309,772.722,158.802,1379.861,184.358,2520.752,79.658,3771.683,215.338,,,,,17.507,16.885,17.53,14.854,21.62,3.259,22.17,-5.911,15.402,-7.207,7.571,4.597,-0.024,2.031,-4.089,11.595,-4.663,22.814,2.105,24.092,9.936,12.288,7.5,38.576,38.776,42.766,44.294,28.86,0.0,Mid,0.572,0.545,0.625,0.524,-200.091,1977.719,425.519,1974.801,0.809,2.06,0.393,Miao-Breathy,0.392718446601942,1331035433547156865
Miao_M4,4,M,Miao,Black Miao,liuchangqian_m4_91,471.704,871.752,400.048,5,ma33_01,Vowel,a,Breathy,Oral,33.0,1.0,Mid,33,Unaspirated,Nasal,177.779,177.433,,,868.559,92.88,1017.773,124.651,3617.069,171.078,4746.841,306.946,,,,,17.212,16.788,15.375,13.569,16.606,6.141,23.876,-2.837,-0.685,-13.148,-9.12,-12.433,1.838,3.219,-1.232,7.428,-6.664,19.631,17.898,29.935,26.333,29.221,5.777,37.442,38.325,40.351,42.276,25.415,0.0,Mid,0.56,0.489,0.521,0.5,-312.222,673.375,620.624,670.565,1.42,1.813,0.784,Miao-Breathy,0.78323221180364,2884753195419405810
Miao_M4,4,M,Miao,Black Miao,liuchangqian_m4_91,1318.865,1751.858,432.993,5,ma33_02,Vowel,a,Breathy,Oral,33.0,1.0,Mid,33,Unaspirated,Nasal,170.572,170.633,,,824.373,112.204,1244.124,348.443,2454.97,212.229,3638.391,305.925,,,,,18.242,17.687,15.864,13.512,15.485,2.19,23.741,-6.579,15.204,-11.334,-2.314,-4.995,2.378,4.175,0.379,11.322,-5.499,24.303,3.038,29.02,20.556,22.681,5.852,38.49,34.171,37.704,39.867,23.579,0.0,Mid,0.531,0.471,0.506,0.474,-313.011,1537.404,642.71,1534.636,1.268,1.787,0.71,Miao-Breathy,0.709569110240627,-7600894258741545053
Miao_M4,4,M,Miao,Black Miao,liuchangqian_m4_91,3916.825,4345.112,428.287,5,nong33_01,Vowel,ong,Breathy,Nasal,33.0,1.0,Mid,33,Unaspirated,Nasal,178.392,178.256,,,330.367,114.432,890.336,126.688,2599.967,73.799,3139.023,1007.495,,,,,18.843,15.557,21.283,7.468,12.09,14.461,21.271,4.35,11.963,2.188,-4.947,18.637,-2.44,8.088,9.193,-6.993,-2.428,11.221,6.881,13.369,23.79,-3.08,3.317,35.558,40.815,46.283,45.937,22.858,0.663,Mid,0.577,0.522,0.569,0.499,-342.304,4132.424,734.225,4129.642,0.984,1.898,0.519,Miao-Breathy,0.518440463645943,-6485266208524100493
Miao_M4,4,M,Miao,Black Miao,liuchangqian_m4_91,4947.537,5356.999,409.462,5,nong33_02,Vowel,ong,Breathy,Nasal,33.0,1.0,Mid,33,Unaspirated,Nasal,171.626,171.601,,,312.837,137.32,807.515,342.652,2612.164,45.685,3312.563,188.458,,,,,18.102,14.6,20.718,8.402,12.287,11.938,20.318,4.165,10.383,0.317,-0.703,25.835,-2.616,6.198,8.431,-3.537,-2.215,10.456,7.719,14.283,18.806,-11.234,2.431,37.642,41.629,49.375,49.509,23.796,0.736,Mid,0.581,0.52,0.564,0.507,-313.7,5154.225,713.673,5151.276,1.059,2.014,0.527,Miao-Breathy,0.525819265143992,-4990733727189577592
Miao_M4,4,M,Miao,Black Miao,liuchangqian_m4_92,967.934,1448.621,480.687,5,nau33_01,Vowel,au,Breathy,Oral,33.0,1.0,Mid,33,Unaspirated,Nasal,174.7,174.354,,,549.931,101.035,1383.956,258.873,2316.878,130.975,4135.54,332.341,,,,,17.221,16.226,17.581,12.91,16.661,7.559,20.329,-3.602,8.289,-6.672,0.832,-1.033,-0.359,3.316,0.919,5.351,-3.108,19.832,8.932,22.897,16.389,17.259,4.31,32.287,35.532,37.539,40.807,25.836,0.0,Mid,0.584,0.524,0.596,0.477,-273.957,1209.203,645.574,1206.478,0.886,2.043,0.435,Miao-Breathy,0.433675966715614,143657740687970331
Miao_M4,4,M,Miao,Black Miao,liuchangqian_m4_92,2109.196,2569.239,460.043,5,nau33_02,Vowel,au,Breathy,Oral,33.0,1.0,Mid,33,Unaspirated,Nasal,177.478,177.348,,,556.534,82.276,1363.367,193.404,2321.687,98.742,4542.545,238.953,,,,,17.698,16.668,16.419,11.568,16.218,7.791,20.003,-3.982,11.221,-4.054,3.472,2.131,1.279,5.1,0.201,3.777,-2.305,20.654,6.476,20.722,14.225,14.538,4.475,35.706,38.366,39.746,41.998,25.803,0.0,Mid,0.592,0.535,0.613,0.486,-233.766,2340.068,556.577,2337.339,0.756,1.902,0.397,Miao-Breathy,0.397476340694006,4562798184213001367
Miao_M4,4,M,Miao,Black Miao,liuchangqian_m4_93,489.144,901.168,412.024,5,tai13_01,Vowel,ai,Modal,Oral,13.0,2.0,Low,13,Unaspirated,Oral,182.777,183.289,,,411.907,41.985,2023.773,81.095,2765.725,150.315,4554.238,218.478,,,,,16.6,14.794,23.77,12.278,4.075,8.03,22.009,1.663,8.092,4.698,4.712,5.912,-7.17,2.516,19.695,4.248,-5.408,13.132,8.508,10.096,11.888,8.882,7.632,21.311,35.631,37.271,37.938,27.674,0.523,Low,0.613,0.545,0.564,0.513,-197.003,696.715,319.689,693.928,1.167,1.931,0.605,Miao-Modal,0.604350077679959,5824877860974491389
Miao_M4,4,M,Miao,Black Miao,liuchangqian_m4_93,1502.941,1866.173,363.232,5,tai13_02,Vowel,ai,Modal,Oral,13.0,2.0,Low,13,Unaspirated,Oral,175.629,175.9,,,372.79,50.273,2036.855,117.609,2792.146,152.852,3314.547,202.229,,,,,16.456,14.241,23.449,7.651,3.655,10.543,23.446,5.154,4.518,3.714,5.188,9.036,-6.993,6.59,19.794,-2.892,-6.99,9.087,11.939,10.526,11.269,5.205,3.872,28.695,42.211,44.689,43.431,28.479,0.677,Low,0.614,0.545,0.559,0.516,-220.696,1685.953,350.466,1683.022,1.254,2.065,0.608,Miao-Modal,0.60726392251816,2150738406632301437
Miao_M4,4,M,Miao,Black Miao,liuchangqian_m4_94,259.027,660.21,401.183,5,pu11_01,Vowel,u,Creaky,Oral,11.0,1.0,Low,11,Unaspirated,Oral,138.512,138.003,,,396.912,21.557,817.3,14.457,2429.643,45.798,3112.857,36.75,,,,,16.266,14.858,15.389,8.401,8.821,3.16,19.111,-3.058,9.295,-6.503,-14.542,3.724,0.877,6.457,6.568,5.242,-2.845,17.938,6.971,21.361,30.808,11.134,1.63,21.939,35.665,43.668,45.688,17.65,0.0,Low,0.54,0.45,0.481,0.482,-203.341,461.654,426.422,458.147,1.242,2.562,0.486,Miao-Creaky,0.484777517564403,-2058419058619673394
Miao_M4,4,M,Miao,Black Miao,liuchangqian_m4_94,1165.174,1543.122,377.948,5,pu11_02,Vowel,u,Creaky,Oral,11.0,1.0,Low,11,Unaspirated,Oral,130.291,130.307,,,371.15,13.922,782.332,4.112,2421.059,76.207,3091.594,35.031,,,,,12.668,11.316,14.784,8.134,7.045,1.299,19.491,-2.075,13.87,-1.57,-18.174,1.059,-2.115,3.181,7.739,6.836,-6.823,13.411,-1.202,12.886,30.842,10.256,1.589,14.591,30.58,40.206,43.726,17.262,0.423,Low,0.556,0.464,0.475,0.48,-208.683,1356.862,387.761,1353.125,1.397,2.748,0.509,Miao-Creaky,0.508369723435226,5787220214517536871
Miao_M4,4,M,Miao,Black Miao,liuchangqian_m4_95,370.46,855.405,484.945,5,nje11_01,Vowel,e,Creaky,Oral,11.0,1.0,Low,11,Unaspirated,Nasal,146.75,146.51,,,409.185,55.984,2028.427,34.125,2718.111,157.315,3284.28,126.601,,,,,19.234,17.955,18.904,12.205,8.679,8.771,18.318,-2.049,10.246,7.234,4.542,4.815,0.33,5.75,10.225,3.435,0.916,20.005,8.988,10.721,14.692,13.141,3.756,21.218,42.186,38.549,34.232,24.264,0.0,Low,0.568,0.513,0.534,0.485,-224.307,614.304,392.178,610.979,1.016,2.476,0.41,Miao-Creaky,0.410339256865913,-1829286152331329346
Miao_M4,4,M,Miao,Black Miao,liuchangqian_m4_95,1175.028,1682.016,506.988,5,nje11_02,Vowel,e,Creaky,Oral,11.0,1.0,Low,11,Unaspirated,Nasal,143.725,143.21,,,400.522,111.027,2026.17,32.76,2773.003,184.949,3275.815,143.145,,,,,19.177,17.901,17.655,10.986,7.002,7.178,16.176,-3.938,9.708,6.98,1.408,3.569,1.522,6.915,10.653,3.808,3.002,21.84,9.47,10.921,17.77,14.332,2.017,16.705,30.416,31.894,30.612,21.914,0.0,Low,0.573,0.509,0.524,0.487,-258.158,1430.534,421.708,1427.118,1.433,2.687,0.534,Miao-Creaky,0.533308522515817,381233590775496242
Miao_M4,4,M,Miao,Black Miao,liuchangqian_m4_95,2271.665,2795.186,523.521,5,tou11_01,Vowel,ou,Creaky,Oral,11.0,1.0,Low,11,Unaspirated,Oral,128.889,128.647,,,465.718,104.574,1078.135,483.711,2374.089,125.627,3277.718,131.055,,,,,11.635,10.813,13.674,9.945,18.714,1.863,18.882,-4.969,-2.617,-18.464,-7.164,0.828,-2.039,0.868,-5.04,8.082,-7.247,15.79,14.253,29.277,18.799,9.985,1.63,23.411,28.611,32.801,34.184,20.152,0.684,Low,0.571,0.446,0.442,0.461,-111.009,2535.442,267.404,2531.841,1.657,2.732,0.606,Miao-Creaky,0.606515373352855,-564450599778358449
Miao_M4,4,M,Miao,Black Miao,liuchangqian_m4_95,3092.766,3395.857,303.091,5,tou11_02,Vowel,ou,Creaky,Oral,11.0,1.0,Low,11,Unaspirated,Oral,127.865,127.767,,,502.941,88.69,1102.864,373.188,2338.275,87.161,3254.483,188.36,,,,,13.288,12.596,13.541,10.498,21.763,-2.121,21.761,-3.048,2.257,-14.894,-4.167,0.507,-0.254,2.098,-8.222,12.619,-8.473,15.651,11.031,27.49,17.454,12.089,2.113,16.969,19.418,23.699,26.552,17.485,0.542,Low,0.571,0.405,0.364,0.391,-126.745,3246.512,286.388,3243.437,1.955,2.776,0.702,Miao-Creaky,0.704250720461095,4159451756507430920
Miao_M4,4,M,Miao,Black Miao,liuchangqian_m4_95,3946.931,4509.026,562.095,5,tcju11_01,Vowel,u,Creaky,Oral,11.0,1.0,Low,11,Unaspirated,Oral,136.491,136.679,,,377.572,71.319,850.348,301.021,2346.991,182.038,3281.715,94.208,,,,,13.121,11.687,14.458,7.194,5.511,1.93,18.122,-2.815,2.839,-11.039,-15.414,0.893,-1.337,4.494,8.946,5.264,-5.001,14.514,10.281,22.726,28.535,10.794,1.129,28.499,38.402,42.692,42.772,21.007,0.0,Low,0.555,0.474,0.49,0.477,-188.561,4230.24,334.371,4226.733,1.363,2.494,0.548,Miao-Creaky,0.546511627906977,3539076765368623469
Miao_M4,4,M,Miao,Black Miao,liuchangqian_m4_95,4674.348,4960.907,286.559,5,tcju11_02,Vowel,u,Creaky,Oral,11.0,1.0,Low,11,Unaspirated,Oral,134.376,134.146,,,374.659,71.05,1082.197,193.686,3287.594,25.713,4313.372,580.949,,,,,15.312,14.073,16.272,9.833,6.066,6.338,18.312,-1.007,-16.275,-14.96,-11.112,-4.644,-0.96,4.239,10.205,3.495,-3.0,15.08,31.588,29.033,26.425,18.717,1.395,17.569,32.171,38.859,39.124,17.858,0.0,Low,0.573,0.484,0.498,0.492,-218.346,4819.535,404.878,4815.831,1.39,2.817,0.493,Miao-Creaky,0.493432729854455,3798093360472316482
Miao_M4,4,M,Miao,Black Miao,liuchangqian_m4_95,5390.745,5892.222,501.477,5,ji11_01,Vowel,i,Creaky,Oral,11.0,1.0,Low,11,Unaspirated,Oral,162.738,162.429,,,321.198,16.256,2158.765,108.247,3001.909,112.143,3321.037,146.475,,,,,19.716,17.163,23.352,7.561,-0.43,8.414,23.351,7.408,-2.746,-0.182,4.106,12.358,-3.637,9.602,23.782,-0.853,-3.635,9.755,22.461,17.345,15.61,4.805,3.434,26.759,47.774,49.174,44.141,23.139,0.688,Low,0.646,0.551,0.574,0.524,-243.704,5643.175,600.156,5639.942,1.29,2.76,0.468,Miao-Creaky,0.467391304347826,3599325261887607729
Miao_M4,4,M,Miao,Black Miao,liuchangqian_m4_95,5985.905,6366.146,380.241,5,ji11_02,Vowel,i,Creaky,Oral,11.0,1.0,Low,11,Unaspirated,Oral,147.518,148.395,,,301.222,57.497,2190.338,323.33,3080.851,112.207,4262.442,348.856,,,,,15.822,13.6,9.847,-3.669,-7.8,-0.155,9.603,-5.562,-15.839,-12.064,-4.572,5.467,5.975,17.269,17.647,-3.514,6.22,19.162,31.661,25.664,20.394,8.133,0.939,12.521,36.64,39.681,35.935,15.717,0.0,Low,0.61,0.419,0.385,0.427,-297.909,6178.154,607.776,6175.277,2.018,2.231,0.903,Miao-Creaky,0.904527117884357,948854635044562969
Miao_M3,3,M,Miao,Black Miao,liuyongda_m3_01,706.516,1002.491,295.975,5,ki44_01,Vowel,i,Modal,Oral,44.0,1.0,High,44,Unaspirated,Oral,161.472,161.439,,,314.937,22.898,2029.877,64.482,2846.717,423.595,3515.561,185.182,,,,,28.157,25.512,30.653,15.883,5.226,14.393,30.652,15.303,10.562,12.579,7.983,16.469,-2.496,9.628,25.427,1.49,-2.495,10.209,17.595,12.932,20.174,9.042,21.941,37.28,50.505,46.928,40.267,24.614,0.798,High,0.494,0.454,0.504,0.451,-336.988,856.206,803.325,853.416,1.387,1.644,0.845,Miao-Modal,0.84367396593674,-3218442590085977960
Miao_M3,3,M,Miao,Black Miao,liuyongda_m3_01,2901.66,3172.97,271.31,5,ki55_01,Vowel,i,Tense,Oral,55.0,1.0,High,55,Unaspirated,Oral,192.511,192.825,,,313.58,51.809,2317.675,63.068,3050.361,157.366,3590.668,266.358,,,,,25.132,21.161,20.029,14.417,-3.785,9.014,13.777,-0.89,6.369,11.707,10.068,17.527,5.103,6.744,23.814,5.403,11.355,22.051,18.763,9.454,15.064,3.634,5.652,41.03,61.403,61.234,55.674,29.247,0.0,High,0.582,0.56,0.644,0.52,-362.914,3038.966,984.401,3036.271,0.621,1.899,0.327,Miao-Tense,0.327014218009479,-1134977045700346508
Miao_M3,3,M,Miao,Black Miao,liuyongda_m3_01,4129.954,4366.734,236.78,5,ki13_01,Vowel,i,Modal,Oral,13.0,2.0,Low,13,Unaspirated,Oral,146.487,147.356,,,292.455,24.426,2310.281,60.547,2963.035,221.571,3604.271,242.69,,,,,21.736,19.424,22.46,8.518,0.984,9.243,22.443,7.83,5.288,10.564,8.86,14.77,-0.724,10.905,21.476,-0.725,-0.707,11.594,16.448,8.86,12.876,4.653,4.139,14.786,39.43,36.544,29.282,17.276,0.074,Low,0.55,0.45,0.479,0.461,-247.84,4251.102,624.257,4247.994,1.845,2.114,0.872,Miao-Modal,0.87275307473983,-8806922446460164151
Miao_M3,3,M,Miao,Black Miao,liuyongda_m3_02,978.437,1299.759,321.322,5,la44_01,Vowel,a,Modal,Oral,44.0,1.0,High,44,Unaspirated,Oral,154.214,154.302,,,729.628,317.309,1342.147,905.112,3079.747,922.104,4055.328,754.108,,,,,28.288,27.761,23.154,20.901,37.06,23.184,38.459,11.3,28.634,8.16,14.63,22.079,5.134,6.86,-13.906,-2.283,-10.171,16.491,-0.346,19.6,13.658,5.682,172.002,41.764,32.021,35.228,34.685,30.291,0.0,High,0.497,0.437,0.51,0.381,-192.832,1140.415,744.015,1137.942,1.524,2.476,0.616,Miao-Modal,0.615508885298869,-7853118093388562865
Miao_M3,3,M,Miao,Black Miao,liuyongda_m3_02,2100.292,2421.613,321.321,5,la44_02,Vowel,a,Modal,Oral,44.0,1.0,High,44,Unaspirated,Oral,153.233,153.698,,,681.683,210.759,1212.878,357.378,2489.369,567.243,4128.335,589.71,,,,,27.41,26.805,21.677,19.08,35.418,18.026,36.104,8.759,33.919,12.073,15.651,16.583,5.733,7.725,-13.741,1.055,-8.695,18.063,-6.509,14.732,11.759,10.222,157.952,41.374,30.059,33.253,32.244,29.479,0.0,High,0.487,0.424,0.486,0.412,-206.512,2262.95,748.049,2260.266,1.628,2.424,0.671,Miao-Modal,0.671617161716172,2229699847608351004
Miao_M3,3,M,Miao,Black Miao,liuyongda_m3_03,910.859,1317.308,406.449,5,la44_03,Vowel,a,Modal,Oral,44.0,1.0,High,44,Unaspirated,Oral,164.583,164.954,,,786.658,56.636,1243.122,574.919,2750.476,419.525,3196.009,543.649,,,,,20.922,20.344,21.215,18.76,32.981,18.794,37.158,6.884,22.766,-3.886,14.981,19.968,-0.293,1.584,-11.765,-0.033,-16.236,13.552,-1.844,24.23,5.941,0.376,96.817,44.907,35.873,40.93,39.661,29.577,0.0,High,0.503,0.452,0.52,0.445,-233.891,1115.436,798.174,1112.734,0.964,2.26,0.427,Miao-Modal,0.426548672566372,3249814973878810492
Miao_M3,3,M,Miao,Black Miao,liuyongda_m3_03,2032.886,2382.088,349.202,5,la44_04,Vowel,a,Modal,Oral,44.0,1.0,High,44,Unaspirated,Oral,159.421,159.517,,,767.776,50.952,1224.197,399.936,2857.585,269.412,2889.198,965.815,,,,,21.33,20.772,18.871,16.504,31.802,18.26,35.888,6.072,22.217,-3.712,18.747,24.964,2.459,4.269,-12.931,-1.756,-14.558,14.781,-0.887,24.484,2.583,-4.192,75.275,42.816,33.532,38.348,37.139,28.589,0.0,High,0.507,0.447,0.504,0.44,-251.842,2209.123,795.943,2206.365,1.473,2.252,0.654,Miao-Modal,0.654085257548846,7122248685222891068
Miao_M3,3,M,Miao,Black Miao,liuyongda_m3_04,108.37,488.088,379.718,5,la55_01,Vowel,a,Tense,Oral,55.0,1.0,High,55,Unaspirated,Oral,207.43,207.789,,,694.432,453.542,902.34,351.604,2906.004,101.478,4322.142,558.365,,,,,23.154,21.721,20.21,13.443,34.774,11.544,32.55,2.926,33.953,6.57,18.49,34.755,2.944,8.278,-14.565,1.899,-9.396,19.435,-10.799,15.151,4.664,-13.034,110.372,31.95,22.988,28.059,28.072,27.762,0.506,High,0.536,0.484,0.563,0.479,-273.069,299.78,793.008,297.46,1.176,1.8,0.653,Miao-Tense,0.653333333333333,-919909340003304673
Miao_M3,3,M,Miao,Black Miao,liuyongda_m3_04,1447.375,1763.141,315.766,5,la55_02,Vowel,a,Tense,Oral,55.0,1.0,High,55,Unaspirated,Oral,202.892,202.873,,203.62,804.488,65.368,1399.599,478.518,2850.674,40.017,4143.758,482.936,,,,,23.495,22.747,19.222,15.939,37.305,10.857,37.238,9.889,18.911,-1.861,25.616,25.954,4.273,6.808,-18.083,5.083,-13.743,12.886,4.584,24.609,-2.121,-3.207,106.034,42.906,30.509,33.875,33.135,30.135,0.593,High,0.523,0.477,0.55,0.463,-280.51,1606.401,790.92,1604.117,1.147,1.824,0.629,Miao-Tense,0.628837719298246,2108390544983350296
Miao_M3,3,M,Miao,Black Miao,liuyongda_m3_08,4410.495,4897.691,487.196,5,la11_01,Vowel,a,Creaky,Oral,11.0,1.0,Low,11,Unaspirated,Oral,127.125,127.097,,,732.674,169.779,1186.06,206.679,2734.677,122.317,3282.534,693.927,,,,,8.153,7.773,11.118,9.533,13.269,5.394,21.733,-7.519,18.241,-6.378,7.95,12.52,-2.965,-1.76,-2.151,4.139,-13.579,15.329,-10.088,14.151,0.203,-4.747,4.172,47.087,36.745,41.361,40.405,28.872,0.339,Low,0.517,0.382,0.449,0.179,-145.878,4654.925,558.936,4653.517,2.249,3.042,0.739,Miao-Creaky,0.739316239316239,-4623963676422578108
Miao_M3,3,M,Miao,Black Miao,liuyongda_m3_08,5147.379,5634.575,487.196,5,la11_02,Vowel,a,Creaky,Oral,11.0,1.0,Low,11,Unaspirated,Oral,118.04,118.194,,,719.395,41.228,1209.422,255.28,2799.124,123.608,4494.247,717.123,,,,,-1.015,-1.34,5.74,4.393,7.323,0.906,23.191,-6.085,7.317,-17.14,0.318,5.064,-6.755,-5.732,-1.584,3.486,-24.206,4.779,-8.332,15.8,-1.333,-6.404,2.706,43.954,33.365,38.224,37.335,24.833,0.628,Low,0.549,0.366,0.399,0.182,-115.74,5391.435,415.042,5389.895,2.436,3.287,0.741,Miao-Creaky,0.741101308183754,4660291410303834856
Miao_M3,3,M,Miao,Black Miao,liuyongda_m3_09,3953.193,4417.37,464.177,5,la55_03,Vowel,a,Tense,Oral,55.0,1.0,High,55,Unaspirated,Oral,210.691,210.839,,,667.52,137.052,1163.803,349.086,2863.09,207.069,4299.894,361.765,,,,,18.208,16.99,16.649,10.954,23.5,11.964,28.583,2.179,17.924,-3.499,7.811,18.51,1.559,6.036,-6.852,-1.01,-10.375,14.879,0.283,20.489,10.397,-1.52,16.654,46.869,36.546,40.456,39.622,27.335,0.0,High,0.51,0.464,0.553,0.3,-252.763,4185.954,740.271,4184.53,1.035,1.749,0.592,Miao-Tense,0.591766723842195,-5838041778671825987
Miao_M3,3,M,Miao,Black Miao,liuyongda_m3_09,6995.437,7396.888,401.451,5,la55_04,Vowel,a,Tense,Oral,55.0,1.0,High,55,Unaspirated,Oral,190.566,190.825,,,785.434,123.098,1266.138,327.782,2865.955,42.504,4180.378,496.789,,,,,15.152,14.407,12.794,9.561,26.547,0.798,26.546,-2.516,13.806,-11.147,14.774,20.404,2.358,4.846,-13.753,8.763,-11.394,16.999,1.346,25.554,0.378,-5.997,10.805,52.707,44.633,50.641,50.092,29.78,0.938,High,0.514,0.455,0.53,0.456,-201.23,7197.448,652.626,7195.062,1.156,1.967,0.588,Miao-Tense,0.587697000508388,-4292725858372744122
Miao_M3,3,M,Miao,Black Miao,liuyongda_m3_11,889.45,1234.019,344.569,5,pa44_01,Vowel,a,Modal,Oral,44.0,1.0,High,44,Unaspirated,Oral,167.773,168.402,,,695.975,61.225,1106.258,217.016,2747.398,71.193,3193.015,261.719,,,,,15.928,15.199,14.7,11.534,32.306,6.814,32.304,4.254,21.201,-2.326,17.852,25.014,1.228,3.666,-17.606,4.719,-16.376,10.998,-5.273,17.526,-1.923,-9.815,28.305,48.805,41.077,45.841,41.825,28.866,0.796,High,0.488,0.428,0.488,0.403,-204.985,1062.982,661.625,1060.59,1.363,2.204,0.619,Miao-Modal,0.618421052631579,-3071550936935772139
Miao_M3,3,M,Miao,Black Miao,liuyongda_m3_11,1783.332,2125.404,342.072,5,pa44_02,Vowel,a,Modal,Oral,44.0,1.0,High,44,Unaspirated,Oral,161.947,161.975,,,747.805,66.768,1038.647,292.908,2761.718,52.682,3183.752,325.301,,,,,15.984,15.326,8.813,6.004,30.75,13.796,34.178,2.436,25.038,-4.207,20.229,28.688,7.171,9.321,-21.938,-7.792,-18.195,13.108,-9.055,19.533,-4.246,-13.362,48.42,48.17,37.934,41.818,37.247,27.206,0.0,High,0.501,0.424,0.477,0.243,-193.544,1955.009,624.33,1953.508,1.69,2.342,0.722,Miao-Modal,0.721605465414176,-2584349239899670655
Miao_M3,3,M,Miao,Black Miao,liuyongda_m3_13,2673.663,2982.606,308.943,5,pa55_01,Vowel,a,Tense,Oral,55.0,1.0,High,55,Unaspirated,Oral,201.637,202.095,,,770.622,63.673,1210.789,132.397,2819.549,79.858,3318.101,579.23,,,,,18.198,17.317,18.177,14.281,33.682,11.061,33.681,5.335,26.67,2.615,13.863,19.655,0.02,3.035,-15.504,3.22,-15.483,12.048,-8.472,14.701,4.335,-2.338,51.223,48.411,41.152,47.318,44.795,26.656,0.505,High,0.516,0.462,0.534,0.446,-191.507,2829.039,550.516,2826.825,1.094,1.817,0.602,Miao-Tense,0.602091359383599,-979330881149635138
Miao_M3,3,M,Miao,Black Miao,liuyongda_m3_13,3708.102,3989.276,281.174,5,pa55_02,Vowel,a,Tense,Oral,55.0,1.0,High,55,Unaspirated,Oral,194.808,195.102,,,750.447,92.081,1044.566,396.447,2724.665,179.92,3058.373,395.459,,,,,18.983,18.054,16.903,12.808,32.993,5.969,32.992,2.664,22.981,-4.537,14.274,22.629,2.08,5.246,-16.09,6.838,-14.009,15.551,-3.998,22.591,4.709,-4.576,39.409,55.657,45.431,50.237,46.173,27.276,0.722,High,0.521,0.469,0.536,0.446,-220.265,3850.163,640.861,3847.881,1.106,1.871,0.591,Miao-Tense,0.591127739176911,-7852079321463959047
Miao_M3,3,M,Miao,Black Miao,liuyongda_m3_17,988.74,1386.78,398.04,5,pa13_01,Vowel,a,Modal,Oral,13.0,2.0,Low,13,Unaspirated,Oral,140.162,140.06,,,790.476,49.058,1195.344,121.96,2594.447,716.821,2819.417,76.124,,,,,10.556,10.165,9.159,7.532,14.08,6.1,31.592,0.772,23.754,-3.303,14.07,14.634,1.397,2.633,-4.92,1.432,-21.036,9.439,-13.198,13.468,-3.514,-4.469,24.282,29.443,16.82,21.454,21.532,22.56,0.606,Low,0.533,0.396,0.445,0.21,-157.026,1188.257,543.273,1186.765,2.147,2.589,0.83,Miao-Modal,0.829277713402858,2721320178906248853
Miao_M3,3,M,Miao,Black Miao,liuyongda_m3_17,1843.069,2235.284,392.215,5,pa13_02,Vowel,a,Modal,Oral,13.0,2.0,Low,13,Unaspirated,Oral,133.105,133.378,,,786.211,36.865,1199.101,115.074,2636.087,449.82,2795.278,122.049,,,,,7.209,6.852,10.857,9.376,9.036,1.936,30.234,-0.519,21.513,-5.381,12.138,13.259,-3.648,-2.524,1.821,7.441,-23.025,7.414,-14.304,12.233,-4.929,-6.407,19.354,35.854,24.714,28.227,27.325,23.799,0.756,Low,0.556,0.386,0.437,0.222,-142.356,2039.692,512.448,2038.034,2.19,2.795,0.783,Miao-Modal,0.783542039355993,7517230930863158909
Miao_M3,3,M,Miao,Black Miao,liuyongda_m3_20,2207.854,2549.625,341.771,5,tjau55_01,Vowel,au,Tense,Oral,55.0,1.0,High,55,Unaspirated,Oral,205.979,205.969,,,630.87,77.783,917.154,158.971,2769.888,102.823,3445.93,277.991,,,,,22.12,20.713,22.539,15.899,33.75,17.216,36.976,9.179,31.898,7.574,18.23,31.827,-0.419,4.814,-11.212,-1.317,-14.856,11.684,-9.778,13.139,3.889,-11.114,115.709,56.751,46.783,49.833,45.528,28.744,0.0,High,0.542,0.489,0.572,0.336,-234.902,2379.162,713.115,2377.526,1.155,1.868,0.619,Miao-Tense,0.61830835117773,-4145478098438566576
Miao_M3,3,M,Miao,Black Miao,liuyongda_m3_20,3015.966,3344.96,328.994,5,tjau55_02,Vowel,au,Tense,Oral,55.0,1.0,High,55,Unaspirated,Oral,197.074,197.205,,,628.457,90.97,889.308,169.7,2643.252,120.259,3667.655,179.302,,,,,19.345,18.013,20.335,14.139,32.681,14.838,34.349,5.908,31.63,6.364,16.803,29.226,-0.99,3.874,-12.346,-0.699,-15.004,12.253,-12.285,11.648,2.542,-11.214,65.712,53.643,42.369,45.041,39.754,26.248,0.0,High,0.54,0.487,0.555,0.438,-220.945,3181.624,649.114,3179.403,1.154,1.975,0.584,Miao-Tense,0.584303797468354,8978247481668894618
Miao_M3,3,M,Miao,Black Miao,liuyongda_m3_21,3795.021,4072.116,277.095,5,pje55_01,Vowel,e,Tense,Oral,55.0,1.0,High,55,Unaspirated,Oral,208.499,208.052,,270.022,421.506,32.088,2017.666,110.202,2703.962,138.878,3429.408,352.087,,,,,22.466,19.907,31.889,12.467,10.551,18.244,31.888,12.355,17.003,14.707,18.677,19.218,-9.423,7.44,21.338,-5.777,-9.422,7.553,5.463,5.2,3.788,0.689,28.405,44.42,50.892,43.904,37.823,26.82,0.429,High,0.523,0.479,0.567,0.397,-183.182,3934.345,514.279,3932.432,1.131,1.716,0.66,Miao-Tense,0.659090909090909,1613418324107226400
Miao_M3,3,M,Miao,Black Miao,liuyongda_m3_21,4707.301,4903.399,196.098,5,pje55_02,Vowel,e,Tense,Oral,55.0,1.0,High,55,Unaspirated,Oral,196.98,197.166,,,396.254,23.432,2073.54,104.387,2740.314,245.164,3674.303,453.712,,,,,20.962,18.415,30.689,11.903,8.672,16.686,30.688,11.881,14.015,13.04,16.406,18.51,-9.727,6.512,22.017,-4.783,-9.726,6.534,6.947,5.375,4.556,-0.095,19.594,44.098,53.412,47.116,39.682,25.612,0.402,High,0.558,0.484,0.537,0.459,-186.17,4806.961,499.045,4804.624,1.492,1.785,0.836,Miao-Tense,0.835854341736695,-1498576521924631029
Miao_M3,3,M,Miao,Black Miao,liuyongda_m3_22,938.022,1324.201,386.179,5,pje22_01,Vowel,e,Modal,Oral,22.0,1.0,Low,22,Unaspirated,Oral,164.718,164.613,,,411.629,165.252,2010.999,39.482,2915.281,257.266,3575.407,169.518,,,,,15.188,13.525,14.409,4.569,4.15,7.67,9.516,-10.236,12.504,9.97,11.339,16.912,0.779,8.956,10.259,-3.101,5.672,23.762,2.684,3.555,3.849,-3.387,1.718,62.432,69.889,63.363,55.364,28.271,0.0,Mid,0.519,0.455,0.51,0.502,-196.261,1133.268,566.514,1130.218,1.592,2.126,0.748,Miao-Modal,0.748824082784572,7525822526612837582
Miao_M3,3,M,Miao,Black Miao,liuyongda_m3_22,1710.381,2017.787,307.406,5,pje22_02,Vowel,e,Modal,Oral,22.0,1.0,Low,22,Unaspirated,Oral,155.905,155.715,,156.351,411.659,65.786,2023.714,16.468,2815.408,207.972,3553.327,110.784,,,,,14.6,13.168,19.647,11.83,6.105,7.831,14.989,-5.213,17.532,14.662,11.094,13.986,-5.047,1.338,13.542,3.998,-0.388,18.382,-2.931,-1.495,3.507,-0.818,3.269,53.801,61.524,56.168,49.52,28.305,0.0,Mid,0.528,0.444,0.504,0.503,-175.39,1866.923,561.093,1863.683,1.801,2.304,0.782,Miao-Modal,0.781684027777778,5744441627839697556
Miao_M3,3,M,Miao,Black Miao,liuyongda_m3_23,1529.119,2075.82,546.701,5,mu44_01,Vowel,u,Modal,Oral,44.0,1.0,High,44,Unaspirated,Nasal,170.071,170.02,,,377.232,66.164,971.801,57.278,2153.552,251.19,3198.888,39.19,,,,,18.295,16.089,22.774,8.615,12.14,13.184,22.677,2.908,19.099,7.358,2.251,13.637,-4.479,7.473,10.633,-4.569,-4.383,13.187,-0.804,8.731,16.044,2.452,6.0,55.622,56.509,61.189,58.075,28.633,0.956,High,0.497,0.474,0.573,0.42,-159.778,1804.107,415.911,1801.64,0.544,1.64,0.332,Miao-Modal,0.331707317073171,6421116001511094209
Miao_M3,3,M,Miao,Black Miao,liuyongda_m3_23,2367.776,2848.645,480.869,5,mu44_02,Vowel,u,Modal,Oral,44.0,1.0,High,44,Unaspirated,Nasal,168.879,168.934,,,355.243,65.647,831.991,24.251,2313.607,245.273,3188.172,29.921,,,,,15.849,13.24,20.472,2.871,12.298,11.558,20.47,1.672,20.809,8.618,-6.874,12.061,-4.623,10.368,8.174,-8.687,-4.62,11.581,-4.96,4.622,22.723,1.179,4.053,49.51,50.477,54.496,51.337,23.954,0.0,High,0.511,0.48,0.61,0.394,-150.457,2609.124,435.624,2606.786,0.58,1.729,0.336,Miao-Modal,0.335454019664546,6261007936466977631
Miao_M3,3,M,Miao,Black Miao,liuyongda_m3_24,1266.793,1648.061,381.268,5,hmu44_01,Vowel,u,Modal,Oral,44.0,1.0,High,44,Aspirated,Oral,193.151,193.182,,194.132,332.259,40.685,939.408,91.616,2127.185,33.891,3052.532,68.639,,,,,26.596,22.814,30.031,19.802,12.338,15.162,28.791,11.866,19.246,10.018,11.785,25.979,-3.434,3.013,17.692,4.639,-2.195,10.954,7.351,12.796,14.812,-3.165,20.554,49.425,50.442,48.373,44.58,22.0,0.891,High,0.531,0.531,0.6,0.484,-195.803,1458.767,320.898,1456.253,0.864,1.051,0.823,Miao-Modal,0.822074215033302,-6414779286347542963
Miao_M3,3,M,Miao,Black Miao,liuyongda_m3_25,1713.414,2291.655,578.241,5,mo22_01,Vowel,o,Modal,Oral,22.0,1.0,Low,22,Unaspirated,Nasal,149.047,149.088,,,427.221,20.393,719.715,53.896,2779.057,336.409,3113.852,60.125,,,,,16.675,15.165,18.547,11.147,14.174,3.739,30.167,5.871,20.699,1.292,2.131,26.914,-1.872,4.018,4.372,7.408,-13.493,9.399,-4.024,13.873,14.544,-11.749,13.536,44.09,48.722,51.976,48.24,24.994,0.0,Mid,0.487,0.433,0.52,0.348,-143.629,2003.487,418.837,2001.152,1.117,2.347,0.476,Miao-Modal,0.475926714955262,4220440965485231866
Miao_M3,3,M,Miao,Black Miao,liuyongda_m3_25,2579.405,3045.286,465.881,5,mo22_02,Vowel,o,Modal,Oral,22.0,1.0,Low,22,Unaspirated,Nasal,145.75,145.691,,,441.252,26.906,801.126,67.085,2532.52,104.458,3227.8,136.926,,,,,14.782,13.477,15.601,9.364,19.525,10.366,29.469,5.16,17.966,-0.571,-1.419,17.324,-0.819,4.112,-3.925,-1.002,-14.687,8.361,-3.184,14.047,16.201,-3.847,11.128,49.759,52.465,58.409,52.835,25.431,0.0,Mid,0.512,0.417,0.511,0.268,-160.615,2813.177,537.744,2811.334,1.615,2.479,0.652,Miao-Modal,0.651472367890278,-3657017175558377386
Miao_M3,3,M,Miao,Black Miao,liuyongda_m3_27,2612.455,3148.181,535.726,5,ma33_01,Vowel,a,Breathy,Oral,33.0,1.0,Mid,33,Unaspirated,Nasal,163.149,162.991,,,728.235,64.812,1081.057,191.34,2795.391,172.873,3361.563,423.695,,,,,15.787,15.144,12.291,9.537,31.475,14.115,32.899,3.167,24.117,-2.066,9.748,17.735,3.496,5.607,-19.184,-4.578,-17.112,12.071,-8.33,17.209,6.039,-2.591,52.577,44.714,34.908,40.185,38.196,28.524,0.0,Mid,0.463,0.406,0.464,0.359,-212.504,2881.629,663.053,2879.43,1.546,2.218,0.697,Miao-Breathy,0.69702434625789,4607161967279676806
Miao_M3,3,M,Miao,Black Miao,liuyongda_m3_27,3490.058,3969.391,479.333,5,ma33_02,Vowel,a,Breathy,Oral,33.0,1.0,Mid,33,Unaspirated,Nasal,152.424,152.436,,,672.243,82.565,1102.693,122.172,2705.246,160.702,3090.075,414.157,,,,,14.742,14.112,11.382,8.677,26.971,9.184,27.022,-1.148,21.6,-2.056,7.279,15.153,3.36,5.435,-15.589,-0.507,-12.28,15.309,-6.858,16.168,7.463,-1.041,14.442,45.633,35.468,40.716,38.048,27.141,0.577,Mid,0.511,0.41,0.461,0.376,-187.466,3731.462,616.79,3728.999,1.833,2.476,0.74,Miao-Breathy,0.740306946688207,5888994783755942089
Miao_M3,3,M,Miao,Black Miao,liuyongda_m3_29,412.828,871.77,458.942,5,fang44_01,Vowel,ang,Modal,Nasal,44.0,1.0,High,44,Unaspirated,Oral,162.278,162.222,,162.364,680.578,49.046,1037.14,266.434,2306.135,229.679,3112.31,830.134,,,,,16.182,15.455,14.772,11.63,34.729,11.544,34.728,5.667,20.52,-4.774,11.239,13.278,1.41,3.825,-19.958,0.086,-18.546,9.828,-4.338,20.229,4.943,2.177,52.284,61.315,51.442,52.524,52.276,30.617,0.828,High,0.505,0.442,0.509,0.223,-186.727,642.135,644.936,640.763,1.258,2.34,0.538,Miao-Modal,0.537606837606838,191701130046011525
Miao_M3,3,M,Miao,Black Miao,liuyongda_m3_29,2049.817,2543.837,494.02,5,fang44_02,Vowel,ang,Modal,Nasal,44.0,1.0,High,44,Unaspirated,Oral,158.23,158.541,,,558.017,277.907,1010.494,250.163,2479.942,215.75,2832.809,289.874,,,,,13.884,13.009,13.484,9.527,20.222,-0.294,19.166,-7.319,13.824,-7.317,3.697,11.223,0.4,3.481,-6.738,9.821,-5.282,20.356,0.06,20.325,10.187,1.786,2.698,58.49,53.7,57.342,55.892,28.502,0.121,High,0.561,0.476,0.532,0.466,-181.897,2298.782,655.465,2295.852,1.456,2.451,0.594,Miao-Modal,0.594043247654019,-8811959648514423843
Miao_M3,3,M,Miao,Black Miao,liuyongda_m3_30,667.488,1062.509,395.021,5,fhang44_01,Vowel,ang,Modal,Nasal,44.0,1.0,High,44,Aspirated,Oral,171.888,171.945,,,678.434,64.731,1053.989,226.057,2916.838,271.867,3672.711,651.596,,,,,19.021,18.217,14.547,11.028,34.634,6.75,34.633,6.414,27.325,3.233,2.899,13.563,4.474,7.189,-20.087,4.278,-15.612,11.892,-8.304,14.984,16.122,4.654,46.262,50.941,39.691,42.817,42.903,27.56,0.397,High,0.532,0.397,0.445,0.212,-202.947,865.698,601.388,864.461,1.944,2.041,0.952,Miao-Modal,0.952474277315042,2414159774506836839
Miao_M3,3,M,Miao,Black Miao,liuyongda_m3_30,1813.697,2128.85,315.153,5,fhang44_02,Vowel,ang,Modal,Nasal,44.0,1.0,High,44,Aspirated,Oral,162.833,163.182,,,680.478,93.288,1130.973,139.052,1947.697,1770.026,3026.188,373.563,,,,,15.962,15.271,9.534,6.544,29.324,6.967,29.323,1.26,25.175,1.742,1.461,-4.493,6.429,8.727,-19.791,-0.422,-13.36,14.025,-9.212,13.53,14.502,19.764,20.641,50.391,36.558,39.677,38.784,27.154,0.499,High,0.557,0.432,0.478,0.432,-188.571,1972.671,619.411,1970.016,1.81,2.264,0.8,Miao-Modal,0.799469964664311,8082881432102113888
Miao_M3,3,M,Miao,Black Miao,liuyongda_m3_32,367.791,764.368,396.577,5,fang55_01,Vowel,ang,Tense,Nasal,55.0,1.0,High,55,Unaspirated,Oral,234.003,234.037,,,699.9,75.511,1213.992,234.127,2835.088,240.317,3649.177,345.472,,,,,20.763,19.381,21.95,15.314,25.188,14.835,34.753,8.493,24.673,3.426,7.065,14.131,-1.187,4.066,-3.238,0.479,-13.991,10.939,-3.911,15.955,13.697,5.25,58.805,60.558,49.793,54.738,55.604,28.976,0.0,High,0.553,0.508,0.639,0.39,-232.755,567.09,687.509,565.424,0.801,1.774,0.452,Miao-Tense,0.45152198421646,3092578172661801656
Miao_M3,3,M,Miao,Black Miao,liuyongda_m3_32,1769.33,2145.627,376.297,5,fang55_02,Vowel,ang,Tense,Nasal,55.0,1.0,High,55,Unaspirated,Oral,217.751,217.847,,219.387,642.274,68.154,1202.761,218.623,2855.204,62.518,3662.583,226.57,,,,,20.976,19.613,19.982,13.386,23.754,15.505,34.708,9.404,28.109,8.599,11.567,21.886,0.994,6.228,-3.771,-2.119,-13.733,10.253,-7.134,11.015,9.409,-2.272,62.749,59.366,44.866,50.047,48.687,27.189,0.0,High,0.533,0.487,0.581,0.416,-252.987,1958.472,702.321,1956.563,1.04,1.788,0.582,Miao-Tense,0.58165548098434,-8363650685300976321
Miao_M3,3,M,Miao,Black Miao,liuyongda_m3_34,1424.394,1767.61,343.216,5,fang33_02,Vowel,ang,Breathy,Nasal,33.0,1.0,Mid,33,Unaspirated,Oral,158.951,159.16,,,704.542,150.686,1197.046,366.943,2800.546,334.688,3353.25,415.569,,,,,16.606,16.007,14.398,11.832,26.049,9.472,25.789,-2.083,17.324,-5.462,7.497,13.63,2.208,4.175,-11.651,2.36,-9.182,18.128,-0.718,21.469,9.109,2.377,11.355,24.555,14.821,21.052,21.007,22.81,0.811,Mid,0.526,0.422,0.472,0.346,-182.659,1597.16,582.404,1595.015,1.712,2.247,0.769,Miao-Breathy,0.761904761904762,6600923676635052549
Miao_M3,3,M,Miao,Black Miao,liuyongda_m3_35,836.574,1266.47,429.896,5,sai44_01,Vowel,ai,Modal,Oral,44.0,1.0,High,44,Unaspirated,Oral,179.131,178.992,,358.634,717.31,22.57,1454.108,161.025,2706.61,78.013,3763.501,453.989,,,,,16.272,15.575,12.342,9.288,32.058,5.615,32.056,5.596,16.82,-2.739,16.11,17.002,3.93,6.287,-19.715,3.673,-15.784,9.993,-0.547,18.314,0.162,-1.427,23.967,58.698,53.542,56.448,54.262,29.837,0.31,High,0.562,0.497,0.545,0.494,-246.874,1053.159,734.23,1050.398,1.348,2.181,0.618,Miao-Modal,0.618065107748739,7525468838637514827
Miao_M3,3,M,Miao,Black Miao,liuyongda_m3_35,2017.006,2406.524,389.518,5,sai44_02,Vowel,ai,Modal,Oral,44.0,1.0,High,44,Unaspirated,Oral,173.68,173.286,,172.953,684.004,22.021,1483.407,103.415,2619.869,44.072,3744.882,455.431,,,,,16.519,15.811,13.761,10.648,33.501,8.205,33.5,7.491,20.57,1.9,20.571,20.839,2.759,5.163,-19.74,2.442,-16.98,8.331,-4.051,13.911,-4.052,-5.028,34.49,52.089,46.46,48.982,46.583,30.265,0.466,High,0.556,0.486,0.539,0.495,-233.289,2213.619,717.692,2210.768,1.293,2.237,0.578,Miao-Modal,0.578006258381761,2456750898304508153
Miao_M3,3,M,Miao,Black Miao,liuyongda_m3_37,638.481,1048.458,409.977,5,se55_01,Vowel,e,Tense,Oral,55.0,1.0,High,55,Unaspirated,Oral,218.477,218.531,,219.583,651.249,13.006,1699.269,62.718,2763.347,289.502,3961.701,150.558,,,,,18.699,17.509,21.546,15.746,12.869,8.153,33.547,9.69,19.954,6.14,16.034,16.239,-2.847,1.763,8.677,7.594,-14.847,7.826,-1.255,11.37,2.665,1.27,45.708,53.704,47.861,45.373,42.062,27.396,0.0,High,0.559,0.521,0.611,0.48,-238.555,844.569,650.972,842.369,0.876,1.832,0.479,Miao-Tense,0.478165938864629,4190250180565758558
Miao_M3,3,M,Miao,Black Miao,liuyongda_m3_37,1703.985,2004.343,300.358,5,se55_02,Vowel,e,Tense,Oral,55.0,1.0,High,55,Unaspirated,Oral,209.152,209.198,,208.808,629.156,11.357,1684.627,49.269,2772.016,327.673,3952.111,224.038,,,,,17.498,16.338,19.916,14.282,17.807,12.994,32.474,8.779,19.866,6.451,10.55,11.542,-2.417,2.056,2.109,1.288,-14.975,7.566,-2.367,9.887,6.948,4.797,32.533,54.377,50.554,48.017,46.351,27.288,0.0,High,0.541,0.474,0.594,0.383,-231.083,1854.765,617.569,1852.931,0.895,2.033,0.44,Miao-Tense,0.44023610427939,-7853454680958883358
Miao_M3,3,M,Miao,Black Miao,liuyongda_m3_39,1650.243,1982.754,332.511,5,sei22_02,Vowel,ei,Modal,Oral,22.0,1.0,Low,22,Unaspirated,Oral,149.535,149.307,,,362.618,67.718,2080.132,37.945,2699.787,226.984,3781.378,292.752,,,,,17.34,15.675,20.682,10.89,7.476,11.491,16.167,-2.137,12.718,12.355,6.327,6.708,-3.342,4.786,13.206,-0.602,1.173,17.812,4.621,3.32,11.013,8.967,2.535,44.588,55.644,50.235,46.504,26.909,0.638,Mid,0.56,0.454,0.489,0.447,-204.577,1818.468,585.508,1815.466,2.234,2.504,0.892,Miao-Modal,0.892172523961661,-4682665206525158247
Miao_M3,3,M,Miao,Black Miao,liuyongda_m3_42,955.235,1378.632,423.397,5,su13_01,Vowel,u,Modal,Oral,13.0,2.0,Low,13,Unaspirated,Oral,169.868,169.196,,,501.939,59.463,1147.119,257.012,2551.387,47.377,3584.193,104.546,,,,,17.019,15.774,14.877,8.818,12.553,7.132,25.506,1.935,7.556,-7.903,3.577,13.649,2.142,6.957,2.324,1.685,-8.487,13.851,9.463,23.677,13.442,2.126,5.623,35.303,36.411,43.092,41.823,26.145,0.0,Low,0.561,0.476,0.515,0.477,-220.723,1168.756,635.84,1165.951,1.604,2.157,0.744,Miao-Modal,0.743625405656004,-6771026457416185225
Miao_M3,3,M,Miao,Black Miao,liuyongda_m3_42,1886.707,2233.892,347.185,5,su13_02,Vowel,u,Modal,Oral,13.0,2.0,Low,13,Unaspirated,Oral,162.198,161.646,,,477.091,58.958,1082.197,198.207,2575.482,31.142,3618.107,95.532,,,,,15.06,13.807,16.191,10.07,10.897,5.681,24.24,0.878,5.02,-10.091,-0.75,11.558,-1.13,3.736,5.294,4.389,-9.18,12.941,10.041,23.898,15.81,2.249,3.649,37.401,37.766,43.321,41.483,21.758,0.0,Low,0.554,0.484,0.539,0.533,-181.653,2062.803,610.89,2059.538,1.22,2.288,0.534,Miao-Modal,0.533216783216783,-5880936379442294801
Miao_M3,3,M,Miao,Black Miao,liuyongda_m3_44,1706.198,1973.732,267.534,5,se22_02,Vowel,e,Modal,Oral,22.0,1.0,Low,22,Unaspirated,Oral,167.564,168.249,,,506.192,51.442,2010.238,185.35,2727.566,503.875,3714.9,756.739,,,,,17.539,16.481,12.8,7.646,12.633,8.733,24.94,2.543,9.894,2.505,5.794,5.903,4.739,8.835,0.167,-1.087,-7.401,13.94,7.644,13.976,11.745,10.578,4.725,36.434,39.107,36.17,35.714,25.403,0.0,Mid,0.497,0.414,0.467,0.363,-206.287,1841.074,672.742,1838.929,1.723,2.16,0.798,Miao-Modal,0.797685185185185,5134355333776496871
Miao_M3,3,M,Miao,Black Miao,liuyongda_m3_45,983.853,1346.969,363.116,5,cja44_01,Vowel,a,Modal,Oral,44.0,1.0,High,44,Unaspirated,Oral,188.935,188.67,,188.818,709.815,184.857,1333.021,65.247,2671.733,114.604,3448.584,334.27,,,,,20.034,19.205,19.46,15.771,27.583,7.97,27.512,1.001,27.674,7.28,16.787,19.267,0.574,3.434,-8.123,7.801,-7.478,18.225,-7.64,11.925,3.247,-0.062,23.572,43.393,30.937,29.398,25.413,25.334,0.596,High,0.542,0.488,0.544,0.487,-207.569,1167.19,597.046,1164.609,1.259,2.027,0.622,Miao-Modal,0.621114948199309,-3813795649591167450
Miao_M3,3,M,Miao,Black Miao,liuyongda_m3_45,1872.472,2190.481,318.009,5,cja44_02,Vowel,a,Modal,Oral,44.0,1.0,High,44,Unaspirated,Oral,180.979,181.036,,,733.893,42.915,1384.658,190.542,2674.368,90.86,3760.831,573.412,,,,,16.37,15.664,17.447,14.362,33.473,6.992,33.472,6.542,21.42,0.74,20.986,21.321,-1.077,1.301,-16.026,7.37,-17.102,9.139,-5.05,14.924,-4.617,-5.657,39.83,33.082,27.547,27.343,25.118,26.169,0.455,High,0.563,0.489,0.541,0.486,-200.134,2033.316,625.738,2030.625,1.432,2.211,0.649,Miao-Modal,0.647670737222976,5559294949361062314
Miao_M3,3,M,Miao,Black Miao,liuyongda_m3_46,979.681,1252.479,272.798,5,cjha55_01,Vowel,a,Tense,Oral,55.0,1.0,High,55,Aspirated,Oral,208.46,208.582,,206.198,805.427,77.36,1441.461,208.155,2708.609,39.231,3582.246,487.127,,,,,18.375,17.585,16.65,13.174,31.01,6.422,31.009,3.4,17.576,-4.323,15.33,14.596,1.725,4.411,-14.36,6.752,-12.635,14.21,0.799,21.908,3.045,2.989,27.071,68.474,56.709,57.741,53.987,28.122,0.662,High,0.508,0.456,0.547,0.291,-215.158,1116.246,640.013,1114.847,1.034,1.893,0.547,Miao-Tense,0.54622292657158,3732987741748712650
Miao_M3,3,M,Miao,Black Miao,liuyongda_m3_46,1802.147,2062.73,260.583,5,cjha55_02,Vowel,a,Tense,Oral,55.0,1.0,High,55,Aspirated,Oral,198.179,198.311,,,776.128,41.929,1369.829,482.609,2763.017,62.871,3684.284,364.42,,,,,17.336,16.553,16.92,13.479,32.369,6.707,32.368,4.761,16.773,-5.428,20.341,22.414,0.417,3.074,-15.449,6.772,-15.031,11.824,0.564,21.981,-3.005,-5.861,28.91,56.597,46.674,49.868,47.245,29.268,0.438,High,0.521,0.474,0.559,0.474,-204.348,1932.891,624.627,1930.498,0.938,1.958,0.479,Miao-Tense,0.47906026557712,-2196868626007957624
Miao_M3,3,M,Miao,Black Miao,liuyongda_m3_48,1656.427,1927.733,271.306,5, tjo55_01,Vowel,o,Tense,Oral,55.0,1.0,High,55,Unaspirated,Oral,194.68,194.472,,,372.351,44.139,761.661,61.662,2554.162,139.677,3315.616,105.628,,,,,22.501,19.199,30.159,11.641,21.938,10.187,30.158,10.186,21.937,7.738,3.861,28.081,-7.658,7.558,8.221,1.453,-7.657,9.058,0.563,11.461,18.64,-8.882,18.24,48.806,52.529,57.458,52.697,26.907,0.544,High,0.553,0.519,0.589,0.492,-244.555,1794.042,656.514,1791.51,1.32,1.702,0.777,Miao-Tense,0.775558166862515,-52432793888075293
Miao_M3,3,M,Miao,Black Miao,liuyongda_m3_49,710.696,1000.092,289.396,5,ta44_01,Vowel,a,Modal,Oral,44.0,1.0,High,44,Unaspirated,Oral,174.15,174.095,,,695.03,19.02,1208.956,54.463,2693.462,66.076,3279.006,293.187,,,,,16.281,15.53,14.632,11.348,35.979,8.693,35.978,8.649,26.623,4.467,15.088,20.33,1.649,4.182,-21.347,2.655,-19.698,6.915,-10.342,11.063,1.193,-4.8,59.009,37.973,36.864,44.468,43.633,31.197,0.577,High,0.534,0.487,0.539,0.483,-224.961,857.392,637.904,854.617,1.19,2.153,0.553,Miao-Modal,0.552717138875987,6495734110072497751
Miao_M3,3,M,Miao,Black Miao,liuyongda_m3_49,2077.289,2313.093,235.804,5,ta44_02,Vowel,a,Modal,Oral,44.0,1.0,High,44,Unaspirated,Oral,166.093,165.756,,,712.529,69.432,1028.627,450.117,2681.568,85.247,3248.936,209.268,,,,,11.789,11.039,10.739,7.501,28.565,5.499,28.564,-1.88,17.11,-10.402,16.106,24.727,1.05,3.538,-17.825,2.002,-16.775,13.06,-5.322,21.441,-4.317,-13.688,17.11,40.681,34.672,38.041,34.861,28.609,0.647,High,0.531,0.464,0.557,0.258,-139.909,2196.156,539.166,2194.593,0.93,2.411,0.386,Miao-Modal,0.385732061385317,-6417708502795295007
Miao_M3,3,M,Miao,Black Miao,liuyongda_m3_52,575.413,937.583,362.17,5,ta22_01,Vowel,a,Modal,Oral,22.0,1.0,Low,22,Unaspirated,Oral,168.911,168.42,,168.608,580.683,93.525,903.895,160.637,2833.662,61.995,3256.518,209.63,,,,,17.178,16.151,15.097,10.463,30.227,12.901,29.281,2.015,23.075,-0.001,14.178,29.418,2.081,5.688,-15.13,-2.439,-12.103,14.242,-5.897,16.152,3.0,-13.268,25.283,25.549,25.238,33.999,29.491,24.362,0.115,Mid,0.516,0.421,0.456,0.392,-235.628,758.036,612.769,755.704,1.961,1.972,0.996,Miao-Modal,0.994421906693712,-5810460269966850976
Miao_M3,3,M,Miao,Black Miao,liuyongda_m3_53,4927.62,5240.34,312.72,5,ta33_02,Vowel,a,Breathy,Oral,33.0,1.0,Mid,33,Unaspirated,Oral,162.863,162.918,,162.364,747.762,82.648,1320.363,99.319,2927.864,149.982,4402.126,513.579,,,,,13.236,12.686,9.904,7.558,23.773,9.541,25.879,-2.192,21.419,-1.211,7.717,12.924,3.333,5.128,-13.869,-1.983,-12.643,14.914,-8.182,13.897,5.519,-0.238,11.949,36.693,29.994,32.933,31.496,25.558,0.0,Mid,0.498,0.402,0.484,0.234,-167.009,5084.652,467.048,5083.216,1.782,2.325,0.768,Miao-Breathy,0.766451612903226,2941800632975324320
Miao_M3,3,M,Miao,Black Miao,liuyongda_m3_54,661.08,1091.764,430.684,5,te11_01,Vowel,e,Creaky,Oral,11.0,1.0,Low,11,Unaspirated,Oral,157.231,158.361,,,649.929,77.493,1587.286,125.053,2720.031,317.443,3231.227,563.696,,,,,14.247,13.631,9.282,6.59,24.848,2.273,24.846,-0.356,19.107,3.155,16.65,17.035,4.965,7.041,-15.566,4.317,-10.599,13.992,-4.86,10.476,-2.404,-3.404,10.821,28.087,21.161,18.393,16.277,22.164,0.834,Low,0.529,0.39,0.445,0.224,-181.938,877.152,497.26,875.743,1.793,2.185,0.819,Miao-Creaky,0.820594965675057,9123632284301754722
Miao_M3,3,M,Miao,Black Miao,liuyongda_m3_54,1584.81,1972.62,387.81,5,te11_02,Vowel,e,Creaky,Oral,11.0,1.0,Low,11,Unaspirated,Oral,154.841,155.64,,,631.221,54.168,1624.961,97.061,2668.961,162.723,3517.703,346.688,,,,,10.861,10.24,8.12,5.394,23.115,-0.385,23.113,-1.775,16.54,1.539,13.066,12.231,2.741,4.846,-14.995,5.779,-12.251,12.019,-5.679,8.701,-2.204,-1.992,6.028,33.906,27.971,24.422,21.657,22.015,0.677,Low,0.544,0.425,0.486,0.257,-147.17,1779.607,470.232,1777.963,1.614,2.462,0.655,Miao-Creaky,0.655564581640942,6249804629222453342
Miao_M3,3,M,Miao,Black Miao,liuyongda_m3_57,5114.764,5539.236,424.472,5,pje33_02,Vowel,e,Breathy,Oral,33.0,1.0,Mid,33,Unaspirated,Oral,171.648,171.863,,,386.1,83.208,1967.201,64.918,2712.909,81.237,3488.909,181.731,,,,,16.011,14.107,21.39,9.112,7.591,12.668,20.307,1.125,13.994,11.701,17.494,20.053,-5.379,4.994,13.799,-3.556,-4.296,12.982,2.017,2.405,-1.483,-5.946,4.963,43.674,52.923,49.378,44.589,28.043,0.534,Mid,0.609,0.476,0.51,0.496,-225.8,5328.72,635.759,5325.836,1.8,2.254,0.798,Miao-Breathy,0.798580301685892,-8746395859509762396
Miao_M3,3,M,Miao,Black Miao,liuyongda_m3_63,3470.901,3755.448,284.547,5,hna44_02,Vowel,a,Modal,Oral,44.0,1.0,High,44,Aspirated,Oral,163.94,164.728,,,792.032,88.248,1198.935,146.523,2769.869,137.884,3244.451,278.395,,,,,13.969,13.414,8.333,5.979,24.853,11.467,30.434,0.457,22.576,-3.529,11.936,15.691,5.636,7.434,-16.52,-5.487,-16.466,13.02,-8.607,16.943,2.033,-2.277,22.569,53.119,37.172,38.525,33.85,26.282,0.0,High,0.528,0.432,0.491,0.245,-175.178,3613.218,534.963,3611.724,1.602,2.366,0.677,Miao-Modal,0.6770921386306,6102580175957378974
Miao_M3,3,M,Miao,Black Miao,liuyongda_m3_64,438.526,824.948,386.422,5,nja13_01,Vowel,a,Modal,Oral,13.0,2.0,Low,13,Unaspirated,Nasal,144.59,143.915,,,771.982,78.666,1318.344,279.719,2701.148,75.519,3265.203,195.473,,,,,10.434,10.04,10.812,9.165,14.322,6.002,28.475,-0.784,16.218,-7.978,14.547,14.533,-0.378,0.875,-3.51,3.163,-18.041,10.849,-5.784,18.018,-4.113,-4.494,12.619,26.848,15.921,19.308,17.754,22.087,0.536,Low,0.513,0.407,0.466,0.224,-169.195,632.545,548.522,631.005,1.718,2.511,0.685,Miao-Modal,0.684189565909996,-1951724689263274474
Miao_M3,3,M,Miao,Black Miao,liuyongda_m3_64,1946.204,2262.943,316.739,5,nja13_02,Vowel,a,Modal,Oral,13.0,2.0,Low,13,Unaspirated,Nasal,147.986,148.224,,,743.545,113.573,1338.258,194.906,2673.968,86.47,3271.64,185.813,,,,,10.602,10.163,9.946,8.099,16.706,6.84,24.59,-3.926,16.586,-6.448,13.064,13.132,0.655,2.063,-6.76,1.259,-13.988,14.109,-5.984,16.61,-2.463,-2.97,7.578,36.711,25.818,27.524,24.171,24.198,0.316,Low,0.525,0.418,0.474,0.226,-162.553,2105.03,516.946,2103.515,1.803,2.496,0.723,Miao-Modal,0.722355769230769,7345863007798286606
Miao_M3,3,M,Miao,Black Miao,liuyongda_m3_65,344.894,701.916,357.022,5,mo44_01,Vowel,o,Modal,Oral,44.0,1.0,High,44,Unaspirated,Nasal,152.847,152.837,,152.467,444.952,25.937,765.905,117.041,2473.51,89.24,3220.461,70.173,,,,,17.288,15.851,18.249,11.27,16.934,7.205,30.792,6.171,17.463,-1.764,0.837,19.358,-0.96,4.582,1.315,4.064,-13.504,9.732,-0.175,17.616,16.451,-3.507,14.288,44.956,51.829,57.979,53.369,26.475,0.0,High,0.455,0.413,0.488,0.349,-186.001,525.128,506.838,522.845,1.24,2.04,0.608,Miao-Modal,0.607843137254902,320539316760579630
Miao_M3,3,M,Miao,Black Miao,liuyongda_m3_65,2041.8,2342.118,300.318,5,mo44_02,Vowel,o,Modal,Oral,44.0,1.0,High,44,Unaspirated,Nasal,154.189,154.087,,,450.188,22.327,741.238,121.593,2490.323,152.971,3228.199,70.328,,,,,17.558,16.088,18.118,10.977,18.491,7.585,31.18,6.21,17.389,-2.531,2.368,21.42,-0.561,5.111,-0.373,3.392,-13.622,9.943,0.169,18.618,15.19,-5.332,17.813,31.65,39.086,47.573,44.438,24.572,0.0,High,0.472,0.432,0.499,0.334,-178.343,2193.186,516.171,2191.012,1.212,1.857,0.653,Miao-Modal,0.652665589660743,1240490650208536207
Miao_M3,3,M,Miao,Black Miao,liuyongda_m3_68,1576.364,1982.945,406.581,5,tcja44_02,Vowel,a,Modal,Oral,44.0,1.0,High,44,Unaspirated,Oral,186.809,186.746,,,765.566,143.064,1325.754,198.34,2786.81,90.407,3121.194,442.899,,,,,15.188,14.474,11.568,8.462,27.399,1.797,27.397,-0.54,21.536,-1.249,20.18,23.371,3.62,6.012,-15.831,6.664,-12.209,15.05,-6.348,15.723,-4.992,-8.898,14.885,55.773,41.49,42.992,38.012,28.495,0.858,High,0.511,0.465,0.531,0.461,-219.233,1781.207,640.867,1778.735,1.06,2.062,0.514,Miao-Modal,0.514064015518914,-7979792114369865023
Miao_M3,3,M,Miao,Black Miao,liuyongda_m3_68,2527.935,2995.07,467.135,5,hla44_01,Vowel,a,Modal,Oral,44.0,1.0,High,44,Unaspirated,Oral,191.797,191.853,,,726.822,206.091,1286.879,125.578,2856.098,140.385,3141.06,172.446,,,,,14.374,13.5,13.002,9.091,22.477,2.79,22.615,-4.168,21.224,0.073,19.215,25.595,1.373,4.409,-9.476,6.301,-8.241,17.705,-6.85,13.427,-4.841,-12.095,10.971,53.062,40.823,44.168,39.684,27.754,0.618,High,0.53,0.463,0.526,0.412,-217.537,2762.687,661.819,2760.537,1.285,1.941,0.662,Miao-Modal,0.662029881504379,7588925385114389512
Miao_M3,3,M,Miao,Black Miao,liuyongda_m3_68,3393.0,3790.929,397.929,5,hla44_02,Vowel,a,Modal,Oral,44.0,1.0,High,44,Unaspirated,Oral,185.814,185.776,,,744.812,202.226,1280.759,89.198,2840.703,129.958,3084.992,200.966,,,,,11.435,10.636,10.755,7.228,17.558,-4.459,18.046,-9.117,23.11,1.421,18.139,24.03,0.68,3.409,-6.803,11.686,-6.611,19.791,-11.676,9.216,-6.705,-13.393,9.2,57.66,47.422,50.865,46.69,31.203,0.086,High,0.537,0.472,0.533,0.323,-195.084,3592.569,633.019,3590.829,1.233,2.119,0.582,Miao-Modal,0.581878244454932,-5134544452526322245
Miao_M3,3,M,Miao,Black Miao,liuyongda_m3_69,11519.24,12001.206,481.966,5,Xa33_02,Vowel,a,Breathy,Oral,33.0,1.0,Mid,33,Unaspirated,Oral,165.874,165.848,,,684.595,44.086,1317.001,110.814,2687.131,131.695,4147.382,1104.741,,,,,16.225,15.56,11.633,8.74,28.09,4.464,28.089,1.541,16.091,-4.03,4.138,6.806,4.592,6.82,-16.458,4.276,-11.864,14.035,0.134,19.59,12.087,8.754,13.122,43.755,36.716,38.917,38.237,24.298,0.841,Mid,0.494,0.397,0.441,0.337,-231.562,11760.99,638.703,11758.962,1.772,2.115,0.838,Miao-Breathy,0.837825059101655,584293719034706795
Miao_M3,3,M,Miao,Black Miao,liuyongda_m3_70,11258.788,11892.952,634.164,5,ne22_01,Vowel,e,Modal,Oral,22.0,1.0,Low,22,Unaspirated,Nasal,152.605,152.606,,,600.861,47.97,1621.662,75.889,2599.839,89.166,3738.019,357.184,,,,,17.003,16.342,10.129,7.205,28.65,5.184,28.649,4.105,17.685,3.344,15.529,14.123,6.874,9.137,-18.521,2.021,-11.645,12.24,-0.682,12.998,1.474,2.219,11.815,54.226,48.258,45.775,43.233,27.752,0.641,Mid,0.573,0.38,0.403,0.342,-202.956,11577.384,562.771,11575.142,2.227,2.368,0.941,Miao-Modal,0.940456081081081,-6263311383044769176
Miao_M3,3,M,Miao,Black Miao,liuyongda_m3_71,654.979,1114.044,459.065,5,au44_01,Vowel,au,Modal,Oral,44.0,1.0,High,44,Unaspirated,Oral,167.404,167.408,,168.608,573.974,94.642,801.425,105.198,2832.871,51.16,3377.198,86.715,,,,,13.011,11.783,12.972,7.319,26.474,8.522,25.592,-2.459,21.329,-3.459,9.433,29.029,0.039,4.463,-13.502,-1.203,-12.581,14.471,-8.318,15.242,3.577,-17.246,11.371,55.283,50.844,56.498,51.789,27.644,0.2,High,0.588,0.506,0.563,0.321,-175.496,885.626,553.413,883.703,1.523,2.284,0.667,Miao-Modal,0.666812609457093,-3633942991026718073
Miao_M3,3,M,Miao,Black Miao,liuyongda_m3_71,2202.798,2548.112,345.314,5,au44_02,Vowel,au,Modal,Oral,44.0,1.0,High,44,Unaspirated,Oral,159.753,159.697,,,601.816,88.829,949.198,37.387,2796.207,114.352,3258.902,227.558,,,,,12.379,11.493,11.25,7.33,25.117,2.864,25.116,-2.45,24.485,1.119,5.65,19.602,1.13,4.163,-13.867,4.466,-12.736,14.033,-12.106,10.374,6.729,-8.109,10.514,60.141,53.691,59.103,55.444,29.911,0.685,High,0.591,0.48,0.525,0.567,-171.118,2377.921,596.84,2374.373,1.713,2.457,0.697,Miao-Modal,0.697191697191697,4347736119087506243
Miao_M3,3,M,Miao,Black Miao,liuyongda_m3_71,3250.927,3644.991,394.064,5,pje44_03,Vowel,e,Modal,Oral,44.0,1.0,High,44,Unaspirated,Oral,169.206,169.103,,,375.666,65.057,1989.864,44.279,2715.716,174.293,3560.304,549.026,,,,,13.598,11.584,21.139,7.709,4.149,10.024,21.117,2.575,18.491,17.021,13.081,16.07,-7.542,3.875,16.99,-2.315,-7.519,9.01,-4.893,-5.437,0.517,-4.486,3.821,56.88,62.661,59.738,56.835,29.703,0.854,High,0.599,0.474,0.509,0.476,-189.877,3449.623,578.321,3446.809,1.683,2.384,0.706,Miao-Modal,0.705956375838926,5927458862945702549
Miao_M3,3,M,Miao,Black Miao,liuyongda_m3_71,4160.931,4498.12,337.189,5,pje44_04,Vowel,e,Modal,Oral,44.0,1.0,High,44,Unaspirated,Oral,163.707,163.694,,164.419,433.877,154.481,1946.833,149.186,2613.286,180.649,3674.202,520.191,,,,,13.387,12.056,15.048,8.033,8.903,9.113,13.708,-7.612,8.156,2.916,11.233,10.092,-1.661,4.023,6.145,-1.08,-0.322,19.669,5.231,9.141,2.154,1.964,1.733,60.754,67.905,62.425,58.043,30.023,0.178,High,0.593,0.471,0.51,0.473,-176.178,4331.436,579.999,4328.545,1.678,2.509,0.669,Miao-Modal,0.668792347548824,-1713044244081924259
Miao_M3,3,M,Miao,Black Miao,liuyongda_m3_72,284.61,725.425,440.815,5,sai44_01,Vowel,ai,Modal,Oral,44.0,1.0,High,44,Unaspirated,Oral,163.493,163.517,,,658.073,24.846,1397.963,202.826,2571.354,75.967,3308.684,556.848,,,,,14.351,13.674,11.94,8.977,33.002,7.464,33.001,6.975,18.915,-0.032,16.556,17.792,2.412,4.697,-21.063,1.513,-18.649,6.71,-4.564,13.706,-2.204,-4.118,27.514,61.833,52.561,53.925,51.543,30.614,0.461,High,0.576,0.473,0.519,0.413,-181.687,506.301,637.214,503.775,1.468,2.467,0.595,Miao-Modal,0.59505472233482,170663629968626918
Miao_M3,3,M,Miao,Black Miao,liuyongda_m3_72,1132.845,1526.907,394.062,5,sai44_02,Vowel,ai,Modal,Oral,44.0,1.0,High,44,Unaspirated,Oral,159.752,159.503,,,666.854,74.789,1410.276,186.879,2583.643,118.606,3314.02,563.267,,,,,12.896,12.265,13.02,10.28,26.859,5.341,26.857,0.603,15.89,-3.339,11.235,12.25,-0.124,1.985,-13.839,4.939,-13.961,11.674,-2.994,15.604,1.661,0.015,9.457,61.687,53.164,54.077,50.61,29.249,0.859,High,0.593,0.47,0.515,0.313,-176.43,1330.25,623.367,1328.288,1.633,2.53,0.645,Miao-Modal,0.645454545454546,-5849586877460889766
Miao_M3,3,M,Miao,Black Miao,liuyongda_m3_73,2561.957,3052.864,490.907,5,nang44_01,Vowel,ang,Modal,Nasal,44.0,1.0,High,44,Unaspirated,Nasal,164.324,164.585,,164.419,708.576,64.057,1268.281,288.026,2875.292,139.682,3336.701,193.474,,,,,14.516,13.896,9.099,6.43,28.025,9.597,28.058,0.366,15.339,-6.996,9.555,15.608,5.417,7.466,-18.926,-3.167,-13.542,13.566,-0.823,20.892,4.962,-1.712,14.699,60.191,50.272,54.77,51.159,31.131,0.492,High,0.549,0.467,0.525,0.238,-186.368,2807.688,626.649,2806.242,1.438,2.485,0.579,Miao-Modal,0.578672032193159,1929949549212709977
Miao_M3,3,M,Miao,Black Miao,liuyongda_m3_73,3513.407,3953.705,440.298,5,nang44_02,Vowel,ang,Modal,Nasal,44.0,1.0,High,44,Unaspirated,Nasal,158.509,158.259,,,753.467,217.766,1404.573,733.349,2822.133,174.432,3392.622,182.007,,,,,13.602,13.08,14.076,11.852,23.234,9.769,24.22,-3.707,10.472,-11.559,9.113,12.099,-0.474,1.227,-9.159,2.084,-10.618,16.813,3.13,24.638,4.488,0.981,7.529,52.044,43.426,46.359,42.778,28.201,0.623,High,0.527,0.451,0.519,0.222,-174.818,3734.163,615.031,3732.756,1.386,2.638,0.526,Miao-Modal,0.525398028809704,1001756781593138728
Miao_M3,3,M,Miao,Black Miao,liuyongda_m3_73,4394.004,4895.033,501.029,5,lei44_01,Vowel,ei,Modal,Oral,44.0,1.0,High,44,Unaspirated,Oral,170.23,170.224,,171.668,408.133,77.817,1903.503,62.595,2633.963,215.399,3279.147,251.031,,,,,15.876,14.219,22.735,12.994,7.971,11.127,18.651,-1.605,13.187,8.979,9.308,10.688,-6.859,1.224,14.764,1.867,-2.774,15.824,2.69,5.24,6.568,3.531,4.548,48.079,52.817,51.322,47.81,28.607,0.666,High,0.556,0.485,0.531,0.487,-217.733,4646.328,645.37,4643.473,1.659,2.29,0.725,Miao-Modal,0.724454148471616,2345644118176380054
Miao_M3,3,M,Miao,Black Miao,liuyongda_m3_73,5345.454,5755.387,409.933,5,lei44_02,Vowel,ei,Modal,Oral,44.0,1.0,High,44,Unaspirated,Oral,169.633,169.825,,,405.335,93.378,1883.616,33.078,2619.412,226.769,3324.339,328.937,,,,,16.125,14.425,22.476,12.413,9.965,13.484,17.618,-2.463,17.99,13.761,10.409,11.936,-6.351,2.012,12.511,-1.071,-1.493,16.889,-1.865,0.664,5.716,2.489,4.806,48.953,52.454,48.211,43.469,26.186,0.891,High,0.547,0.484,0.533,0.467,-208.247,5552.267,610.02,5549.51,1.603,2.261,0.709,Miao-Modal,0.708978328173375,3890626654774336467
Miao_M3,3,M,Miao,Black Miao,liuyongda_m3_74,2179.387,2593.18,413.793,5,nau22_01,Vowel,au,Modal,Oral,22.0,1.0,Low,22,Unaspirated,Nasal,160.914,160.945,,,635.313,73.644,941.274,79.146,2779.792,64.456,3482.34,316.178,,,,,14.473,13.636,15.022,11.357,30.883,2.527,30.881,2.192,25.47,0.356,12.526,25.475,-0.549,2.279,-15.861,8.83,-16.408,11.562,-10.997,13.28,1.947,-11.839,23.183,58.14,50.072,55.64,51.833,30.585,0.614,Mid,0.554,0.465,0.523,0.277,-178.251,2386.961,652.516,2385.24,1.501,2.437,0.616,Miao-Modal,0.615921214608125,-4382244028277203476
Miao_M3,3,M,Miao,Black Miao,liuyongda_m3_74,3082.208,3398.822,316.614,5,nau22_02,Vowel,au,Modal,Oral,22.0,1.0,Low,22,Unaspirated,Nasal,156.936,157.121,,156.351,612.496,87.701,934.396,42.831,2822.343,24.384,3537.225,235.538,,,,,13.972,13.128,12.597,8.889,28.859,2.612,28.858,0.821,28.402,4.295,14.895,29.203,1.375,4.238,-16.262,6.277,-14.886,12.413,-14.43,8.833,-0.923,-16.076,22.241,57.083,48.111,53.675,49.474,28.888,0.667,Mid,0.539,0.464,0.522,0.302,-178.614,3241.377,624.061,3239.455,1.499,2.419,0.62,Miao-Modal,0.61967755270773,2145164859074365543
Miao_M3,3,M,Miao,Black Miao,liuyongda_m3_76,466.381,864.437,398.056,5,pa55_01,Vowel,a,Tense,Oral,55.0,1.0,High,55,Unaspirated,Oral,207.3,207.372,,206.198,806.758,114.135,1311.014,453.901,2720.687,111.84,3339.904,210.399,,,,,19.087,18.246,17.431,13.734,34.51,8.939,34.509,5.878,21.559,-2.696,9.201,11.786,1.656,4.512,-17.079,4.795,-15.422,12.423,-2.472,20.942,9.886,6.461,58.575,58.231,46.57,51.824,48.051,26.913,0.69,High,0.569,0.494,0.598,0.299,-217.184,665.84,679.253,664.396,1.089,1.946,0.56,Miao-Tense,0.559609455292909,3237746241812682382
Miao_M3,3,M,Miao,Black Miao,liuyongda_m3_76,1417.832,1718.801,300.969,5,pa55_02,Vowel,a,Tense,Oral,55.0,1.0,High,55,Unaspirated,Oral,198.784,199.123,,,793.134,83.315,1476.668,817.534,2782.65,18.205,3363.537,185.574,,,,,18.376,17.634,17.889,14.64,34.144,7.08,34.143,6.712,9.267,-12.142,17.406,17.972,0.487,2.994,-16.255,7.559,-15.767,10.947,9.109,29.776,0.97,-0.338,47.823,55.597,43.753,47.437,42.394,26.008,0.645,High,0.539,0.48,0.55,0.388,-219.997,1569.579,659.574,1567.622,1.172,1.957,0.599,Miao-Tense,0.59887583035258,4276504418857382055
Miao_M3,3,M,Miao,Black Miao,liuyongda_m3_77,508.613,961.926,453.313,5,sai55_01,Vowel,ai,Tense,Oral,55.0,1.0,High,55,Unaspirated,Oral,205.392,205.314,,,713.403,110.852,1595.235,326.054,2632.134,199.053,3516.834,652.781,,,,,17.832,16.957,18.697,14.741,30.171,15.301,30.114,4.273,20.379,2.211,15.196,13.217,-0.865,2.216,-11.474,-0.56,-12.282,12.696,-2.547,14.746,2.636,3.74,31.417,55.994,45.874,46.472,44.805,30.021,0.421,High,0.592,0.519,0.602,0.378,-201.946,735.978,653.801,734.141,1.083,2.057,0.527,Miao-Tense,0.526494895478853,-3288851562086462974
Miao_M3,3,M,Miao,Black Miao,liuyongda_m3_77,1374.338,1742.441,368.103,5,sai55_02,Vowel,ai,Tense,Oral,55.0,1.0,High,55,Unaspirated,Oral,195.194,195.064,,195.905,669.986,74.879,1701.993,493.692,2666.555,422.948,3525.95,756.694,,,,,18.096,17.235,15.433,11.512,26.971,14.302,27.022,2.097,11.368,-4.157,12.664,9.492,2.663,5.723,-11.538,-2.79,-8.926,15.144,6.728,21.392,5.432,7.744,17.844,54.082,47.215,45.651,42.868,29.03,0.0,High,0.585,0.494,0.57,0.323,-193.183,1558.557,636.054,1556.903,1.272,2.115,0.602,Miao-Tense,0.601418439716312,5890217058498385404
Miao_M3,3,M,Miao,Black Miao,liuyongda_m3_77,2396.847,2809.259,412.412,5,se55_01,Vowel,e,Tense,Oral,55.0,1.0,High,55,Unaspirated,Oral,205.968,205.723,,206.198,634.606,41.717,1675.076,139.553,2775.598,226.43,3609.658,985.425,,,,,19.762,18.656,20.942,15.639,24.083,18.339,33.862,9.994,21.578,7.826,14.104,15.173,-1.181,3.017,-3.141,-2.7,-14.1,8.668,-1.817,10.829,5.658,3.482,44.52,62.998,54.232,50.618,45.9,27.701,0.0,High,0.531,0.474,0.558,0.405,-199.725,2603.866,599.574,2601.892,1.014,2.095,0.484,Miao-Tense,0.484009546539379,-4551466627969103596
Miao_M3,3,M,Miao,Black Miao,liuyongda_m3_77,3334.146,3657.941,323.795,5,se55_02,Vowel,e,Tense,Oral,55.0,1.0,High,55,Unaspirated,Oral,204.881,204.69,,,638.503,44.528,1647.346,119.093,2831.422,184.304,3715.747,446.61,,,,,19.378,18.285,19.926,14.707,24.561,18.442,33.508,9.546,22.211,8.137,13.53,15.78,-0.548,3.579,-4.635,-3.735,-14.13,8.746,-2.833,10.149,5.848,2.505,41.314,56.229,47.732,46.685,43.337,28.212,0.0,High,0.552,0.485,0.559,0.401,-200.827,3497.353,621.14,3495.388,1.101,2.002,0.55,Miao-Tense,0.54995004995005,1685564410155971855
Miao_M3,3,M,Miao,Black Miao,liuyongda_m3_78,890.591,1219.313,328.722,5,te55_01,Vowel,e,Tense,Oral,55.0,1.0,High,55,Unaspirated,Oral,205.587,205.365,,,626.071,45.204,1680.076,102.622,2870.853,172.431,3709.897,233.342,,,,,19.54,18.404,21.451,15.959,21.934,16.822,32.744,9.036,24.232,10.838,15.187,17.968,-1.911,2.444,-0.483,-0.862,-13.204,9.374,-4.692,7.566,4.353,0.436,40.161,56.77,49.663,46.958,43.174,28.179,0.0,High,0.552,0.498,0.567,0.46,-214.57,1056.097,612.945,1053.851,1.019,2.019,0.505,Miao-Tense,0.504705299653294,5903392711438135066
Miao_M3,3,M,Miao,Black Miao,liuyongda_m3_78,1836.2,2128.634,292.434,5,te55_02,Vowel,e,Tense,Oral,55.0,1.0,High,55,Unaspirated,Oral,202.586,202.624,,203.924,635.701,63.353,1693.785,147.561,2853.075,129.447,3648.551,222.678,,,,,19.033,17.942,19.377,14.153,23.991,18.158,32.489,8.672,22.826,9.358,17.664,19.904,-0.344,3.789,-4.614,-4.005,-13.456,9.277,-3.793,8.584,1.37,-1.961,33.536,54.565,45.644,42.52,38.318,27.526,0.0,High,0.562,0.488,0.566,0.372,-198.94,1983.118,608.04,1981.276,1.045,2.014,0.519,Miao-Tense,0.518867924528302,1612275272287884047
Miao_M3,3,M,Miao,Black Miao,liuyongda_m3_79,333.287,691.2,357.913,5,te55_01,Vowel,e,Tense,Oral,55.0,1.0,High,55,Unaspirated,Oral,218.976,218.635,,,646.969,31.202,1818.23,186.01,2859.189,169.322,3756.253,390.827,,,,,21.99,20.794,25.363,19.477,14.576,10.788,34.436,10.907,20.37,8.398,20.821,20.59,-3.374,1.317,10.787,8.689,-12.446,9.892,1.62,12.396,1.168,0.204,61.544,50.43,43.117,40.1,34.976,26.319,0.0,High,0.535,0.488,0.571,0.434,-226.1,513.466,634.397,511.474,1.008,1.866,0.54,Miao-Tense,0.540192926045016,-7103870990094557388
Miao_M3,3,M,Miao,Black Miao,liuyongda_m3_79,1163.139,1451.37,288.231,5,te55_02,Vowel,e,Tense,Oral,55.0,1.0,High,55,Unaspirated,Oral,205.435,205.111,,,615.192,54.573,1831.262,48.104,2794.029,156.35,3724.548,897.712,,,,,20.012,18.857,22.775,17.118,16.952,13.03,30.831,7.526,23.283,11.97,12.879,11.855,-2.763,1.739,5.823,4.088,-10.819,11.335,-3.271,6.887,7.133,7.003,29.649,52.523,47.819,43.905,39.303,25.717,0.0,High,0.531,0.479,0.545,0.43,-217.105,1308.498,603.074,1306.39,1.08,1.984,0.544,Miao-Tense,0.544354838709677,8647390864316597079
Miao_M3,3,M,Miao,Black Miao,liuyongda_m3_79,2249.548,2639.135,389.587,5,hle55_01,Vowel,e,Tense,Oral,55.0,1.0,High,55,Unaspirated,Oral,223.53,223.386,,225.177,661.087,35.894,1795.369,82.59,2670.149,318.012,3840.166,412.407,,,,,20.823,19.627,23.014,17.15,16.692,12.479,32.235,8.485,22.668,9.804,22.33,18.817,-2.19,2.477,6.322,4.67,-11.412,11.146,-1.844,9.823,-1.507,0.81,43.538,51.305,43.797,39.794,35.395,26.227,0.0,High,0.529,0.486,0.58,0.435,-213.983,2444.859,604.558,2442.909,0.875,1.886,0.464,Miao-Tense,0.463944856839873,7634806582297364974
Miao_M3,3,M,Miao,Black Miao,liuyongda_m3_79,3063.563,3383.467,319.904,5,hle55_02,Vowel,e,Tense,Oral,55.0,1.0,High,55,Unaspirated,Oral,215.465,215.655,,,647.398,13.25,1730.493,68.7,2733.722,269.063,3765.715,435.422,,,,,18.521,17.355,23.229,17.565,19.917,15.089,36.721,12.911,22.221,8.75,13.137,12.291,-4.709,-0.211,3.313,2.476,-18.201,4.449,-3.701,8.605,5.384,5.064,72.897,54.245,47.203,44.356,41.921,26.858,0.0,High,0.536,0.494,0.586,0.428,-218.138,3224.284,609.392,3222.294,0.92,1.989,0.462,Miao-Tense,0.462543991955757,7001380640647521457
Miao_M3,3,M,Miao,Black Miao,liuyongda_m3_80,392.323,740.08,347.757,5,ke55_01,Vowel,e,Tense,Oral,55.0,1.0,High,55,Unaspirated,Oral,218.211,218.147,,219.583,460.212,44.782,1998.932,196.319,2481.668,474.002,3839.318,197.164,,,,,20.86,18.504,32.176,13.97,14.273,20.8,32.175,11.71,21.016,17.24,19.855,14.064,-11.316,4.534,17.904,-6.83,-11.316,6.795,-0.156,1.264,1.005,4.441,34.938,53.723,52.172,49.496,46.838,29.585,0.464,High,0.615,0.502,0.574,0.553,-241.674,567.564,652.637,565.027,1.267,1.915,0.662,Miao-Tense,0.661618798955613,448837916479143899
Miao_M3,3,M,Miao,Black Miao,liuyongda_m3_80,1257.016,1567.178,310.162,5,ke55_02,Vowel,e,Tense,Oral,55.0,1.0,High,55,Unaspirated,Oral,215.591,215.469,,217.309,473.616,55.408,1959.034,74.5,2592.324,239.657,3763.566,201.76,,,,,18.779,16.618,30.725,15.32,13.806,19.298,30.723,9.858,23.16,18.329,18.874,16.811,-11.947,1.298,16.919,-3.978,-11.945,6.761,-4.382,-1.711,-0.095,-0.193,26.099,60.616,61.297,55.776,52.954,30.415,0.509,High,0.561,0.503,0.58,0.491,-214.423,1413.022,628.06,1410.741,1.178,1.95,0.604,Miao-Tense,0.604102564102564,3163686409744257490
Miao_M3,3,M,Miao,Black Miao,liuyongda_m3_80,2381.744,2704.437,322.693,5,shong55_01,Vowel,ong,Tense,Nasal,55.0,1.0,High,55,Aspirated,Oral,213.6,213.898,,214.128,649.489,135.881,996.448,101.437,2907.313,279.545,3613.121,58.209,,,,,19.361,17.978,21.073,14.536,26.365,11.91,28.314,0.966,22.021,-1.499,1.517,15.167,-1.712,3.442,-5.292,2.625,-8.954,17.145,-2.66,19.476,17.843,2.81,18.105,49.73,43.251,50.492,49.068,26.718,0.0,High,0.546,0.499,0.595,0.442,-252.63,2544.52,737.91,2542.455,1.028,1.917,0.536,Miao-Tense,0.536254564423579,-1765212931396009616
Miao_M3,3,M,Miao,Black Miao,liuyongda_m3_80,3174.379,3428.148,253.769,5,shong55_02,Vowel,ong,Tense,Nasal,55.0,1.0,High,55,Aspirated,Oral,205.252,205.452,,206.198,612.55,89.243,1023.229,42.385,3098.024,421.281,3711.88,371.004,,,,,19.176,17.794,17.528,10.921,22.084,10.786,28.882,2.723,25.887,4.387,-2.377,13.232,1.648,6.873,-4.557,0.134,-9.706,15.174,-6.712,13.406,21.553,4.561,18.483,55.162,47.052,53.447,53.93,26.379,0.0,High,0.559,0.478,0.604,0.355,-223.34,3301.948,691.802,3300.222,0.897,2.112,0.425,Miao-Tense,0.424715909090909,200179976517864402
Miao_M3,3,M,Miao,Black Miao,liuyongda_m3_81,281.676,582.438,300.762,5,cjhang55_01,Vowel,ang,Tense,Nasal,55.0,1.0,High,55,Aspirated,Oral,215.845,216.152,,216.838,645.929,74.475,1234.42,223.827,2923.993,233.423,3806.133,427.461,,,,,18.422,17.141,16.965,10.817,19.873,11.905,30.801,5.633,20.591,1.679,3.338,12.574,1.457,6.323,-2.908,-1.087,-12.379,11.544,-2.17,15.461,15.084,4.566,21.492,48.728,37.529,41.296,40.874,27.784,0.0,High,0.518,0.466,0.579,0.316,-225.493,432.27,667.208,430.809,0.875,1.945,0.45,Miao-Tense,0.44987146529563,6787946697207028926
Miao_M3,3,M,Miao,Black Miao,liuyongda_m3_81,1041.845,1289.726,247.881,5,cjhang55_02,Vowel,ang,Tense,Nasal,55.0,1.0,High,55,Aspirated,Oral,205.892,205.985,,206.198,591.396,205.101,1090.575,238.264,2862.478,448.164,3566.648,600.278,,,,,19.439,18.015,14.903,7.969,22.67,13.484,26.864,1.425,24.536,4.454,2.848,15.531,4.536,10.046,-7.767,-5.515,-7.425,16.647,-5.097,13.562,16.591,2.484,17.963,55.974,42.871,45.77,45.618,28.14,0.0,High,0.513,0.454,0.55,0.285,-196.477,1166.072,633.209,1164.688,1.013,2.078,0.487,Miao-Tense,0.487487969201155,1226207757164133997
Miao_M3,3,M,Miao,Black Miao,liuyongda_m3_81,2393.623,2899.301,505.678,5,ne22_01,Vowel,e,Modal,Oral,22.0,1.0,Low,22,Unaspirated,Nasal,155.204,155.195,,,616.872,58.053,1795.008,188.039,2606.97,217.65,3553.167,315.878,,,,,17.878,17.242,13.72,10.915,32.185,7.808,32.183,7.66,13.586,0.54,9.388,4.489,4.158,6.327,-18.465,3.107,-14.305,9.585,4.292,16.702,8.49,12.753,25.051,55.83,50.425,50.247,49.602,29.855,0.664,Mid,0.548,0.417,0.462,0.388,-189.571,2647.883,624.644,2645.387,1.91,2.525,0.757,Miao-Modal,0.756435643564356,6051371011977361989
Miao_M3,3,M,Miao,Black Miao,liuyongda_m3_81,3196.758,3619.808,423.05,5,ne22_02,Vowel,e,Modal,Oral,22.0,1.0,Low,22,Unaspirated,Nasal,149.156,149.295,,148.679,609.849,46.465,1750.141,149.044,2697.441,166.981,3442.294,935.863,,,,,16.114,15.515,13.214,10.589,30.131,7.244,30.129,5.53,15.608,2.282,9.334,6.814,2.9,4.926,-16.917,3.345,-14.015,9.988,0.506,13.233,6.78,8.702,16.55,52.838,47.801,45.513,44.188,28.669,0.646,Mid,0.534,0.416,0.466,0.328,-172.401,3409.204,606.005,3407.01,1.911,2.555,0.748,Miao-Modal,0.747945205479452,-2312294388799601200
Miao_M3,3,M,Miao,Black Miao,liuyongda_m3_82,4026.868,4465.619,438.751,5,gang22_02,Vowel,ang,Modal,Nasal,22.0,1.0,Low,22,Unaspirated,Oral,146.735,147.118,,,674.677,239.312,944.971,542.012,2610.295,157.053,3408.002,648.652,,,,,16.961,16.297,13.908,11.061,25.743,7.31,25.586,-4.401,22.504,-4.29,7.865,16.98,3.053,5.235,-11.835,3.751,-8.624,20.801,-5.543,20.587,9.096,-0.684,11.544,43.532,33.573,33.932,32.629,24.528,0.878,Mid,0.463,0.366,0.419,0.321,-237.882,4247.299,692.06,4245.118,2.125,2.473,0.86,Miao-Modal,0.859280226445613,-4723138418564071827
Miao_M3,3,M,Miao,Black Miao,liuyongda_m3_85,1262.154,1584.159,322.005,5,ta33_02,Vowel,a,Breathy,Oral,33.0,1.0,Mid,33,Unaspirated,Oral,168.722,168.776,,168.608,798.213,60.376,1338.648,279.737,2695.935,53.05,3331.86,308.794,,,,,14.812,14.253,9.008,6.625,26.147,11.667,30.097,1.486,18.651,-4.883,14.685,15.401,5.804,7.627,-17.138,-5.042,-15.285,12.795,-3.839,19.136,0.127,-1.148,21.459,38.553,29.594,35.981,35.238,28.654,0.0,Mid,0.548,0.431,0.472,0.408,-196.689,1425.094,545.127,1422.677,1.8,2.041,0.884,Miao-Breathy,0.881920627143557,-895215302700125848
Miao_M3,3,M,Miao,Black Miao,liuyongda_m3_85,5797.618,6249.794,452.176,5,nang33_02,Vowel,ang,Breathy,Nasal,33.0,1.0,Mid,33,Unaspirated,Nasal,157.291,157.265,,156.351,518.006,135.746,942.78,96.076,2843.808,64.127,3454.217,370.093,,,,,17.616,16.552,14.581,9.695,21.467,9.204,22.248,-3.113,17.764,-1.948,1.782,18.912,3.035,6.858,-6.886,0.49,-4.632,19.722,-0.148,18.5,15.834,-2.359,5.356,44.388,41.405,49.816,46.975,25.731,0.264,Mid,0.501,0.37,0.428,0.298,-249.347,6024.727,718.773,6022.835,2.044,2.161,0.946,Miao-Breathy,0.945858398889403,8118232107951083115
Miao_M3,3,M,Miao,Black Miao,liuyongda_m3_86,602.167,975.918,373.751,5,tai13_01,Vowel,ai,Modal,Oral,13.0,2.0,Low,13,Unaspirated,Oral,156.362,155.749,,,657.266,56.808,1556.259,214.893,2568.61,64.035,3592.128,329.271,,,,,14.793,14.231,13.38,10.951,27.037,9.675,28.367,2.248,14.516,-3.486,18.287,16.071,1.413,3.28,-13.657,1.276,-13.574,11.99,0.277,17.717,-3.494,-1.84,12.669,39.902,31.315,32.691,31.225,26.961,0.48,Low,0.59,0.453,0.488,0.43,-206.818,790.789,669.057,788.059,1.77,2.448,0.723,Miao-Modal,0.723039215686274,-5667309340244428906
Miao_M3,3,M,Miao,Black Miao,liuyongda_m3_86,2141.86,2405.924,264.064,5,tai13_02,Vowel,ai,Modal,Oral,13.0,2.0,Low,13,Unaspirated,Oral,153.607,153.57,,,588.215,65.402,1689.029,163.425,2587.051,253.115,3692.626,186.706,,,,,12.983,12.322,12.023,9.103,23.402,0.874,23.396,-1.117,10.498,-3.581,7.425,4.627,0.959,3.22,-11.378,8.229,-10.413,13.442,2.485,15.903,5.557,7.695,4.795,35.556,31.141,29.546,27.61,23.25,0.77,Low,0.575,0.452,0.503,0.34,-177.998,2274.96,632.312,2272.759,1.65,2.535,0.651,Miao-Modal,0.650887573964497,-7798418818429051660
Miao_M3,3,M,Miao,Black Miao,liuyongda_m3_86,3275.302,3592.179,316.877,5,tjo13_01,Vowel,o,Modal,Oral,13.0,2.0,Low,13,Unaspirated,Oral,175.897,175.914,,175.349,509.348,52.117,873.151,145.618,2503.208,47.009,3654.801,191.465,,,,,17.104,15.646,17.638,10.545,14.892,4.799,29.992,4.797,19.56,-0.426,4.786,19.861,-0.534,5.101,2.746,5.746,-12.888,10.902,-2.456,16.073,12.318,-4.214,13.495,33.507,34.79,39.721,36.54,23.589,0.0,Low,0.575,0.471,0.493,0.455,-299.007,3435.738,663.182,3433.165,1.793,1.972,0.91,Miao-Modal,0.909229208924949,2244101550414784515
Miao_M3,3,M,Miao,Black Miao,liuyongda_m3_86,4140.618,4429.057,288.439,5,tjo13_02,Vowel,o,Modal,Oral,13.0,2.0,Low,13,Unaspirated,Oral,166.323,166.446,,,493.905,37.617,848.897,88.407,2518.182,65.25,3540.195,252.641,,,,,15.445,14.088,17.549,11.019,18.553,9.226,29.736,4.69,19.452,0.239,2.17,17.573,-2.103,3.069,-1.004,1.793,-14.291,9.442,-4.006,13.849,13.275,-3.485,14.483,35.944,35.784,40.715,37.397,23.038,0.0,Low,0.566,0.468,0.506,0.437,-205.646,4286.11,641.47,4283.492,1.436,2.194,0.654,Miao-Modal,0.654512306289881,1762882037591212648
Miao_M3,3,M,Miao,Black Miao,liuyongda_m3_87,992.538,1282.697,290.159,5,hau13_02,Vowel,au,Modal,Oral,13.0,2.0,Low,13,Aspirated,Oral,167.448,166.155,,,610.716,62.063,1179.972,176.036,2736.986,97.234,3789.808,128.571,,,,,15.107,14.297,13.552,9.961,28.195,7.389,28.193,2.005,15.626,-4.66,12.705,20.984,1.554,4.336,-14.643,2.572,-13.087,12.32,-0.519,18.957,2.402,-6.687,13.773,34.154,25.081,28.692,26.04,22.734,0.607,Low,0.568,0.458,0.49,0.458,-233.496,1139.612,675.079,1136.896,1.851,2.168,0.854,Miao-Modal,0.853782287822878,9092372529164297545
Miao_M3,3,M,Miao,Black Miao,liuyongda_m3_87,2197.587,2600.258,402.671,5,pu11_01,Vowel,u,Creaky,Oral,11.0,1.0,Low,11,Unaspirated,Oral,162.894,163.386,,,474.724,75.758,998.63,117.931,2459.83,37.683,3465.889,92.646,,,,,16.992,15.71,17.795,11.561,14.795,8.294,24.903,0.953,12.657,-4.003,2.623,14.093,-0.803,4.148,3.0,3.267,-7.911,14.772,4.336,19.712,14.37,1.617,5.264,46.081,45.521,48.854,45.669,23.941,0.022,Low,0.562,0.445,0.475,0.432,-256.727,2400.895,682.881,2398.243,2.131,2.199,0.969,Miao-Creaky,0.969076853115052,2038682799441955263
Miao_M3,3,M,Miao,Black Miao,liuyongda_m3_87,2920.025,3242.753,322.728,5,pu11_02,Vowel,u,Creaky,Oral,11.0,1.0,Low,11,Unaspirated,Oral,152.168,151.733,,,434.708,42.789,938.451,109.637,2449.961,66.82,3401.814,82.454,,,,,15.139,13.78,18.599,11.892,10.515,4.96,25.155,1.943,11.861,-4.101,-5.373,9.169,-3.459,1.887,8.084,6.933,-10.016,11.854,3.278,17.88,20.512,4.61,4.548,41.184,43.354,46.659,42.965,21.238,0.0,Low,0.579,0.458,0.499,0.444,-190.285,3083.537,625.216,3080.593,1.892,2.594,0.73,Miao-Creaky,0.729375481881264,2613554901070629106
Miao_M3,3,M,Miao,Black Miao,liuyongda_m3_88,1541.109,1954.829,413.72,5,nje11_02,Vowel,e,Creaky,Oral,11.0,1.0,Low,11,Unaspirated,Nasal,166.871,166.506,,,343.945,54.135,2081.618,55.456,2901.347,281.61,3740.629,77.695,,,,,17.684,15.161,22.499,7.227,1.857,10.322,22.497,5.975,12.594,13.858,12.314,18.731,-4.815,7.934,20.642,-3.095,-4.813,9.187,5.09,1.303,5.37,-3.571,3.86,43.016,56.002,50.416,43.824,25.987,0.735,Low,0.661,0.437,0.456,0.389,-203.169,1748.899,594.608,1746.55,2.047,2.27,0.902,Miao-Creaky,0.901762114537445,-1649220542215930854
Miao_M3,3,M,Miao,Black Miao,liuyongda_m3_88,3053.561,3440.152,386.591,5,tau11_01,Vowel,au,Creaky,Oral,11.0,1.0,Low,11,Unaspirated,Oral,154.995,154.777,,,718.938,92.869,1226.035,268.435,2638.473,54.883,3562.205,574.074,,,,,12.817,12.265,11.673,9.326,23.462,9.46,27.296,-1.107,16.876,-6.604,17.104,19.863,1.143,2.94,-11.789,-0.135,-14.479,13.403,-4.059,18.869,-4.287,-7.598,11.387,32.272,19.698,23.611,21.666,23.736,0.1,Low,0.525,0.392,0.464,0.214,-197.095,3247.773,578.885,3246.381,1.754,2.35,0.752,Miao-Creaky,0.746382978723404,1070363957702817469
Miao_M3,3,M,Miao,Black Miao,liuyongda_m3_88,3779.267,4091.253,311.986,5,tau11_02,Vowel,au,Creaky,Oral,11.0,1.0,Low,11,Unaspirated,Oral,151.509,151.553,,,705.74,76.503,1225.672,263.924,2615.241,59.235,3685.563,284.565,,,,,13.272,12.717,12.905,10.54,24.603,10.396,28.3,0.013,15.682,-7.659,16.332,19.259,0.368,2.177,-11.698,0.145,-15.028,12.734,-2.41,20.376,-3.06,-6.542,12.242,30.878,21.122,24.407,22.033,22.572,0.144,Low,0.537,0.418,0.482,0.232,-178.445,3935.48,579.117,3933.935,1.696,2.623,0.647,Miao-Creaky,0.646587876477316,1245141200310850407
Miao_M3,3,M,Miao,Black Miao,liuyongda_m3_88,4769.483,5183.203,413.72,5,tju11_01,Vowel,u,Creaky,Oral,11.0,1.0,Low,11,Unaspirated,Oral,171.135,171.454,,,447.345,169.363,1551.165,716.072,2453.646,151.873,3666.089,127.412,,,,,17.397,15.878,19.091,10.699,8.979,10.096,13.997,-7.344,2.295,-5.668,10.067,11.288,-1.694,5.179,10.111,0.603,3.4,23.224,15.103,21.546,7.33,4.589,2.564,47.451,49.141,45.651,42.702,26.362,0.0,Low,0.599,0.463,0.491,0.449,-233.581,4978.366,644.504,4975.734,1.941,2.163,0.898,Miao-Creaky,0.897364771151179,-6442759299398230843
Miao_M3,3,M,Miao,Black Miao,liuyongda_m3_88,5542.665,5861.433,318.768,5,tju11_02,Vowel,u,Creaky,Oral,11.0,1.0,Low,11,Unaspirated,Oral,162.876,163.16,,,467.837,106.49,1954.508,612.8,2421.637,139.04,3667.94,89.095,,,,,14.145,13.006,14.44,8.752,8.1,5.863,18.552,-3.575,6.017,0.31,10.498,0.914,-0.296,4.253,6.34,2.889,-4.407,16.581,8.128,12.695,3.647,12.092,2.02,43.953,46.691,40.246,36.758,23.343,0.0,Low,0.562,0.456,0.5,0.445,-200.537,5703.6,631.96,5700.862,1.793,2.317,0.775,Miao-Creaky,0.773845489857574,5102714774651672527
Miao_M3,3,M,Miao,Black Miao,liuyongda_m3_88,6668.527,7129.723,461.196,5,ji11_01,Vowel,i,Creaky,Oral,11.0,1.0,Low,11,Unaspirated,Oral,176.029,176.306,,,324.355,80.851,2097.739,44.539,2881.051,282.788,3619.468,148.446,,,,,18.8,12.462,10.759,13.949,-6.304,11.284,15.332,5.973,9.207,17.877,8.696,22.229,8.041,-1.487,17.063,2.665,3.469,6.489,9.593,-5.416,10.104,-9.767,1.479,45.402,61.879,56.492,48.278,22.52,0.0,Low,0.52,0.427,0.462,0.383,-253.704,6900.356,661.059,6898.182,1.709,2.027,0.843,Miao-Creaky,0.843117908238777,6478054966492914369
Miao_M3,3,M,Miao,Black Miao,liuyongda_m3_88,7326.41,7685.872,359.462,5,ji11_02,Vowel,i,Creaky,Oral,11.0,1.0,Low,11,Unaspirated,Oral,160.109,159.836,,,336.998,58.395,2051.626,28.883,2907.018,176.214,3589.844,212.909,,,,,16.2,11.413,12.391,11.688,-11.994,3.214,3.432,-6.747,6.779,14.058,8.555,22.978,3.808,-0.275,24.385,8.474,12.768,18.16,9.421,-2.645,7.645,-11.565,0.978,35.326,55.23,49.799,42.401,20.105,0.0,Low,0.562,0.436,0.465,0.412,-225.637,7508.194,599.366,7505.622,1.959,2.253,0.87,Miao-Creaky,0.869507323568575,-5073886604864613697
Miao_M5,5,M,Miao,Black Miao,liuyonggui_m5_01,534.116,817.081,282.965,5,la44_01,Vowel,a,Modal,Oral,44.0,1.0,High,44,Unaspirated,Oral,182.124,77.863,,,891.686,378.831,1326.753,181.295,2598.186,558.507,3339.483,314.097,,,,,20.479,19.933,16.288,13.976,22.899,9.871,31.764,0.968,32.665,5.733,16.217,12.92,4.191,5.957,-6.611,4.105,-11.285,19.011,-12.186,14.2,4.262,7.013,79.895,12.629,0.536,4.976,5.818,21.09,0.0,High,0.646,0.515,0.669,0.334,-154.59,675.373,376.199,673.535,0.84,2.656,0.32,Miao-Modal,0.316265060240964,-6418114168437048110
Miao_M5,5,M,Miao,Black Miao,liuyonggui_m5_01,1216.958,1484.673,267.715,5,la44_02,Vowel,a,Modal,Oral,44.0,1.0,High,44,Unaspirated,Oral,158.342,79.068,,,902.921,153.629,1342.975,62.913,2725.782,553.165,3861.015,144.188,,,,,17.904,17.499,11.314,9.622,17.649,9.281,28.717,-2.59,30.55,3.164,13.793,10.321,6.591,7.876,-6.335,0.341,-10.812,20.13,-12.645,14.334,4.111,7.178,52.465,14.539,1.296,7.346,8.652,22.13,0.605,High,0.556,0.494,0.601,0.285,-136.05,1350.184,381.248,1348.387,0.779,2.8,0.283,Miao-Modal,0.278214285714286,6760409350989463533
Miao_M5,5,M,Miao,Black Miao,liuyonggui_m5_03,793.359,1055.991,262.632,5,la55_01,Vowel,a,Tense,Oral,55.0,1.0,High,55,Unaspirated,Oral,225.221,225.307,,225.747,879.34,333.927,1326.136,91.12,2581.39,178.895,4207.09,644.735,,,,,16.259,15.393,13.981,10.174,21.784,-4.425,21.783,-7.71,27.74,2.244,14.82,13.017,2.277,5.219,-7.802,14.599,-5.524,23.154,-11.481,13.149,1.438,2.375,22.997,39.815,24.059,25.98,24.587,26.077,0.0,High,0.373,0.354,0.549,0.25,-286.667,924.277,530.137,923.165,0.455,1.304,0.361,Miao-Tense,0.348926380368098,-461906256325994942
Miao_M5,5,M,Miao,Black Miao,liuyonggui_m5_03,1547.366,1798.137,250.771,5,la55_02,Vowel,a,Tense,Oral,55.0,1.0,High,55,Unaspirated,Oral,220.644,220.699,,,833.554,257.629,1287.434,74.77,2507.757,236.295,4215.442,251.325,,,,,13.809,12.904,12.659,8.655,22.451,0.098,22.45,-6.473,28.965,4.205,14.921,13.273,1.15,4.249,-9.792,8.557,-8.641,19.419,-15.156,8.699,-1.112,-0.369,27.127,58.608,41.744,45.709,43.861,29.022,0.0,High,0.291,0.295,0.531,0.21,-313.257,1671.571,511.224,1670.619,0.394,1.003,0.396,Miao-Tense,0.392821535393819,1201165200853001503
Miao_M5,5,M,Miao,Black Miao,liuyonggui_m5_04,1098.963,1392.033,293.07,5,la22_01,Vowel,a,Modal,Oral,22.0,1.0,Low,22,Unaspirated,Oral,133.689,133.601,,,863.45,225.591,1386.991,115.666,2752.895,122.054,3485.051,517.654,,,,,16.705,16.405,13.596,12.358,21.014,15.252,28.287,-2.341,30.129,4.212,21.703,20.033,3.109,4.046,-7.418,-2.894,-11.582,18.776,-13.424,12.193,-4.999,-3.628,43.161,42.751,28.618,27.63,23.571,26.647,0.75,Mid,0.586,0.387,0.827,0.321,-300.433,1244.962,1103.501,1242.567,0.377,4.287,0.088,Miao-Modal,0.0879402845812923,2190515169150755982
Miao_M5,5,M,Miao,Black Miao,liuyonggui_m5_04,1819.022,2119.855,300.833,5,la22_02,Vowel,a,Modal,Oral,22.0,1.0,Low,22,Unaspirated,Oral,124.243,124.543,,124.672,851.82,129.004,1305.2,93.76,2779.357,130.81,3733.102,307.647,,,,,13.602,13.33,11.226,10.107,12.709,7.617,28.331,-2.985,29.033,1.826,18.943,19.088,2.377,3.223,-1.484,2.49,-14.729,16.356,-15.431,11.504,-5.341,-5.758,25.683,52.609,37.483,38.109,32.464,28.66,0.72,Mid,0.441,0.407,0.583,0.397,-301.293,1970.22,1074.482,1967.037,0.547,3.439,0.159,Miao-Modal,0.159057865658622,-8800901400953717769
Miao_M5,5,M,Miao,Black Miao,liuyonggui_m5_06,916.677,1263.447,346.77,5,la33_01,Vowel,a,Breathy,Oral,33.0,1.0,Mid,33,Unaspirated,Oral,162.786,162.839,,,723.238,760.354,1405.8,185.019,3241.029,562.023,3872.821,690.946,,,,,18.548,17.819,14.55,11.272,22.463,10.061,19.387,-6.847,32.31,13.41,16.772,27.075,3.998,6.547,-7.913,1.211,-0.84,24.701,-13.763,4.409,1.776,-9.256,50.718,34.314,21.582,22.352,20.009,25.775,0.884,Mid,0.526,0.371,0.751,0.303,-349.703,1089.288,966.785,1087.428,0.429,3.546,0.122,Miao-Breathy,0.120981387478849,6771866992955377814
Miao_M5,5,M,Miao,Black Miao,liuyonggui_m5_06,2425.386,2798.034,372.648,5,la33_02,Vowel,a,Breathy,Oral,33.0,1.0,Mid,33,Unaspirated,Oral,168.729,167.998,,,875.587,333.545,1428.973,100.625,2962.32,153.676,3668.939,423.41,,,,,16.683,16.208,7.992,5.99,22.758,11.801,23.611,-5.786,29.478,5.179,11.998,14.196,8.691,10.219,-14.766,-5.812,-6.928,22.037,-12.795,11.03,4.685,2.013,26.809,33.596,20.587,24.026,23.036,25.38,0.624,Mid,0.368,0.358,0.717,0.314,-272.155,2612.072,565.707,2609.695,0.467,1.89,0.305,Miao-Breathy,0.247089947089947,2250519752388162468
Miao_M5,5,M,Miao,Black Miao,liuyonggui_m5_07,462.316,732.995,270.679,5,la55_03,Vowel,a,Tense,Oral,55.0,1.0,High,55,Unaspirated,Oral,201.73,201.835,,,920.25,258.791,1374.326,336.584,2681.64,254.335,3238.231,1061.731,,,,,13.402,12.767,13.607,10.89,20.643,3.38,25.586,-4.692,23.503,-2.679,16.617,14.634,-0.205,1.877,-7.037,7.51,-12.184,17.51,-10.102,15.446,-3.215,-1.867,17.891,37.07,23.977,25.518,23.626,26.916,0.0,High,0.641,0.574,0.684,0.441,-224.729,598.06,575.431,595.893,0.792,2.289,0.346,Miao-Tense,0.346002621231979,-231727921652963212
Miao_M5,5,M,Miao,Black Miao,liuyonggui_m5_07,1017.845,1247.427,229.582,5,la55_04,Vowel,a,Tense,Oral,55.0,1.0,High,55,Unaspirated,Oral,204.648,102.181,,,896.657,329.89,1330.144,158.451,2495.124,210.674,3478.41,261.036,,,,,12.109,11.407,11.329,8.305,11.486,-9.824,14.675,-15.477,21.712,-4.527,11.99,7.499,0.78,3.103,-0.157,18.129,-2.566,26.924,-9.603,15.935,0.119,3.908,10.89,26.823,12.881,15.8,16.006,21.765,0.008,High,0.39,0.347,0.613,0.221,-203.448,1132.107,471.586,1131.029,1.397,1.936,0.696,Miao-Tense,0.721590909090909,4358359444196717908
Miao_M5,5,M,Miao,Black Miao,liuyonggui_m5_08,3380.349,3648.497,268.148,5,la11_01,Vowel,a,Creaky,Oral,11.0,1.0,Low,11,Unaspirated,Oral,135.465,53.456,,,831.235,528.353,1241.67,223.952,2880.507,307.079,3642.015,248.873,,,,,11.776,11.426,10.198,8.752,13.306,6.415,19.295,-11.858,25.313,-2.024,14.523,17.734,1.577,2.675,-3.108,2.337,-7.52,23.35,-13.537,13.45,-2.747,-6.307,11.855,26.587,14.693,14.214,12.228,20.497,0.81,Low,0.666,0.512,0.602,0.343,-228.163,3514.265,666.096,3511.648,1.072,2.254,0.151,Miao-Creaky,0.475598935226264,889676466077116072
Miao_M5,5,M,Miao,Black Miao,liuyonggui_m5_08,3948.193,4220.285,272.092,5,la11_02,Vowel,a,Creaky,Oral,11.0,1.0,Low,11,Unaspirated,Oral,121.59,121.781,,,851.577,136.968,1294.096,97.091,2657.207,232.214,3761.223,118.727,,,,,10.843,10.576,9.696,8.597,10.996,6.017,26.967,-4.681,27.479,-0.251,13.447,11.912,1.148,1.979,-1.3,2.58,-16.124,15.296,-16.636,10.827,-2.603,-1.336,14.973,26.128,15.323,19.128,17.014,23.357,0.721,Low,0.624,0.489,0.672,0.371,-286.591,4084.744,896.781,4081.675,0.924,3.776,0.245,Miao-Creaky,0.244703389830508,3202831426045424059
Miao_M5,5,M,Miao,Black Miao,liuyonggui_m5_09,435.766,794.002,358.236,5,pa44_01,Vowel,a,Modal,Oral,44.0,1.0,High,44,Unaspirated,Oral,195.13,84.037,,,874.592,288.159,1383.385,113.799,3277.755,201.454,3899.985,160.049,,,,,16.501,15.876,11.205,8.53,19.481,2.508,21.579,-8.085,24.967,-0.33,13.224,19.892,5.296,7.346,-8.275,6.022,-5.078,24.06,-8.466,16.206,3.277,-4.016,15.371,20.855,7.711,10.137,12.376,18.884,0.081,High,0.586,0.469,0.691,0.361,-255.243,614.435,686.205,612.583,0.561,2.571,0.224,Miao-Modal,0.218203033838973,-907209397550920165
Miao_M5,5,M,Miao,Black Miao,liuyonggui_m5_11,628.796,943.768,314.972,5,pa55_01,Vowel,a,Tense,Oral,55.0,1.0,High,55,Unaspirated,Oral,232.549,232.127,,233.106,918.511,213.896,1437.58,146.196,2502.191,192.273,3207.1,743.877,,,,,16.472,15.641,17.051,13.405,29.075,1.923,29.074,-0.229,28.684,3.908,19.702,13.176,-0.578,2.237,-12.024,11.482,-12.601,15.901,-12.211,11.734,-3.229,2.465,38.383,34.793,21.186,19.477,18.69,23.587,0.832,High,0.504,0.458,0.631,0.299,-267.65,785.521,628.016,784.233,0.542,1.248,0.292,Miao-Tense,0.434294871794872,1353991027999467843
Miao_M5,5,M,Miao,Black Miao,liuyonggui_m5_11,1251.345,1535.263,283.918,5,pa55_02,Vowel,a,Tense,Oral,55.0,1.0,High,55,Unaspirated,Oral,206.396,206.326,,206.198,752.199,386.735,1368.726,156.423,2510.856,203.125,3861.328,578.812,,,,,13.129,12.266,16.41,12.57,22.429,3.026,22.181,-5.027,25.334,3.748,13.699,11.44,-3.281,-0.304,-6.019,9.544,-9.052,17.312,-12.205,8.518,-0.57,0.826,13.462,55.411,42.437,42.897,43.883,30.095,0.621,High,0.505,0.425,0.561,0.397,-208.565,1394.691,532.394,1392.764,0.911,1.742,0.523,Miao-Tense,0.522962112514351,9198250540550458406
Miao_M5,5,M,Miao,Black Miao,liuyonggui_m5_12,634.72,775.357,140.637,5,pa22_01,Vowel,a,Modal,Oral,22.0,1.0,Low,22,Unaspirated,Oral,139.305,139.651,,137.871,807.835,219.144,1325.365,185.58,2275.736,836.153,3133.539,363.538,,,,,16.923,16.56,13.52,12.01,22.61,15.29,28.846,-1.457,27.786,1.888,8.905,2.558,3.403,4.549,-9.09,-3.28,-11.923,18.035,-10.863,14.672,8.018,14.002,26.666,35.955,23.537,24.556,23.719,25.088,0.545,Mid,0.708,0.65,0.876,0.431,-231.616,704.804,1204.909,701.705,0.411,3.982,0.103,Miao-Modal,0.103214465092918,8207013142086880306
Miao_M5,5,M,Miao,Black Miao,liuyonggui_m5_12,2509.025,2675.233,166.208,5,pa22_02,Vowel,a,Modal,Oral,22.0,1.0,Low,22,Unaspirated,Oral,136.761,136.952,,,881.431,450.844,1427.825,112.067,2953.846,466.822,3559.346,406.795,,,,,14.504,14.193,14.49,13.202,17.405,11.345,22.549,-7.741,26.295,0.941,6.524,8.718,0.014,0.991,-2.915,1.857,-8.045,21.975,-11.79,13.252,7.98,5.475,13.707,47.857,35.974,35.088,32.599,26.295,0.737,Mid,0.412,0.351,0.767,0.258,-218.992,2590.896,911.516,2589.008,0.432,4.413,0.098,Miao-Modal,0.0978925900747791,2743421903080727439
Miao_M5,5,M,Miao,Black Miao,liuyonggui_m5_13,1301.577,1614.83,313.253,5,ne22_01,Vowel,e,Modal,Oral,22.0,1.0,Low,22,Unaspirated,Nasal,130.454,130.613,,131.105,633.572,65.534,1831.439,136.927,2426.074,339.421,4118.198,294.062,,,,,16.999,16.572,21.382,19.566,24.591,13.926,32.379,7.094,23.149,9.428,15.735,4.644,-4.384,-2.994,-3.209,5.64,-15.38,9.48,-6.15,7.144,1.263,11.928,26.34,43.116,39.293,34.0,32.969,27.945,0.0,Mid,0.446,0.358,0.404,0.339,-406.183,1459.523,1397.148,1456.929,1.933,2.573,0.752,Miao-Modal,0.751263116984065,-3236914334767449791
Miao_M5,5,M,Miao,Black Miao,liuyonggui_m5_13,2405.54,2673.32,267.78,5,ne22_02,Vowel,e,Modal,Oral,22.0,1.0,Low,22,Unaspirated,Nasal,133.233,132.923,,132.765,670.502,93.427,1834.442,79.579,2494.786,320.999,3998.438,320.793,,,,,14.272,13.873,17.934,16.244,19.978,10.553,27.384,1.575,23.575,8.822,12.68,2.449,-3.662,-2.371,-2.045,5.692,-13.112,12.3,-9.303,5.051,1.592,11.424,11.704,47.591,42.509,35.175,33.392,28.869,0.0,Mid,0.498,0.368,0.417,0.218,-304.856,2540.275,1070.997,2538.633,1.967,2.872,0.685,Miao-Modal,0.684888579387187,-4462468662454286431
Miao_M5,5,M,Miao,Black Miao,liuyonggui_m5_15,432.264,819.05,386.786,5,pa33_01,Vowel,a,Breathy,Oral,33.0,1.0,Mid,33,Unaspirated,Oral,170.39,107.804,,,929.866,158.129,1366.386,193.071,3215.292,450.181,3861.62,232.781,,,,,15.977,15.538,12.169,10.334,22.18,12.925,28.867,-2.753,25.395,-2.571,8.774,13.541,3.808,5.204,-10.011,-2.591,-12.891,18.411,-9.418,18.108,7.203,1.997,23.915,19.324,6.678,9.41,10.467,18.47,0.523,Mid,0.724,0.614,0.724,0.35,-252.274,625.993,690.428,623.936,0.71,2.484,0.13,Miao-Breathy,0.285829307568438,111156685113411214
Miao_M5,5,M,Miao,Black Miao,liuyonggui_m5_15,2378.669,2765.455,386.786,5,pa33_02,Vowel,a,Breathy,Oral,33.0,1.0,Mid,33,Unaspirated,Oral,161.197,161.45,,,851.345,207.703,1341.921,70.565,2265.488,626.556,3871.411,282.033,,,,,17.683,17.226,9.936,8.016,21.707,11.644,23.249,-6.854,28.591,2.946,5.98,-3.41,7.747,9.21,-11.772,-3.629,-5.566,24.096,-10.908,14.28,11.703,20.635,21.925,33.651,20.267,21.372,22.018,22.289,0.729,Mid,0.75,0.435,0.84,0.223,-229.51,2570.725,656.045,2569.348,0.524,3.96,0.133,Miao-Breathy,0.132323232323232,-2256197824645653777
Miao_M5,5,M,Miao,Black Miao,liuyonggui_m5_16,378.246,737.343,359.097,5,pa13_01,Vowel,a,Modal,Oral,13.0,2.0,Low,13,Unaspirated,Oral,155.491,155.734,,,927.383,261.112,1373.595,187.207,2724.768,177.954,3929.165,154.223,,,,,15.145,14.789,11.777,10.304,20.805,13.787,27.988,-3.908,27.767,-0.259,20.2,16.963,3.368,4.485,-9.029,-3.483,-12.843,18.744,-12.623,15.049,-5.055,-2.173,31.346,32.595,17.782,17.814,14.89,24.753,0.426,Low,0.594,0.566,0.674,0.544,-349.681,558.602,1022.869,555.108,0.605,2.749,0.223,Miao-Modal,0.220080029101491,-411922681639699641
Miao_M5,5,M,Miao,Black Miao,liuyonggui_m5_16,1241.237,1653.909,412.672,5,pa13_02,Vowel,a,Modal,Oral,13.0,2.0,Low,13,Unaspirated,Oral,155.04,155.209,,154.285,1004.996,190.96,1362.086,99.475,2670.386,140.451,3953.255,147.431,,,,,14.965,14.643,10.47,9.143,18.98,12.85,28.841,-5.087,30.971,0.074,17.32,12.232,4.495,5.501,-8.51,-3.707,-13.876,19.803,-16.006,14.569,-2.355,2.411,41.342,33.673,18.316,20.11,18.555,25.422,0.576,Low,0.574,0.531,0.653,0.516,-307.281,1448.324,999.697,1445.004,0.556,2.869,0.194,Miao-Modal,0.193795747647264,-7282791460705033659
Miao_M5,5,M,Miao,Black Miao,liuyonggui_m5_18,1087.252,1427.242,339.99,5,phje55_01,Vowel,e,Tense,Oral,55.0,1.0,High,55,Aspirated,Oral,221.762,221.553,,,442.541,57.386,2198.91,60.566,2640.684,326.14,4082.026,198.128,,,,,18.793,16.232,26.163,6.242,7.236,15.021,26.162,6.171,25.239,23.91,15.367,10.502,-7.37,9.99,18.927,-8.78,-7.369,10.061,-6.446,-7.679,3.427,5.73,14.547,40.799,41.078,34.695,30.979,22.561,0.618,High,0.483,0.435,0.519,0.327,-226.543,1258.191,501.851,1256.719,0.736,1.4,0.531,Miao-Tense,0.525714285714286,70370526231673742
Miao_M5,5,M,Miao,Black Miao,liuyonggui_m5_18,1671.729,1973.518,301.789,5,phje55_02,Vowel,e,Tense,Oral,55.0,1.0,High,55,Aspirated,Oral,209.451,209.126,,,419.3,19.269,2252.11,95.976,2665.552,482.93,4076.236,141.867,,,,,18.575,16.038,29.836,10.416,4.715,12.756,29.835,10.4,19.199,19.242,11.062,7.902,-11.26,5.622,25.12,-2.34,-11.26,5.638,-0.624,-3.204,7.513,8.136,14.901,36.677,43.024,36.789,34.253,22.913,0.368,High,0.437,0.38,0.437,0.24,-209.535,1823.079,379.466,1821.931,0.88,1.26,0.718,Miao-Tense,0.698412698412698,6372372321882935848
Miao_M5,5,M,Miao,Black Miao,liuyonggui_m5_19,181.322,450.676,269.354,5,pje22_01,Vowel,e,Modal,Oral,22.0,1.0,Low,22,Unaspirated,Oral,143.393,143.754,,,346.946,153.088,2288.353,31.092,2820.638,166.932,4034.396,178.647,,,,,18.166,16.417,18.416,7.826,7.046,11.948,14.87,-2.309,20.024,22.722,10.598,11.078,-0.25,8.591,11.37,-4.121,3.297,18.726,-1.857,-6.305,7.568,5.339,3.868,13.224,22.554,23.773,24.076,19.75,0.0,Mid,0.565,0.511,0.591,0.369,-379.155,316.197,1034.74,313.632,0.84,2.472,0.34,Miao-Modal,0.339805825242718,4432572851424246752
Miao_M5,5,M,Miao,Black Miao,liuyonggui_m5_19,549.912,846.044,296.132,5,pje22_02,Vowel,e,Modal,Oral,22.0,1.0,Low,22,Unaspirated,Oral,147.485,73.562,,,306.921,68.594,2254.254,43.858,2777.153,73.622,3913.729,174.112,,,,,16.627,14.435,19.594,5.33,5.635,13.18,19.59,3.934,18.231,22.052,15.133,17.112,-2.966,9.105,13.958,-7.85,-2.962,10.502,-1.603,-7.617,1.494,-2.677,3.917,25.759,34.72,29.658,25.813,20.09,0.73,Mid,0.566,0.512,0.611,0.397,-340.586,698.38,907.39,695.676,0.819,2.867,0.286,Miao-Modal,0.285664457621207,5485599613637597140
Miao_M5,5,M,Miao,Black Miao,liuyonggui_m5_20,1865.41,2188.124,322.714,5,pje22_04,Vowel,e,Modal,Oral,22.0,1.0,Low,22,Unaspirated,Oral,143.614,143.54,,,384.521,80.235,2238.286,63.402,2812.615,178.795,4330.653,183.666,,,,,21.665,20.287,23.998,16.568,11.271,12.921,22.17,2.931,17.926,18.142,14.506,14.091,-2.334,3.719,12.727,3.647,-0.506,17.357,3.739,2.145,7.159,6.196,8.761,46.775,55.732,49.358,42.514,27.757,0.0,Mid,0.464,0.44,0.626,0.378,-716.327,2026.626,1534.576,2023.992,0.563,2.096,0.295,Miao-Modal,0.268606870229008,4784293347987032318
Miao_M5,5,M,Miao,Black Miao,liuyonggui_m5_21,397.755,732.564,334.809,5,pje44_01,Vowel,e,Modal,Oral,44.0,1.0,High,44,Unaspirated,Oral,185.496,183.773,,,372.752,15.858,2329.548,88.378,2752.218,222.346,4337.24,240.028,,,,,20.33,17.832,31.785,13.911,6.321,14.739,31.784,13.892,22.293,24.759,16.065,13.086,-11.455,3.921,25.464,-0.828,-11.454,3.94,-1.962,-6.927,4.266,4.746,25.201,28.906,40.175,36.018,32.516,26.05,0.374,High,0.537,0.504,0.617,0.422,-441.96,565.703,908.288,563.42,0.762,1.163,0.384,Miao-Modal,0.655202063628547,6989443012148031442
Miao_M5,5,M,Miao,Black Miao,liuyonggui_m5_21,940.551,1233.086,292.535,5,pje44_02,Vowel,e,Modal,Oral,44.0,1.0,High,44,Unaspirated,Oral,175.898,175.214,,,346.633,12.859,2279.558,23.373,2796.795,144.613,4389.344,415.069,,,,,19.038,16.45,28.73,12.147,3.334,12.231,28.729,11.898,24.37,27.28,16.193,17.232,-9.692,4.302,25.396,-0.083,-9.691,4.552,-5.332,-10.83,2.844,-0.782,16.103,36.679,47.98,44.113,38.957,26.377,0.408,High,0.524,0.512,0.593,0.452,-454.484,1087.181,831.475,1084.601,0.893,1.208,0.743,Miao-Modal,0.739238410596027,4074473036321691898
Miao_M5,5,M,Miao,Black Miao,liuyonggui_m5_21,1434.31,1750.518,316.208,5,pje44_03,Vowel,e,Modal,Oral,44.0,1.0,High,44,Unaspirated,Oral,175.176,174.104,,,342.273,32.021,2258.331,18.565,2838.86,138.306,4345.278,287.509,,,,,18.142,15.513,25.355,9.217,0.149,9.208,25.354,8.736,20.211,23.155,12.348,14.863,-7.213,6.297,25.206,0.009,-7.212,6.778,-2.069,-7.641,5.794,0.65,6.896,36.031,48.22,44.068,39.391,26.362,0.637,High,0.45,0.434,0.498,0.385,-429.982,1592.312,761.633,1590.106,1.081,1.239,0.88,Miao-Modal,0.872477804681194,-2725421625567480175
Miao_M5,5,M,Miao,Black Miao,liuyonggui_m5_22,404.747,885.62,480.873,5,mu44_01,Vowel,u,Modal,Oral,44.0,1.0,High,44,Unaspirated,Nasal,168.58,168.41,,,327.154,52.211,756.308,223.52,2639.797,30.804,3806.351,49.682,,,,,20.438,17.381,26.041,8.905,14.66,8.628,26.024,8.341,12.696,0.309,-3.41,24.381,-5.603,8.475,11.381,0.277,-5.586,9.077,7.742,17.072,23.848,-7.0,7.319,22.31,29.566,38.853,40.17,20.159,0.541,High,0.599,0.574,0.702,0.578,-471.017,646.573,964.519,643.142,1.803,1.823,1.119,Miao-Modal,0.989029072956665,-4321037804877544288
Miao_M5,5,M,Miao,Black Miao,liuyonggui_m5_22,1160.802,1574.964,414.162,5,mu44_02,Vowel,u,Modal,Oral,44.0,1.0,High,44,Unaspirated,Nasal,167.528,167.555,,,334.547,90.579,784.991,79.04,2714.75,16.71,3876.927,48.279,,,,,18.399,15.308,21.091,5.235,12.987,8.888,20.88,3.513,12.341,0.557,-2.72,25.781,-2.692,10.073,8.104,-3.653,-2.481,11.83,6.058,14.751,21.119,-10.474,3.072,14.663,24.864,37.359,39.303,17.855,0.751,High,0.585,0.524,0.577,0.439,-406.506,1368.127,1077.291,1365.502,0.537,2.428,0.242,Miao-Modal,0.221169686985173,3080636241588403825
Miao_M5,5,M,Miao,Black Miao,liuyonggui_m5_23,1295.086,1626.558,331.472,5,hmu44_01,Vowel,u,Modal,Oral,44.0,1.0,High,44,Aspirated,Oral,166.783,166.239,,,363.199,92.557,827.261,36.191,2718.283,20.081,3840.289,49.022,,,,,17.506,15.222,20.561,6.107,9.824,7.659,19.932,-0.046,13.481,0.021,-8.82,15.567,-3.056,9.115,10.737,-1.552,-2.426,15.299,4.025,15.201,26.326,-0.345,2.832,8.201,17.929,30.558,34.132,17.157,0.226,High,0.533,0.473,0.589,0.424,-404.421,1461.767,1000.762,1459.211,0.576,1.06,0.252,Miao-Modal,0.543396226415094,-1951199739319156907
Miao_M5,5,M,Miao,Black Miao,liuyonggui_m5_23,2022.656,2335.366,312.71,5,hmu44_02,Vowel,u,Modal,Oral,44.0,1.0,High,44,Aspirated,Oral,162.007,162.167,,,391.935,147.942,826.862,73.763,2764.934,24.099,4427.499,91.561,,,,,18.329,16.384,17.452,6.441,9.591,6.217,12.906,-8.34,9.32,-5.395,-12.051,11.854,0.877,9.942,7.861,0.225,5.423,24.763,9.009,21.778,30.38,4.53,1.985,13.57,22.302,37.201,41.123,15.953,0.0,High,0.506,0.464,0.537,0.4,-341.009,2180.463,812.984,2177.99,1.24,2.062,0.577,Miao-Modal,0.601357904946654,7928879918889929969
Miao_M5,5,M,Miao,Black Miao,liuyonggui_m5_24,795.629,1096.564,300.935,5,mu22_02,Vowel,u,Modal,Oral,22.0,1.0,Low,22,Unaspirated,Nasal,146.197,145.033,,,428.528,26.16,846.09,25.56,2672.529,23.97,3752.562,68.488,,,,,18.186,16.852,18.127,11.64,12.952,5.983,25.672,2.315,15.686,-1.197,-7.271,12.881,0.06,5.212,5.174,5.657,-7.486,14.574,2.5,18.049,25.457,3.971,5.506,7.789,18.235,31.13,33.623,15.982,0.0,Mid,0.636,0.494,0.615,0.32,-366.592,946.006,834.444,943.811,1.042,2.268,0.307,Miao-Modal,0.459435626102293,-3639647731960924436
Miao_M5,5,M,Miao,Black Miao,liuyonggui_m5_27,1203.337,1507.702,304.365,5,ma33_01,Vowel,a,Breathy,Oral,33.0,1.0,Mid,33,Unaspirated,Nasal,152.724,76.433,,,886.951,166.379,1383.323,80.568,2488.771,192.131,3793.904,161.091,,,,,19.085,18.718,13.404,11.88,20.882,13.516,26.463,-4.612,26.864,0.052,13.185,6.433,5.681,6.838,-7.479,-1.635,-7.378,23.355,-7.779,18.666,5.9,12.286,27.643,9.727,1.373,6.655,10.388,19.212,0.206,Mid,0.487,0.448,0.547,0.466,-344.537,1357.256,1106.082,1354.206,0.491,2.364,0.208,Miao-Breathy,0.207698815566836,-6364814130045793267
Miao_M5,5,M,Miao,Black Miao,liuyonggui_m5_28,827.416,1122.472,295.056,5,pje44_03,Vowel,e,Modal,Oral,44.0,1.0,High,44,Unaspirated,Oral,142.472,142.256,,,350.509,60.958,2179.25,63.827,2813.024,203.136,3589.243,363.848,,,,,19.909,18.228,25.277,15.329,7.941,12.302,21.59,4.18,12.197,13.551,9.824,12.866,-5.367,2.899,17.336,3.026,-1.681,14.048,7.712,4.677,10.085,5.361,6.4,18.457,36.511,31.649,28.02,24.506,0.12,High,0.622,0.514,0.592,0.361,-422.4,974.856,1079.162,972.312,0.812,3.285,0.247,Miao-Modal,0.247184170471842,2962105484763937887
Miao_M5,5,M,Miao,Black Miao,liuyonggui_m5_28,1454.218,1733.985,279.767,5,pje44_04,Vowel,e,Modal,Oral,44.0,1.0,High,44,Unaspirated,Oral,140.57,139.945,,,406.99,33.775,2127.591,74.788,2860.57,115.223,3775.39,536.088,,,,,16.817,15.667,19.603,13.795,9.314,8.056,25.653,5.254,7.987,5.905,9.537,11.39,-2.786,1.872,10.289,5.739,-8.836,10.413,8.83,9.762,7.28,4.276,4.968,27.767,45.632,43.453,38.964,25.771,0.0,High,0.626,0.463,0.595,0.374,-372.696,1593.907,945.333,1591.231,0.928,3.552,0.261,Miao-Modal,0.261261261261261,2543945060144573155
Miao_M5,5,M,Miao,Black Miao,liuyonggui_m5_30,2218.873,2492.386,273.513,5,fhang44_01,Vowel,ang,Modal,Nasal,44.0,1.0,High,44,Aspirated,Oral,172.039,171.501,,,851.558,165.722,1524.755,71.157,2289.053,221.548,3873.237,450.478,,,,,17.292,16.811,10.913,8.88,11.252,-0.06,20.857,-7.875,21.456,-1.287,6.686,-5.848,6.379,7.931,-0.339,8.94,-3.565,24.694,-4.164,18.099,10.606,22.659,4.741,25.78,18.377,17.753,21.923,21.29,0.0,High,0.428,0.399,0.481,0.371,-291.069,2356.806,682.767,2354.645,1.374,1.714,0.807,Miao-Modal,0.801633605600934,-6981638464181565747
Miao_M5,5,M,Miao,Black Miao,liuyonggui_m5_33,371.937,674.319,302.382,5,te22_01,Vowel,e,Modal,Oral,22.0,1.0,Low,22,Unaspirated,Oral,149.829,149.949,,,606.707,59.305,1966.093,129.443,2467.134,151.46,4095.645,477.051,,,,,20.57,19.963,16.802,14.126,33.431,9.475,33.429,9.178,26.214,15.336,22.556,11.361,3.768,5.837,-16.629,4.651,-12.859,10.786,-5.644,4.627,-1.986,8.602,35.396,36.88,31.305,26.432,26.352,26.966,0.557,Mid,0.441,0.385,0.488,0.324,-287.193,524.706,861.212,522.54,0.636,2.094,0.303,Miao-Modal,0.303724928366762,5661859743337857001
Miao_M5,5,M,Miao,Black Miao,liuyonggui_m5_33,896.16,1167.456,271.296,5,te22_02,Vowel,e,Modal,Oral,22.0,1.0,Low,22,Unaspirated,Oral,136.311,136.31,,,597.052,80.474,1952.012,115.704,2512.749,168.277,4246.833,162.77,,,,,17.183,16.658,16.173,13.891,27.132,10.042,27.241,2.884,26.878,15.954,21.93,12.307,1.009,2.766,-10.959,3.849,-10.059,13.775,-9.696,0.704,-4.748,4.351,27.427,43.514,39.733,34.138,32.179,29.341,0.0,Mid,0.419,0.366,0.448,0.398,-310.62,1033.943,1093.84,1031.022,1.486,2.367,0.627,Miao-Modal,0.62779890156316,-4571842392709574368
Miao_M5,5,M,Miao,Black Miao,liuyonggui_m5_34,799.332,1073.03,273.698,5,fang13_01,Vowel,ang,Modal,Nasal,13.0,2.0,Low,13,Unaspirated,Oral,156.317,136.66,,155.471,541.266,347.552,1397.967,113.65,2407.322,218.901,3847.571,396.434,,,,,17.013,16.187,17.236,13.483,21.085,8.124,18.894,-5.132,21.892,7.103,7.917,7.564,-0.223,2.704,-3.849,5.358,-1.881,21.322,-4.879,9.084,9.096,8.623,5.617,19.694,11.756,13.047,17.37,19.835,0.593,Low,0.537,0.456,0.492,0.421,-356.931,937.503,845.084,934.83,1.331,2.519,0.533,Miao-Modal,0.528384279475983,2214831294357508281
Miao_M5,5,M,Miao,Black Miao,liuyonggui_m5_34,1240.361,1542.596,302.235,5,fang13_02,Vowel,ang,Modal,Nasal,13.0,2.0,Low,13,Unaspirated,Oral,154.748,77.884,,177.112,574.68,359.66,1498.782,132.643,2664.835,489.929,4093.109,187.945,,,,,16.219,15.549,15.114,12.149,20.393,3.212,19.356,-5.71,20.933,4.763,4.097,4.951,1.105,3.4,-5.278,8.937,-3.137,21.265,-4.714,10.786,12.122,10.599,6.066,19.858,10.513,12.249,14.952,18.894,0.481,Low,0.568,0.472,0.519,0.448,-319.06,1393.02,780.694,1390.149,1.218,2.498,0.491,Miao-Modal,0.487590072057646,-2030507316386118821
Miao_M5,5,M,Miao,Black Miao,liuyonggui_m5_35,652.621,984.694,332.073,5,sai44_01,Vowel,ai,Modal,Oral,44.0,1.0,High,44,Unaspirated,Oral,169.338,167.211,,,498.402,50.298,2005.006,81.079,2607.633,487.906,4228.323,234.423,,,,,17.25,16.193,19.787,14.622,19.616,15.389,28.412,5.85,21.319,13.874,9.302,4.399,-2.537,1.571,0.171,-0.767,-11.163,10.344,-4.069,2.319,7.948,11.794,15.188,10.907,11.403,10.343,12.841,20.507,0.0,High,0.529,0.439,0.524,0.374,-393.22,820.044,993.46,817.853,0.887,2.117,0.429,Miao-Modal,0.418989135569202,-5071166034355257573
Miao_M5,5,M,Miao,Black Miao,liuyonggui_m5_37,451.335,752.506,301.171,5,sei55_01,Vowel,ei,Tense,Oral,55.0,1.0,High,55,Unaspirated,Oral,220.951,221.619,,,559.448,126.794,1987.643,40.359,2479.71,279.201,3929.425,243.598,,,,,20.451,18.972,22.079,14.08,3.22,3.383,20.126,-2.292,21.861,13.11,9.989,0.483,-1.629,4.893,18.86,10.696,0.325,21.265,-1.411,5.862,10.461,18.49,10.554,27.779,25.408,19.828,21.261,17.948,0.0,High,0.531,0.388,0.371,0.261,-378.608,602.625,475.802,601.444,1.337,1.383,0.971,Miao-Tense,0.966738973246565,4345545511941443110
Miao_M5,5,M,Miao,Black Miao,liuyonggui_m5_38,567.523,861.05,293.527,5,se55_01,Vowel,e,Tense,Oral,55.0,1.0,High,55,Unaspirated,Oral,198.242,98.968,,,621.757,68.212,1940.739,88.033,2472.533,148.679,3906.68,95.346,,,,,16.885,15.849,17.577,12.62,16.746,11.189,26.876,3.412,22.402,11.694,17.243,7.139,-0.692,3.228,0.831,1.432,-9.992,12.438,-5.517,4.155,-0.358,8.71,18.695,13.473,9.156,9.038,14.282,20.015,0.087,High,0.58,0.43,0.445,0.237,-243.321,714.326,474.959,713.129,1.12,2.052,0.546,Miao-Tense,0.545808966861599,6262536534932520406
Miao_M5,5,M,Miao,Black Miao,liuyonggui_m5_38,1030.745,1333.444,302.699,5,se55_02,Vowel,e,Tense,Oral,55.0,1.0,High,55,Unaspirated,Oral,206.237,206.208,,,598.597,57.254,1896.987,60.547,2455.85,120.403,3843.07,401.018,,,,,16.017,14.817,19.286,13.327,12.749,9.768,27.946,4.891,23.95,13.566,16.031,7.219,-3.269,1.49,6.537,3.559,-11.929,9.927,-7.934,1.251,-0.015,7.598,16.384,33.795,28.164,23.837,25.983,24.019,0.0,High,0.6,0.385,0.424,0.219,-251.763,1182.318,524.212,1181.252,1.458,1.868,0.781,Miao-Tense,0.78051391862955,1172612478010301257
Miao_M5,5,M,Miao,Black Miao,liuyonggui_m5_39,1313.54,1669.214,355.674,5,sei22_01,Vowel,ei,Modal,Oral,22.0,1.0,Low,22,Unaspirated,Oral,145.918,146.598,,146.82,331.502,81.805,2309.886,58.817,2694.346,382.284,4289.68,363.083,,,,,22.236,20.449,26.075,15.152,13.04,18.224,24.295,7.109,20.168,23.013,13.493,8.171,-3.839,5.297,13.035,-3.072,-2.059,13.34,2.068,-2.564,8.743,12.277,8.739,31.134,44.915,39.604,34.842,26.025,0.876,Mid,0.477,0.464,0.842,0.41,-612.883,1491.075,1189.491,1488.279,0.609,3.297,0.227,Miao-Modal,0.184713375796178,4711528808388351229
Miao_M5,5,M,Miao,Black Miao,liuyonggui_m5_39,1796.103,2109.48,313.377,5,sei22_02,Vowel,ei,Modal,Oral,22.0,1.0,Low,22,Unaspirated,Oral,141.77,139.456,,,397.405,38.864,2187.341,54.152,2549.004,264.368,4276.832,161.974,,,,,20.382,19.191,24.255,18.177,12.354,11.71,27.404,7.163,17.358,15.952,11.198,3.737,-3.874,1.014,11.902,6.467,-7.023,12.028,3.023,3.238,9.184,15.454,9.395,25.057,38.698,33.958,30.577,22.947,0.0,Mid,0.481,0.445,0.536,0.388,-457.395,1953.403,1094.668,1950.667,1.326,2.696,0.476,Miao-Modal,0.491839762611276,-7806912800886139959
Miao_M5,5,M,Miao,Black Miao,liuyonggui_m5_41,870.685,1142.389,271.704,5,su13_01,Vowel,u,Modal,Oral,13.0,2.0,Low,13,Unaspirated,Oral,182.84,183.118,,,373.738,42.897,891.564,74.446,2679.772,245.134,3906.981,239.801,,,,,18.698,16.05,27.107,9.003,12.682,11.759,27.106,7.608,17.188,4.753,-6.613,16.372,-8.409,7.047,14.425,-2.756,-8.408,8.466,1.51,11.297,25.312,-0.322,11.13,19.209,23.857,32.601,33.781,19.285,0.711,Low,0.583,0.522,0.716,0.404,-479.703,1006.611,1071.041,1004.401,0.88,2.449,0.38,Miao-Modal,0.359330338913842,-5030200450666053856
Miao_M5,5,M,Miao,Black Miao,liuyonggui_m5_42,1397.213,1734.933,337.72,5,sen33_01,Vowel,en,Breathy,Nasal,33.0,1.0,Mid,33,Unaspirated,Oral,176.362,177.033,,,555.149,114.397,2124.696,43.06,2530.6,153.155,4298.395,306.32,,,,,22.152,21.212,17.131,12.669,17.638,10.963,24.126,1.104,24.366,16.668,16.687,5.203,5.021,8.543,-0.507,1.706,-1.974,20.108,-2.214,4.544,5.465,16.009,12.59,21.465,24.949,22.177,22.413,21.773,0.0,Mid,0.448,0.403,0.456,0.404,-515.866,1567.597,1286.383,1565.315,1.575,1.802,0.876,Miao-Breathy,0.874028856825749,-5347946233866337304
Miao_M5,5,M,Miao,Black Miao,liuyonggui_m5_42,2005.944,2289.462,283.518,5,sen33_02,Vowel,en,Breathy,Nasal,33.0,1.0,Mid,33,Unaspirated,Oral,162.125,162.789,,,542.981,145.574,2135.665,51.777,2587.249,123.586,3957.864,370.802,,,,,20.272,19.41,17.84,13.822,16.982,8.615,16.212,-6.748,16.273,9.044,10.343,0.93,2.432,5.588,0.858,5.208,4.06,26.159,3.998,10.366,9.929,18.48,3.911,17.154,20.372,18.713,20.281,17.247,0.0,Mid,0.527,0.413,0.463,0.313,-347.175,2148.479,1002.366,2146.553,1.808,2.494,0.724,Miao-Breathy,0.724939855653569,-6032502116901724017
Miao_M5,5,M,Miao,Black Miao,liuyonggui_m5_43,809.645,1073.153,263.508,5,cja44_02,Vowel,a,Modal,Oral,44.0,1.0,High,44,Unaspirated,Oral,176.167,130.012,,,877.876,97.729,1368.692,122.014,2308.242,138.003,3609.606,331.504,,,,,13.693,13.17,6.796,4.588,19.884,7.622,26.613,-3.51,21.037,-4.715,8.408,-0.874,6.897,8.583,-13.088,-3.035,-12.92,16.699,-7.344,17.886,5.285,14.045,11.318,20.721,9.816,12.183,17.136,18.597,0.0,High,0.252,0.201,0.232,0.118,-187.422,939.061,474.195,938.076,0.733,6.088,0.003,Miao-Modal,0.120400788436268,-5667030572946423333
Miao_M5,5,M,Miao,Black Miao,liuyonggui_m5_43,3415.442,3704.568,289.126,5,ha44_01,Vowel,a,Modal,Oral,44.0,1.0,High,44,Aspirated,Oral,174.58,169.856,,,906.069,158.052,1329.33,130.643,2399.056,431.98,3908.73,197.337,,,,,15.123,14.632,8.676,6.613,19.006,8.179,27.232,-4.334,25.019,-2.947,7.805,0.299,6.447,8.019,-10.331,-1.566,-12.109,19.0,-9.897,17.579,7.318,14.333,18.929,21.811,9.013,12.091,14.308,19.851,0.0,High,0.491,0.343,0.518,0.179,-216.118,3559.54,506.563,3558.509,0.548,1.196,0.141,Miao-Modal,0.45819397993311,-741103508948621681
Miao_M5,5,M,Miao,Black Miao,liuyonggui_m5_45,194.825,518.374,323.549,5,tjo44_01,Vowel,o,Modal,Oral,44.0,1.0,High,44,Unaspirated,Oral,179.257,179.856,,,394.751,105.742,734.452,103.435,2687.175,282.249,3759.661,33.888,,,,,18.46,15.923,24.316,7.991,17.211,2.88,24.179,2.606,17.209,0.991,-10.76,14.469,-5.857,7.932,7.106,5.11,-5.72,13.387,1.25,14.933,29.219,1.454,6.313,15.564,23.013,32.498,34.867,18.415,0.834,High,0.537,0.489,0.627,0.392,-544.581,356.46,1192.26,354.273,0.737,1.969,0.398,Miao-Modal,0.374301675977654,-7047627489333481472
Miao_M5,5,M,Miao,Black Miao,liuyonggui_m5_45,665.138,984.24,319.102,5,tjo44_02,Vowel,o,Modal,Oral,44.0,1.0,High,44,Unaspirated,Oral,178.461,178.585,,,383.73,142.046,707.539,134.821,2672.205,416.197,3691.407,36.95,,,,,18.587,15.771,22.929,4.218,15.412,1.72,22.83,2.17,15.411,-0.294,-12.286,14.631,-4.342,11.553,7.517,2.498,-4.243,13.674,3.176,16.065,30.873,1.14,4.62,20.378,28.309,36.535,38.425,16.923,0.732,High,0.48,0.457,0.567,0.393,-586.96,824.845,1116.624,822.637,0.673,1.052,0.313,Miao-Modal,0.639733840304183,749188590860795009
Miao_M5,5,M,Miao,Black Miao,liuyonggui_m5_46,1337.364,1591.047,253.683,5,ta44_02,Vowel,a,Modal,Oral,44.0,1.0,High,44,Unaspirated,Oral,176.262,176.11,,,867.407,91.705,1388.983,116.549,2314.601,136.977,3682.286,390.182,,,,,12.078,11.561,8.0,5.813,20.098,7.968,27.29,-2.625,21.676,-3.661,11.02,1.48,4.079,5.748,-12.098,-2.154,-15.211,14.203,-9.598,15.222,1.059,10.082,11.801,32.27,20.666,21.247,25.401,24.48,0.0,High,0.413,0.341,0.451,0.212,-180.944,1465.107,461.6,1463.903,1.26,1.953,0.628,Miao-Modal,0.645161290322581,385364564304965306
Miao_M5,5,M,Miao,Black Miao,liuyonggui_m5_51,3825.713,4159.263,333.55,5,ta33_01,Vowel,a,Breathy,Oral,33.0,1.0,Mid,33,Unaspirated,Oral,158.089,114.166,,,827.644,252.996,1342.716,131.09,2633.979,479.197,3488.207,442.452,,,,,18.039,17.585,10.344,8.436,25.107,15.134,18.966,-10.96,22.254,-3.221,4.358,2.654,7.695,9.149,-14.763,-6.698,-0.927,28.576,-4.215,20.806,13.681,14.93,16.642,31.013,16.409,18.085,18.671,20.771,0.491,Mid,0.515,0.318,0.901,0.255,-315.902,3991.128,756.642,3989.517,0.496,4.381,0.114,Miao-Breathy,0.113216160693905,-8470106307364113488
Miao_M5,5,M,Miao,Black Miao,liuyonggui_m5_51,4323.815,4612.892,289.077,5,ta33_02,Vowel,a,Breathy,Oral,33.0,1.0,Mid,33,Unaspirated,Oral,169.376,169.957,,,881.702,196.598,1376.717,135.949,3045.062,264.95,4019.511,667.769,,,,,14.68,14.212,9.235,7.269,21.384,11.074,24.34,-6.113,25.617,-0.571,6.797,9.909,5.445,6.943,-12.149,-3.805,-9.661,20.393,-10.937,14.782,7.882,4.302,18.008,22.287,9.363,13.665,15.514,20.77,0.402,Mid,0.354,0.317,0.574,0.221,-246.151,4468.315,569.774,4466.99,1.685,2.968,0.694,Miao-Breathy,0.567722371967655,-3465303476967459362
Miao_M5,5,M,Miao,Black Miao,liuyonggui_m5_53,645.108,926.776,281.668,5,te11_01,Vowel,e,Creaky,Oral,11.0,1.0,Low,11,Unaspirated,Oral,130.975,130.588,,,647.69,24.196,1901.714,155.246,2394.486,162.471,4076.326,129.168,,,,,12.753,12.345,10.507,8.775,15.205,5.301,29.6,4.159,21.377,7.909,22.87,9.428,2.246,3.57,-4.697,3.474,-16.847,8.187,-8.625,4.436,-10.117,2.917,16.686,35.175,33.72,28.736,27.765,26.079,0.0,Low,0.426,0.397,0.798,0.361,-288.178,785.42,869.412,782.655,0.531,4.597,0.116,Miao-Creaky,0.115510115292582,-4204497129659600736
Miao_M5,5,M,Miao,Black Miao,liuyonggui_m5_53,1088.735,1377.445,288.71,5,te11_02,Vowel,e,Creaky,Oral,11.0,1.0,Low,11,Unaspirated,Oral,122.82,123.148,,,647.296,66.125,1869.497,164.266,2422.892,263.873,3813.293,267.461,,,,,8.361,7.988,12.319,10.743,9.153,0.565,24.51,-1.074,17.547,3.664,12.048,0.473,-3.958,-2.755,3.166,10.178,-16.149,9.063,-9.186,4.324,-3.687,7.516,5.12,31.953,28.123,23.655,23.281,23.837,0.0,Low,0.55,0.438,0.432,0.393,-184.24,1233.798,512.428,1230.598,1.06,3.309,0.321,Miao-Creaky,0.320338470837111,3142796592632078672
Miao_M5,5,M,Miao,Black Miao,liuyonggui_m5_58,555.847,829.245,273.398,5,ma13_01,Vowel,a,Modal,Oral,13.0,2.0,Low,13,Unaspirated,Nasal,162.844,162.723,,,872.906,178.597,1440.691,45.707,2415.868,632.715,3855.581,294.254,,,,,21.4,20.98,15.988,14.233,23.309,14.368,27.456,-2.607,33.226,8.027,12.245,4.05,5.412,6.747,-7.321,-0.136,-6.056,23.604,-11.827,12.953,9.154,16.93,48.071,26.181,12.818,13.78,14.811,22.527,0.19,Low,0.445,0.436,0.795,0.41,-387.273,692.209,985.569,689.696,0.426,4.063,0.105,Miao-Modal,0.104848634014275,447140846405932428
Miao_M5,5,M,Miao,Black Miao,liuyonggui_m5_58,991.806,1287.371,295.565,5,ma13_02,Vowel,a,Modal,Oral,13.0,2.0,Low,13,Unaspirated,Nasal,164.919,82.434,,,900.345,211.75,1392.926,95.427,2564.443,716.465,3735.595,399.016,,,,,19.778,19.343,13.759,11.939,21.382,12.081,27.213,-3.321,28.551,2.419,9.151,4.302,6.018,7.404,-7.622,-0.141,-7.436,22.693,-8.773,16.924,10.627,15.04,39.443,5.412,-3.038,2.884,6.474,18.936,0.304,Low,0.466,0.432,0.543,0.397,-403.894,1140.678,1133.645,1138.271,0.469,1.062,0.134,Miao-Modal,0.441619585687382,6481086121584467028
Miao_M5,5,M,Miao,Black Miao,liuyonggui_m5_58,5779.958,6127.247,347.289,5,na13_02,Vowel,a,Modal,Oral,13.0,2.0,Low,13,Unaspirated,Nasal,168.115,83.773,,168.608,869.21,210.171,1417.729,105.456,3056.527,890.713,3827.112,172.717,,,,,18.915,18.458,13.709,11.79,20.902,10.816,29.053,-0.9,28.039,2.836,5.597,7.658,5.206,6.668,-7.193,0.974,-10.138,19.409,-9.124,15.622,13.318,10.8,37.841,5.367,-2.544,2.277,5.971,22.575,0.03,Low,0.453,0.398,0.487,0.419,-389.042,5955.276,976.063,5952.769,1.588,1.974,0.806,Miao-Modal,0.804457953394124,7422759621124305931
Miao_M5,5,M,Miao,Black Miao,liuyonggui_m5_58,8262.704,8573.047,310.343,5,hna44_01,Vowel,a,Modal,Oral,44.0,1.0,High,44,Aspirated,Oral,176.489,176.596,,,908.165,159.278,1407.303,148.403,2366.523,1020.858,3927.069,315.982,,,,,16.666,16.186,11.063,9.049,16.778,6.126,28.152,-2.485,26.501,0.192,6.52,0.107,5.602,7.138,-5.715,2.923,-11.486,18.705,-9.836,15.994,10.145,16.079,25.765,20.475,8.712,11.648,14.427,21.032,0.0,High,0.476,0.389,0.437,0.303,-254.057,8419.189,557.663,8417.469,1.016,1.775,0.572,Miao-Modal,0.572394366197183,-6986819899065898892
Miao_M5,5,M,Miao,Black Miao,liuyonggui_m5_58,8661.716,8994.227,332.511,5,hna44_02,Vowel,a,Modal,Oral,44.0,1.0,High,44,Aspirated,Oral,172.079,172.139,,,858.429,192.707,1419.586,148.76,2896.411,560.643,3778.636,266.474,,,,,17.272,16.785,11.672,9.619,17.538,6.385,28.414,-1.284,26.897,2.061,7.797,8.154,5.6,7.166,-5.866,3.234,-11.141,18.11,-9.625,14.724,9.475,8.631,22.317,25.753,14.814,17.013,19.216,23.437,0.0,High,0.486,0.411,0.456,0.436,-284.565,8829.715,643.739,8827.179,0.778,1.901,0.411,Miao-Modal,0.409258285113098,-3580927115786404125
Miao_M5,5,M,Miao,Black Miao,liuyonggui_m5_59,481.292,777.045,295.753,5,nja13_01,Vowel,a,Modal,Oral,13.0,2.0,Low,13,Unaspirated,Nasal,156.541,156.746,,190.025,870.078,428.099,1342.956,259.116,2386.93,260.485,3584.545,330.037,,,,,11.924,11.536,4.074,2.456,16.85,8.886,23.292,-7.537,25.246,-1.283,21.543,13.066,7.85,9.08,-12.776,-6.43,-11.367,19.092,-13.322,12.819,-9.619,-1.531,18.947,35.909,22.489,18.232,16.758,24.787,0.543,Low,0.564,0.512,0.595,0.471,-238.167,629.889,660.318,626.884,0.697,2.849,0.245,Miao-Modal,0.244647244647245,-1852620451434650563
Miao_M5,5,M,Miao,Black Miao,liuyonggui_m5_59,887.953,1226.837,338.884,5,nja13_02,Vowel,a,Modal,Oral,13.0,2.0,Low,13,Unaspirated,Nasal,147.472,102.143,,,885.242,227.925,1422.336,157.667,2468.605,646.765,3815.641,252.873,,,,,10.744,10.4,6.929,5.5,16.68,9.817,23.332,-7.096,23.502,-2.08,7.859,-0.649,3.814,4.899,-9.751,-4.317,-12.588,17.511,-12.758,12.479,2.885,11.049,11.203,26.792,13.482,13.508,14.237,23.526,0.417,Low,0.53,0.473,0.557,0.523,-212.601,1059.986,629.457,1056.415,0.949,2.694,0.356,Miao-Modal,0.352264291017075,-656861571678540849
Miao_M5,5,M,Miao,Black Miao,liuyonggui_m5_71,939.16,1231.667,292.507,5,va11_01,Vowel,a,Creaky,Oral,11.0,1.0,Low,11,Unaspirated,Oral,147.722,73.172,,,1087.791,134.798,1488.775,110.978,2615.64,202.751,3670.063,664.994,,,,,20.656,20.4,9.123,8.073,18.567,13.886,31.89,-2.625,32.75,1.641,19.932,9.267,11.534,12.327,-9.444,-5.813,-11.234,23.072,-12.093,18.76,0.724,11.133,81.701,10.206,0.19,1.428,2.848,19.191,0.727,Low,0.42,0.404,0.56,0.337,-292.801,1085.485,879.563,1083.197,0.408,1.477,0.121,Miao-Creaky,0.276235612728504,8406701323441788971
Miao_M5,5,M,Miao,Black Miao,liuyonggui_m5_71,1459.596,1729.311,269.715,5,va11_02,Vowel,a,Creaky,Oral,11.0,1.0,Low,11,Unaspirated,Oral,132.602,132.683,,,1071.7,156.055,1456.271,151.88,2784.236,291.695,3676.226,428.74,,,,,14.469,14.259,13.174,12.315,14.995,11.249,32.23,-2.612,29.457,-2.076,13.412,6.16,1.296,1.944,-1.821,1.066,-17.761,16.932,-14.987,16.335,1.058,8.099,40.687,43.008,30.318,28.192,25.304,27.836,0.824,Low,0.436,0.357,0.393,0.341,-330.622,1596.779,938.637,1594.213,2.259,2.41,0.946,Miao-Creaky,0.937344398340249,4979961188230690089
Miao_M5,5,M,Miao,Black Miao,liuyonggui_m5_73,3647.528,3899.198,251.67,5,khi44_01,Vowel,i,Modal,Oral,44.0,1.0,High,44,Aspirated,Oral,172.395,172.314,,172.904,336.774,29.363,2552.712,56.151,2776.613,334.063,4174.288,127.086,,,,,18.699,16.059,22.182,6.433,-4.028,5.336,22.181,5.796,14.648,20.419,14.648,6.828,-3.483,9.626,26.21,1.097,-3.481,10.263,4.052,-4.36,4.052,9.231,3.622,23.575,40.669,39.763,33.048,19.827,0.773,High,0.691,0.648,0.721,0.622,-274.806,3775.183,720.846,3771.573,0.672,3.343,0.201,Miao-Modal,0.201017050553395,5248306977347285894
Miao_M5,5,M,Miao,Black Miao,liuyonggui_m5_73,4034.241,4322.74,288.499,5,khi44_02,Vowel,i,Modal,Oral,44.0,1.0,High,44,Aspirated,Oral,174.322,174.428,,,320.459,38.649,2456.563,56.001,2740.61,175.893,4245.271,283.852,,,,,19.276,16.178,19.536,8.235,-5.686,5.156,18.806,3.561,13.409,19.52,13.022,8.086,-0.26,7.942,25.222,3.079,0.47,12.617,5.868,-3.343,6.255,8.091,3.477,10.334,30.541,30.94,27.483,17.941,0.522,High,0.676,0.605,0.684,0.581,-322.099,4180.0,774.417,4176.654,0.74,2.552,0.181,Miao-Modal,0.289968652037618,-6112835082275083510
Miao_M5,5,M,Miao,Black Miao,liuyonggui_m5_73,6507.973,6808.749,300.776,5,ki22_01,Vowel,i,Modal,Oral,22.0,1.0,Low,22,Unaspirated,Oral,164.813,164.812,,,306.511,47.786,2382.09,58.123,2760.673,350.754,3424.941,294.345,,,,,24.249,21.35,25.498,13.129,3.225,13.573,25.493,10.632,15.963,21.657,14.982,13.332,-1.249,8.22,22.273,-0.444,-1.244,10.718,8.285,-0.308,9.267,8.018,8.507,29.558,45.847,40.73,33.61,20.487,0.863,Mid,0.652,0.628,0.726,0.585,-478.103,6659.941,1417.358,6656.391,0.353,2.562,0.138,Miao-Modal,0.137782982045277,7382688698581747199
Miao_M5,5,M,Miao,Black Miao,liuyonggui_m5_73,7017.451,7324.366,306.915,5,ki22_02,Vowel,i,Modal,Oral,22.0,1.0,Low,22,Unaspirated,Oral,142.404,142.221,,,308.286,44.34,2386.274,43.674,2825.469,311.133,3732.873,345.804,,,,,21.794,19.721,26.963,13.56,8.303,15.42,26.96,11.488,15.855,20.968,7.995,7.535,-5.169,6.162,18.66,-1.86,-5.167,8.234,5.939,-1.247,13.799,12.187,7.905,37.939,53.023,49.948,44.243,26.597,0.755,Mid,0.473,0.457,0.642,0.388,-703.831,7170.341,1346.495,7167.614,0.743,2.672,0.364,Miao-Modal,0.278068862275449,-2201403634809213684
Miao_M5,5,M,Miao,Black Miao,liuyonggui_m5_75,6550.776,6863.483,312.707,5,ne22_02,Vowel,e,Modal,Oral,22.0,1.0,Low,22,Unaspirated,Nasal,139.826,139.945,,,686.899,170.226,1922.203,189.785,2698.128,453.737,4043.699,486.393,,,,,18.185,17.752,14.856,13.01,23.433,12.512,23.022,-2.632,17.768,3.741,9.994,2.987,3.329,4.742,-8.577,0.498,-4.837,20.386,0.417,14.011,8.19,14.765,8.216,43.85,36.325,32.013,30.348,27.876,0.434,Mid,0.503,0.369,0.398,0.157,-384.091,6707.081,1073.366,6705.962,1.835,2.829,0.651,Miao-Modal,0.648639095086603,-2610471662981659487
Miao_M5,5,M,Miao,Black Miao,liuyonggui_m5_76,5857.314,6274.718,417.404,5,ou44_02,Vowel,ou,Modal,Oral,44.0,1.0,High,44,Unaspirated,Oral,174.877,173.912,,,507.751,47.807,1209.675,39.877,2668.852,81.194,4398.636,262.899,,,,,22.557,21.291,24.274,18.056,17.01,12.288,34.625,11.31,25.765,10.804,6.494,16.783,-1.717,3.234,7.264,5.769,-12.068,9.993,-3.209,10.487,16.062,4.508,44.625,19.001,16.847,25.719,27.667,23.918,0.0,High,0.541,0.462,0.542,0.416,-417.529,6066.909,1083.087,6064.541,1.022,2.004,0.516,Miao-Modal,0.50998003992016,-5512037884669408909
Miao_M5,5,M,Miao,Black Miao,liuyonggui_m5_79,214.782,523.735,308.953,5,pje44_01,Vowel,e,Modal,Oral,44.0,1.0,High,44,Unaspirated,Oral,168.612,168.311,,,338.669,15.562,2338.064,76.243,2849.93,87.673,4362.737,194.985,,,,,20.533,18.047,31.631,15.048,9.025,17.669,31.629,15.039,17.961,21.752,19.525,20.412,-11.098,2.999,22.606,-2.621,-11.097,3.009,2.572,-3.705,1.008,-2.365,20.517,33.165,41.681,39.142,34.969,27.13,0.402,High,0.512,0.495,0.592,0.422,-459.551,370.678,1020.986,368.171,0.795,1.529,0.524,Miao-Modal,0.51994767822106,5809178418266944664
Miao_M5,5,M,Miao,Black Miao,liuyonggui_m5_79,804.962,1082.228,277.266,5,pje44_02,Vowel,e,Modal,Oral,44.0,1.0,High,44,Unaspirated,Oral,165.723,165.776,,,330.283,22.891,2321.746,66.433,2834.681,93.182,4425.529,148.956,,,,,20.51,17.981,28.815,12.688,7.006,15.859,28.813,12.562,21.525,25.525,20.534,21.771,-8.305,5.294,21.809,-3.171,-8.304,5.42,-1.016,-7.543,-0.024,-3.79,14.993,38.087,47.898,43.597,37.398,26.805,0.521,High,0.487,0.472,0.589,0.404,-479.084,943.592,893.278,941.152,0.712,1.51,0.476,Miao-Modal,0.471523178807947,-5737043689324340619
Miao_M5,5,M,Miao,Black Miao,liuyonggui_m5_79,1418.907,1680.329,261.422,5,pje44_03,Vowel,e,Modal,Oral,44.0,1.0,High,44,Unaspirated,Oral,165.469,167.222,,,353.6,51.868,2274.036,91.253,2779.398,120.809,4352.837,230.793,,,,,18.58,16.315,24.318,8.462,4.306,11.887,24.316,7.089,13.955,16.429,13.114,13.459,-5.738,7.854,20.012,-3.425,-5.736,9.227,4.625,-0.113,5.466,2.856,6.404,12.24,25.509,24.085,21.655,21.298,0.752,High,0.457,0.443,0.547,0.398,-367.156,1550.669,707.737,1548.254,0.996,1.562,0.66,Miao-Modal,0.63764404609475,-9006307427864736671
Miao_M5,5,M,Miao,Black Miao,liuyonggui_m5_79,3312.235,3625.15,312.915,5,sai44_01,Vowel,ai,Modal,Oral,44.0,1.0,High,44,Unaspirated,Oral,163.698,165.01,,,523.503,96.862,1939.138,287.275,2662.578,126.714,4234.837,223.675,,,,,18.838,17.964,17.615,13.526,25.273,15.258,27.289,3.958,20.157,10.328,21.539,17.904,1.223,4.438,-7.658,-1.731,-8.451,14.008,-1.319,7.636,-2.701,0.06,17.645,24.454,20.606,18.586,17.789,24.191,0.055,High,0.512,0.475,0.546,0.454,-365.443,3470.379,999.177,3467.609,0.682,2.304,0.296,Miao-Modal,0.296006944444444,4298283552284258000
Miao_M5,5,M,Miao,Black Miao,liuyonggui_m5_79,3831.118,4140.071,308.953,5,sai44_02,Vowel,ai,Modal,Oral,44.0,1.0,High,44,Unaspirated,Oral,166.203,166.176,,,582.583,92.174,1787.373,140.481,2640.858,86.621,4084.744,122.793,,,,,16.888,16.125,14.676,11.227,26.509,10.646,26.7,2.52,18.811,5.984,18.308,14.805,2.211,4.899,-11.833,0.581,-9.813,13.608,-1.924,10.142,-1.42,1.32,12.381,19.816,16.242,15.568,17.038,22.114,0.351,High,0.488,0.425,0.489,0.393,-259.453,3986.781,647.649,3984.415,1.064,2.18,0.486,Miao-Modal,0.488073394495413,732644133479416314
Miao_M5,5,M,Miao,Black Miao,liuyonggui_m5_80,4570.627,4893.479,322.852,5,nang44_01,Vowel,ang,Modal,Nasal,44.0,1.0,High,44,Unaspirated,Nasal,158.001,158.248,,156.351,848.711,533.859,1410.272,55.887,2363.769,289.123,3851.423,316.331,,,,,17.912,17.506,15.529,13.832,22.164,13.619,16.881,-13.46,30.792,5.138,14.13,4.937,2.383,3.674,-6.635,0.213,1.031,30.982,-12.88,12.368,3.782,12.569,26.733,24.628,14.807,14.612,17.683,22.606,0.612,High,0.581,0.551,0.612,0.535,-433.607,4733.44,1133.288,4730.06,0.678,2.525,0.269,Miao-Modal,0.268514851485149,-5360498380836109985
Miao_M5,5,M,Miao,Black Miao,liuyonggui_m5_80,5040.867,5363.718,322.851,5,nang44_02,Vowel,ang,Modal,Nasal,44.0,1.0,High,44,Unaspirated,Nasal,161.745,80.609,,,747.066,487.06,1442.215,61.724,2409.485,186.176,3803.237,293.61,,,,,16.05,15.56,11.179,9.101,20.136,7.881,18.229,-10.13,29.959,7.542,13.356,5.964,4.871,6.459,-8.957,1.22,-2.179,25.701,-13.909,8.018,2.693,9.596,19.537,12.611,6.434,8.141,13.572,18.271,0.486,High,0.555,0.5,0.589,0.533,-257.409,5204.09,774.636,5200.785,0.804,2.388,0.343,Miao-Modal,0.336683417085427,-3954115266367465197
Miao_M5,5,M,Miao,Black Miao,liuyonggui_m5_80,7188.53,7462.252,273.722,5,lei44_02,Vowel,ei,Modal,Oral,44.0,1.0,High,44,Unaspirated,Oral,162.41,162.858,,,316.748,21.389,2441.477,83.147,2812.844,260.862,4348.312,138.047,,,,,18.385,15.805,26.591,11.274,6.409,15.636,26.59,10.929,21.583,27.183,16.226,14.117,-8.206,4.531,20.182,-4.363,-8.205,4.876,-3.198,-11.378,2.159,1.688,8.66,23.727,34.145,32.525,28.972,24.229,0.445,High,0.528,0.497,0.622,0.396,-483.347,7325.318,1000.893,7322.884,0.977,1.666,0.587,Miao-Modal,0.586434573829532,-5522986005702805036
Miao_M5,5,M,Miao,Black Miao,liuyonggui_m5_83,3649.049,3968.844,319.795,5,pa55_01,Vowel,a,Tense,Oral,55.0,1.0,High,55,Unaspirated,Oral,212.547,212.505,,,1093.208,566.082,1327.923,197.964,2507.456,77.489,3671.223,115.34,,,,,20.08,19.498,16.726,14.268,24.427,11.044,30.434,-5.695,32.987,-1.271,18.005,9.997,3.354,5.23,-7.701,3.224,-10.355,25.382,-12.907,20.769,2.074,9.501,58.136,35.518,21.802,21.08,22.531,24.438,0.725,High,0.484,0.443,0.548,0.289,-338.11,3808.491,716.478,3807.132,0.615,1.736,0.372,Miao-Tense,0.35426267281106,-4782818082352478738
Miao_M5,5,M,Miao,Black Miao,liuyonggui_m5_83,4136.872,4440.406,303.534,5,pa55_02,Vowel,a,Tense,Oral,55.0,1.0,High,55,Unaspirated,Oral,221.34,220.435,,,898.777,397.861,1340.846,91.303,2487.919,119.192,3592.457,323.832,,,,,20.618,19.806,16.233,12.686,26.173,-1.436,26.172,-3.669,32.153,6.276,16.955,12.258,4.385,7.12,-9.94,14.122,-5.554,23.517,-11.535,13.53,3.663,7.548,50.154,29.815,14.611,16.016,17.271,22.654,0.0,High,0.475,0.442,0.544,0.356,-340.449,4288.233,678.841,4286.627,0.614,1.349,0.472,Miao-Tense,0.455151964418087,-4035578133713158576
Miao_M5,5,M,Miao,Black Miao,liuyonggui_m5_83,5535.297,5887.613,352.316,5,te55_01,Vowel,e,Tense,Oral,55.0,1.0,High,55,Unaspirated,Oral,221.228,221.67,,,537.961,132.507,2007.183,198.628,2595.557,177.994,4024.677,266.944,,,,,19.883,18.322,22.738,13.82,7.393,7.966,22.338,0.018,15.589,6.867,13.425,7.556,-2.855,4.502,15.345,5.854,-2.455,18.306,4.294,11.455,6.458,10.767,9.603,28.034,23.213,19.161,19.507,20.611,0.171,High,0.487,0.454,0.538,0.377,-291.053,5712.088,565.742,5710.383,0.639,1.241,0.517,Miao-Tense,0.514907332796132,1987177982804015052
Miao_M5,5,M,Miao,Black Miao,liuyonggui_m5_83,6061.061,6315.813,254.752,5,te55_02,Vowel,e,Tense,Oral,55.0,1.0,High,55,Unaspirated,Oral,216.065,216.678,,,444.164,98.812,2055.941,201.391,2674.931,259.244,3979.675,208.576,,,,,19.885,17.748,24.861,9.638,9.839,14.894,23.558,2.718,18.015,13.189,11.516,9.248,-4.976,8.11,15.022,-5.256,-3.672,15.031,1.87,4.559,8.37,8.501,9.824,36.344,32.448,28.886,28.259,24.138,0.618,High,0.526,0.487,0.589,0.448,-311.79,6189.286,714.158,6187.216,0.641,1.461,0.439,Miao-Tense,0.438740588637919,1927104186906988039
Miao_M5,5,M,Miao,Black Miao,liuyonggui_m5_84,430.259,738.009,307.75,5,se55_01,Vowel,e,Tense,Oral,55.0,1.0,High,55,Unaspirated,Oral,204.065,203.993,,,596.648,67.896,1896.992,237.494,2513.491,175.117,3973.49,325.801,,,,,18.397,17.22,17.545,11.733,15.54,12.217,29.106,5.993,21.071,10.527,16.608,9.251,0.851,5.487,2.005,-0.484,-10.71,11.228,-2.674,6.693,1.789,7.969,18.291,35.645,26.458,21.392,22.795,24.274,0.0,High,0.485,0.381,0.4,0.274,-250.772,584.842,386.755,583.501,0.963,1.537,0.629,Miao-Tense,0.626545217957059,4696959001167992363
Miao_M5,5,M,Miao,Black Miao,liuyonggui_m5_84,981.504,1235.145,253.641,5,se55_02,Vowel,e,Tense,Oral,55.0,1.0,High,55,Unaspirated,Oral,203.724,203.607,,,596.872,54.424,1849.358,223.713,2516.069,154.028,3970.593,405.885,,,,,17.207,16.022,21.046,15.184,17.98,14.689,30.116,7.01,21.516,10.686,17.356,10.875,-3.839,0.837,3.067,0.496,-12.909,9.013,-4.309,5.336,-0.149,5.146,22.466,44.986,35.261,29.758,30.143,26.361,0.0,High,0.556,0.451,0.529,0.289,-241.986,1108.62,505.634,1107.2,0.96,1.697,0.566,Miao-Tense,0.56570418385386,2480239762112731200
Miao_M5,5,M,Miao,Black Miao,liuyonggui_m5_84,2435.709,2750.224,314.515,5,te55_01,Vowel,e,Tense,Oral,55.0,1.0,High,55,Unaspirated,Oral,228.012,228.117,,,675.446,50.354,2034.476,114.707,2456.545,140.684,3978.96,229.909,,,,,20.623,19.455,21.17,15.432,11.052,7.279,31.304,7.721,24.384,13.688,20.905,6.961,-0.547,4.023,10.118,8.153,-10.681,11.735,-3.761,5.766,-0.282,12.493,34.884,29.783,22.895,18.006,19.594,20.419,0.0,High,0.512,0.46,0.53,0.381,-275.179,2593.065,547.535,2591.391,0.692,1.346,0.519,Miao-Tense,0.514115898959881,-3675350913782747480
Miao_M5,5,M,Miao,Black Miao,liuyonggui_m5_84,2953.136,3210.158,257.022,5,te55_02,Vowel,e,Tense,Oral,55.0,1.0,High,55,Unaspirated,Oral,219.662,219.268,,219.861,657.351,40.665,1973.511,72.02,2478.563,142.011,4020.814,409.767,,,,,20.591,19.444,19.345,13.738,13.74,9.66,31.185,7.635,23.373,12.381,16.632,4.972,1.246,5.706,5.606,4.078,-10.594,11.81,-2.782,7.063,3.959,14.472,31.492,35.557,26.702,22.098,23.251,23.429,0.0,High,0.479,0.406,0.438,0.299,-267.715,3081.791,403.212,3080.429,0.834,1.228,0.684,Miao-Tense,0.679153094462541,-6740948275020012264
Miao_M5,5,M,Miao,Black Miao,liuyonggui_m5_85,452.577,789.837,337.26,5,te55_01,Vowel,e,Tense,Oral,55.0,1.0,High,55,Unaspirated,Oral,208.886,208.353,,,621.148,47.599,2017.617,129.583,2461.338,146.399,4040.327,522.693,,,,,20.53,19.393,20.043,14.46,17.873,14.166,33.14,9.927,25.101,15.346,21.719,9.516,0.487,4.933,2.17,0.294,-12.61,9.467,-4.571,4.047,-1.189,9.877,46.641,19.116,14.46,11.093,13.33,21.815,0.0,High,0.547,0.476,0.559,0.406,-297.294,621.505,666.933,619.544,0.789,1.304,0.394,Miao-Tense,0.605061349693252,-5819756549473687242
Miao_M5,5,M,Miao,Black Miao,liuyonggui_m5_85,1018.136,1282.755,264.619,5,te55_02,Vowel,e,Tense,Oral,55.0,1.0,High,55,Unaspirated,Oral,221.232,221.111,,,661.288,25.907,1990.909,161.737,2579.034,236.966,4196.11,318.191,,,,,21.519,20.372,21.155,15.546,15.554,11.483,34.587,11.027,22.875,11.937,16.496,7.219,0.365,4.826,5.6,4.063,-13.068,9.347,-1.356,8.434,5.024,13.153,61.139,25.656,18.203,14.359,15.373,21.022,0.0,High,0.463,0.433,0.526,0.385,-271.682,1151.029,573.577,1149.291,0.632,0.717,0.386,Miao-Tense,0.881450488145049,-7707442050882047746
Miao_M5,5,M,Miao,Black Miao,liuyonggui_m5_85,3124.712,3404.897,280.185,5,hle55_01,Vowel,e,Tense,Oral,55.0,1.0,High,55,Unaspirated,Oral,221.512,223.21,,,664.755,70.071,1892.534,219.664,2424.36,101.609,4334.715,661.422,,,,,20.819,19.652,18.954,13.254,16.203,11.891,32.561,8.844,21.299,9.095,22.866,12.088,1.865,6.398,2.751,1.363,-11.743,10.809,-0.48,10.557,-2.047,7.564,38.864,30.059,22.29,18.824,21.175,21.966,0.0,High,0.531,0.43,0.495,0.254,-269.955,3264.845,523.989,3263.691,0.805,1.165,0.382,Miao-Tense,0.690987124463519,2487757668594793095
Miao_M5,5,M,Miao,Black Miao,liuyonggui_m5_85,3612.441,3887.437,274.996,5,hle55_02,Vowel,e,Tense,Oral,55.0,1.0,High,55,Unaspirated,Oral,230.517,230.425,,,686.012,34.224,1845.264,177.816,2387.751,197.493,4300.361,442.596,,,,,19.577,18.386,18.86,13.034,10.676,6.286,29.743,5.842,19.603,6.679,17.516,6.254,0.717,5.352,8.184,6.748,-10.166,12.546,-0.026,11.707,2.062,12.132,26.778,32.007,26.41,21.913,23.75,23.093,0.0,High,0.451,0.386,0.449,0.265,-283.126,3750.425,423.8,3749.274,0.727,1.144,0.64,Miao-Tense,0.63548951048951,-2240606478028635339
Miao_M5,5,M,Miao,Black Miao,liuyonggui_m5_85,4769.501,5044.498,274.997,5,ke55_01,Vowel,e,Tense,Oral,55.0,1.0,High,55,Unaspirated,Oral,223.021,222.763,,,447.037,23.288,2239.996,70.336,2659.835,123.7,4094.511,212.691,,,,,21.634,19.072,32.539,12.512,8.677,16.507,32.539,12.504,22.949,21.923,19.928,13.964,-10.905,6.56,23.862,-3.996,-10.904,6.568,-1.314,-2.851,1.707,5.108,34.659,49.415,50.462,47.995,45.498,29.633,0.392,High,0.547,0.52,0.603,0.505,-285.686,4908.002,542.373,4905.735,0.62,1.382,0.449,Miao-Tense,0.44862518089725,2047736216347260835
Miao_M5,5,M,Miao,Black Miao,liuyonggui_m5_86,3779.044,4044.865,265.821,5,chjang55_01,Vowel,ang,Tense,Nasal,55.0,1.0,High,55,Aspirated,Oral,214.333,213.249,,,596.452,780.169,1460.596,123.504,2303.051,83.149,3734.897,749.191,,,,,21.698,19.949,13.057,2.903,18.966,18.512,18.248,-4.25,26.535,13.907,17.911,16.43,8.64,17.047,-5.909,-15.609,3.449,24.203,-4.838,6.043,3.787,3.519,23.588,14.791,4.842,4.904,11.493,15.659,0.033,High,0.483,0.449,0.476,0.326,-359.844,3911.755,731.811,3910.232,0.626,0.713,0.326,Miao-Tense,0.877980364656382,-8337803401306355535
Miao_M5,5,M,Miao,Black Miao,liuyonggui_m5_86,4184.772,4478.575,293.803,5,chjang55_02,Vowel,ang,Tense,Nasal,55.0,1.0,High,55,Aspirated,Oral,220.779,220.962,,,752.859,454.229,1466.239,138.528,2336.936,181.098,4016.078,826.852,,,,,20.956,19.968,10.899,6.361,18.423,5.506,19.246,-6.98,20.668,1.074,10.324,3.068,10.057,13.607,-7.524,0.855,1.71,26.957,0.288,18.893,10.633,16.9,9.205,26.508,16.054,16.017,20.954,18.614,0.0,High,0.369,0.348,0.447,0.279,-313.381,4331.171,668.85,4329.729,0.564,2.438,0.181,Miao-Tense,0.231337161607875,-3104571215796988215
Miao_M5,5,M,Miao,Black Miao,liuyonggui_m5_86,5604.82,5968.577,363.757,5,ne22_01,Vowel,e,Modal,Oral,22.0,1.0,Low,22,Unaspirated,Nasal,151.241,151.248,,,599.244,65.68,1933.661,296.635,2510.541,187.999,3668.882,505.651,,,,,22.245,21.616,15.952,13.173,33.726,9.795,33.724,9.439,25.673,14.082,24.786,15.947,6.293,8.443,-17.774,3.378,-11.48,12.178,-3.429,7.534,-2.542,5.669,47.074,40.979,32.148,26.843,25.192,27.489,0.555,Mid,0.438,0.354,0.415,0.219,-431.0,5787.249,1237.563,5785.803,1.415,2.16,0.656,Miao-Modal,0.655092592592593,6477076839771078640
Miao_M5,5,M,Miao,Black Miao,liuyonggui_m5_86,6136.464,6458.249,321.785,5,ne22_02,Vowel,e,Modal,Oral,22.0,1.0,Low,22,Unaspirated,Nasal,141.672,141.555,,,647.518,139.336,1887.294,180.486,2485.684,229.281,3604.256,525.331,,,,,19.809,19.328,15.226,13.159,26.336,12.986,27.269,2.039,25.782,12.266,19.815,9.687,4.583,6.169,-11.11,0.173,-7.46,17.291,-5.973,7.062,-0.006,9.641,22.82,45.725,35.774,29.006,27.238,27.727,0.0,Mid,0.521,0.392,0.461,0.324,-364.016,6299.113,1101.399,6296.83,1.786,2.628,0.68,Miao-Modal,0.679604261796043,6579643816916664061
Miao_M5,5,M,Miao,Black Miao,liuyonggui_m5_86,7472.569,7871.302,398.733,5,tu22_01,Vowel,u,Modal,Oral,22.0,1.0,Low,22,Unaspirated,Oral,143.769,144.016,,144.467,365.002,142.936,896.934,50.667,2614.115,189.211,3845.511,75.788,,,,,21.54,19.863,21.532,12.457,11.388,10.095,14.018,-5.991,16.146,3.44,-9.837,11.026,0.008,7.406,10.145,2.362,7.522,25.87,5.395,16.423,31.377,8.837,4.203,26.582,31.052,40.154,40.929,23.785,0.154,Mid,0.532,0.483,0.575,0.456,-501.35,7672.139,1324.994,7668.971,1.193,3.309,0.357,Miao-Modal,0.360531882744031,8392948030664965733
Miao_M5,5,M,Miao,Black Miao,liuyonggui_m5_86,8011.208,8346.983,335.775,5,tu22_02,Vowel,u,Modal,Oral,22.0,1.0,Low,22,Unaspirated,Oral,137.332,137.624,,,360.783,90.434,838.34,38.57,2586.331,103.065,3835.615,95.612,,,,,18.845,17.224,21.14,12.557,11.555,9.385,15.607,-4.269,16.182,2.986,-10.793,11.391,-2.295,4.667,9.586,3.172,3.238,21.512,2.663,14.238,29.638,5.834,3.204,32.483,38.732,47.305,46.978,23.047,0.458,Mid,0.551,0.492,0.582,0.363,-419.696,8178.473,1183.13,8175.831,0.786,3.851,0.204,Miao-Modal,0.204102830433654,-7939560769794535740
Miao_M5,5,M,Miao,Black Miao,liuyonggui_m5_89,436.836,881.156,444.32,5,ta33_01,Vowel,a,Breathy,Oral,33.0,1.0,Mid,33,Unaspirated,Oral,158.528,158.144,,,1014.764,230.999,1420.519,93.741,2550.777,161.458,3752.187,644.363,,,,,21.221,20.9,12.517,11.193,20.697,14.566,29.36,-4.105,32.319,2.289,15.903,7.054,8.704,9.707,-8.18,-3.372,-8.139,25.049,-11.098,18.611,5.318,13.846,63.117,26.406,12.019,13.225,14.748,21.792,0.668,Mid,0.462,0.389,0.503,0.371,-356.873,659.947,855.105,657.595,1.187,1.386,0.508,Miao-Breathy,0.856421356421357,-2190934454698495858
Miao_M5,5,M,Miao,Black Miao,liuyonggui_m5_89,1016.384,1422.068,405.684,5,ta33_02,Vowel,a,Breathy,Oral,33.0,1.0,Mid,33,Unaspirated,Oral,162.251,162.433,,,1016.778,176.729,1410.735,65.29,2583.452,193.793,3952.313,738.032,,,,,20.229,19.883,11.633,10.202,17.459,10.747,29.471,-4.085,32.885,2.602,15.704,7.973,8.597,9.682,-5.827,-0.545,-9.241,24.022,-12.655,17.281,4.525,11.91,61.581,42.536,28.027,27.951,27.395,25.827,0.19,Mid,0.465,0.392,0.478,0.343,-348.213,1219.7,724.914,1217.584,1.699,2.062,0.835,Miao-Breathy,0.823957322987391,8854758811980188668
Miao_M5,5,M,Miao,Black Miao,liuyonggui_m5_89,3131.737,3566.398,434.661,5,ma33_02,Vowel,a,Breathy,Oral,33.0,1.0,Mid,33,Unaspirated,Nasal,150.777,75.523,,,1004.398,332.122,1356.417,125.729,2597.521,106.113,3735.249,287.042,,,,,21.459,21.145,15.469,14.175,22.612,16.661,30.11,-3.825,31.75,0.867,17.527,10.836,5.99,6.97,-7.143,-2.486,-8.651,25.03,-10.291,20.278,3.931,10.309,60.825,5.161,-2.388,3.345,7.701,18.654,0.595,Mid,0.481,0.408,0.502,0.41,-445.007,3350.804,1198.155,3348.097,2.232,2.421,0.92,Miao-Breathy,0.921933085501859,9028552977650139524
Miao_M5,5,M,Miao,Black Miao,liuyonggui_m5_89,8975.518,9458.475,482.957,5,nou33_02,Vowel,ou,Breathy,Oral,33.0,1.0,Mid,33,Unaspirated,Nasal,165.473,82.525,,,640.034,133.51,1351.777,70.576,2543.53,170.655,3753.069,270.097,,,,,22.615,21.91,16.521,13.419,28.293,5.869,28.29,2.379,22.322,3.476,8.314,8.962,6.094,8.49,-11.772,7.55,-5.675,19.54,0.293,18.434,14.301,12.948,18.932,8.652,2.051,7.669,11.995,17.101,0.383,Mid,0.543,0.395,0.452,0.26,-527.634,9217.367,996.671,9215.8,1.504,2.29,0.667,Miao-Breathy,0.656768558951965,-4731915167913270120
Miao_M5,5,M,Miao,Black Miao,liuyonggui_m5_90,2480.954,2785.181,304.227,5,tjo13_01,Vowel,o,Modal,Oral,13.0,2.0,Low,13,Unaspirated,Oral,172.903,174.17,,,388.278,85.697,717.594,135.248,2657.881,218.491,3673.521,57.555,,,,,21.617,19.162,28.178,12.774,18.988,5.793,27.914,6.621,18.986,2.788,-7.193,18.653,-6.561,6.388,9.19,6.981,-6.297,12.61,2.631,16.374,28.81,0.509,15.318,6.157,14.792,26.314,29.307,17.446,0.626,Low,0.552,0.49,0.587,0.405,-607.478,2633.667,1241.487,2631.325,0.897,2.176,0.427,Miao-Modal,0.412224264705882,4472482579330873781
Miao_M5,5,M,Miao,Black Miao,liuyonggui_m5_90,2955.733,3287.618,331.885,5,tjo13_02,Vowel,o,Modal,Oral,13.0,2.0,Low,13,Unaspirated,Oral,172.742,173.026,,173.43,387.945,121.746,691.862,139.562,2735.413,128.361,3733.846,53.039,,,,,19.969,17.505,24.634,9.392,17.728,2.026,24.027,2.3,17.726,0.682,-7.963,19.501,-4.665,8.113,6.907,7.367,-4.058,15.303,2.243,16.823,27.932,-1.996,7.546,25.201,31.349,40.678,40.383,21.06,0.558,Low,0.513,0.465,0.544,0.375,-634.404,3122.405,1196.386,3120.243,0.907,2.188,0.432,Miao-Modal,0.414533820840951,2261253770745425113
Miao_M5,5,M,Miao,Black Miao,liuyonggui_m5_90,4310.929,4652.033,341.104,5,hou13_01,Vowel,ou,Modal,Oral,13.0,2.0,Low,13,Aspirated,Oral,164.406,163.153,,,513.569,120.981,1066.061,256.937,2734.435,161.569,4003.532,130.581,,,,,20.816,19.788,18.891,14.103,26.73,14.18,29.676,4.851,19.641,1.584,4.53,16.342,1.924,5.685,-7.839,-0.076,-8.861,14.962,1.175,18.204,16.286,3.446,16.993,22.767,17.167,23.067,24.096,21.555,0.14,Low,0.593,0.509,0.641,0.446,-445.627,4482.549,1086.221,4479.842,1.024,2.509,0.41,Miao-Modal,0.408130729374253,-2355074662222781300
Miao_M5,5,M,Miao,Black Miao,liuyonggui_m5_90,4781.099,5209.783,428.684,5,hou13_02,Vowel,ou,Modal,Oral,13.0,2.0,Low,13,Aspirated,Oral,165.864,165.755,,165.905,496.245,73.595,1130.858,145.398,2761.38,130.786,3892.289,200.094,,,,,21.901,20.745,20.768,15.235,22.644,15.68,30.429,6.587,17.51,1.592,1.718,14.628,1.134,5.511,-1.876,-0.445,-8.528,14.176,4.391,19.153,20.183,6.117,20.8,9.842,7.095,16.482,19.817,16.523,0.0,Low,0.598,0.519,0.59,0.504,-517.727,4997.005,1230.738,4993.993,1.138,2.459,0.474,Miao-Modal,0.46278975193168,-5904750818635531661
Miao_M5,5,M,Miao,Black Miao,liuyonggui_m5_91,3818.892,4107.507,288.615,5,pu11_01,Vowel,u,Creaky,Oral,11.0,1.0,Low,11,Unaspirated,Oral,140.502,140.518,,,390.599,91.35,829.032,30.748,2625.816,154.465,3734.04,56.403,,,,,20.555,19.078,20.832,13.361,15.893,11.347,16.656,-5.013,13.594,-1.515,-13.729,7.472,-0.276,5.717,4.939,2.013,3.9,24.118,6.961,20.592,34.285,11.606,3.371,21.069,29.898,41.366,43.498,17.372,0.742,Low,0.559,0.504,0.593,0.458,-597.673,3964.109,1201.898,3960.853,1.158,3.577,0.323,Miao-Creaky,0.323734973441431,-8429340416309487203
Miao_M5,5,M,Miao,Black Miao,liuyonggui_m5_91,4218.83,4544.553,325.723,5,pu11_02,Vowel,u,Creaky,Oral,11.0,1.0,Low,11,Unaspirated,Oral,128.898,128.882,,,320.688,62.943,707.263,89.661,2624.568,109.943,3604.537,79.903,,,,,17.676,15.939,23.992,14.728,15.163,11.691,19.383,0.2,9.502,-4.609,-13.912,12.65,-6.315,1.211,8.829,3.038,-1.706,15.773,8.174,20.548,31.588,3.289,4.633,15.079,29.019,40.552,42.892,15.808,0.797,Low,0.612,0.515,0.69,0.378,-531.914,4381.207,1263.884,4378.263,1.219,3.893,0.313,Miao-Creaky,0.31312612381197,-7096219402899090320
Miao_M5,5,M,Miao,Black Miao,liuyonggui_m5_92,428.239,838.232,409.993,5,nje11_01,Vowel,e,Creaky,Oral,11.0,1.0,Low,11,Unaspirated,Nasal,157.863,157.827,,,315.966,110.586,2351.497,81.468,3241.7,339.603,3971.842,358.145,,,,,24.589,22.091,25.094,9.722,10.858,19.753,25.093,9.582,23.406,28.313,13.714,23.415,-0.505,12.369,14.236,-10.031,-0.504,12.509,1.182,-6.223,10.875,-1.324,12.036,41.561,52.528,48.93,42.396,27.616,0.0,Low,0.629,0.513,0.622,0.421,-424.93,633.647,1086.535,630.979,0.778,3.793,0.205,Miao-Creaky,0.205114684945953,1727829706337848382
Miao_M5,5,M,Miao,Black Miao,liuyonggui_m5_92,920.231,1330.224,409.993,5,nje11_02,Vowel,e,Creaky,Oral,11.0,1.0,Low,11,Unaspirated,Nasal,139.306,138.586,,,418.399,39.697,2297.6,65.185,2517.497,421.438,3903.097,145.268,,,,,21.074,20.016,21.231,16.007,15.932,13.265,25.086,3.997,19.19,17.898,19.159,5.687,-0.157,4.009,5.299,2.742,-4.012,16.019,1.884,2.118,1.915,14.329,9.913,16.904,29.323,26.101,22.644,17.717,0.0,Low,0.578,0.485,0.575,0.33,-445.328,1125.808,1182.117,1123.403,1.002,3.22,0.312,Miao-Creaky,0.311180124223602,5898321709347118640
Miao_M5,5,M,Miao,Black Miao,liuyonggui_m5_92,4036.18,4421.573,385.393,5,tou11_01,Vowel,ou,Creaky,Oral,11.0,1.0,Low,11,Unaspirated,Oral,154.802,153.464,,,530.449,78.844,1157.99,73.562,2739.35,332.348,3992.56,126.033,,,,,21.896,21.036,20.641,16.735,30.304,13.509,31.284,6.387,23.301,5.723,1.557,10.469,1.255,4.301,-9.663,3.226,-9.387,14.665,-1.405,15.313,20.34,10.567,24.711,20.479,15.743,20.912,22.114,19.514,0.268,Low,0.577,0.508,0.6,0.416,-547.846,4229.69,1286.315,4227.006,1.035,2.507,0.411,Miao-Creaky,0.412844036697248,-2489002416483409847
Miao_M5,5,M,Miao,Black Miao,liuyonggui_m5_92,4478.972,4962.764,483.792,5,tou11_02,Vowel,ou,Creaky,Oral,11.0,1.0,Low,11,Unaspirated,Oral,119.765,119.37,,,437.794,107.466,1070.941,237.615,2807.022,210.64,3759.612,72.429,,,,,15.766,15.003,20.867,17.449,26.113,8.729,25.402,1.842,12.028,-3.004,-1.055,14.462,-5.101,-2.446,-5.246,8.721,-9.636,13.174,3.737,18.007,16.821,0.54,6.948,14.088,15.036,23.149,23.72,17.287,0.641,Low,0.625,0.523,0.62,0.337,-419.13,4720.202,1015.09,4717.392,1.237,4.006,0.312,Miao-Creaky,0.308786819770345,95836953835767651
Miao_M5,5,M,Miao,Black Miao,liuyonggui_m5_92,6110.746,6528.939,418.193,5,tju11_01,Vowel,u,Creaky,Oral,11.0,1.0,Low,11,Unaspirated,Oral,139.794,138.777,,,293.529,108.244,964.348,94.096,2557.875,105.195,3844.925,71.555,,,,,20.143,17.696,22.771,8.153,11.285,16.525,22.761,7.563,8.888,1.659,-8.935,13.047,-2.628,9.542,11.487,-8.371,-2.617,10.138,11.255,16.037,29.078,4.649,3.097,21.584,27.587,34.378,36.116,18.123,0.85,Low,0.508,0.485,0.606,0.399,-609.803,6320.306,1054.813,6317.439,1.881,1.979,1.005,Miao-Creaky,0.950480040424457,-4729337729799415102
Miao_M5,5,M,Miao,Black Miao,liuyonggui_m5_92,6627.337,7061.93,434.593,5,tju11_02,Vowel,u,Creaky,Oral,11.0,1.0,Low,11,Unaspirated,Oral,126.347,126.31,,,297.246,60.112,931.009,428.586,2577.896,140.737,3788.97,90.798,,,,,16.748,14.884,24.752,14.02,12.004,14.425,21.729,5.483,-0.296,-8.965,-11.046,11.398,-8.004,0.864,12.749,-0.405,-4.98,9.408,17.044,23.848,27.794,3.485,3.861,20.098,29.675,36.178,37.53,17.266,0.676,Low,0.686,0.534,0.749,0.472,-541.646,6844.935,1214.322,6841.171,1.363,4.188,0.326,Miao-Creaky,0.325453677172875,2956963077597196505
Miao_M5,5,M,Miao,Black Miao,liuyonggui_m5_92,8070.514,8546.106,475.592,5,ji11_01,Vowel,i,Creaky,Oral,11.0,1.0,Low,11,Unaspirated,Oral,156.51,155.779,,,390.926,27.924,2360.783,45.368,2786.438,451.509,3883.164,245.545,,,,,26.247,23.232,25.512,14.727,2.582,13.41,25.176,11.248,12.62,19.129,5.023,6.887,0.735,8.505,22.93,1.317,1.071,11.985,13.628,4.103,21.224,16.345,9.645,20.485,39.682,37.522,32.504,19.268,0.38,Low,0.628,0.588,0.66,0.497,-591.086,8309.078,1037.13,8305.876,1.193,1.843,0.725,Miao-Creaky,0.647314161692892,-9044068588997906035
Miao_M5,5,M,Miao,Black Miao,liuyonggui_m5_92,8611.705,9021.698,409.993,5,ji11_02,Vowel,i,Creaky,Oral,11.0,1.0,Low,11,Unaspirated,Oral,137.703,137.497,,,396.902,44.9,2314.688,45.254,2715.416,404.586,3830.249,129.72,,,,,22.292,20.152,25.444,11.919,8.736,16.218,25.442,10.557,12.383,17.489,5.547,4.879,-3.153,8.232,16.708,-4.298,-3.15,9.594,9.908,2.663,16.745,15.273,5.952,14.671,35.812,34.135,30.005,18.059,0.789,Low,0.523,0.497,0.611,0.42,-663.985,8817.142,1114.235,8814.091,2.102,2.329,1.069,Miao-Creaky,0.902533276084156,-1029108715881336757
Miao_M2,2,M,Miao,Black Miao,zhangxueqi_m2_01,1209.245,1609.722,400.477,5,ki55_01,Vowel,i,Tense,Oral,55.0,1.0,High,55,Unaspirated,Oral,257.685,257.889,,258.593,469.108,67.356,2121.751,163.96,2666.687,245.813,3429.603,552.459,,,,,18.498,15.207,17.991,5.379,-4.345,4.904,17.729,-2.168,7.117,4.853,7.411,4.581,0.507,9.828,22.335,0.475,0.769,17.376,11.381,10.354,11.087,10.626,2.898,30.1,42.067,44.257,44.784,27.631,0.256,High,0.693,0.683,0.843,0.635,-601.428,1410.298,1453.225,1407.836,0.449,1.681,0.268,Miao-Tense,0.267102914931588,2655054692677159215
Miao_M2,2,M,Miao,Black Miao,zhangxueqi_m2_01,1729.162,2066.405,337.243,5,ki22_01,Vowel,i,Modal,Oral,22.0,1.0,Low,22,Unaspirated,Oral,169.039,168.783,,,335.21,8.344,2135.996,67.258,2705.49,213.522,3361.226,242.71,,,,,20.669,18.116,30.367,13.999,4.734,13.451,30.366,13.887,9.164,11.099,5.63,7.719,-9.698,4.117,25.634,0.548,-9.697,4.229,11.505,7.016,15.039,10.397,14.518,27.706,45.231,45.013,42.797,27.205,0.281,Mid,0.61,0.533,0.581,0.477,-628.498,1899.711,1715.515,1896.887,1.347,2.108,0.644,Miao-Modal,0.638994307400379,4333724883452650805
Miao_M2,2,M,Miao,Black Miao,zhangxueqi_m2_01,2747.917,3102.725,354.808,5,ki33_01,Vowel,i,Breathy,Oral,33.0,1.0,Mid,33,Unaspirated,Oral,192.453,192.258,,,370.391,24.86,2119.049,127.229,2650.286,260.006,4001.404,368.894,,,,,23.115,20.371,25.687,9.193,-0.258,8.737,25.686,7.918,5.774,6.33,4.449,3.423,-2.572,11.178,25.945,0.455,-2.571,12.453,17.341,14.041,18.666,16.948,7.639,25.601,45.538,46.604,43.382,24.601,0.851,Mid,0.605,0.568,0.659,0.541,-611.464,2926.825,1802.141,2924.023,0.603,2.38,0.254,Miao-Breathy,0.253361344537815,-3085739041256066890
Miao_M2,2,M,Miao,Black Miao,zhangxueqi_m2_01,3320.528,3675.336,354.808,5,ki13_01,Vowel,i,Modal,Oral,13.0,2.0,Low,13,Unaspirated,Oral,195.794,196.272,,195.968,376.536,41.752,2146.984,106.431,2722.74,276.588,4020.031,226.185,,,,,24.433,21.662,26.398,10.081,0.67,9.743,26.397,8.51,10.146,10.822,8.577,8.701,-1.965,11.581,25.728,0.338,-1.963,13.152,14.287,10.841,15.856,12.961,9.895,26.119,40.916,40.404,37.979,26.165,0.448,Low,0.634,0.599,0.689,0.581,-631.028,3499.195,1749.091,3496.24,0.579,2.383,0.244,Miao-Modal,0.242971044901385,-41549715825846373
Miao_M2,2,M,Miao,Black Miao,zhangxueqi_m2_02,2487.036,2890.965,403.929,5,la44_01,Vowel,a,Modal,Oral,44.0,1.0,High,44,Unaspirated,Oral,179.241,179.38,,177.309,838.55,131.204,1284.147,268.413,2387.552,366.453,4063.13,281.348,,,,,21.28,20.695,21.025,18.537,30.075,15.466,34.544,4.315,27.505,1.192,11.893,7.24,0.255,2.158,-9.05,3.07,-13.264,16.412,-6.225,19.503,9.387,13.455,60.867,31.784,28.205,30.566,31.504,28.541,0.0,High,0.528,0.483,0.574,0.518,-628.18,2690.64,1756.139,2687.747,0.633,1.91,0.331,Miao-Modal,0.331413612565445,1718114359487558968
Miao_M2,2,M,Miao,Black Miao,zhangxueqi_m2_02,3270.519,3629.18,358.661,5,la44_02,Vowel,a,Modal,Oral,44.0,1.0,High,44,Unaspirated,Oral,150.614,150.724,,150.561,787.896,390.546,1243.509,320.396,2324.047,404.88,4296.999,407.396,,,,,17.631,17.143,12.172,10.11,20.72,9.403,13.734,-15.826,15.771,-9.491,-3.376,-7.745,5.459,7.032,-8.548,0.707,3.897,32.989,1.86,26.633,21.007,24.887,4.036,39.922,33.299,36.022,39.624,25.23,0.449,High,0.523,0.46,0.521,0.499,-502.244,3452.008,1469.019,3448.692,1.458,2.351,0.62,Miao-Modal,0.620161633347512,614169224155341305
Miao_M2,2,M,Miao,Black Miao,zhangxueqi_m2_03,462.948,782.447,319.499,5,la44_03,Vowel,a,Modal,Oral,44.0,1.0,High,44,Unaspirated,Oral,132.333,132.353,,132.765,809.05,199.375,1285.017,114.639,2568.659,348.416,3986.98,263.38,,,,,19.082,18.744,15.9,14.499,22.363,15.683,25.7,-4.589,25.601,-0.293,5.003,3.539,3.182,4.244,-6.463,-1.184,-6.618,23.361,-6.519,19.037,14.078,15.205,19.528,45.044,38.74,42.58,43.811,35.616,0.819,High,0.529,0.433,0.54,0.344,-322.151,623.301,1335.943,620.697,1.436,1.692,0.369,Miao-Modal,0.848699763593381,1731574268690677069
Miao_M2,2,M,Miao,Black Miao,zhangxueqi_m2_03,1605.87,1876.015,270.145,5,la44_04,Vowel,a,Modal,Oral,44.0,1.0,High,44,Unaspirated,Oral,139.883,140.131,,139.627,715.108,235.782,1226.085,108.735,2560.388,336.456,3979.428,352.157,,,,,21.982,21.529,15.941,14.033,23.35,13.217,29.186,0.531,28.011,4.283,6.755,8.081,6.041,7.496,-7.409,0.815,-7.204,21.021,-6.029,17.245,15.227,13.448,24.732,40.478,33.153,37.381,38.427,31.287,0.815,High,0.471,0.422,0.497,0.445,-459.54,1743.073,1459.642,1739.89,1.361,2.324,0.584,Miao-Modal,0.585628227194492,-898079391222816475
Miao_M2,2,M,Miao,Black Miao,zhangxueqi_m2_05,1579.59,1903.061,323.471,5,la55_01,Vowel,a,Tense,Oral,55.0,1.0,High,55,Unaspirated,Oral,187.117,187.181,,,914.52,139.727,1327.683,222.138,2509.465,414.258,4065.189,408.3,,,,,20.843,20.288,20.92,18.573,23.543,10.509,33.183,1.728,27.799,-0.159,10.982,6.297,-0.077,1.715,-2.623,8.064,-12.34,18.61,-6.956,20.447,9.862,13.991,45.821,35.402,27.288,29.709,30.115,29.342,0.0,High,0.547,0.502,0.606,0.531,-482.679,1742.817,1575.402,1739.984,0.621,1.272,0.227,Miao-Tense,0.488207547169811,-4735481624606297375
Miao_M2,2,M,Miao,Black Miao,zhangxueqi_m2_05,2755.597,3051.654,296.057,5,la55_02,Vowel,a,Tense,Oral,55.0,1.0,High,55,Unaspirated,Oral,178.175,178.706,,177.309,818.696,197.048,1221.246,240.427,2532.585,335.146,4158.673,330.664,,,,,19.344,18.721,16.383,13.726,24.089,7.931,27.664,-2.707,22.775,-4.018,2.249,2.132,2.961,4.995,-7.706,5.795,-8.32,21.482,-3.431,22.739,17.095,16.589,17.519,29.386,23.369,28.696,32.34,27.613,0.0,High,0.53,0.484,0.567,0.507,-541.006,2905.416,1485.149,2902.574,0.756,2.028,0.373,Miao-Tense,0.372781065088757,-826210595679972627
Miao_M2,2,M,Miao,Black Miao,zhangxueqi_m2_06,4095.435,4451.859,356.424,5,la22_02,Vowel,a,Modal,Oral,22.0,1.0,Low,22,Unaspirated,Oral,126.559,126.854,,,789.32,277.171,1237.539,150.253,2469.05,265.773,4035.221,353.971,,,,,19.919,19.593,14.355,13.004,19.029,12.665,20.467,-10.215,22.612,-4.003,6.548,4.305,5.564,6.589,-4.674,0.34,-0.548,29.836,-2.692,23.596,13.371,15.288,10.426,45.003,33.662,35.069,34.889,28.437,0.0,Mid,0.458,0.392,0.459,0.435,-463.488,4276.391,1627.995,4272.958,2.097,2.617,0.802,Miao-Modal,0.801299197554452,-1653212483586922141
Miao_M2,2,M,Miao,Black Miao,zhangxueqi_m2_07,1482.924,1817.65,334.726,5,la22_03,Vowel,a,Modal,Oral,22.0,1.0,Low,22,Unaspirated,Oral,112.074,112.345,,,741.483,291.081,1233.006,125.33,2604.954,499.596,4050.225,254.806,,,,,19.073,18.79,17.617,16.452,15.936,10.548,21.043,-8.552,21.203,-3.594,0.751,1.764,1.455,2.338,1.681,5.904,-1.97,27.365,-2.13,22.384,18.321,17.026,6.693,42.401,36.295,38.82,39.571,29.09,0.579,Mid,0.528,0.371,0.449,0.399,-398.006,1652.669,1531.858,1649.116,2.498,3.593,0.696,Miao-Modal,0.695240745894795,7632930997677024270
Miao_M2,2,M,Miao,Black Miao,zhangxueqi_m2_07,1996.338,2361.264,364.926,5,la22_04,Vowel,a,Modal,Oral,22.0,1.0,Low,22,Unaspirated,Oral,104.314,104.665,,,748.97,283.982,1238.68,121.052,2533.335,389.332,4004.504,205.065,,,,,19.587,19.348,14.794,13.813,11.435,7.014,20.767,-9.12,20.664,-4.423,-2.667,-3.019,4.793,5.535,3.359,6.798,-1.18,28.488,-1.077,23.77,22.254,22.366,5.911,37.238,28.333,31.525,33.681,26.723,0.651,Mid,0.522,0.359,0.406,0.481,-339.799,2182.875,1429.235,2178.273,2.797,3.588,0.78,Miao-Modal,0.779542920847269,-2862218357857158212
Miao_M2,2,M,Miao,Black Miao,zhangxueqi_m2_09,4187.003,4532.288,345.285,5,la33_02,Vowel,a,Breathy,Oral,33.0,1.0,Mid,33,Unaspirated,Oral,130.458,130.781,,130.053,811.493,431.845,1199.241,183.209,2433.765,522.348,4202.91,373.669,,,,,22.722,22.394,18.689,17.334,19.868,13.51,23.514,-7.978,25.37,-2.528,0.604,-1.626,4.033,5.06,-1.178,3.824,-0.792,30.41,-2.648,24.922,22.118,24.02,13.811,22.841,16.454,19.67,22.678,23.288,0.0,Mid,0.495,0.379,0.428,0.362,-501.866,4361.491,1592.397,4358.729,2.482,2.616,0.947,Miao-Breathy,0.948776758409786,-7576617135826081394
Miao_M2,2,M,Miao,Black Miao,zhangxueqi_m2_10,2490.365,2859.769,369.404,5,la55_03,Vowel,a,Tense,Oral,55.0,1.0,High,55,Unaspirated,Oral,197.976,198.305,,,786.519,270.563,1216.743,121.805,2471.508,426.29,3590.865,741.197,,,,,20.296,19.471,21.739,18.122,31.294,4.137,31.292,2.536,33.318,8.728,10.438,10.494,-1.443,1.349,-9.555,13.985,-10.997,16.974,-13.022,10.743,9.857,8.978,69.029,42.576,32.824,34.08,33.904,30.112,0.521,High,0.59,0.546,0.67,0.505,-359.872,2676.148,1147.918,2673.603,0.527,1.93,0.273,Miao-Tense,0.273056994818653,6671184911973263259
Miao_M2,2,M,Miao,Black Miao,zhangxueqi_m2_10,3506.226,3811.386,305.16,5,la55_04,Vowel,a,Tense,Oral,55.0,1.0,High,55,Unaspirated,Oral,169.235,169.515,,168.608,790.918,217.501,1238.569,118.807,2441.411,542.767,4387.386,708.924,,,,,18.819,18.244,19.522,17.078,25.009,10.633,28.223,-1.389,25.902,0.436,-1.825,-4.3,-0.703,1.166,-5.487,6.445,-9.405,19.663,-7.083,17.808,20.644,22.544,19.962,39.543,32.57,38.298,41.45,27.549,0.0,High,0.57,0.502,0.565,0.518,-423.613,3660.348,1261.216,3657.287,1.122,2.288,0.491,Miao-Tense,0.490384615384615,568150726492333141
Miao_M2,2,M,Miao,Black Miao,zhangxueqi_m2_100,270.446,665.188,394.742,5,se55_01,Vowel,e,Tense,Oral,55.0,1.0,High,55,Unaspirated,Oral,199.741,199.785,,,592.523,96.205,1762.955,169.541,2333.949,555.447,4465.621,803.809,,,,,18.215,17.045,23.007,17.259,21.697,17.963,30.122,6.946,22.739,11.195,9.582,1.143,-4.792,-0.213,1.31,-0.704,-11.907,10.101,-4.523,5.85,8.633,15.903,25.418,53.844,43.807,38.165,37.558,28.238,0.0,High,0.576,0.54,0.643,0.525,-889.106,468.997,2670.595,466.367,0.545,1.959,0.279,Miao-Tense,0.278203164880041,6403686397579154876
Miao_M2,2,M,Miao,Black Miao,zhangxueqi_m2_100,1032.762,1397.139,364.377,5,se55_02,Vowel,e,Tense,Oral,55.0,1.0,High,55,Unaspirated,Oral,188.935,188.913,,188.818,585.747,112.158,1706.623,61.152,2272.734,487.626,4501.306,528.682,,,,,17.889,16.817,23.382,18.231,25.206,19.861,30.858,7.504,21.785,9.662,5.417,-3.27,-5.493,-1.414,-1.823,-1.631,-12.968,9.314,-3.896,7.155,12.472,20.087,26.394,65.885,58.254,54.242,53.525,28.603,0.0,High,0.57,0.525,0.609,0.521,-810.873,1216.2,2442.213,1213.444,0.633,2.188,0.289,Miao-Tense,0.289305301645338,-3362980027575752158
Miao_M2,2,M,Miao,Black Miao,zhangxueqi_m2_101,1519.255,1793.613,274.358,5,te55_01,Vowel,e,Tense,Oral,55.0,1.0,High,55,Unaspirated,Oral,198.728,198.722,,,589.698,82.256,1779.474,90.807,2404.615,429.03,3494.297,404.261,,,,,18.655,17.486,23.846,18.093,21.183,17.555,31.612,8.484,24.816,13.555,9.934,2.153,-5.19,-0.607,2.662,0.538,-12.957,9.003,-6.161,3.931,8.722,15.333,30.592,53.306,47.926,45.71,46.691,29.558,0.0,High,0.583,0.543,0.653,0.518,-779.976,1657.462,2419.826,1654.85,0.511,2.03,0.252,Miao-Tense,0.251724137931034,5411444549673964597
Miao_M2,2,M,Miao,Black Miao,zhangxueqi_m2_101,2112.633,2517.789,405.156,5,te55_02,Vowel,e,Tense,Oral,55.0,1.0,High,55,Unaspirated,Oral,194.622,194.625,,,613.563,134.776,1736.241,58.025,2352.537,398.516,3645.587,525.372,,,,,19.499,18.464,21.416,16.498,25.503,19.199,29.921,6.254,24.989,12.323,7.825,0.273,-1.917,1.967,-4.087,-2.702,-10.421,12.212,-5.49,6.141,11.674,18.191,27.123,52.174,45.563,43.404,45.593,28.902,0.0,High,0.557,0.519,0.609,0.508,-851.157,2316.192,2540.696,2313.583,0.59,2.092,0.283,Miao-Tense,0.282026768642447,2244390527887916218
Miao_M2,2,M,Miao,Black Miao,zhangxueqi_m2_102,1140.524,1543.155,402.631,5,te55_03,Vowel,e,Tense,Oral,55.0,1.0,High,55,Unaspirated,Oral,198.132,198.118,,198.562,589.316,69.725,1789.833,72.495,2452.67,267.39,3574.274,391.84,,,,,20.737,19.588,24.822,19.19,22.301,18.423,33.344,10.19,29.371,18.117,17.749,11.489,-4.084,0.397,2.521,0.767,-12.607,9.4,-8.633,1.47,2.988,8.099,50.595,58.551,54.169,49.889,48.428,30.383,0.0,High,0.554,0.521,0.641,0.513,-913.918,1343.349,2993.293,1340.764,0.408,1.974,0.207,Miao-Tense,0.206686930091185,7229149436456806442
Miao_M2,2,M,Miao,Black Miao,zhangxueqi_m2_102,1853.617,2222.291,368.674,5,te55_04,Vowel,e,Tense,Oral,55.0,1.0,High,55,Unaspirated,Oral,189.641,189.692,,188.818,572.167,68.47,1733.47,105.666,2297.02,357.888,4460.702,986.069,,,,,16.24,15.122,22.208,16.773,20.124,15.789,29.849,6.731,20.46,9.04,10.011,1.895,-5.968,-1.65,2.085,0.983,-13.609,8.393,-4.22,6.082,6.229,13.227,17.721,59.379,53.323,49.121,48.49,27.164,0.0,High,0.585,0.538,0.639,0.533,-652.527,2039.325,2116.298,2036.513,0.574,2.129,0.27,Miao-Tense,0.269610145608267,2848748412490989363
Miao_M2,2,M,Miao,Black Miao,zhangxueqi_m2_103,567.94,978.843,410.903,5, hle55_01,Vowel,e,Tense,Oral,55.0,1.0,High,55,Unaspirated,Oral,207.239,207.209,,206.198,618.798,72.218,1806.087,157.155,2297.831,550.894,3535.017,597.47,,,,,18.939,17.785,23.655,18.017,23.203,19.059,32.375,8.971,27.165,15.343,20.088,8.866,-4.716,-0.232,0.451,-1.043,-13.436,8.816,-8.226,2.443,-1.149,8.92,47.528,61.569,53.44,48.947,48.968,31.412,0.0,High,0.577,0.544,0.675,0.536,-873.203,774.605,2852.14,772.018,0.434,1.99,0.218,Miao-Tense,0.218090452261307,-6813010838068751134
Miao_M2,2,M,Miao,Black Miao,zhangxueqi_m2_103,1371.32,1750.899,379.579,5,hle55_02,Vowel,e,Tense,Oral,55.0,1.0,High,55,Unaspirated,Oral,201.66,201.705,,,611.328,93.321,1730.797,218.019,2325.092,410.406,3812.33,698.824,,,,,16.589,15.463,21.785,16.322,22.194,17.521,29.44,5.993,22.131,9.86,14.697,5.311,-5.195,-0.859,-0.41,-1.199,-12.85,9.471,-5.541,5.603,1.892,10.152,24.704,62.569,54.277,49.009,48.418,29.019,0.0,High,0.573,0.539,0.639,0.534,-875.332,1562.576,2537.833,1559.93,0.49,1.926,0.254,Miao-Tense,0.254413291796469,5658706089794962542
Miao_M2,2,M,Miao,Black Miao,zhangxueqi_m2_104,946.282,1370.34,424.058,5,ke55_01,Vowel,e,Tense,Oral,55.0,1.0,High,55,Unaspirated,Oral,207.641,207.589,,,417.457,13.991,1966.144,91.707,2601.175,232.678,3340.599,305.757,,,,,21.163,18.612,34.58,15.103,12.871,20.46,34.579,15.086,21.503,18.777,16.087,15.981,-13.417,3.509,21.709,-5.357,-13.416,3.526,-0.34,-0.165,5.076,2.631,46.488,53.788,57.375,53.113,49.948,30.379,0.306,High,0.629,0.593,0.683,0.598,-1272.095,1159.634,3126.543,1156.75,0.59,1.815,0.325,Miao-Tense,0.325068870523416,7164785947019999126
Miao_M2,2,M,Miao,Black Miao,zhangxueqi_m2_104,1661.36,2035.528,374.168,5,ke55_02,Vowel,e,Tense,Oral,55.0,1.0,High,55,Unaspirated,Oral,199.184,199.193,,,405.584,23.548,1974.643,142.455,2474.375,262.918,3489.092,179.026,,,,,18.766,16.299,31.129,12.217,8.533,15.981,31.128,11.917,14.035,11.676,8.76,5.404,-12.363,4.082,22.596,-3.765,-12.362,4.383,4.731,4.623,10.007,10.895,19.652,52.103,58.364,52.491,48.681,27.376,0.394,High,0.613,0.57,0.653,0.571,-965.191,1850.205,2458.669,1847.34,0.672,1.899,0.354,Miao-Tense,0.353870458135861,7500217287294083311
Miao_M2,2,M,Miao,Black Miao,zhangxueqi_m2_105,899.625,1166.45,266.825,5,shong55_01,Vowel,ong,Tense,Nasal,55.0,1.0,High,55,Aspirated,Oral,205.841,205.816,,206.198,435.633,72.836,938.14,125.692,2100.243,158.948,3835.644,503.964,,,,,19.855,17.331,28.888,11.477,20.796,16.062,28.843,6.752,20.014,5.261,7.19,16.06,-9.033,5.854,8.092,-4.585,-8.989,10.59,-0.159,12.07,12.665,1.271,18.051,47.601,44.993,45.826,47.813,26.892,0.807,High,0.616,0.583,0.662,0.583,-1282.542,1034.53,3081.768,1031.696,0.726,1.75,0.415,Miao-Tense,0.414857142857143,-1243429116623514735
Miao_M2,2,M,Miao,Black Miao,zhangxueqi_m2_105,1554.559,1876.828,322.269,5,shong55_02,Vowel,ong,Tense,Nasal,55.0,1.0,High,55,Aspirated,Oral,206.955,206.999,,206.198,507.862,122.011,958.53,188.152,2085.31,121.685,3717.971,164.182,,,,,22.209,20.333,30.404,20.198,23.6,16.241,26.765,2.735,24.051,6.142,9.158,13.65,-8.195,0.135,6.804,3.957,-4.556,17.611,-1.841,14.191,13.051,6.683,39.026,53.604,49.303,51.729,54.322,30.009,0.157,High,0.545,0.53,0.601,0.518,-1266.37,1716.835,2878.702,1714.335,0.736,1.669,0.441,Miao-Tense,0.440982624325944,1460611912072038001
Miao_M2,2,M,Miao,Black Miao,zhangxueqi_m2_106,530.944,908.107,377.163,5,chjiang55_01,Vowel,ang,Tense,Nasal,55.0,1.0,High,55,Aspirated,Oral,223.659,223.714,,,607.128,128.676,1363.792,153.789,2003.094,116.539,3797.285,291.374,,,,,20.621,19.139,26.998,19.441,20.636,16.577,30.389,6.472,27.142,10.907,19.4,10.92,-6.376,-0.303,6.361,2.864,-9.768,12.67,-6.521,8.232,1.221,8.218,37.25,44.552,38.766,41.061,45.062,28.584,0.0,High,0.595,0.575,0.684,0.547,-1034.42,720.607,2670.644,718.163,0.489,1.787,0.274,Miao-Tense,0.273642977056519,-1038007178233550349
Miao_M2,2,M,Miao,Black Miao,zhangxueqi_m2_106,1254.904,1576.132,321.228,5,chjiang55_02,Vowel,ang,Tense,Nasal,55.0,1.0,High,55,Aspirated,Oral,221.613,221.433,,,606.053,125.11,1371.617,171.131,1980.187,149.07,3775.368,265.018,,,,,16.929,15.478,23.516,16.14,17.267,13.42,26.58,2.774,20.769,4.937,13.046,3.398,-6.587,-0.662,6.249,2.72,-9.651,12.707,-3.839,10.541,3.883,12.08,14.175,55.108,43.994,45.396,48.511,27.007,0.0,High,0.606,0.577,0.676,0.551,-904.062,1416.681,2259.51,1414.196,0.568,1.871,0.304,Miao-Tense,0.303580972741849,6056058655656869447
Miao_M2,2,M,Miao,Black Miao,zhangxueqi_m2_107,889.844,1336.475,446.631,5,ne22_01,Vowel,e,Modal,Oral,22.0,1.0,Low,22,Unaspirated,Nasal,153.059,153.057,,,613.485,66.156,1834.376,89.703,2499.629,388.469,3069.72,767.141,,,,,24.054,23.431,24.93,22.184,35.279,10.847,35.277,10.82,28.251,15.732,18.814,10.568,-0.876,1.247,-10.349,11.337,-11.223,12.612,-4.197,7.698,5.24,12.863,60.399,48.902,44.396,39.809,37.218,31.012,0.516,Mid,0.614,0.502,0.529,0.511,-1094.112,1115.109,2552.063,1111.77,1.722,1.778,0.97,Miao-Modal,0.968503937007874,9071246266971210724
Miao_M2,2,M,Miao,Black Miao,zhangxueqi_m2_107,1475.084,1967.918,492.834,5,ne22_02,Vowel,e,Modal,Oral,22.0,1.0,Low,22,Unaspirated,Nasal,150.997,151.067,,150.969,602.064,62.839,1744.855,107.703,2448.455,313.484,4070.682,1297.922,,,,,20.109,19.477,20.03,17.244,30.621,6.232,30.619,6.186,20.17,7.071,11.963,4.971,0.078,2.233,-10.591,11.011,-10.51,13.292,-0.062,12.405,8.145,14.506,18.413,55.732,50.079,44.063,42.428,28.736,0.595,Mid,0.587,0.502,0.564,0.554,-785.887,1723.623,2612.675,1719.952,1.326,2.409,0.551,Miao-Modal,0.550435865504359,-656812415945470826
Miao_M2,2,M,Miao,Black Miao,zhangxueqi_m2_108,529.335,951.213,421.878,5,tou22_01,Vowel,ou,Modal,Oral,22.0,1.0,Low,22,Unaspirated,Oral,161.249,161.164,,,438.046,58.065,958.67,66.878,2532.356,106.063,3363.917,196.833,,,,,24.518,23.009,30.89,23.163,19.728,15.767,32.913,10.115,22.376,7.14,1.912,17.379,-6.372,-0.154,11.162,7.396,-8.395,12.911,2.142,15.868,22.605,5.63,39.626,42.918,44.511,47.784,44.749,26.337,0.0,Mid,0.583,0.538,0.574,0.527,-1666.178,741.891,2799.27,738.622,1.088,1.474,0.739,Miao-Modal,0.738127544097693,-2475537274189112279
Miao_M2,2,M,Miao,Black Miao,zhangxueqi_m2_108,1214.076,1592.143,378.067,5,tou22_02,Vowel,ou,Modal,Oral,22.0,1.0,Low,22,Unaspirated,Oral,154.28,154.286,,,375.693,83.081,909.005,219.638,2451.267,62.579,3425.735,242.699,,,,,19.901,18.068,26.139,15.813,13.849,12.941,20.21,-0.064,10.461,-2.394,-1.296,16.451,-6.239,2.256,12.291,2.871,-0.309,18.145,9.44,20.462,21.197,1.618,7.813,46.376,48.95,52.75,51.59,25.563,0.847,Mid,0.614,0.55,0.597,0.577,-1075.768,1405.981,2854.772,1402.245,1.187,2.013,0.59,Miao-Modal,0.589667163437655,-1275309509266374838
Miao_M2,2,M,Miao,Black Miao,zhangxueqi_m2_109,2004.381,2463.801,459.42,5,ngang22_02,Vowel,ang,Modal,Nasal,22.0,1.0,Low,22,Unaspirated,Nasal,151.833,151.65,,,586.396,98.005,1380.094,211.338,2095.348,143.149,3864.808,560.387,,,,,21.287,20.572,21.054,17.889,29.766,8.22,29.765,4.909,20.063,3.506,13.135,6.146,0.233,2.684,-8.713,9.668,-8.478,15.666,1.224,17.066,8.152,14.426,16.208,51.889,45.757,46.67,47.414,29.451,0.653,Mid,0.565,0.48,0.517,0.483,-919.013,2236.011,2551.019,2232.833,1.626,2.023,0.804,Miao-Modal,0.803756796836381,6917461778034280784
Miao_M2,2,M,Miao,Black Miao,zhangxueqi_m2_112,231.884,669.733,437.849,5,ta33_01,Vowel,a,Breathy,Oral,33.0,1.0,Mid,33,Unaspirated,Oral,200.056,200.127,,,864.796,197.579,1316.622,126.142,2531.161,179.764,4204.483,643.934,,,,,25.115,24.43,21.913,18.963,33.099,12.643,33.098,3.349,32.784,7.185,20.094,16.712,3.202,5.466,-11.187,6.32,-7.984,21.118,-7.67,17.244,5.021,7.718,110.141,30.301,21.766,24.894,25.608,28.233,0.745,Mid,0.483,0.456,0.545,0.433,-865.055,451.871,2209.413,449.714,0.586,1.502,0.391,Miao-Breathy,0.390146471371505,-7665109977152595936
Miao_M2,2,M,Miao,Black Miao,zhangxueqi_m2_112,983.441,1426.322,442.881,5,ta33_02,Vowel,a,Breathy,Oral,33.0,1.0,Mid,33,Unaspirated,Oral,182.074,182.255,,,815.013,276.839,1354.358,202.0,2396.489,172.31,4360.262,879.601,,,,,17.966,17.358,21.044,18.438,26.537,9.87,28.417,-0.457,28.507,4.52,14.092,8.468,-3.078,-1.08,-5.492,8.568,-10.451,17.833,-10.541,12.837,3.875,8.89,33.969,45.792,35.955,35.109,37.604,28.053,0.0,Mid,0.573,0.513,0.594,0.551,-681.583,1206.7,1890.239,1203.677,1.011,2.102,0.48,Miao-Breathy,0.480970504281637,7944859751163798591
Miao_M2,2,M,Miao,Black Miao,zhangxueqi_m2_113,783.542,1321.596,538.054,5,ma33_01,Vowel,a,Breathy,Oral,33.0,1.0,Mid,33,Unaspirated,Nasal,165.545,165.922,,,698.767,422.028,1216.9,225.172,2609.652,189.204,4399.476,820.309,,,,,20.692,20.048,23.003,20.223,27.788,7.857,25.058,-3.298,26.232,2.673,16.112,19.368,-2.311,-0.175,-4.785,12.366,-4.366,23.385,-5.54,17.375,4.579,0.68,38.645,33.715,25.825,27.868,27.243,28.245,0.754,Mid,0.539,0.465,0.549,0.314,-756.646,1053.26,2544.173,1051.371,1.101,2.227,0.493,Miao-Breathy,0.494387067804221,6940886665302592301
Miao_M2,2,M,Miao,Black Miao,zhangxueqi_m2_113,1472.693,1953.625,480.932,5,ma33_02,Vowel,a,Breathy,Oral,33.0,1.0,Mid,33,Unaspirated,Nasal,160.39,160.691,,,643.531,298.661,1234.292,197.567,2579.74,216.526,4149.949,669.108,,,,,20.08,19.387,21.025,18.003,27.119,2.132,27.117,0.689,25.603,5.304,11.052,14.899,-0.945,1.384,-6.094,15.871,-7.037,18.716,-5.523,14.083,9.028,4.488,20.308,39.663,31.179,32.289,32.962,25.282,0.599,Mid,0.55,0.473,0.537,0.521,-663.238,1715.051,2322.724,1711.811,1.17,2.415,0.483,Miao-Breathy,0.484472049689441,-2250695121317498140
Miao_M2,2,M,Miao,Black Miao,zhangxueqi_m2_114,1291.133,1859.35,568.217,5,nong33_02,Vowel,ong,Breathy,Nasal,33.0,1.0,Mid,33,Unaspirated,Nasal,179.66,179.583,,178.918,480.17,78.314,826.932,396.466,2115.194,167.311,3719.344,97.862,,,,,21.832,20.181,28.347,19.946,20.012,9.303,32.462,7.632,19.03,-0.098,9.347,18.721,-6.515,0.235,8.335,10.643,-10.63,12.573,2.802,20.279,12.485,1.46,40.611,27.264,28.833,31.723,32.703,25.356,0.0,Mid,0.633,0.534,0.557,0.531,-1348.483,1576.933,2546.061,1574.001,1.637,1.762,0.93,Miao-Breathy,0.92905788876277,6671512739989961650
Miao_M2,2,M,Miao,Black Miao,zhangxueqi_m2_115,1579.121,2122.615,543.494,5,nau33_02,Vowel,au,Breathy,Oral,33.0,1.0,Mid,33,Unaspirated,Nasal,181.805,181.338,,,474.611,72.323,1007.012,564.914,2533.1,285.677,3683.737,126.354,,,,,21.216,19.655,28.171,20.005,19.199,14.255,30.534,7.019,14.158,-2.059,1.83,14.516,-6.955,-0.349,8.972,5.75,-9.319,12.658,7.058,21.714,19.385,5.139,31.358,29.604,31.055,35.285,36.382,25.276,0.222,Mid,0.598,0.541,0.578,0.54,-1369.94,1852.914,2705.197,1849.962,1.332,1.69,0.79,Miao-Breathy,0.788165680473373,-3826352211240033081
Miao_M2,2,M,Miao,Black Miao,zhangxueqi_m2_116,989.868,1325.566,335.698,5,tai13_01,Vowel,ai,Modal,Oral,13.0,2.0,Low,13,Unaspirated,Oral,181.93,182.339,,,530.928,31.031,1814.562,107.456,2520.305,104.65,4444.683,1099.279,,,,,20.012,18.886,25.133,19.602,20.05,16.403,34.141,11.446,20.434,10.65,18.577,14.995,-5.121,-0.715,5.083,3.199,-14.129,7.442,-0.422,8.236,1.434,3.891,42.377,27.911,29.061,26.541,26.171,25.988,0.0,Low,0.568,0.517,0.575,0.54,-1143.018,1159.79,2738.205,1156.85,1.08,1.902,0.571,Miao-Modal,0.56782334384858,-3465703102624382461
Miao_M2,2,M,Miao,Black Miao,zhangxueqi_m2_116,1606.296,2067.635,461.339,5,tai13_02,Vowel,ai,Modal,Oral,13.0,2.0,Low,13,Unaspirated,Oral,182.821,182.958,,,438.841,67.871,1995.474,77.924,2578.616,114.814,3690.335,568.572,,,,,20.528,18.862,31.86,22.078,13.618,16.754,26.066,5.141,18.141,13.848,13.74,10.877,-11.332,-3.217,18.242,5.324,-5.538,13.721,2.387,5.014,6.787,7.985,30.483,38.181,41.552,39.73,40.904,28.255,0.784,Low,0.629,0.566,0.604,0.572,-1331.767,1838.907,2771.264,1835.783,1.422,1.985,0.72,Miao-Modal,0.716372795969773,-3013139877992215734
Miao_M2,2,M,Miao,Black Miao,zhangxueqi_m2_117,534.718,952.635,417.917,5,tjo13_01,Vowel,o,Modal,Oral,13.0,2.0,Low,13,Unaspirated,Oral,175.876,175.793,,,422.526,116.94,651.972,150.536,2561.7,119.947,3373.664,152.182,,,,,19.961,17.622,28.431,15.119,20.861,11.405,24.738,0.523,21.075,0.712,-0.275,24.643,-8.469,2.503,7.57,3.714,-4.777,17.25,-1.113,16.909,20.236,-7.021,20.762,29.684,36.655,44.315,43.598,25.941,0.0,Low,0.577,0.528,0.572,0.541,-1178.822,745.521,2715.288,742.442,1.352,1.774,0.763,Miao-Modal,0.762119503945885,-4433211477167322051
Miao_M2,2,M,Miao,Black Miao,zhangxueqi_m2_117,1234.968,1739.02,504.052,5,tjo13_02,Vowel,o,Modal,Oral,13.0,2.0,Low,13,Unaspirated,Oral,186.2,186.275,,,446.87,95.106,716.004,158.508,2556.274,171.503,3432.225,107.586,,,,,18.046,15.866,28.345,16.139,18.374,4.677,24.363,-0.156,18.414,-1.266,-3.678,17.467,-10.299,-0.272,9.971,11.462,-6.317,16.122,-0.368,17.133,21.724,-1.601,18.572,41.921,46.427,51.536,49.45,25.654,0.621,Low,0.585,0.527,0.583,0.548,-1044.526,1488.3,2565.164,1485.36,1.073,1.957,0.549,Miao-Modal,0.548288196218702,2595674101448729659
Miao_M2,2,M,Miao,Black Miao,zhangxueqi_m2_118,785.413,1149.825,364.412,5,hou13_01,Vowel,ou,Modal,Oral,13.0,2.0,Low,13,Aspirated,Oral,201.849,201.785,,,514.656,72.453,1083.509,343.636,2603.862,137.279,3759.225,196.616,,,,,22.286,20.677,30.134,21.614,16.771,11.932,31.417,7.717,15.344,-1.265,6.269,16.789,-7.847,-0.937,13.362,9.682,-9.131,12.98,6.943,21.942,16.018,3.888,38.164,25.325,24.286,30.736,31.41,24.121,0.25,Low,0.609,0.549,0.59,0.546,-1368.848,969.102,2565.996,966.42,1.248,1.732,0.722,Miao-Modal,0.720554272517321,-2907349114184062631
Miao_M2,2,M,Miao,Black Miao,zhangxueqi_m2_118,1497.886,1887.993,390.107,5,hou13_02,Vowel,ou,Modal,Oral,13.0,2.0,Low,13,Aspirated,Oral,200.937,201.172,,,445.305,90.979,1079.927,520.996,2572.504,118.89,3669.632,110.861,,,,,18.963,16.783,27.322,13.232,11.683,11.592,26.919,5.214,5.706,-6.409,-4.661,7.229,-8.359,3.551,15.639,1.639,-7.956,11.582,13.257,23.191,23.624,9.554,12.237,29.57,28.486,34.521,35.915,21.842,0.663,Low,0.594,0.549,0.608,0.53,-993.852,1694.29,2203.366,1691.662,0.989,1.721,0.575,Miao-Modal,0.5746658919233,2319640408596780103
Miao_M2,2,M,Miao,Black Miao,zhangxueqi_m2_119,305.415,790.575,485.16,5,pu11_01,Vowel,u,Creaky,Oral,11.0,1.0,Low,11,Unaspirated,Oral,150.213,150.724,,,332.875,139.686,620.769,136.931,2521.098,124.938,3495.821,214.639,,,,,21.455,19.089,24.966,11.431,20.952,5.841,23.941,3.604,20.95,4.113,-8.15,19.836,-3.511,7.658,4.014,5.59,-2.485,15.572,0.505,14.976,29.606,-0.748,8.48,30.665,38.129,44.052,43.267,21.669,0.902,Low,0.591,0.53,0.576,0.558,-1210.593,550.382,2780.537,546.681,1.137,1.72,0.66,Miao-Creaky,0.661046511627907,-19109992672232385
Miao_M2,2,M,Miao,Black Miao,zhangxueqi_m2_119,983.665,1509.39,525.725,5,pu11_02,Vowel,u,Creaky,Oral,11.0,1.0,Low,11,Unaspirated,Oral,161.557,162.341,,,361.925,88.828,622.204,112.937,2565.392,137.752,3594.667,276.66,,,,,17.597,15.194,22.311,7.883,12.592,2.46,20.836,-0.472,12.334,-5.086,-14.441,12.884,-4.714,7.311,9.719,5.423,-3.239,15.761,5.263,20.28,32.038,2.311,4.146,30.19,38.705,46.965,48.137,18.085,0.636,Low,0.596,0.523,0.554,0.51,-1057.39,1248.422,2589.408,1245.288,1.256,1.796,0.699,Miao-Creaky,0.699331848552339,9060460909071175429
Miao_M2,2,M,Miao,Black Miao,zhangxueqi_m2_12,3297.726,3610.223,312.497,5,pa44_01,Vowel,a,Modal,Oral,44.0,1.0,High,44,Unaspirated,Oral,159.035,158.862,,,800.844,259.051,1185.007,85.877,2343.005,264.273,4085.576,462.903,,,,,25.702,25.19,22.392,20.233,26.02,14.4,31.938,1.275,34.876,7.807,14.017,10.557,3.31,4.957,-3.628,5.833,-6.236,23.949,-9.174,17.383,11.685,14.633,79.462,41.481,31.624,31.855,31.427,29.779,0.0,High,0.431,0.396,0.477,0.413,-672.655,3455.48,1941.294,3452.88,0.636,1.823,0.349,Miao-Modal,0.348875479978058,1526473317708198858
Miao_M2,2,M,Miao,Black Miao,zhangxueqi_m2_12,4086.782,4364.123,277.341,5,pa44_02,Vowel,a,Modal,Oral,44.0,1.0,High,44,Unaspirated,Oral,155.318,155.296,,,755.972,162.291,1227.106,106.037,2265.693,230.522,4165.853,313.806,,,,,21.607,21.085,19.977,17.767,26.752,14.332,29.915,0.823,27.332,2.764,6.047,1.207,1.631,3.318,-6.775,3.435,-8.307,20.279,-5.725,18.321,15.56,19.878,31.263,53.966,39.158,38.539,39.97,29.174,0.959,High,0.519,0.462,0.53,0.503,-546.047,4227.56,1662.872,4224.324,1.229,2.293,0.536,Miao-Modal,0.535979066724815,-7731197088034260557
Miao_M2,2,M,Miao,Black Miao,zhangxueqi_m2_120,1231.151,1863.415,632.264,5,nje11_01,Vowel,e,Creaky,Oral,11.0,1.0,Low,11,Unaspirated,Nasal,143.753,143.662,,,399.686,107.782,2057.469,70.216,2705.268,112.366,3102.081,171.046,,,,,21.051,19.796,23.642,17.127,15.786,15.783,21.812,1.694,16.612,14.153,19.697,19.706,-2.591,2.668,7.856,1.345,-0.761,18.102,4.439,5.643,1.354,0.089,8.666,39.132,48.346,44.223,38.745,28.892,0.0,Low,0.644,0.495,0.538,0.484,-954.104,1549.386,2556.743,1546.018,1.951,2.148,0.91,Miao-Creaky,0.90828677839851,-5947215709242129233
Miao_M2,2,M,Miao,Black Miao,zhangxueqi_m2_120,2017.562,2728.206,710.644,5,nje11_02,Vowel,e,Creaky,Oral,11.0,1.0,Low,11,Unaspirated,Nasal,143.598,143.816,,,413.232,37.464,2038.585,69.848,2701.23,139.849,3138.662,262.227,,,,,15.226,14.09,18.329,12.623,9.984,8.33,21.291,0.599,7.214,3.966,7.166,6.758,-3.103,1.467,8.344,4.293,-6.065,13.491,8.012,10.124,8.06,7.331,2.74,29.511,43.051,39.479,34.378,22.914,0.0,Low,0.6,0.475,0.512,0.397,-679.364,2374.471,2252.18,2371.724,1.684,2.597,0.651,Miao-Creaky,0.648440508278783,7905471584561627396
Miao_M2,2,M,Miao,Black Miao,zhangxueqi_m2_121,579.436,1070.616,491.18,5,tou11_01,Vowel,ou,Creaky,Oral,11.0,1.0,Low,11,Unaspirated,Oral,158.441,159.264,,,456.001,58.734,1046.562,699.215,2639.173,87.314,3515.931,275.054,,,,,22.425,21.169,25.202,19.052,21.758,15.77,31.941,8.644,12.805,-2.581,8.168,23.024,-2.777,2.117,3.444,3.283,-9.515,12.543,9.62,23.75,14.257,-1.855,30.442,19.629,21.847,25.789,24.209,22.655,0.0,Low,0.603,0.527,0.551,0.535,-1345.214,827.065,2533.497,823.726,1.429,1.649,0.867,Miao-Creaky,0.866585809581565,-8016402833433015312
Miao_M2,2,M,Miao,Black Miao,zhangxueqi_m2_121,1269.178,1804.251,535.073,5,tou11_02,Vowel,ou,Creaky,Oral,11.0,1.0,Low,11,Unaspirated,Oral,159.673,160.551,,,469.599,60.446,1097.507,350.439,2587.877,84.59,3465.944,178.004,,,,,18.819,17.634,21.301,15.561,19.213,12.794,28.521,5.096,11.277,-3.862,3.05,15.121,-2.482,2.074,2.088,2.767,-9.702,12.55,7.541,21.497,15.768,2.513,14.385,24.336,25.093,28.923,27.318,21.108,0.0,Low,0.573,0.501,0.545,0.526,-978.529,1538.807,2535.064,1535.547,1.386,1.981,0.7,Miao-Creaky,0.69964664310954,3264133938936633618
Miao_M2,2,M,Miao,Black Miao,zhangxueqi_m2_122,614.163,1212.231,598.068,5,tcju11_01,Vowel,u,Creaky,Oral,11.0,1.0,Low,11,Unaspirated,Oral,136.722,137.397,,,391.009,101.177,909.434,204.627,2353.263,109.698,3355.248,247.845,,,,,17.617,16.325,20.1,13.727,16.756,12.199,22.617,1.182,8.962,-5.016,-8.089,6.728,-2.483,2.598,3.344,1.527,-5.0,15.153,8.655,21.341,25.707,9.597,3.736,25.921,32.791,36.761,38.404,22.707,0.087,Low,0.642,0.518,0.539,0.557,-1047.323,915.251,2404.387,911.192,1.639,2.142,0.766,Miao-Creaky,0.765172735760971,3765986355372768951
Miao_M2,2,M,Miao,Black Miao,zhangxueqi_m2_122,1356.986,1890.295,533.309,5,tcju11_02,Vowel,u,Creaky,Oral,11.0,1.0,Low,11,Unaspirated,Oral,155.956,156.402,,,401.966,84.765,928.405,249.34,2340.098,171.565,3394.298,208.567,,,,,17.957,16.354,22.645,14.14,11.781,9.272,19.579,-1.914,8.183,-5.651,-8.078,5.765,-4.687,2.214,10.864,4.868,-1.622,18.279,9.774,22.005,26.035,10.589,5.239,36.208,40.496,43.48,43.665,23.829,0.214,Low,0.569,0.495,0.544,0.434,-788.0,1625.397,2456.84,1622.63,1.264,2.241,0.565,Miao-Creaky,0.564033913431504,-1212484960838274830
Miao_M2,2,M,Miao,Black Miao,zhangxueqi_m2_122,2381.701,2987.387,605.686,5,ji11_01,Vowel,i,Creaky,Oral,11.0,1.0,Low,11,Unaspirated,Oral,137.783,137.456,,,332.948,119.794,2076.178,62.627,2769.218,116.603,3294.978,142.059,,,,,18.827,17.113,22.079,11.891,12.737,17.324,18.115,1.3,13.679,14.736,14.308,18.526,-3.252,5.222,9.342,-5.433,0.712,15.813,5.148,2.377,4.519,-1.413,4.052,35.402,50.063,44.027,36.672,24.607,0.809,Low,0.533,0.466,0.547,0.354,-691.182,2686.002,2528.161,2683.428,1.189,2.389,0.499,Miao-Creaky,0.497697781498535,-5684998292024684280
Miao_M2,2,M,Miao,Black Miao,zhangxueqi_m2_122,3075.002,3707.354,632.352,5,ji11_02,Vowel,i,Creaky,Oral,11.0,1.0,Low,11,Unaspirated,Oral,138.465,138.514,,,374.677,75.045,2078.175,78.963,2735.481,131.338,3334.07,186.061,,,,,15.417,14.139,18.783,12.095,9.758,10.216,12.442,-6.842,5.259,3.845,4.963,6.04,-3.365,2.044,9.025,1.879,2.975,20.982,10.158,10.295,10.454,8.099,1.527,35.144,53.828,47.898,41.275,23.418,0.893,Low,0.552,0.465,0.542,0.469,-622.171,3393.475,2391.904,3390.105,1.353,2.689,0.504,Miao-Creaky,0.503161026403868,5078964330079252255
Miao_M2,2,M,Miao,Black Miao,zhangxueqi_m2_14,2206.161,2532.183,326.022,5,pa55_01,Vowel,a,Tense,Oral,55.0,1.0,High,55,Unaspirated,Oral,190.593,190.574,,,853.803,405.191,1230.884,198.371,2435.464,375.002,4094.734,386.393,,,,,22.95,22.275,22.123,19.226,29.619,10.724,30.173,-0.413,33.718,6.613,14.827,11.781,0.828,3.049,-7.497,8.503,-7.223,22.735,-10.767,15.662,8.124,10.494,76.482,44.804,35.453,37.946,38.904,32.647,0.745,High,0.54,0.499,0.603,0.527,-591.259,2370.802,1763.1,2368.035,0.493,1.915,0.257,Miao-Tense,0.257441253263708,-8814308166783141248
Miao_M2,2,M,Miao,Black Miao,zhangxueqi_m2_14,3158.656,3433.537,274.881,5,pa55_02,Vowel,a,Tense,Oral,55.0,1.0,High,55,Unaspirated,Oral,180.96,181.046,,,840.978,197.597,1252.619,235.078,2314.765,448.259,4242.144,604.971,,,,,18.103,17.481,19.33,16.677,24.319,8.019,27.443,-2.778,22.936,-3.516,2.727,-2.264,-1.227,0.804,-4.989,8.658,-9.34,20.291,-4.833,20.997,15.375,19.746,18.163,46.604,41.616,43.164,45.765,28.57,0.0,High,0.565,0.509,0.584,0.536,-554.421,3297.715,1414.881,3294.751,0.929,2.016,0.461,Miao-Tense,0.460813492063492,4075033185679313950
Miao_M2,2,M,Miao,Black Miao,zhangxueqi_m2_15,1400.24,1742.39,342.15,5,pa22_01,Vowel,a,Modal,Oral,22.0,1.0,Low,22,Unaspirated,Oral,133.444,133.616,,133.54,816.122,252.387,1206.814,139.061,2493.087,169.504,4125.798,370.887,,,,,22.681,22.332,13.27,11.823,22.097,15.22,29.14,-2.169,29.015,1.34,11.707,9.928,9.411,10.509,-8.826,-3.397,-6.459,24.539,-6.334,20.992,10.974,12.404,32.215,23.752,15.394,17.641,18.509,23.815,0.552,Mid,0.357,0.338,0.399,0.312,-672.119,1572.367,1707.034,1570.025,0.828,1.859,0.447,Miao-Modal,0.445400753093061,-3624090313180434025
Miao_M2,2,M,Miao,Black Miao,zhangxueqi_m2_15,2335.768,2642.027,306.259,5,pa22_02,Vowel,a,Modal,Oral,22.0,1.0,Low,22,Unaspirated,Oral,128.877,128.787,,,742.385,334.518,1198.162,142.48,2356.887,256.696,3964.871,407.386,,,,,19.62,19.252,14.493,12.96,20.33,12.855,21.217,-8.548,25.568,0.196,5.939,3.201,5.127,6.291,-5.838,0.106,-1.597,27.82,-5.948,19.055,13.681,16.05,12.129,45.518,36.471,38.94,39.956,28.459,0.0,Mid,0.474,0.395,0.47,0.475,-464.597,2491.591,1752.65,2487.902,1.825,2.734,0.667,Miao-Modal,0.667520117044623,6445825479688726187
Miao_M2,2,M,Miao,Black Miao,zhangxueqi_m2_16,1338.892,1689.815,350.923,5,pa22_03,Vowel,a,Modal,Oral,22.0,1.0,Low,22,Unaspirated,Oral,150.139,150.315,,,880.755,146.332,1311.444,208.909,2510.812,254.194,4067.282,330.282,,,,,25.264,24.882,20.096,18.506,26.756,19.012,34.838,3.559,29.381,1.996,14.204,9.596,5.168,6.376,-6.659,-0.507,-9.573,21.357,-4.117,22.886,11.06,15.286,65.705,37.083,24.415,24.642,24.145,26.405,0.375,Mid,0.502,0.433,0.508,0.482,-704.066,1516.324,1809.105,1513.111,1.433,2.237,0.64,Miao-Modal,0.640590075994636,-1936870138027777435
Miao_M2,2,M,Miao,Black Miao,zhangxueqi_m2_16,2132.704,2481.207,348.503,5,pa22_04,Vowel,a,Modal,Oral,22.0,1.0,Low,22,Unaspirated,Oral,145.852,146.024,,,859.324,95.421,1296.273,202.166,2375.979,279.515,4108.28,348.936,,,,,20.934,20.563,18.232,16.691,23.236,15.794,34.615,3.398,26.801,-0.497,11.168,4.331,2.702,3.872,-5.004,0.897,-13.681,17.19,-5.867,21.06,9.766,16.232,47.539,44.198,31.509,32.297,33.458,28.992,0.342,Mid,0.525,0.453,0.55,0.475,-371.32,2309.177,1583.373,2305.92,0.961,2.734,0.352,Miao-Modal,0.351499634235552,6829417218856488179
Miao_M2,2,M,Miao,Black Miao,zhangxueqi_m2_18,1688.118,2055.73,367.612,5,pa33_01,Vowel,a,Breathy,Oral,33.0,1.0,Mid,33,Unaspirated,Oral,151.275,151.979,,,867.638,207.415,1284.41,207.005,2376.409,204.017,4104.628,210.291,,,,,24.398,24.013,16.066,14.465,22.074,14.289,29.763,-1.741,27.332,-0.464,12.04,5.547,8.332,9.548,-6.008,0.176,-5.365,25.782,-2.935,24.477,12.358,18.466,29.018,21.509,11.412,13.739,16.553,20.83,0.605,Mid,0.395,0.357,0.439,0.311,-550.741,1873.119,1612.805,1871.075,0.772,1.747,0.444,Miao-Breathy,0.441900400686892,-8514002928582474963
Miao_M2,2,M,Miao,Black Miao,zhangxueqi_m2_18,2489.957,2810.692,320.735,5,pa33_02,Vowel,a,Breathy,Oral,33.0,1.0,Mid,33,Unaspirated,Oral,153.213,153.666,,153.432,800.086,272.169,1258.537,209.272,2417.536,254.028,4031.099,301.908,,,,,21.347,20.889,17.619,15.697,24.31,14.266,21.302,-8.554,23.945,-1.598,7.73,3.951,3.728,5.192,-6.692,1.431,0.045,29.467,-2.599,22.487,13.617,16.938,17.324,44.089,34.212,38.236,40.717,29.265,0.633,Mid,0.502,0.443,0.515,0.492,-612.241,2652.758,1738.146,2649.554,1.601,2.362,0.679,Miao-Breathy,0.677815410668925,-2119581304774372045
Miao_M2,2,M,Miao,Black Miao,zhangxueqi_m2_19,1452.879,1802.206,349.327,5,pa13_01,Vowel,a,Modal,Oral,13.0,2.0,Low,13,Unaspirated,Oral,153.958,154.294,,,894.607,115.721,1285.082,216.655,2449.151,233.319,4166.963,192.401,,,,,21.182,20.797,18.906,17.306,23.538,15.793,34.943,2.93,29.705,1.181,14.319,8.478,2.276,3.491,-4.632,1.513,-13.761,17.904,-8.524,19.616,6.863,12.318,54.441,39.092,26.631,28.284,28.811,28.853,0.409,Low,0.512,0.455,0.563,0.508,-405.365,1629.56,1539.065,1626.273,0.557,2.45,0.228,Miao-Modal,0.22734693877551,-6183086377405694849
Miao_M2,2,M,Miao,Black Miao,zhangxueqi_m2_19,2187.423,2524.787,337.364,5,pa13_02,Vowel,a,Modal,Oral,13.0,2.0,Low,13,Unaspirated,Oral,152.139,152.686,,,871.32,139.374,1274.711,253.297,2426.286,188.605,4055.189,499.697,,,,,18.211,17.815,15.644,13.997,20.658,12.607,28.762,-2.853,19.173,-8.844,4.383,-1.175,2.567,3.818,-5.014,1.39,-10.551,20.702,-0.961,26.66,13.829,18.99,14.269,43.478,32.335,35.915,38.367,26.995,0.679,Low,0.551,0.475,0.564,0.546,-393.441,2358.116,1362.951,2354.541,0.911,2.576,0.354,Miao-Modal,0.353649068322981,-3136591965322195397
Miao_M2,2,M,Miao,Black Miao,zhangxueqi_m2_21,2827.54,3176.043,348.503,5,pje44_01,Vowel,e,Modal,Oral,44.0,1.0,High,44,Unaspirated,Oral,142.102,142.101,,141.652,392.239,88.789,1884.398,90.509,2653.22,266.92,3024.439,410.095,,,,,24.431,23.167,25.411,18.864,16.82,16.783,26.751,6.785,14.7,10.789,12.337,14.568,-0.98,4.303,8.591,2.081,-2.32,16.383,9.731,12.378,12.094,8.6,12.187,45.586,54.789,47.703,41.337,28.936,0.0,High,0.615,0.453,0.507,0.551,-852.904,3005.247,2346.504,3001.377,2.295,2.441,0.941,Miao-Modal,0.94018844735764,784216100957749005
Miao_M2,2,M,Miao,Black Miao,zhangxueqi_m2_21,3633.673,3978.656,344.983,5,pje44_02,Vowel,e,Modal,Oral,44.0,1.0,High,44,Unaspirated,Oral,134.959,134.904,,135.624,421.331,50.813,1933.69,168.403,2655.295,193.936,3192.131,515.159,,,,,22.293,21.302,22.432,17.641,21.334,17.045,28.848,7.687,10.474,5.612,10.896,11.009,-0.138,3.66,1.098,0.596,-6.555,13.616,11.82,15.69,11.398,10.293,11.605,44.968,56.409,52.257,47.251,29.379,0.0,High,0.626,0.453,0.507,0.535,-825.016,3808.707,2354.583,3804.739,2.098,2.584,0.812,Miao-Modal,0.811919504643963,-4916451605549149769
Miao_M2,2,M,Miao,Black Miao,zhangxueqi_m2_22,3944.238,4214.612,270.374,5,phje55_01,Vowel,e,Tense,Oral,55.0,1.0,High,55,Aspirated,Oral,212.716,212.625,,422.347,425.654,15.805,1821.159,131.185,2637.216,261.949,3377.447,221.718,,,,,21.198,18.595,33.553,13.847,12.92,20.185,33.553,13.834,16.736,12.283,10.529,13.908,-12.355,4.748,20.633,-6.338,-12.354,4.762,4.462,6.312,10.669,4.687,39.884,52.437,53.979,49.591,45.449,27.527,0.303,High,0.619,0.584,0.675,0.575,-867.704,4080.868,2073.763,4078.163,0.647,1.684,0.384,Miao-Tense,0.384204275534442,3056579167854447914
Miao_M2,2,M,Miao,Black Miao,zhangxueqi_m2_22,4584.816,4900.946,316.13,5,phje55_02,Vowel,e,Tense,Oral,55.0,1.0,High,55,Aspirated,Oral,193.7,193.813,,,426.588,60.285,1788.098,450.486,2660.232,252.813,3901.58,265.842,,,,,18.587,16.458,26.402,11.589,6.343,11.758,26.401,6.3,0.743,-4.56,-0.689,3.536,-7.816,4.869,20.06,-0.169,-7.815,10.159,17.843,21.018,19.275,12.922,7.334,48.414,53.389,53.712,51.415,28.22,0.703,High,0.615,0.572,0.653,0.546,-676.391,4744.185,1824.558,4741.367,0.618,2.122,0.291,Miao-Tense,0.291234684260132,-7398704285344246499
Miao_M2,2,M,Miao,Black Miao,zhangxueqi_m2_23,2963.682,3283.311,319.629,5,pje22_02,Vowel,e,Modal,Oral,22.0,1.0,Low,22,Unaspirated,Oral,141.337,141.309,,141.383,384.856,79.498,1918.303,109.133,2659.849,225.396,4091.408,573.744,,,,,22.688,21.366,24.53,17.563,14.257,14.993,24.391,4.904,11.473,8.364,9.556,12.056,-1.842,3.803,10.274,2.571,-1.702,16.463,11.215,13.003,13.132,9.311,7.901,52.103,62.807,57.295,51.898,29.649,0.0,Mid,0.524,0.446,0.524,0.531,-710.526,3126.576,2475.096,3122.822,1.403,2.434,0.577,Miao-Modal,0.576417419884963,4067372577623324894
Miao_M2,2,M,Miao,Black Miao,zhangxueqi_m2_24,2600.756,2955.314,354.558,5,pje44_01,Vowel,e,Modal,Oral,44.0,1.0,High,44,Unaspirated,Oral,172.252,172.204,,172.904,353.359,32.33,1962.938,150.444,2780.734,254.417,3243.733,461.021,,,,,24.254,21.859,33.917,16.93,13.379,21.119,33.915,16.575,15.531,14.99,14.578,20.786,-9.663,4.929,20.538,-4.19,-9.662,5.285,8.723,6.869,9.675,1.073,34.045,54.16,61.719,57.327,50.66,30.148,0.546,High,0.557,0.509,0.574,0.527,-946.831,2779.678,2682.882,2776.616,1.448,2.033,0.712,Miao-Modal,0.71224790949336,-8072791570354632566
Miao_M2,2,M,Miao,Black Miao,zhangxueqi_m2_24,3274.416,3593.519,319.103,5,pje44_02,Vowel,e,Modal,Oral,44.0,1.0,High,44,Unaspirated,Oral,162.504,162.269,,,375.766,54.33,1952.732,151.562,2738.126,186.716,4299.079,307.111,,,,,20.195,18.242,29.004,16.295,11.81,17.351,28.312,10.026,8.491,6.898,8.255,13.1,-8.809,1.948,17.195,-1.056,-8.117,8.217,11.704,11.344,11.941,5.142,11.041,47.898,56.794,52.856,45.888,28.24,0.697,High,0.561,0.497,0.596,0.398,-554.305,3435.163,1978.977,3432.706,0.658,2.258,0.291,Miao-Modal,0.29140832595217,5358179032788172362
Miao_M2,2,M,Miao,Black Miao,zhangxueqi_m2_25,1732.34,2210.955,478.615,5,mu44_01,Vowel,u,Modal,Oral,44.0,1.0,High,44,Unaspirated,Nasal,173.723,173.749,,,339.933,64.144,842.802,200.268,2357.0,361.812,3368.638,211.446,,,,,26.721,23.785,32.82,15.149,19.064,18.806,32.819,14.75,17.896,6.477,-0.586,19.341,-6.098,8.636,13.756,-3.656,-6.097,9.048,8.826,17.308,27.307,4.444,31.8,30.516,36.952,41.268,40.453,24.612,0.776,High,0.581,0.523,0.565,0.518,-1168.662,1973.879,2845.794,1970.895,1.727,1.77,0.977,Miao-Modal,0.975706214689266,-5228193921493859189
Miao_M2,2,M,Miao,Black Miao,zhangxueqi_m2_25,2494.006,2934.023,440.017,5,mu44_02,Vowel,u,Modal,Oral,44.0,1.0,High,44,Unaspirated,Nasal,170.907,170.711,,,343.889,49.641,733.327,171.514,2313.018,111.497,3516.819,88.851,,,,,22.158,19.234,30.164,11.381,17.486,8.765,30.163,11.362,17.477,3.966,-4.095,17.59,-8.007,7.853,12.678,2.616,-8.005,7.895,4.681,15.268,26.252,1.644,16.16,41.36,46.76,51.768,53.197,24.9,0.673,High,0.552,0.497,0.569,0.495,-831.542,2715.729,2726.061,2712.827,1.289,2.118,0.609,Miao-Modal,0.608593012275732,4627442221569641728
Miao_M2,2,M,Miao,Black Miao,zhangxueqi_m2_26,1647.68,2027.794,380.114,5,hmo44_01,Vowel,o,Modal,Oral,44.0,1.0,High,44,Aspirated,Oral,174.795,174.702,,,444.42,143.611,846.158,393.615,2270.559,128.234,3404.465,257.341,,,,,24.23,22.444,28.42,18.928,19.019,12.469,24.338,0.799,16.458,-0.696,4.16,17.351,-4.19,3.516,9.401,6.459,-0.108,21.667,7.772,23.141,20.07,5.094,21.073,45.204,49.104,53.356,52.575,28.651,0.0,High,0.571,0.534,0.588,0.54,-1085.762,1839.417,2864.153,1836.329,1.108,1.959,0.567,Miao-Modal,0.565594691168964,-5129566143642788094
Miao_M2,2,M,Miao,Black Miao,zhangxueqi_m2_26,2377.96,2702.784,324.824,5,hmo44_02,Vowel,o,Modal,Oral,44.0,1.0,High,44,Aspirated,Oral,176.647,176.6,,177.309,492.011,71.102,894.794,345.811,2262.357,143.96,3578.215,134.906,,,,,20.679,19.146,24.236,16.567,13.052,5.571,27.053,2.543,10.439,-7.836,-6.697,3.337,-3.558,2.579,11.185,10.996,-6.374,16.625,10.239,26.982,27.376,15.809,10.486,49.377,52.966,55.355,55.59,24.351,0.0,High,0.569,0.511,0.576,0.497,-808.025,2541.838,2488.044,2539.029,1.077,2.184,0.493,Miao-Modal,0.493131868131868,-6617785381204925288
Miao_M2,2,M,Miao,Black Miao,zhangxueqi_m2_29,1545.027,2046.798,501.771,5,ma33_01,Vowel,a,Breathy,Oral,33.0,1.0,Mid,33,Unaspirated,Nasal,138.204,138.805,,,599.545,268.769,1131.421,277.142,2383.993,393.986,3993.628,270.844,,,,,19.549,18.971,12.234,9.748,21.067,3.769,23.202,-3.683,18.717,-2.394,2.497,4.753,7.315,9.223,-8.833,5.979,-3.653,22.668,0.831,21.365,17.052,14.218,6.878,33.716,26.782,28.538,31.55,24.068,0.191,Mid,0.5,0.387,0.459,0.378,-584.046,1798.002,1947.136,1795.294,1.838,2.484,0.746,Miao-Breathy,0.739935587761675,7496673040797821097
Miao_M2,2,M,Miao,Black Miao,zhangxueqi_m2_29,2433.529,2859.422,425.893,5,ma33_02,Vowel,a,Breathy,Oral,33.0,1.0,Mid,33,Unaspirated,Nasal,139.691,140.123,,,623.82,153.297,1197.949,229.035,2141.384,159.377,3931.503,300.515,,,,,17.956,17.409,12.015,9.676,21.508,6.759,22.616,-4.175,13.291,-7.456,0.487,-3.074,5.941,7.733,-9.493,2.917,-4.66,21.591,4.665,24.865,17.469,20.483,5.486,29.371,24.909,28.061,33.413,24.26,0.3,Mid,0.517,0.416,0.469,0.478,-629.392,2649.168,1994.426,2645.762,1.744,2.472,0.706,Miao-Breathy,0.705501618122977,22787836827928387
Miao_M2,2,M,Miao,Black Miao,zhangxueqi_m2_31,2592.057,2825.161,233.104,5,mje11_01,Vowel,e,Creaky,Oral,11.0,1.0,Low,11,Unaspirated,Nasal,136.906,135.854,,,387.531,119.606,1961.862,54.38,2792.902,112.878,3223.179,295.311,,,,,24.104,22.898,24.321,18.163,17.892,17.209,23.086,2.899,14.807,11.363,16.832,20.149,-0.217,4.734,6.429,0.954,1.018,20.0,9.297,11.535,7.272,2.748,9.461,18.211,29.948,25.056,20.143,21.06,0.0,Low,0.564,0.429,0.495,0.405,-737.369,2710.033,2146.344,2707.054,1.762,2.517,0.704,Miao-Creaky,0.700039729837108,-7297051843060386014
Miao_M2,2,M,Miao,Black Miao,zhangxueqi_m2_31,2914.817,3192.749,277.932,5,pje44_01,Vowel,e,Modal,Oral,44.0,1.0,High,44,Unaspirated,Oral,153.623,153.751,,,386.877,106.437,1974.518,92.32,2727.733,145.352,3206.642,385.159,,,,,25.964,24.44,30.13,21.584,19.676,22.329,19.545,0.15,17.602,15.183,20.136,22.75,-4.165,2.856,10.454,-0.745,6.419,24.29,8.362,9.256,5.828,1.689,23.109,41.511,49.244,45.157,39.096,26.888,0.936,High,0.601,0.484,0.536,0.543,-1058.51,3056.678,2551.126,3053.15,1.993,2.115,0.942,Miao-Modal,0.942316784869976,-368106121395951378
Miao_M2,2,M,Miao,Black Miao,zhangxueqi_m2_31,4273.1,4479.307,206.207,5,mje11_02,Vowel,e,Creaky,Oral,11.0,1.0,Low,11,Unaspirated,Nasal,127.669,127.062,,,384.043,21.261,1934.589,64.916,2744.057,112.646,3297.788,165.279,,,,,17.851,16.801,19.629,14.477,12.64,9.731,24.714,4.679,4.853,1.323,3.964,6.895,-1.778,2.324,6.988,4.746,-6.863,12.123,12.998,15.479,13.887,9.906,4.232,24.759,44.135,41.072,35.878,22.161,0.0,Low,0.612,0.463,0.499,0.522,-640.672,4378.868,1818.157,4374.737,2.134,2.9,0.736,Miao-Creaky,0.735862068965517,-3476614988629379251
Miao_M2,2,M,Miao,Black Miao,zhangxueqi_m2_31,4559.998,4775.171,215.173,5,pje44_02,Vowel,e,Modal,Oral,44.0,1.0,High,44,Unaspirated,Oral,137.011,136.779,,137.871,401.049,56.499,1957.63,67.651,2698.145,201.409,3158.161,489.266,,,,,20.56,19.432,22.271,16.628,15.894,14.137,25.805,5.445,12.414,8.758,12.434,14.091,-1.711,2.804,6.377,2.491,-5.245,13.988,8.146,10.674,8.126,5.341,7.249,41.524,53.005,48.24,42.908,30.127,0.0,High,0.593,0.467,0.533,0.549,-780.587,4670.206,2396.038,4666.189,1.693,2.642,0.642,Miao-Modal,0.640802422407267,-6840520877250716581
Miao_M2,2,M,Miao,Black Miao,zhangxueqi_m2_32,4964.057,5197.603,233.546,5,fang44_01,Vowel,ang,Modal,Nasal,44.0,1.0,High,44,Unaspirated,Oral,166.167,166.094,,,455.342,72.976,763.625,185.726,2177.612,191.584,3849.272,191.058,,,,,21.743,20.125,26.882,18.777,24.439,14.117,33.044,8.229,22.749,3.335,9.096,21.65,-5.139,1.348,2.442,4.66,-11.302,11.927,-1.007,16.789,12.646,-1.525,36.489,44.683,43.781,45.001,47.262,28.947,0.0,High,0.529,0.484,0.558,0.522,-878.741,5082.302,2589.26,5079.163,0.86,1.933,0.445,Miao-Modal,0.444904293843766,-2800112825334925489
Miao_M2,2,M,Miao,Black Miao,zhangxueqi_m2_32,5664.696,5919.474,254.778,5,fang44_02,Vowel,ang,Modal,Nasal,44.0,1.0,High,44,Unaspirated,Oral,160.661,161.147,,,422.794,113.694,798.101,202.532,2175.918,217.271,3732.185,603.923,,,,,20.006,18.362,23.024,14.621,21.55,13.864,27.57,3.887,19.115,1.29,6.267,19.979,-3.019,3.741,1.474,0.757,-7.564,14.499,0.89,17.071,13.739,-1.618,12.311,45.877,45.914,46.034,47.303,27.612,0.0,High,0.519,0.478,0.533,0.487,-1076.398,5794.001,2427.691,5790.984,1.001,2.0,0.5,Miao-Modal,0.5005,-5130213034528843375
Miao_M2,2,M,Miao,Black Miao,zhangxueqi_m2_33,3770.197,4104.345,334.148,5,fhang44_01,Vowel,ang,Modal,Nasal,44.0,1.0,High,44,Aspirated,Oral,180.416,180.365,,,547.981,80.328,1125.277,374.015,2039.13,320.513,3888.148,180.986,,,,,21.9,20.755,23.889,18.461,27.451,19.104,32.942,8.49,22.079,4.747,12.979,10.349,-1.99,2.293,-3.561,-0.643,-11.043,12.27,-0.179,16.008,8.921,10.406,46.908,43.255,38.373,38.947,41.056,27.999,0.0,High,0.497,0.475,0.547,0.474,-851.965,3938.419,2089.985,3935.803,0.558,1.823,0.306,Miao-Modal,0.306088864509051,-785546250806416618
Miao_M2,2,M,Miao,Black Miao,zhangxueqi_m2_33,4442.949,4728.089,285.14,5,fhang44_02,Vowel,ang,Modal,Nasal,44.0,1.0,High,44,Aspirated,Oral,186.771,186.462,,,540.637,69.566,1223.831,264.442,2126.894,163.07,3857.811,380.348,,,,,17.765,16.466,22.917,16.534,13.65,8.544,29.612,5.913,13.273,-2.616,3.997,2.969,-5.152,-0.068,9.267,7.99,-11.847,10.557,4.492,19.082,13.768,13.497,14.688,48.008,44.621,46.394,49.229,26.573,0.0,High,0.538,0.509,0.565,0.504,-877.137,4586.772,1841.652,4584.076,0.847,1.79,0.473,Miao-Modal,0.473184357541899,-9174997326283290362
Miao_M2,2,M,Miao,Black Miao,zhangxueqi_m2_35,1026.656,1359.176,332.52,5,fang55_01,Vowel,ang,Tense,Nasal,55.0,1.0,High,55,Unaspirated,Oral,215.545,215.739,,217.204,610.749,112.485,1213.851,464.661,2006.3,190.769,3869.18,194.501,,,,,18.809,17.433,24.705,17.948,21.095,14.443,31.345,6.628,18.035,-0.084,13.285,6.924,-5.896,-0.514,3.61,3.505,-12.536,10.81,0.774,17.517,5.523,10.509,24.892,50.781,42.37,44.071,47.762,28.377,0.0,High,0.58,0.559,0.644,0.55,-883.288,1194.318,2027.877,1191.771,0.547,1.824,0.3,Miao-Tense,0.299890350877193,-5253430101649680237
Miao_M2,2,M,Miao,Black Miao,zhangxueqi_m2_35,1697.429,1957.33,259.901,5,fang55_02,Vowel,ang,Tense,Nasal,55.0,1.0,High,55,Unaspirated,Oral,214.304,214.52,,,562.199,147.325,955.852,281.176,2078.351,296.779,3947.215,316.433,,,,,17.734,16.123,24.552,16.372,21.833,10.717,28.32,3.061,21.016,1.154,8.641,8.717,-6.817,-0.249,2.718,5.655,-10.586,13.078,-3.282,14.969,9.094,7.406,19.03,47.95,40.361,42.524,46.629,26.624,0.0,High,0.573,0.544,0.627,0.534,-840.36,1828.171,2000.583,1825.686,0.629,1.814,0.347,Miao-Tense,0.346747519294377,-211873836235633335
Miao_M2,2,M,Miao,Black Miao,zhangxueqi_m2_37,2338.421,2740.634,402.213,5,se44_01,Vowel,e,Modal,Oral,44.0,1.0,High,44,Unaspirated,Oral,172.892,173.557,,,462.98,73.368,1848.952,70.861,2670.685,216.741,3095.824,381.438,,,,,20.623,19.298,25.93,18.994,13.142,12.779,27.567,5.693,19.022,11.832,15.485,15.878,-5.307,0.304,12.788,6.215,-6.943,13.606,1.601,7.466,5.138,3.42,15.923,33.761,38.446,36.157,33.475,28.091,0.214,High,0.574,0.523,0.577,0.552,-1053.731,2541.589,2617.147,2538.409,1.27,2.212,0.574,Miao-Modal,0.574141048824593,-4646812256318261264
Miao_M2,2,M,Miao,Black Miao,zhangxueqi_m2_37,3153.16,3510.683,357.523,5,se44_02,Vowel,e,Modal,Oral,44.0,1.0,High,44,Unaspirated,Oral,167.379,167.255,,,463.738,52.761,1821.119,96.334,2688.209,277.363,3627.245,746.043,,,,,16.366,15.113,22.96,16.548,9.842,8.731,25.392,3.401,6.127,-1.31,-4.433,-3.292,-6.593,-1.435,13.117,7.818,-9.026,11.713,10.24,16.423,20.799,18.405,6.37,46.063,46.922,44.993,44.802,25.802,0.024,High,0.559,0.495,0.553,0.482,-610.159,3333.258,1775.805,3330.383,1.206,2.156,0.559,Miao-Modal,0.559369202226345,3373119789736192370
Miao_M2,2,M,Miao,Black Miao,zhangxueqi_m2_39,1235.396,1561.043,325.647,5,sei55_01,Vowel,ei,Tense,Oral,55.0,1.0,High,55,Unaspirated,Oral,199.186,198.88,,,555.377,45.519,1727.812,134.092,2553.027,409.0,4334.98,359.714,,,,,16.456,15.204,22.309,16.031,9.376,6.489,28.293,5.308,10.008,-1.748,0.489,-3.255,-5.853,-0.827,12.933,9.543,-11.837,9.898,6.448,16.953,15.967,18.46,11.747,39.593,41.595,40.929,41.281,26.915,0.027,High,0.613,0.559,0.631,0.537,-587.712,1399.701,1628.052,1397.024,0.815,1.998,0.408,Miao-Tense,0.407907907907908,-6496175028473833593
Miao_M2,2,M,Miao,Black Miao,zhangxueqi_m2_39,2024.138,2332.869,308.731,5,sei55_02,Vowel,ei,Tense,Oral,55.0,1.0,High,55,Unaspirated,Oral,185.409,184.348,,,540.878,31.594,1646.239,126.832,2455.672,247.739,4176.248,516.944,,,,,14.107,12.956,19.667,14.03,15.381,11.236,28.856,5.835,9.761,-2.261,-0.915,-3.275,-5.559,-1.074,4.285,2.794,-14.748,7.123,4.346,15.217,15.023,16.231,11.386,42.298,41.934,41.416,43.231,26.691,0.0,High,0.579,0.519,0.586,0.521,-551.99,2179.819,1475.051,2177.029,0.852,2.021,0.422,Miao-Tense,0.421573478476002,-4088752328652110704
Miao_M2,2,M,Miao,Black Miao,zhangxueqi_m2_40,1883.831,2238.997,355.166,5,se55_01,Vowel,e,Tense,Oral,55.0,1.0,High,55,Unaspirated,Oral,194.598,194.413,,,577.356,34.446,1708.735,124.707,2266.382,538.72,4155.592,760.002,,,,,19.648,18.488,20.936,15.251,15.536,11.67,33.276,10.162,24.838,13.187,15.618,7.185,-1.288,3.237,5.4,3.581,-13.628,8.328,-5.19,5.301,4.03,11.303,36.867,50.057,44.96,41.625,41.884,28.288,0.0,High,0.569,0.529,0.606,0.534,-906.418,2062.876,2501.361,2060.13,0.912,2.048,0.446,Miao-Tense,0.4453125,6532846073611849695
Miao_M2,2,M,Miao,Black Miao,zhangxueqi_m2_40,2550.113,2852.968,302.855,5,se55_02,Vowel,e,Tense,Oral,55.0,1.0,High,55,Unaspirated,Oral,181.689,181.731,,181.826,641.395,74.388,1560.835,277.498,2162.237,980.114,4414.138,626.33,,,,,14.032,13.186,17.87,14.03,26.239,13.252,24.415,-0.31,13.867,-1.838,0.826,-9.214,-3.838,-0.844,-8.369,0.778,-10.383,13.499,0.166,15.024,13.206,22.4,11.975,52.029,46.625,44.021,45.797,28.178,0.927,High,0.584,0.53,0.607,0.52,-574.344,2702.758,1767.173,2699.897,0.72,2.301,0.313,Miao-Tense,0.312907431551499,4484092113360952217
Miao_M2,2,M,Miao,Black Miao,zhangxueqi_m2_41,2066.252,2394.458,328.206,5,sei22_02,Vowel,ei,Modal,Oral,22.0,1.0,Low,22,Unaspirated,Oral,142.289,142.371,,,415.167,63.045,1910.545,84.301,2525.145,308.217,3999.321,928.289,,,,,18.277,17.154,16.657,11.056,10.509,8.445,21.433,0.49,8.156,3.361,2.613,0.587,1.62,6.097,6.147,2.611,-3.156,16.665,10.121,13.793,15.664,16.567,2.492,45.818,53.439,50.399,48.782,27.923,0.0,Mid,0.527,0.445,0.521,0.357,-596.099,2231.296,2476.938,2228.789,1.323,2.664,0.497,Miao-Modal,0.496621621621622,3216410975865424305
Miao_M2,2,M,Miao,Black Miao,zhangxueqi_m2_44,1855.165,2216.976,361.811,5,su13_01,Vowel,u,Modal,Oral,13.0,2.0,Low,13,Unaspirated,Oral,170.332,170.281,,,395.749,87.27,857.865,328.065,2595.102,267.874,3507.704,79.536,,,,,19.924,17.987,27.424,16.278,16.946,13.929,24.059,2.458,8.829,-5.683,-4.586,14.84,-7.5,1.709,10.478,2.349,-4.135,15.553,11.095,23.67,24.51,3.147,11.128,29.964,34.781,41.02,39.461,23.334,0.802,Low,0.599,0.535,0.577,0.532,-1083.978,2037.787,2706.82,2034.678,1.398,1.949,0.717,Miao-Modal,0.717290918419702,-7902915051948083514
Miao_M2,2,M,Miao,Black Miao,zhangxueqi_m2_44,2507.942,2849.512,341.57,5,su13_02,Vowel,u,Modal,Oral,13.0,2.0,Low,13,Unaspirated,Oral,178.897,178.856,,,447.907,98.584,994.314,332.836,2656.808,140.455,3525.898,91.823,,,,,18.23,16.443,24.497,14.636,11.494,9.138,17.752,-4.681,8.301,-6.254,-6.15,10.383,-6.267,1.807,13.003,5.498,0.477,21.145,9.929,22.697,24.38,6.06,6.299,31.838,37.187,43.796,42.748,22.661,0.169,Low,0.57,0.528,0.591,0.52,-987.865,2680.079,2693.332,2677.177,0.831,2.019,0.411,Miao-Modal,0.411589895988113,2851623042778548925
Miao_M2,2,M,Miao,Black Miao,zhangxueqi_m2_45,2129.778,2488.843,359.065,5,shu13_01,Vowel,u,Modal,Oral,13.0,2.0,Low,13,Aspirated,Oral,172.894,172.611,,,408.442,103.106,818.326,355.566,2578.617,219.301,3439.158,141.063,,,,,20.165,18.177,27.757,16.347,16.986,11.542,23.942,1.784,10.071,-5.569,-4.293,15.702,-7.592,1.83,10.771,4.805,-3.777,16.427,10.094,23.746,24.458,2.475,12.131,31.786,36.664,42.358,40.158,23.785,0.863,Low,0.604,0.551,0.591,0.537,-1148.822,2311.029,2753.229,2307.927,1.273,1.763,0.724,Miao-Modal,0.72206466250709,8050986320137571035
Miao_M2,2,M,Miao,Black Miao,zhangxueqi_m2_45,2783.389,3066.714,283.325,5,shu13_02,Vowel,u,Modal,Oral,13.0,2.0,Low,13,Aspirated,Oral,164.815,164.964,,,431.708,80.364,877.064,276.59,2664.454,603.26,3476.913,118.959,,,,,18.284,16.708,20.845,12.712,10.693,5.995,20.708,-2.173,5.827,-9.969,-15.08,2.522,-2.562,3.996,10.152,6.717,-2.424,18.909,12.456,26.678,33.364,14.186,3.757,29.356,34.417,41.009,41.1,19.084,0.03,Low,0.555,0.496,0.538,0.451,-931.122,2926.551,2466.081,2923.836,1.229,2.152,0.572,Miao-Modal,0.571096654275093,2736700459523505892
Miao_M2,2,M,Miao,Black Miao,zhangxueqi_m2_46,3251.98,3557.306,305.326,5,sen13_02,Vowel,en,Modal,Nasal,13.0,2.0,Low,13,Unaspirated,Oral,176.17,176.143,,,449.934,107.228,1946.493,1070.274,2452.711,240.219,3718.173,339.763,,,,,19.572,18.081,24.757,16.526,13.536,15.237,22.935,1.726,2.626,-2.53,1.152,-3.277,-5.184,1.555,11.221,1.289,-3.363,16.356,16.947,20.611,18.421,21.358,10.785,30.797,33.521,35.181,36.388,24.574,0.0,Low,0.539,0.489,0.536,0.493,-1137.311,3406.38,2390.864,3403.593,1.429,1.923,0.744,Miao-Modal,0.743109724388976,7026220490116113847
Miao_M2,2,M,Miao,Black Miao,zhangxueqi_m2_47,734.331,963.629,229.298,5,cja44_01,Vowel,a,Modal,Oral,44.0,1.0,High,44,Unaspirated,Oral,152.958,153.001,,,777.299,260.03,1300.744,215.169,2218.41,341.514,4063.88,360.029,,,,,18.941,18.429,16.088,13.917,25.981,13.35,20.596,-7.865,23.232,-0.069,9.98,2.593,2.853,4.512,-9.893,0.567,-1.655,26.305,-4.291,18.498,8.961,15.837,16.321,32.594,25.097,28.04,30.451,29.353,0.588,High,0.521,0.441,0.541,0.42,-526.797,850.732,2212.26,847.985,1.15,2.647,0.435,Miao-Modal,0.434454098979977,-5320729944895344790
Miao_M2,2,M,Miao,Black Miao,zhangxueqi_m2_47,1188.856,1386.948,198.092,5,cja44_02,Vowel,a,Modal,Oral,44.0,1.0,High,44,Unaspirated,Oral,150.893,150.806,,150.561,791.067,241.116,1325.195,287.348,2146.292,479.988,4241.007,456.629,,,,,15.349,14.847,11.915,9.779,20.268,7.198,17.286,-10.793,17.419,-4.966,3.236,-6.632,3.434,5.067,-8.353,2.581,-1.937,25.647,-2.071,19.812,12.112,21.478,4.849,37.46,27.322,29.83,32.81,24.278,0.643,High,0.543,0.468,0.541,0.392,-414.873,1288.66,1595.168,1286.061,1.115,2.61,0.428,Miao-Modal,0.4272030651341,246835685337611565
Miao_M2,2,M,Miao,Black Miao,zhangxueqi_m2_48,1248.648,1714.531,465.883,5,mo13_01,Vowel,o,Modal,Oral,13.0,2.0,Low,13,Unaspirated,Nasal,163.384,163.746,,,475.029,102.749,593.569,372.697,2288.125,340.29,3361.438,157.779,,,,,25.629,23.843,28.132,19.362,21.713,5.998,35.172,5.139,26.585,-2.315,-0.531,19.443,-2.503,4.481,6.419,13.364,-9.543,20.027,-0.956,26.158,26.16,4.4,51.636,18.367,25.945,31.39,31.388,21.305,0.0,Low,0.492,0.435,0.484,0.435,-963.581,1483.295,2255.093,1480.663,1.449,1.742,0.83,Miao-Modal,0.831802525832377,6348357678636997837
Miao_M2,2,M,Miao,Black Miao,zhangxueqi_m2_48,1874.262,2323.505,449.243,5,mo13_02,Vowel,o,Modal,Oral,13.0,2.0,Low,13,Unaspirated,Nasal,166.597,167.25,,,483.57,75.251,728.287,239.905,2228.344,123.651,3491.587,159.299,,,,,21.204,19.637,23.643,16.063,21.499,3.906,31.293,4.286,21.097,-1.951,-4.011,11.041,-2.439,3.574,2.144,12.157,-10.089,15.45,0.107,21.588,25.214,8.596,22.129,26.871,32.094,35.29,35.988,21.28,0.0,Low,0.52,0.468,0.523,0.492,-895.094,2100.25,2247.599,2097.321,1.294,1.973,0.656,Miao-Modal,0.655854029396858,-2509594065241755427
Miao_M2,2,M,Miao,Black Miao,zhangxueqi_m2_49,1456.995,1727.613,270.618,5,chja55_01,Vowel,a,Tense,Oral,55.0,1.0,High,55,Aspirated,Oral,215.094,214.995,,215.877,679.15,271.408,1316.339,134.037,2476.176,490.909,4166.74,576.592,,,,,16.686,15.514,14.58,9.059,21.53,12.548,24.755,-0.669,27.956,8.916,9.719,10.83,2.106,6.455,-6.951,-3.489,-8.069,16.199,-11.27,6.597,6.967,4.684,21.978,57.132,46.567,47.202,49.875,32.096,0.0,High,0.466,0.449,0.546,0.407,-516.453,1593.22,1254.309,1591.326,0.488,1.475,0.331,Miao-Tense,0.330847457627119,-6668529283516955830
Miao_M2,2,M,Miao,Black Miao,zhangxueqi_m2_49,2070.837,2317.254,246.417,5,chja55_02,Vowel,a,Tense,Oral,55.0,1.0,High,55,Aspirated,Oral,201.712,201.887,,,621.671,104.504,1341.977,175.704,2484.71,596.933,4106.688,403.945,,,,,14.336,13.17,13.139,7.585,19.167,11.884,25.219,0.67,19.289,2.174,2.534,3.852,1.197,5.585,-6.027,-4.299,-10.883,12.509,-4.953,10.997,11.802,9.318,8.612,50.635,42.327,45.872,50.231,30.694,0.0,High,0.528,0.489,0.566,0.456,-411.895,2194.798,1157.108,2192.534,0.815,1.745,0.467,Miao-Tense,0.467048710601719,-4678767451579499645
Miao_M2,2,M,Miao,Black Miao,zhangxueqi_m2_51,1529.022,1882.992,353.97,5,tjo44_01,Vowel,o,Modal,Oral,44.0,1.0,High,44,Unaspirated,Oral,171.156,170.959,,,378.725,99.764,685.772,153.063,2516.409,212.105,3308.736,232.48,,,,,22.759,20.212,30.466,14.164,21.735,8.983,30.44,9.426,21.732,5.681,-2.223,21.853,-7.707,6.048,8.731,5.181,-7.682,10.843,1.027,14.531,24.981,-1.641,23.523,45.669,48.325,51.796,49.701,26.172,0.923,High,0.603,0.533,0.578,0.56,-1194.835,1707.975,2767.15,1704.697,1.468,1.8,0.816,Miao-Modal,0.815555555555555,-6986991729533106777
Miao_M2,2,M,Miao,Black Miao,zhangxueqi_m2_51,2165.708,2492.095,326.387,5,tjo44_02,Vowel,o,Modal,Oral,44.0,1.0,High,44,Unaspirated,Oral,174.101,174.14,,174.205,445.944,121.805,776.216,214.849,2424.251,74.487,3397.12,310.053,,,,,19.686,17.862,25.204,15.635,18.022,7.449,24.079,-0.226,17.292,-1.507,-1.036,16.262,-5.518,2.227,7.183,8.186,-4.393,18.137,2.394,19.369,20.722,1.6,11.776,52.713,55.543,58.035,56.471,27.394,0.0,High,0.577,0.526,0.598,0.542,-844.228,2330.909,2668.288,2327.798,0.914,2.276,0.402,Miao-Modal,0.401581722319859,-615062970448339528
Miao_M2,2,M,Miao,Black Miao,zhangxueqi_m2_52,1108.925,1489.469,380.544,5,ta44_01,Vowel,a,Modal,Oral,44.0,1.0,High,44,Unaspirated,Oral,168.787,168.911,,,708.805,289.918,1332.848,190.381,2338.966,228.175,3966.594,356.694,,,,,18.775,18.132,20.9,18.114,26.066,4.938,26.064,-1.084,28.558,7.428,14.056,9.784,-2.124,0.018,-5.166,13.177,-7.289,19.226,-9.783,10.704,4.719,8.348,32.55,46.58,34.965,34.827,37.062,32.3,0.0,High,0.577,0.497,0.599,0.573,-555.304,1301.665,1933.743,1298.272,0.95,2.477,0.384,Miao-Modal,0.383528461849011,-1914047039631760630
Miao_M2,2,M,Miao,Black Miao,zhangxueqi_m2_52,1647.798,1914.456,266.658,5,ta44_02,Vowel,a,Modal,Oral,44.0,1.0,High,44,Unaspirated,Oral,164.102,164.144,,164.419,744.387,194.848,1241.507,175.72,2142.708,388.678,4106.231,209.782,,,,,16.529,15.93,18.178,15.617,24.176,7.982,26.254,-2.195,24.098,0.457,6.661,-0.445,-1.649,0.314,-5.998,7.634,-9.725,18.137,-7.569,15.473,9.869,16.375,15.056,56.024,45.085,46.757,48.637,28.855,0.0,High,0.546,0.478,0.592,0.546,-443.76,1783.139,1712.527,1779.808,0.583,2.491,0.234,Miao-Modal,0.234042553191489,7322819116952408965
Miao_M2,2,M,Miao,Black Miao,zhangxueqi_m2_54,3160.243,3501.9,341.657,5,ta55_01,Vowel,a,Tense,Oral,55.0,1.0,High,55,Unaspirated,Oral,202.198,201.91,,,737.337,253.297,1346.115,395.485,2256.764,522.063,4384.861,379.135,,,,,17.254,16.379,18.446,14.544,27.579,9.17,27.501,0.442,21.98,0.552,5.941,-1.036,-1.192,1.835,-9.134,5.373,-10.247,15.947,-4.726,15.826,11.313,17.414,17.263,58.373,47.896,47.373,48.508,31.102,0.716,High,0.553,0.515,0.604,0.502,-624.038,3332.47,1607.142,3329.986,0.692,1.789,0.387,Miao-Tense,0.386808272778088,-1963923604619358936
Miao_M2,2,M,Miao,Black Miao,zhangxueqi_m2_54,3687.95,3978.866,290.916,5,ta55_02,Vowel,a,Tense,Oral,55.0,1.0,High,55,Unaspirated,Oral,192.374,192.326,,,613.664,272.067,1170.86,148.089,2099.595,674.457,4281.081,357.806,,,,,16.669,15.566,17.526,12.41,22.873,12.125,21.466,-4.143,23.341,3.674,5.466,2.919,-0.857,3.157,-5.347,0.285,-4.797,19.719,-6.672,11.892,11.203,12.647,9.709,54.063,42.819,45.845,48.576,29.346,0.714,High,0.535,0.5,0.587,0.496,-538.004,3834.654,1490.483,3832.069,0.537,1.918,0.28,Miao-Tense,0.279979144942649,2510698760997215913
Miao_M2,2,M,Miao,Black Miao,zhangxueqi_m2_55,1845.184,2224.949,379.765,5,ta22_01,Vowel,a,Modal,Oral,22.0,1.0,Low,22,Unaspirated,Oral,147.364,147.099,,,631.59,121.827,887.803,216.521,2425.504,159.176,3474.32,279.728,,,,,24.529,23.78,20.408,17.17,34.58,11.421,34.578,4.639,27.43,0.543,4.965,13.742,4.121,6.61,-14.172,5.749,-10.049,19.24,-2.901,23.237,19.565,10.038,59.076,42.06,34.982,37.939,37.336,27.757,0.747,Mid,0.436,0.404,0.445,0.404,-1165.169,2037.153,2272.913,2034.404,1.519,1.607,0.947,Miao-Modal,0.945239576851276,3890546357328210381
Miao_M2,2,M,Miao,Black Miao,zhangxueqi_m2_55,2477.222,2824.436,347.214,5,ta22_02,Vowel,a,Modal,Oral,22.0,1.0,Low,22,Unaspirated,Oral,142.442,142.434,,,587.472,85.049,1000.098,172.748,2406.7,362.469,3770.143,591.935,,,,,19.841,19.132,15.664,12.582,30.861,6.236,30.859,3.866,23.393,1.434,-0.684,6.398,4.178,6.55,-15.197,6.346,-11.018,15.293,-3.551,17.698,20.525,12.734,20.065,53.09,46.987,51.597,52.716,30.063,0.93,Mid,0.509,0.442,0.526,0.42,-646.293,2653.173,2470.127,2650.223,1.216,2.618,0.465,Miao-Modal,0.464476699770817,-5521186294102894122
Miao_M2,2,M,Miao,Black Miao,zhangxueqi_m2_57,1152.335,1500.34,348.005,5,ta33_01,Vowel,a,Breathy,Oral,33.0,1.0,Mid,33,Unaspirated,Oral,150.808,151.605,,,793.728,317.25,1290.085,263.062,2365.861,191.59,4114.458,398.398,,,,,21.568,21.134,16.442,14.625,22.017,12.671,21.958,-7.856,21.042,-4.294,7.631,2.316,5.125,6.509,-5.575,1.954,-0.391,29.009,0.526,25.428,13.937,18.818,11.615,27.935,17.61,18.919,22.055,22.491,0.64,Mid,0.464,0.408,0.482,0.45,-647.444,1328.365,1968.289,1325.398,1.277,2.122,0.602,Miao-Breathy,0.601790763430726,-9079231214997084429
Miao_M2,2,M,Miao,Black Miao,zhangxueqi_m2_57,1726.238,2100.699,374.461,5,ta33_02,Vowel,a,Breathy,Oral,33.0,1.0,Mid,33,Unaspirated,Oral,150.648,150.532,,150.561,763.104,220.753,1320.397,284.272,2283.831,260.381,4240.415,519.788,,,,,21.174,20.714,17.676,15.739,23.967,13.586,24.118,-4.659,19.42,-4.183,6.031,-0.721,3.498,4.975,-6.292,2.153,-2.944,25.385,1.754,24.898,15.143,21.435,11.978,47.279,36.265,35.961,38.482,29.221,0.828,Mid,0.475,0.422,0.496,0.462,-669.686,1915.649,1876.886,1912.579,1.244,2.224,0.559,Miao-Breathy,0.559352517985611,4932016800757643331
Miao_M2,2,M,Miao,Black Miao,zhangxueqi_m2_59,1385.859,1792.502,406.643,5,te11_01,Vowel,e,Creaky,Oral,11.0,1.0,Low,11,Unaspirated,Oral,139.6,139.716,,,645.083,60.378,1783.023,100.324,2447.426,240.072,2929.176,428.397,,,,,21.406,20.908,20.279,18.135,31.298,16.8,32.477,7.274,26.192,12.028,21.434,12.087,1.127,2.774,-11.019,1.335,-11.071,13.636,-4.786,8.88,-0.027,8.822,41.183,25.214,20.661,15.698,14.904,25.374,0.246,Low,0.596,0.464,0.559,0.592,-699.069,1591.996,2383.656,1587.732,1.546,3.027,0.511,Miao-Creaky,0.510736703006277,-918612513134175053
Miao_M2,2,M,Miao,Black Miao,zhangxueqi_m2_59,1976.295,2343.882,367.587,5,te11_02,Vowel,e,Creaky,Oral,11.0,1.0,Low,11,Unaspirated,Oral,113.881,114.324,,,614.742,66.079,1761.623,163.37,2421.492,219.717,2813.971,293.335,,,,,11.049,10.692,11.941,10.439,11.882,3.858,24.262,-1.2,11.955,-2.231,12.402,3.306,-0.892,0.253,0.059,6.581,-13.213,11.894,-0.907,12.923,-1.353,7.386,4.282,23.986,21.607,18.077,18.831,22.962,0.0,Low,0.567,0.414,0.449,0.603,-378.403,2163.753,1446.329,2158.419,1.873,4.056,0.462,Miao-Creaky,0.461785009861933,-822593236937211684
Miao_M2,2,M,Miao,Black Miao,zhangxueqi_m2_68,1568.807,2052.839,484.032,5,ma33_01,Vowel,a,Breathy,Oral,33.0,1.0,Mid,33,Unaspirated,Nasal,144.993,145.881,,143.617,697.603,290.161,1200.19,211.062,2719.639,387.612,3991.972,241.095,,,,,20.361,19.863,13.945,11.837,20.779,8.936,24.423,-3.828,19.624,-3.613,6.0,10.995,6.416,8.026,-6.834,2.901,-4.062,23.723,0.736,23.476,14.36,8.867,10.703,22.564,14.656,19.291,21.107,22.684,0.122,Mid,0.461,0.399,0.472,0.45,-692.077,1812.52,2133.131,1809.419,1.261,2.279,0.554,Miao-Breathy,0.553312856516016,-5669606346522936597
Miao_M2,2,M,Miao,Black Miao,zhangxueqi_m2_68,2190.788,2653.038,462.25,5,ma33_02,Vowel,a,Breathy,Oral,33.0,1.0,Mid,33,Unaspirated,Nasal,139.25,139.591,,,619.55,185.719,1139.96,150.914,2565.731,438.809,3982.099,197.141,,,,,16.659,16.077,12.723,10.226,21.376,5.064,21.776,-5.004,20.005,-0.991,-0.018,5.754,3.936,5.851,-8.653,5.162,-5.117,21.101,-3.346,17.068,16.677,10.323,6.393,38.155,31.073,34.778,36.102,25.796,0.523,Mid,0.533,0.442,0.508,0.506,-715.778,2424.515,2085.541,2420.89,1.454,2.653,0.548,Miao-Breathy,0.548058801356954,3075196816388068764
Miao_M2,2,M,Miao,Black Miao,zhangxueqi_m2_70,1074.232,1553.178,478.946,5,na33_01,Vowel,a,Breathy,Oral,33.0,1.0,Mid,33,Unaspirated,Nasal,150.448,151.059,,,743.484,486.195,1272.63,221.566,2615.439,196.413,4039.291,310.03,,,,,21.352,20.867,16.609,14.561,22.982,11.697,19.292,-9.285,23.086,-0.465,10.801,12.039,4.742,6.306,-6.372,2.864,2.06,30.177,-1.734,21.332,10.551,8.828,14.117,32.343,23.166,23.916,24.971,24.591,0.506,Mid,0.508,0.436,0.495,0.481,-817.086,1316.233,2084.226,1313.06,1.435,2.332,0.616,Miao-Breathy,0.615351629502573,4780005591113775619
Miao_M2,2,M,Miao,Black Miao,zhangxueqi_m2_70,1775.943,2219.247,443.304,5,na33_02,Vowel,a,Breathy,Oral,33.0,1.0,Mid,33,Unaspirated,Nasal,141.756,141.968,,,667.832,335.346,1230.788,250.367,2407.348,285.479,4098.538,397.791,,,,,18.823,18.315,13.511,11.353,19.757,7.123,21.806,-5.472,16.833,-4.605,1.578,1.505,5.312,6.962,-6.246,4.23,-2.983,23.8,1.99,22.92,17.245,16.81,6.953,19.786,13.595,18.397,23.184,22.495,0.252,Mid,0.505,0.427,0.479,0.465,-788.933,1999.742,1983.316,1996.458,1.499,2.344,0.641,Miao-Breathy,0.639505119453925,-3731616093821188172
Miao_M2,2,M,Miao,Black Miao,zhangxueqi_m2_71,1836.251,2177.417,341.166,5,hna44_01,Vowel,a,Modal,Oral,44.0,1.0,High,44,Aspirated,Oral,162.711,162.868,,,657.902,313.91,1227.372,312.516,2590.899,224.69,4176.687,384.518,,,,,18.71,17.991,20.533,17.386,27.972,2.57,27.971,1.337,25.652,4.836,11.817,16.18,-1.823,0.605,-7.439,14.816,-9.26,16.675,-6.941,13.155,6.894,1.811,27.53,48.453,37.091,37.531,38.075,28.711,0.529,High,0.568,0.5,0.604,0.571,-532.907,2008.495,1965.672,2004.989,0.759,2.562,0.296,Miao-Modal,0.296252927400468,3765609192352454733
Miao_M2,2,M,Miao,Black Miao,zhangxueqi_m2_71,2424.381,2793.554,369.173,5,hna44_02,Vowel,a,Modal,Oral,44.0,1.0,High,44,Aspirated,Oral,157.256,157.251,,156.351,623.435,212.849,1163.701,373.686,2207.952,365.988,3995.896,254.48,,,,,16.638,15.91,18.72,15.529,27.014,0.908,27.013,0.659,18.722,-1.683,6.947,5.302,-2.082,0.381,-8.295,14.622,-10.375,15.26,-2.084,17.593,9.691,10.607,11.331,58.352,47.467,47.838,51.282,29.446,0.475,High,0.56,0.502,0.585,0.536,-556.734,2610.892,1925.648,2607.484,0.908,2.638,0.344,Miao-Modal,0.344200151630023,-6487580522733280576
Miao_M2,2,M,Miao,Black Miao,zhangxueqi_m2_72,1099.421,1585.815,486.394,5,nja13_01,Vowel,a,Modal,Oral,13.0,2.0,Low,13,Unaspirated,Nasal,138.393,138.633,,,794.019,245.871,1348.744,288.294,2481.569,205.691,4036.397,236.947,,,,,19.476,19.126,17.538,16.082,23.716,16.614,26.399,-3.219,25.565,1.003,15.406,10.59,1.938,3.044,-6.179,-0.531,-6.923,22.361,-6.089,18.123,4.07,8.536,25.817,29.842,20.385,20.088,20.94,26.072,0.424,Low,0.563,0.459,0.539,0.568,-598.216,1344.988,2134.397,1340.896,1.382,2.971,0.464,Miao-Modal,0.465163244698755,-6384330446814355921
Miao_M2,2,M,Miao,Black Miao,zhangxueqi_m2_72,1714.027,2167.858,453.831,5,nja13_02,Vowel,a,Modal,Oral,13.0,2.0,Low,13,Unaspirated,Nasal,142.763,142.775,,,684.308,183.075,1330.428,138.401,2290.176,285.522,4012.73,223.474,,,,,16.596,16.104,14.423,12.333,23.055,10.867,24.758,-2.245,22.835,2.364,6.583,1.447,2.173,3.771,-8.632,1.466,-8.162,18.356,-6.239,13.741,10.013,14.657,10.44,41.337,31.642,31.964,34.692,26.697,0.75,Low,0.561,0.482,0.557,0.526,-507.182,1943.103,1967.383,1939.426,1.17,2.991,0.391,Miao-Modal,0.391173520561685,-6840812889120513178
Miao_M2,2,M,Miao,Black Miao,zhangxueqi_m2_74,1115.246,1572.65,457.404,5,nga33_01,Vowel,a,Breathy,Oral,33.0,1.0,Mid,33,Unaspirated,Nasal,152.118,152.82,,,848.677,226.975,1368.912,273.137,2422.459,276.305,3951.514,520.42,,,,,24.937,24.542,20.679,19.03,22.757,14.509,28.331,-1.535,23.371,-1.647,11.644,4.643,4.257,5.511,-2.078,4.522,-3.394,26.093,1.565,26.189,13.292,19.899,27.703,21.532,12.366,13.57,16.686,21.874,0.726,Mid,0.475,0.394,0.449,0.397,-740.696,1345.657,2076.801,1343.059,1.508,1.935,0.784,Miao-Breathy,0.779328165374677,-3943067794428177310
Miao_M2,2,M,Miao,Black Miao,zhangxueqi_m2_74,1786.502,2192.424,405.922,5,nga33_02,Vowel,a,Breathy,Oral,33.0,1.0,Mid,33,Unaspirated,Nasal,136.395,136.687,,,687.471,260.771,1348.886,204.83,2294.084,287.136,3956.941,180.972,,,,,18.933,18.497,14.736,12.897,18.505,8.482,21.47,-5.666,14.918,-5.566,2.982,-2.603,4.197,5.6,-3.769,4.415,-2.537,24.169,4.015,24.063,15.951,21.1,5.519,27.009,21.392,22.64,25.769,23.542,0.0,Mid,0.539,0.419,0.457,0.463,-777.601,1991.444,1950.864,1988.054,1.904,2.455,0.773,Miao-Breathy,0.775560081466395,-5144598059842316831
Miao_M2,2,M,Miao,Black Miao,zhangxueqi_m2_79,395.135,741.525,346.39,5,fei44_01,Vowel,ei,Modal,Oral,44.0,1.0,High,44,Unaspirated,Oral,164.275,164.096,,163.405,486.779,29.102,1855.898,65.043,2568.169,224.945,3501.553,307.292,,,,,20.585,19.546,25.364,20.304,22.858,17.746,33.306,10.69,20.286,11.834,13.151,9.624,-4.779,-0.757,2.506,2.558,-12.721,8.857,0.299,7.713,7.434,9.922,36.658,26.927,30.09,26.897,25.491,25.019,0.0,High,0.54,0.482,0.555,0.526,-760.36,570.603,2383.225,567.422,0.989,2.288,0.433,Miao-Modal,0.432255244755245,-7097878089755332277
Miao_M2,2,M,Miao,Black Miao,zhangxueqi_m2_79,895.812,1239.178,343.366,5,fei44_02,Vowel,ei,Modal,Oral,44.0,1.0,High,44,Unaspirated,Oral,153.389,153.223,,,493.061,49.284,1784.725,137.911,2404.161,322.476,3733.228,326.917,,,,,19.255,18.377,20.542,16.432,23.593,14.362,26.731,3.713,11.829,2.106,2.408,-3.585,-1.287,1.945,-3.051,2.07,-7.475,14.666,7.426,16.271,16.847,21.962,10.211,43.876,45.128,42.771,42.944,28.351,0.073,High,0.544,0.486,0.545,0.489,-668.498,1069.301,2202.185,1066.121,1.239,2.616,0.473,Miao-Modal,0.473623853211009,-4018428558830745833
Miao_M2,2,M,Miao,Black Miao,zhangxueqi_m2_80,564.703,934.732,370.029,5,cja44_01,Vowel,a,Modal,Oral,44.0,1.0,High,44,Unaspirated,Oral,166.897,166.569,,,719.866,259.685,1434.096,358.189,2381.726,206.798,3999.52,337.004,,,,,18.551,17.948,21.927,19.324,26.431,7.727,26.43,-0.367,22.509,2.574,17.949,12.288,-3.376,-1.375,-4.504,11.597,-7.879,18.322,-3.958,15.374,0.602,5.661,20.248,42.987,35.27,33.552,34.616,31.175,0.663,High,0.574,0.5,0.572,0.543,-737.451,752.255,2532.285,748.994,1.077,2.353,0.458,Miao-Modal,0.457713557161071,379106321329436966
Miao_M2,2,M,Miao,Black Miao,zhangxueqi_m2_80,1237.297,1611.415,374.118,5,cja44_02,Vowel,a,Modal,Oral,44.0,1.0,High,44,Unaspirated,Oral,160.137,160.139,,,683.342,201.681,1253.791,287.961,2336.406,151.152,4044.394,342.387,,,,,18.773,18.141,18.65,15.921,26.887,7.239,26.886,-0.313,22.222,0.728,14.002,11.733,0.123,2.22,-8.237,8.682,-8.112,18.466,-3.448,17.413,4.772,6.408,15.658,52.531,41.231,39.097,40.233,27.816,0.69,High,0.569,0.487,0.55,0.535,-673.136,1426.518,2382.931,1423.172,1.268,2.488,0.51,Miao-Modal,0.509646302250804,-7813650919794472636
Miao_M2,2,M,Miao,Black Miao,zhangxueqi_m2_81,2245.823,2628.731,382.908,5,hla44_01,Vowel,a,Modal,Oral,44.0,1.0,High,44,Unaspirated,Oral,165.794,165.666,,,756.422,337.174,1371.661,399.293,2386.0,184.295,4012.73,308.52,,,,,16.345,15.779,19.282,16.858,23.111,7.735,23.718,-3.987,16.475,-5.268,6.347,0.894,-2.936,-1.079,-3.829,9.124,-7.373,19.777,-0.13,21.047,9.998,14.885,9.552,38.847,31.258,31.058,33.742,28.409,0.435,High,0.556,0.496,0.578,0.502,-591.344,2439.242,2087.751,2436.207,0.791,2.385,0.332,Miao-Modal,0.331656184486373,4084182607115168358
Miao_M2,2,M,Miao,Black Miao,zhangxueqi_m2_81,3011.639,3394.548,382.909,5,hla44_02,Vowel,a,Modal,Oral,44.0,1.0,High,44,Unaspirated,Oral,155.359,155.231,,,656.667,401.631,1007.02,284.927,2352.561,183.121,4005.754,269.767,,,,,18.169,17.414,19.402,16.114,24.461,-1.414,24.678,-3.403,25.961,2.136,10.181,14.929,-1.232,1.301,-5.059,17.528,-6.508,20.853,-7.791,15.278,7.988,2.486,18.251,35.886,22.939,22.767,25.011,24.054,0.451,High,0.543,0.483,0.574,0.493,-529.836,3204.617,2033.297,3201.433,0.829,2.577,0.322,Miao-Modal,0.321691889794334,-5064845243477893814
Miao_M2,2,M,Miao,Black Miao,zhangxueqi_m2_84,2559.746,2935.776,376.03,5,Xa13_02,Vowel,a,Modal,Oral,13.0,2.0,Low,13,Unaspirated,Oral,135.596,136.337,,,824.125,266.204,1313.513,419.899,2267.795,204.666,3939.361,469.363,,,,,17.852,17.532,11.775,10.452,15.889,9.644,21.169,-9.333,14.888,-11.094,8.363,-0.817,6.077,7.081,-4.114,0.807,-3.317,26.878,2.964,28.626,9.489,18.349,5.946,24.309,16.407,16.872,20.076,21.38,0.304,Low,0.538,0.433,0.463,0.46,-920.177,2750.249,1960.824,2746.874,1.716,2.051,0.842,Miao-Modal,0.836665041443198,-2752354987051186997
Miao_M2,2,M,Miao,Black Miao,zhangxueqi_m2_85,2287.369,2682.711,395.342,5,kei44_01,Vowel,ei,Modal,Oral,44.0,1.0,High,44,Unaspirated,Oral,181.359,181.465,,,347.02,29.783,2087.989,84.035,2652.956,333.475,3113.905,339.006,,,,,24.548,21.754,30.43,15.278,4.508,13.849,30.429,13.59,18.964,20.114,16.245,17.258,-5.881,6.476,25.922,1.43,-5.88,8.164,5.585,1.64,8.303,4.496,19.573,41.896,55.043,48.269,42.101,28.378,0.561,High,0.602,0.508,0.533,0.418,-1555.795,2486.429,2557.074,2484.122,1.184,1.189,0.998,Miao-Modal,0.995794785534062,-6510716131959056362
Miao_M2,2,M,Miao,Black Miao,zhangxueqi_m2_85,3242.515,3596.741,354.226,5,kei44_02,Vowel,ei,Modal,Oral,44.0,1.0,High,44,Unaspirated,Oral,171.153,171.12,,,352.64,20.627,2042.958,155.369,2711.366,343.134,3302.809,212.713,,,,,22.554,20.178,33.589,16.697,12.916,20.694,33.587,16.246,11.935,12.15,8.852,11.625,-11.035,3.481,20.673,-3.997,-11.033,3.932,10.619,8.027,13.702,8.553,30.261,42.796,52.243,48.781,43.157,27.246,0.39,High,0.614,0.563,0.622,0.581,-1146.138,3421.423,3006.841,3418.019,1.105,1.867,0.592,Miao-Modal,0.591858596679164,-4332116372030680075
Miao_M2,2,M,Miao,Black Miao,zhangxueqi_m2_87,1791.937,2115.8,323.863,5,khe55_01,Vowel,e,Tense,Oral,55.0,1.0,High,55,Aspirated,Oral,204.86,204.816,,,420.137,23.252,1993.278,140.362,2522.522,815.203,3278.061,205.155,,,,,19.678,17.225,32.296,13.235,9.272,16.571,32.295,12.712,12.837,10.263,4.464,3.201,-12.618,3.99,23.024,-3.337,-12.618,4.513,6.841,6.961,15.214,14.024,25.091,52.516,54.824,50.054,46.745,26.719,0.391,High,0.621,0.579,0.655,0.572,-1015.661,1954.966,2524.453,1952.176,0.761,2.032,0.375,Miao-Tense,0.374507874015748,3709889180816899214
Miao_M2,2,M,Miao,Black Miao,zhangxueqi_m2_87,2502.918,2771.117,268.199,5,khe55_02,Vowel,e,Tense,Oral,55.0,1.0,High,55,Aspirated,Oral,189.555,189.45,,188.818,433.095,44.102,1923.396,104.04,3373.863,368.971,4345.296,558.706,,,,,15.912,13.953,25.158,12.357,2.786,7.722,24.841,4.549,7.71,3.64,-7.174,6.17,-9.246,1.596,22.372,4.635,-8.93,9.408,8.202,10.313,23.085,7.783,5.338,43.318,51.146,48.718,48.759,27.602,0.731,High,0.591,0.538,0.6,0.515,-761.278,2638.039,1951.219,2635.324,0.68,2.099,0.324,Miao-Tense,0.323963792282039,-2151897176412272395
Miao_M2,2,M,Miao,Black Miao,zhangxueqi_m2_89,2086.592,2500.493,413.901,5,ne22_04,Vowel,e,Modal,Oral,22.0,1.0,Low,22,Unaspirated,Nasal,133.702,133.699,,,572.492,73.896,1727.18,71.883,2282.141,456.333,2987.935,510.193,,,,,20.793,20.254,19.013,16.672,30.442,12.846,30.44,6.003,26.498,13.687,14.142,4.045,1.78,3.583,-11.429,3.826,-9.647,14.253,-5.705,6.567,6.651,16.209,22.286,45.074,42.777,37.934,36.779,29.545,0.816,Mid,0.674,0.465,0.475,0.545,-968.454,2296.337,2189.103,2292.259,2.168,2.358,0.92,Miao-Modal,0.919423240033927,6205199928794209467
Miao_M2,2,M,Miao,Black Miao,zhangxueqi_m2_90,351.172,720.797,369.625,5,ou44_01,Vowel,ou,Modal,Oral,44.0,1.0,High,44,Unaspirated,Oral,174.687,174.522,,,492.955,61.903,1039.85,102.001,2666.352,101.392,3678.886,141.651,,,,,24.84,23.46,28.795,21.966,20.094,14.512,33.717,9.925,22.387,5.773,6.131,19.73,-3.955,1.494,8.701,7.454,-8.878,13.558,2.453,17.687,18.709,3.73,39.937,35.122,34.847,40.024,38.018,25.508,0.0,High,0.538,0.492,0.54,0.497,-883.872,537.979,2041.34,535.13,1.78,2.018,0.882,Miao-Modal,0.882061446977205,6974414362481623508
Miao_M2,2,M,Miao,Black Miao,zhangxueqi_m2_90,902.309,1260.934,358.625,5,ou44_02,Vowel,ou,Modal,Oral,44.0,1.0,High,44,Unaspirated,Oral,162.656,162.517,,,458.125,49.682,1030.717,264.084,2556.575,156.227,3720.922,380.989,,,,,18.783,17.447,22.921,16.292,13.07,8.386,28.204,4.956,8.956,-6.195,-6.851,6.118,-4.138,1.155,9.85,7.907,-9.421,12.505,9.827,23.643,25.634,11.33,9.302,46.65,47.26,50.534,49.781,25.409,0.0,High,0.534,0.479,0.537,0.501,-621.585,1083.471,1782.019,1080.397,1.429,2.201,0.649,Miao-Modal,0.649250340754203,7740863691247767500
Miao_M2,2,M,Miao,Black Miao,zhangxueqi_m2_91,2395.833,2871.01,475.177,5,pje44_01,Vowel,e,Modal,Oral,44.0,1.0,High,44,Unaspirated,Oral,168.989,168.835,,,370.475,44.284,2035.982,172.546,2726.319,277.211,3204.081,293.202,,,,,22.464,20.39,33.8,19.667,16.856,23.137,33.799,15.528,15.389,14.601,15.311,18.193,-11.336,0.723,16.944,-3.47,-11.335,4.862,7.075,5.789,7.153,2.197,33.65,51.007,57.515,55.361,51.164,30.086,0.503,High,0.596,0.519,0.58,0.564,-835.489,2635.331,2661.833,2631.988,1.16,2.182,0.532,Miao-Modal,0.531622364802933,-3911988721453861495
Miao_M2,2,M,Miao,Black Miao,zhangxueqi_m2_91,4108.262,4493.783,385.521,5,sei44_01,Vowel,ei,Modal,Oral,44.0,1.0,High,44,Unaspirated,Oral,171.515,171.76,,,486.111,51.08,1950.393,97.158,2562.965,324.362,3777.7,829.026,,,,,21.414,20.228,27.08,21.117,17.698,15.751,32.443,10.222,21.26,14.131,16.06,11.868,-5.667,-0.889,9.382,5.366,-11.029,10.007,0.154,6.097,5.354,8.36,30.302,34.593,36.864,32.986,29.88,26.479,0.0,High,0.565,0.505,0.555,0.522,-900.829,4302.7,2600.885,4299.662,1.325,2.178,0.608,Miao-Modal,0.608356290174472,-8758024524323794548
Miao_M2,2,M,Miao,Black Miao,zhangxueqi_m2_91,7954.504,8411.75,457.246,5,pje44_02,Vowel,e,Modal,Oral,44.0,1.0,High,44,Unaspirated,Oral,170.105,169.853,,,363.386,40.529,2027.164,111.302,2837.839,311.337,3294.073,308.983,,,,,22.255,20.045,33.274,17.664,13.66,20.633,33.272,15.421,15.047,14.621,11.711,17.412,-11.019,2.381,19.613,-2.969,-11.017,4.625,7.208,5.424,10.543,2.632,29.526,52.281,58.611,56.633,51.163,28.863,0.548,High,0.583,0.519,0.592,0.569,-825.062,8184.917,2730.959,8181.564,1.124,2.199,0.512,Miao-Modal,0.511141427921783,-4758436319843785075
Miao_M2,2,M,Miao,Black Miao,zhangxueqi_m2_91,9344.172,9828.314,484.142,5,sei44_02,Vowel,ei,Modal,Oral,44.0,1.0,High,44,Unaspirated,Oral,167.375,167.413,,168.008,393.566,62.812,2010.762,146.199,2718.687,299.374,4406.957,607.528,,,,,22.802,21.106,31.916,21.645,15.91,19.399,29.74,9.889,18.407,15.525,14.673,15.752,-9.114,-0.539,16.006,2.247,-6.938,11.218,4.395,5.581,8.129,5.355,29.825,35.333,40.865,38.929,35.702,29.893,0.535,High,0.583,0.526,0.591,0.566,-941.058,9588.347,2845.075,9584.958,1.188,2.126,0.559,Miao-Modal,0.558795860771402,-5137124868041695296
Miao_M2,2,M,Miao,Black Miao,zhangxueqi_m2_92,5726.028,6350.31,624.282,5,nong44_01,Vowel,ong,Modal,Nasal,44.0,1.0,High,44,Unaspirated,Nasal,174.198,174.317,,,489.293,102.761,1102.526,363.517,2074.629,139.302,2863.719,596.478,,,,,25.905,24.559,27.939,21.228,25.693,20.767,34.017,10.499,22.144,6.558,21.428,22.907,-2.033,3.331,2.246,0.461,-8.111,14.065,3.762,18.001,4.477,1.653,54.324,42.769,41.415,42.411,42.434,30.648,0.0,High,0.504,0.478,0.53,0.476,-1209.096,6039.456,2658.722,6036.732,1.088,1.568,0.694,Miao-Modal,0.693877551020408,-3086002215735478957
Miao_M2,2,M,Miao,Black Miao,zhangxueqi_m2_92,7695.593,8407.802,712.209,5,lei44_01,Vowel,ei,Modal,Oral,44.0,1.0,High,44,Unaspirated,Oral,173.472,173.523,,,383.926,53.843,2081.745,130.377,2722.3,275.534,3451.091,229.072,,,,,26.391,24.394,35.237,21.908,17.705,23.44,34.591,15.606,18.701,17.593,14.847,15.633,-8.846,2.486,17.532,-1.532,-8.2,8.789,7.69,6.801,11.544,8.761,54.523,35.586,44.347,41.432,37.646,29.989,0.653,High,0.585,0.536,0.581,0.541,-1342.369,8053.949,2907.388,8050.827,1.462,1.598,0.915,Miao-Modal,0.914893617021276,7373167925107380689
Miao_M2,2,M,Miao,Black Miao,zhangxueqi_m2_98,292.902,679.032,386.13,5,pa55_03,Vowel,a,Tense,Oral,55.0,1.0,High,55,Unaspirated,Oral,200.444,200.558,,,718.084,446.778,1240.58,168.41,2404.451,686.852,3941.321,920.824,,,,,16.853,15.897,20.415,16.116,26.976,10.816,25.624,-1.426,32.678,10.758,5.898,6.008,-3.562,-0.218,-6.561,5.299,-8.77,17.346,-15.825,5.139,10.955,9.889,46.643,55.874,45.659,46.298,47.437,32.161,0.506,High,0.605,0.55,0.67,0.582,-589.405,486.993,1903.632,484.09,0.523,1.904,0.275,Miao-Tense,0.27468487394958,-861153746794169298
Miao_M2,2,M,Miao,Black Miao,zhangxueqi_m2_98,1075.558,1437.927,362.369,5,pa55_04,Vowel,a,Tense,Oral,55.0,1.0,High,55,Unaspirated,Oral,193.221,193.235,,193.629,804.065,274.769,1330.976,123.869,2370.803,240.714,3761.842,749.537,,,,,17.202,16.48,18.69,15.552,24.805,-0.42,24.803,-3.589,25.819,2.32,7.849,2.953,-1.488,0.928,-6.114,15.972,-7.601,20.089,-8.617,14.16,9.353,13.527,18.782,57.746,46.588,47.054,48.018,30.615,0.827,High,0.574,0.515,0.623,0.552,-569.495,1257.959,1883.125,1255.102,0.585,2.088,0.28,Miao-Tense,0.280172413793103,5751664547002897115
Miao_M2,2,M,Miao,Black Miao,zhangxueqi_m2_99,544.909,912.884,367.975,5,sai55_01,Vowel,ai,Tense,Oral,55.0,1.0,High,55,Unaspirated,Oral,209.878,210.709,,,511.988,88.119,1793.226,100.568,2510.347,174.816,4428.483,523.405,,,,,17.945,16.363,27.105,18.179,11.675,12.362,24.774,2.602,18.455,8.937,11.226,8.046,-9.16,-1.817,15.43,5.817,-6.829,13.763,-0.511,7.425,6.718,8.317,15.414,43.728,43.323,40.909,41.047,28.251,0.678,High,0.607,0.568,0.665,0.577,-922.407,730.325,2417.127,727.584,0.576,1.883,0.306,Miao-Tense,0.305894848645778,-7447991599381321542
Miao_M2,2,M,Miao,Black Miao,zhangxueqi_m2_99,1252.807,1629.033,376.226,5,sai55_02,Vowel,ai,Tense,Oral,55.0,1.0,High,55,Unaspirated,Oral,197.839,198.11,,198.562,521.794,65.662,1802.298,72.042,2523.935,215.28,3472.78,221.635,,,,,18.132,16.749,25.529,18.261,9.337,8.714,25.502,3.189,16.98,7.613,6.821,3.464,-7.397,-1.512,16.192,9.547,-7.37,13.561,1.151,9.136,11.311,13.285,12.324,45.661,46.749,43.539,42.674,26.873,0.045,High,0.59,0.551,0.643,0.557,-798.351,1442.431,2131.511,1439.624,0.573,1.878,0.305,Miao-Tense,0.305111821086262,5484620144238037762
Miao_M9,9,M,Miao,Black Miao,zhangyuanlin_01,226.647,543.477,316.83,5,pa_44,Vowel,a,Modal,Oral,44.0,1.0,High,44,Unaspirated,Oral,163.053,163.2,,,792.971,182.171,1315.991,111.356,2096.502,67.809,3735.086,679.247,,,,,15.098,14.556,7.013,4.703,13.156,-0.683,9.976,-18.484,7.163,-16.053,-6.474,-17.308,8.085,9.853,-6.143,5.386,5.122,33.047,7.936,30.608,21.572,31.863,0.82,55.826,48.571,51.182,54.801,22.676,0.0,High,0.548,0.454,0.486,0.447,-51.169,386.773,111.778,384.027,1.186,2.116,0.56,Miao-Modal,0.560491493383743,7649833774923611900
Miao_M9,9,M,Miao,Black Miao,zhangyuanlin_01,1846.219,2170.92,324.701,5,pa_44,Vowel,a,Modal,Oral,44.0,1.0,High,44,Unaspirated,Oral,172.976,172.955,,172.904,833.092,183.414,1401.376,166.958,1999.963,299.826,4006.179,637.519,,,,,10.34,9.801,8.121,5.828,14.902,1.433,16.726,-12.255,11.633,-12.246,-4.797,-20.21,2.219,3.973,-6.781,4.395,-6.386,22.062,-1.293,22.047,15.137,30.01,1.578,55.217,45.832,46.649,50.548,22.43,0.0,High,0.541,0.478,0.524,0.485,-73.457,2009.836,161.348,2007.029,0.945,1.997,0.473,Miao-Modal,0.473209814722083,4770995432195790976
Miao_M9,9,M,Miao,Black Miao,zhangyuanlin_03,590.738,914.297,323.559,5,pa_55,Vowel,a,Tense,Oral,55.0,1.0,High,55,Unaspirated,Oral,194.445,194.57,,,923.382,138.521,1565.351,132.569,2289.487,48.87,4070.958,777.337,,,,,9.906,9.323,13.024,10.529,18.364,1.792,20.982,-7.941,15.795,-7.373,6.097,-7.3,-3.119,-1.206,-5.34,8.737,-11.076,17.273,-5.889,16.696,3.809,16.623,4.848,37.017,32.024,29.749,35.046,21.779,0.028,High,0.593,0.542,0.633,0.511,-80.852,753.415,210.152,750.784,0.781,1.245,0.307,Miao-Tense,0.627309236947791,6985338907269776397
Miao_M9,9,M,Miao,Black Miao,zhangyuanlin_03,2196.186,2517.275,321.089,5,pa_55,Vowel,a,Tense,Oral,55.0,1.0,High,55,Unaspirated,Oral,193.344,193.521,,,939.861,76.179,1625.452,211.699,2288.689,50.857,4082.286,806.369,,,,,13.354,12.838,16.159,13.969,22.143,9.524,24.724,-4.442,12.293,-10.663,5.198,-11.071,-2.804,-1.13,-5.984,4.445,-11.37,17.287,1.061,23.502,8.157,23.909,7.929,41.263,41.217,42.145,46.411,23.276,0.372,High,0.569,0.528,0.602,0.511,-74.866,2357.469,183.523,2354.821,0.731,1.379,0.3,Miao-Tense,0.530094271211022,-6021342720401682879
Miao_M9,9,M,Miao,Black Miao,zhangyuanlin_04,306.619,617.979,311.36,5,pa_22,Vowel,a,Modal,Oral,22.0,1.0,Low,22,Unaspirated,Oral,151.328,151.385,,,890.616,117.598,1333.394,153.969,2284.778,119.008,4079.128,681.494,,,,,15.525,15.151,7.328,5.778,5.023,-2.449,23.867,-7.835,21.394,-6.527,11.428,1.509,8.197,9.373,2.305,8.227,-8.342,23.009,-5.87,21.679,4.097,13.643,6.786,38.275,27.866,27.573,32.829,22.477,0.832,Mid,0.556,0.374,0.41,0.402,-98.535,464.308,282.48,461.651,2.146,2.2,0.976,Miao-Modal,0.975454545454545,6626648598137339729
Miao_M9,9,M,Miao,Black Miao,zhangyuanlin_04,2234.455,2532.842,298.387,5,pa_22,Vowel,a,Modal,Oral,22.0,1.0,Low,22,Unaspirated,Oral,150.971,151.265,,,876.948,165.957,1427.096,86.994,2171.967,118.825,3967.241,279.841,,,,,15.097,14.713,7.494,5.893,7.098,-0.878,18.282,-11.677,16.69,-8.208,2.438,-11.626,7.603,8.821,0.396,6.771,-3.185,26.398,-1.593,22.921,12.659,26.34,2.555,40.857,29.894,29.951,37.409,18.79,0.235,Mid,0.519,0.44,0.492,0.427,-97.365,2385.448,306.897,2382.615,1.473,2.898,0.509,Miao-Modal,0.508281573498965,-1612106784229239641
Miao_M9,9,M,Miao,Black Miao,zhangyuanlin_07,508.328,912.871,404.543,5,pa_13,Vowel,a,Modal,Oral,13.0,2.0,Low,13,Unaspirated,Oral,161.177,161.517,,,971.146,125.9,1524.937,138.199,2382.32,179.26,4126.093,892.189,,,,,14.113,13.768,8.057,6.627,13.808,6.997,24.471,-7.032,22.482,-4.399,10.155,-2.936,6.056,7.141,-5.751,-0.369,-10.357,20.817,-8.369,18.167,3.959,16.704,12.186,48.089,35.912,30.671,33.968,23.023,0.463,Low,0.595,0.468,0.483,0.513,-83.711,712.903,207.251,709.726,1.354,2.306,0.588,Miao-Modal,0.587163920208153,-7508647789095659993
Miao_M9,9,M,Miao,Black Miao,zhangyuanlin_07,2906.899,3236.846,329.947,5,pa_13,Vowel,a,Modal,Oral,13.0,2.0,Low,13,Unaspirated,Oral,158.09,158.247,,,933.064,132.981,1432.026,95.712,2421.963,180.025,4102.245,622.42,,,,,12.673,12.303,3.597,2.061,8.446,0.997,19.387,-11.747,18.128,-8.606,-2.277,-12.694,9.076,10.243,-4.849,1.064,-6.714,24.069,-5.455,20.91,14.95,24.998,2.351,48.108,37.11,34.124,39.503,21.849,0.602,Low,0.569,0.437,0.466,0.49,-70.522,3073.75,163.918,3070.659,1.242,2.328,0.533,Miao-Modal,0.533505154639175,-5234695175011691454
Miao_M9,9,M,Miao,Black Miao,zhangyuanlin_08,566.869,832.323,265.454,5,pa_11,Vowel,a,Creaky,Oral,11.0,1.0,Low,11,Unaspirated,Oral,128.574,,,,905.196,149.01,1493.729,109.906,2258.125,191.029,4039.13,685.303,,,,,5.273,5.021,-0.372,-1.407,3.073,-1.611,12.297,-18.857,6.407,-19.705,-10.302,-25.315,5.645,6.428,-3.445,0.204,-7.023,23.886,-1.134,24.726,15.575,30.336,0.458,24.291,15.823,18.671,28.784,14.526,0.367,Low,0.591,0.404,0.383,0.194,-56.22,698.887,149.752,697.365,1.607,3.385,0.475,Miao-Creaky,0.474741506646972,3285441388574391689
Miao_M9,9,M,Miao,Black Miao,zhangyuanlin_08,2391.865,2671.539,279.674,5,pa_11 ,Vowel,a,Creaky,Oral,11.0,1.0,Low,11,Unaspirated,Oral,148.235,,,,914.679,101.106,1449.462,116.639,2225.458,244.601,3735.71,686.634,,,,,-4.987,-5.282,-6.125,-7.345,-4.775,-10.454,7.4,-23.868,-1.751,-28.336,-18.946,-34.432,1.138,2.063,-1.35,3.109,-12.387,18.596,-3.236,23.054,13.959,29.149,0.11,26.58,19.05,25.578,36.017,15.199,0.38,Low,0.611,0.395,0.322,0.192,-36.707,2530.911,79.609,2529.202,2.178,3.634,0.599,Miao-Creaky,0.599339570720969,1498914795887890542
Miao_M9,9,M,Miao,Black Miao,zhangyuanlin_11,531.803,821.009,289.206,5,pye_33,Vowel,e,Breathy,Oral,33.0,1.0,Mid,33,Unaspirated,Oral,148.316,148.816,,,444.434,6.875,2150.682,45.48,2739.33,134.135,4469.627,386.259,,,,,18.671,17.606,18.454,13.215,10.118,7.22,30.125,8.45,1.654,-1.933,-3.087,-6.187,0.216,4.392,8.336,5.995,-11.454,9.157,17.017,19.54,21.758,23.794,10.711,29.481,43.977,42.812,40.633,19.988,0.0,Mid,0.574,0.488,0.551,0.472,-69.355,677.64,249.607,674.449,1.047,2.949,0.355,Miao-Breathy,0.355035605289929,738092904824571563
Miao_M9,9,M,Miao,Black Miao,zhangyuanlin_11,3263.542,3533.887,270.345,5,pye_33,Vowel,e,Breathy,Oral,33.0,1.0,Mid,33,Unaspirated,Oral,150.024,150.928,,,452.036,2.665,2129.596,23.909,2726.954,95.053,4240.511,399.283,,,,,16.324,15.262,16.482,11.26,9.646,6.668,29.574,7.796,-0.748,-4.48,-6.372,-9.813,-0.158,4.002,6.836,4.592,-13.25,7.467,17.072,19.742,22.695,25.075,10.259,34.274,46.643,43.549,41.73,16.306,0.0,Mid,0.568,0.487,0.539,0.427,-52.147,3399.465,145.273,3396.612,1.088,2.522,0.432,Miao-Breathy,0.431403647898493,-90720972217825841
Miao_M9,9,M,Miao,Black Miao,zhangyuanlin_12,355.675,641.404,285.729,5,phye_55,Vowel,e,Tense,Oral,55.0,1.0,High,55,Aspirated,Oral,210.345,210.687,,211.451,518.185,144.52,2122.374,34.941,2678.561,86.504,3678.546,133.922,,,,,16.983,15.228,23.74,13.082,5.856,9.239,18.407,-2.981,14.397,9.715,6.944,1.643,-6.757,2.147,17.884,3.843,-1.424,18.21,2.587,5.513,10.039,13.586,5.369,52.149,52.946,48.194,44.154,23.76,0.253,High,0.607,0.57,0.702,0.548,-106.56,499.213,271.552,496.611,0.502,1.916,0.262,Miao-Tense,0.262004175365344,3533990295265972305
Miao_M9,9,M,Miao,Black Miao,zhangyuanlin_12,2381.517,2672.393,290.876,5,phye_55,Vowel,e,Tense,Oral,55.0,1.0,High,55,Aspirated,Oral,190.563,190.501,,,534.401,154.031,2103.69,13.304,2675.437,50.856,3594.01,682.126,,,,,18.948,17.675,24.388,17.822,6.074,5.259,20.257,-1.903,12.602,6.427,3.355,-2.613,-5.439,-0.147,18.314,12.563,-1.309,19.579,6.346,11.247,15.594,20.287,5.968,46.252,52.128,48.451,45.155,22.746,0.428,High,0.607,0.563,0.645,0.547,-112.265,2528.269,296.581,2525.39,0.676,2.246,0.302,Miao-Tense,0.300979519145147,2766340681622649699
Miao_M9,9,M,Miao,Black Miao,zhangyuanlin_13,365.936,676.598,310.662,5,pye_22,Vowel,e,Modal,Oral,22.0,1.0,Low,22,Unaspirated,Oral,155.941,156.064,,,460.626,19.517,2175.942,45.735,2803.53,231.523,4460.746,150.841,,,,,22.069,20.961,18.512,13.004,9.136,6.856,25.993,4.118,4.91,1.234,-2.127,-4.506,3.556,7.957,9.376,6.149,-3.924,16.844,17.158,19.727,24.196,25.467,6.513,33.523,46.465,44.152,40.672,19.924,0.0,Mid,0.576,0.465,0.513,0.438,-103.132,522.987,335.844,520.156,1.577,2.729,0.581,Miao-Modal,0.577867350677904,-2266317604035711953
Miao_M9,9,M,Miao,Black Miao,zhangyuanlin_13,2511.852,2788.576,276.724,5,pye_22,Vowel,e,Modal,Oral,22.0,1.0,Low,22,Unaspirated,Oral,154.905,155.095,,156.351,459.818,10.809,2130.142,53.07,2764.744,154.505,4354.116,148.005,,,,,21.442,20.345,19.696,14.257,10.622,8.114,28.431,6.543,2.701,-1.522,-1.696,-4.445,1.746,6.087,9.075,6.143,-6.989,13.802,18.741,21.867,23.138,24.789,10.193,30.996,44.714,42.436,40.308,18.478,0.0,Mid,0.557,0.48,0.528,0.476,-109.033,2651.727,347.331,2648.645,1.473,2.8,0.526,Miao-Modal,0.526071428571429,-5918243731920659120
Miao_M9,9,M,Miao,Black Miao,zhangyuanlin_14,374.183,702.161,327.978,5,pye_44,Vowel,e,Modal,Oral,44.0,1.0,High,44,Unaspirated,Oral,175.858,176.084,,177.309,486.673,54.257,2236.134,39.083,2764.034,158.661,4529.35,391.66,,,,,16.486,15.114,23.188,15.806,6.078,6.913,20.114,-1.423,8.653,5.585,1.875,-2.302,-6.702,-0.692,17.11,8.893,-3.628,16.537,7.833,9.529,14.611,17.416,5.315,45.712,57.222,51.482,45.535,22.394,0.0,High,0.588,0.541,0.613,0.528,-92.136,539.436,273.66,536.437,0.733,2.622,0.28,Miao-Modal,0.27955758962624,3640490845716734169
Miao_M9,9,M,Miao,Black Miao,zhangyuanlin_14,2433.583,2764.104,330.521,5,pye_44,Vowel,e,Modal,Oral,44.0,1.0,High,44,Unaspirated,Oral,169.364,169.448,,,497.322,55.348,2241.38,30.348,2864.765,36.567,4462.474,141.401,,,,,15.27,14.129,20.255,14.538,4.498,2.565,21.348,-0.816,0.123,-3.758,1.011,-2.411,-4.985,-0.409,15.757,11.972,-6.078,14.945,15.147,17.886,14.259,16.54,3.233,40.506,52.597,51.956,48.557,20.433,0.0,High,0.589,0.511,0.591,0.561,-63.631,2601.15,183.887,2597.829,0.797,2.415,0.33,Miao-Modal,0.330020703933747,-1578402706060060507
Miao_M9,9,M,Miao,Black Miao,zhangyuanlin_15,2289.331,2587.173,297.842,5,mu_44,Vowel,u,Modal,Oral,44.0,1.0,High,44,Unaspirated,Nasal,172.669,172.859,,172.904,513.61,166.433,861.595,18.168,2695.534,326.803,3741.891,433.847,,,,,16.417,15.051,23.251,16.738,12.623,1.157,19.511,-6.251,15.132,-5.804,-15.617,0.601,-6.835,-1.688,10.628,15.581,-3.095,21.375,1.284,20.855,32.034,14.45,4.418,43.318,49.291,57.155,60.116,20.4,0.029,High,0.579,0.533,0.597,0.532,-95.689,2439.255,235.137,2436.171,0.771,2.362,0.326,Miao-Modal,0.326418289585097,-3281376618626273371
Miao_M9,9,M,Miao,Black Miao,zhangyuanlin_16,141.72,412.699,270.979,5,hmu_44,Vowel,u,Modal,Oral,44.0,1.0,High,44,Aspirated,Oral,178.154,178.225,,,354.922,39.309,852.622,45.51,2509.216,69.44,3672.204,337.264,,,,,17.969,15.075,27.059,8.362,10.729,9.197,27.058,8.293,7.933,-4.148,-12.133,10.028,-9.09,6.713,16.33,-0.834,-9.088,6.802,10.036,19.223,30.103,5.047,6.799,28.676,39.615,49.766,54.934,19.399,0.513,High,0.603,0.558,0.611,0.549,-146.016,278.854,346.51,275.761,0.874,2.497,0.35,Miao-Modal,0.350020024028835,-2463761524576394337
Miao_M9,9,M,Miao,Black Miao,zhangyuanlin_16,1956.101,2227.08,270.979,5,hmu_44,Vowel,u,Modal,Oral,44.0,1.0,High,44,Aspirated,Oral,173.945,173.871,,,358.042,106.44,880.472,47.52,2564.77,353.804,3664.379,426.516,,,,,14.83,12.139,21.601,3.289,7.361,7.904,21.6,2.903,11.356,-0.206,-16.451,5.176,-6.77,8.85,14.24,-4.615,-6.769,9.252,3.474,12.345,31.282,6.963,2.495,43.157,47.779,55.636,59.453,20.508,0.577,High,0.574,0.533,0.597,0.519,-135.333,2092.748,360.472,2089.766,0.732,2.443,0.3,Miao-Modal,0.299631600491199,5725040812427815972
Miao_M9,9,M,Miao,Black Miao,zhangyuanlin_17,776.66,1084.36,307.7,5, mo_22,Vowel,o,Modal,Oral,22.0,1.0,Low,22,Unaspirated,Nasal,149.224,150.34,,,456.89,25.178,830.027,47.83,2457.296,62.169,3678.437,323.028,,,,,17.796,16.509,15.667,9.543,14.587,5.157,27.487,2.784,12.856,-5.964,-12.2,4.337,2.129,6.966,1.08,4.386,-9.692,13.765,4.939,22.473,29.996,12.172,6.467,22.954,31.183,39.4,43.325,17.097,0.0,Mid,0.583,0.496,0.56,0.535,-84.504,932.51,291.288,928.93,1.116,2.868,0.389,Miao-Modal,0.389121338912134,-946387976009838405
Miao_M9,9,M,Miao,Black Miao,zhangyuanlin_20,724.36,989.016,264.656,5,ma_13,Vowel,a,Modal,Oral,13.0,2.0,Low,13,Unaspirated,Nasal,166.189,166.559,,,906.745,388.921,1438.308,258.898,2200.338,307.466,4463.115,991.49,,,,,22.123,21.698,11.274,9.493,13.734,4.634,16.892,-13.418,17.349,-8.166,8.088,-5.657,10.849,12.204,-2.46,4.86,5.231,35.127,4.774,29.864,14.035,27.355,4.739,49.196,41.792,37.257,38.666,26.023,0.0,Low,0.57,0.449,0.49,0.49,-121.973,858.1,346.444,855.159,1.711,2.313,0.742,Miao-Modal,0.739731949848681,9206611228992089403
Miao_M9,9,M,Miao,Black Miao,zhangyuanlin_20,2735.226,2999.881,264.655,5,ma_13,Vowel,a,Modal,Oral,13.0,2.0,Low,13,Unaspirated,Nasal,157.645,158.273,,156.351,883.324,622.778,1396.252,155.066,2216.944,297.108,4490.552,605.885,,,,,19.703,19.341,9.064,7.56,11.408,4.127,11.955,-20.323,14.602,-13.773,0.115,-13.584,10.639,11.781,-2.344,3.434,7.748,39.685,5.101,33.114,19.588,32.925,2.311,51.183,47.868,47.459,49.77,23.914,0.0,Low,0.525,0.419,0.468,0.45,-107.233,2869.256,326.454,2866.41,1.673,2.251,0.744,Miao-Modal,0.743225233229676,-2640038473270840827
Miao_M9,9,M,Miao,Black Miao,zhangyuanlin_22,2297.852,2540.751,242.899,5,mye_11,Vowel,e,Creaky,Oral,11.0,1.0,Low,11,Unaspirated,Nasal,151.153,150.417,,,450.893,5.031,2196.004,45.049,2871.456,31.091,4460.451,28.888,,,,,19.367,18.236,12.849,7.174,-2.406,-4.329,15.603,-5.942,-15.416,-18.825,-15.437,-16.164,6.518,11.062,15.255,11.503,3.764,24.179,34.783,37.061,34.804,34.4,2.023,22.955,40.481,44.395,46.008,13.233,0.0,Low,0.59,0.502,0.588,0.457,-76.837,2420.146,294.303,2417.097,0.978,3.153,0.31,Miao-Creaky,0.310180780209324,-9033206319060699385
Miao_M9,9,M,Miao,Black Miao,zhangyuanlin_23,301.757,546.279,244.522,5,fang_44,Vowel,ang,Modal,Nasal,44.0,1.0,High,44,Unaspirated,Oral,173.286,173.521,,172.904,631.338,409.912,1374.78,655.166,2206.133,215.333,4039.164,698.285,,,,,17.289,16.619,7.526,4.542,11.003,-2.56,12.245,-14.345,-2.451,-21.555,-4.235,-15.114,9.763,12.078,-3.477,7.101,5.044,30.969,19.741,38.175,21.524,31.733,1.144,53.245,51.194,52.983,56.17,23.28,0.0,High,0.553,0.504,0.585,0.48,-117.152,425.276,404.091,422.514,0.811,2.595,0.312,Miao-Modal,0.31252408477842,7634879141810391296
Miao_M9,9,M,Miao,Black Miao,zhangyuanlin_23,2275.223,2527.155,251.932,5,fang_44,Vowel,ang,Modal,Nasal,44.0,1.0,High,44,Unaspirated,Oral,174.941,175.05,,175.092,836.333,82.85,1567.94,342.893,2195.442,133.118,3862.458,986.465,,,,,16.598,16.118,5.475,3.442,10.982,-0.417,16.696,-11.965,-1.895,-24.209,-5.274,-21.876,11.124,12.676,-5.507,3.859,-0.098,28.088,18.493,40.327,21.872,37.993,1.348,54.126,48.747,49.827,53.818,23.08,0.0,High,0.538,0.504,0.598,0.472,-117.817,2402.585,376.355,2399.888,0.562,2.549,0.22,Miao-Modal,0.220478619066301,6952326590885282050
Miao_M9,9,M,Miao,Black Miao,zhangyuanlin_24,282.571,578.615,296.044,5,fhang_44,Vowel,ang,Modal,Nasal,44.0,1.0,High,44,Aspirated,Oral,191.305,191.824,,,235.527,462.075,1341.867,196.675,2111.181,286.069,4328.08,678.384,,,,,23.164,16.268,13.979,16.789,9.355,24.571,20.062,9.555,14.828,15.269,5.276,16.137,9.185,-0.52,4.624,-7.782,3.102,6.714,8.336,1.0,17.888,0.131,3.959,55.819,48.105,46.623,47.265,24.38,0.0,High,0.564,0.506,0.567,0.511,-136.537,432.298,393.894,429.627,1.182,2.137,0.554,Miao-Modal,0.553111839026673,9179100903493845096
Miao_M9,9,M,Miao,Black Miao,zhangyuanlin_24,1873.317,2195.019,321.702,5,fhang_44,Vowel,ang,Modal,Nasal,44.0,1.0,High,44,Aspirated,Oral,174.944,175.28,,,844.538,545.659,1455.922,352.863,2179.776,218.886,4516.655,960.059,,,,,16.653,16.11,5.868,3.555,7.571,-6.65,8.448,-20.353,6.724,-16.626,-0.954,-13.775,10.785,12.556,-1.704,10.205,8.205,36.471,9.929,32.736,17.607,29.885,0.928,66.47,60.918,55.208,55.764,23.942,0.0,High,0.568,0.523,0.585,0.509,-114.853,2036.081,335.971,2033.173,1.002,2.488,0.403,Miao-Modal,0.402733118971061,-2561774933377289391
Miao_M9,9,M,Miao,Black Miao,zhangyuanlin_26,476.416,844.664,368.248,5,fang_55,Vowel,ang,Tense,Nasal,55.0,1.0,High,55,Unaspirated,Oral,208.831,209.918,,,265.411,307.425,1288.196,285.195,2131.168,329.865,3053.076,489.851,,,,,18.88,12.568,8.553,8.844,6.787,19.005,11.864,-1.347,13.776,11.144,5.004,14.349,10.326,3.724,1.767,-10.161,7.015,13.916,5.103,1.424,13.876,-1.781,1.928,57.646,49.894,47.294,47.556,23.07,0.0,High,0.578,0.549,0.634,0.513,-116.51,661.621,291.486,659.164,0.659,1.942,0.341,Miao-Tense,0.339340885684861,-2742478673438267465
Miao_M9,9,M,Miao,Black Miao,zhangyuanlin_26,2194.158,2504.025,309.867,5,fang_55,Vowel,ang,Tense,Nasal,55.0,1.0,High,55,Unaspirated,Oral,202.685,203.264,,,1111.746,781.085,1381.379,241.762,2209.736,149.471,3113.986,547.985,,,,,15.569,15.037,8.019,5.778,8.925,-3.222,11.748,-22.362,14.493,-16.768,4.804,-10.649,7.55,9.259,-0.905,9.0,3.821,37.459,1.076,31.805,10.765,25.686,1.515,66.661,59.702,61.799,64.304,25.699,0.0,High,0.588,0.554,0.642,0.54,-91.024,2349.78,233.92,2347.121,0.612,1.919,0.319,Miao-Tense,0.318916102136529,-112094074703742981
Miao_M9,9,M,Miao,Black Miao,zhangyuanlin_27,418.665,777.03,358.365,5,fang_13,Vowel,ang,Modal,Nasal,13.0,2.0,Low,13,Unaspirated,Oral,172.837,173.468,,,934.718,226.614,1520.836,175.195,2206.869,216.565,4159.109,147.51,,,,,14.305,13.863,5.445,3.595,6.346,-3.209,10.388,-20.144,4.509,-21.159,-8.525,-24.28,8.86,10.268,-0.901,6.805,3.917,34.019,9.796,35.022,22.83,38.143,0.649,41.015,35.702,37.04,44.47,20.557,0.0,Low,0.601,0.53,0.601,0.563,-62.517,599.241,165.903,595.984,0.89,2.497,0.356,Miao-Modal,0.356427713255907,2938610481061529716
Miao_M9,9,M,Miao,Black Miao,zhangyuanlin_27,1483.804,1895.259,411.455,5,fang_13,Vowel,ang,Modal,Nasal,13.0,2.0,Low,13,Unaspirated,Oral,167.492,168.628,,,1173.444,542.326,1505.906,440.671,2269.488,299.495,4449.325,413.648,,,,,21.162,20.84,8.821,7.49,8.796,2.594,11.92,-24.802,12.589,-21.412,0.375,-18.77,12.341,13.35,0.026,4.896,9.242,45.827,8.574,42.252,20.787,39.61,2.333,43.907,37.707,36.053,40.061,23.435,0.0,Low,0.56,0.505,0.585,0.503,-93.666,1690.66,304.324,1687.676,0.734,2.561,0.286,Miao-Modal,0.286606794221007,2093390202110819492
Miao_M9,9,M,Miao,Black Miao,zhangyuanlin_27,3249.079,3614.08,365.001,5,fang_13,Vowel,ang,Modal,Nasal,13.0,2.0,Low,13,Unaspirated,Oral,179.797,179.524,,,565.263,289.514,1463.889,229.567,2264.597,293.762,4258.318,380.161,,,,,18.179,17.237,10.856,6.394,10.425,0.517,14.015,-11.46,6.758,-10.724,1.272,-4.233,7.324,10.843,0.431,5.877,4.164,28.704,11.421,27.961,16.908,21.47,1.543,34.36,29.815,29.938,35.56,20.167,0.0,Low,0.603,0.535,0.629,0.556,-101.083,3432.944,344.87,3429.845,0.879,2.63,0.335,Miao-Modal,0.334220532319392,4543731369750848634
Miao_M9,9,M,Miao,Black Miao,zhangyuanlin_28,467.095,811.836,344.741,5,sei_44,Vowel,ei,Modal,Oral,44.0,1.0,High,44,Unaspirated,Oral,176.978,177.743,,,379.083,99.05,2105.15,445.288,2376.127,246.68,3598.608,513.355,,,,,14.834,12.901,19.98,6.949,7.019,11.846,19.262,-0.17,7.096,5.836,6.938,-5.309,-5.146,5.951,12.961,-4.897,-4.428,13.071,7.738,7.064,7.896,18.209,2.008,27.8,31.357,30.325,34.265,18.539,0.576,High,0.585,0.529,0.588,0.519,-118.563,640.721,306.191,637.789,0.864,2.45,0.352,Miao-Modal,0.35265306122449,7323246180540078940
Miao_M9,9,M,Miao,Black Miao,zhangyuanlin_28,2209.56,2493.326,283.766,5,sei_44,Vowel,ei,Modal,Oral,44.0,1.0,High,44,Unaspirated,Oral,182.16,182.236,,,507.354,81.399,2010.996,106.259,2532.742,368.791,4041.893,1072.688,,,,,16.545,15.383,18.976,13.143,11.371,8.539,22.131,-0.348,7.936,0.457,-4.647,-12.067,-2.43,2.241,7.605,4.604,-5.586,15.733,8.61,14.926,21.192,27.451,3.499,42.346,45.546,43.065,44.205,22.456,0.0,High,0.586,0.519,0.573,0.528,-98.601,2352.907,235.118,2350.016,0.941,2.164,0.434,Miao-Modal,0.434842883548983,4332064166047077821
Miao_M9,9,M,Miao,Black Miao,zhangyuanlin_30,1344.519,1762.411,417.892,5,sei_55,Vowel,ei,Tense,Oral,55.0,1.0,High,55,Unaspirated,Oral,206.443,205.562,,,409.909,11.384,2226.143,180.826,2640.542,117.305,3784.165,189.161,,,,,15.292,12.732,27.636,8.466,4.577,12.678,27.635,8.335,5.791,5.632,4.398,-0.325,-12.344,4.266,23.059,-4.212,-12.344,4.398,9.501,7.1,10.894,13.056,9.201,33.375,44.399,41.916,41.48,21.02,0.244,High,0.684,0.6,0.622,0.571,-98.122,1554.887,168.896,1552.108,1.051,2.31,0.457,Miao-Tense,0.454978354978355,-8014812903385650731
Miao_M9,9,M,Miao,Black Miao,zhangyuanlin_32,3236.674,3541.573,304.899,5,sou_44,Vowel,u,Modal,Oral,44.0,1.0,High,44,Unaspirated,Oral,177.792,177.931,,,554.543,188.002,1313.569,126.742,2465.644,79.857,3893.959,322.364,,,,,14.129,13.147,18.114,13.513,16.899,4.144,21.031,-3.79,7.842,-9.286,-7.439,-6.452,-3.985,-0.366,1.215,9.369,-6.902,16.946,6.287,22.433,21.568,19.6,3.423,42.665,42.56,44.262,46.457,21.794,0.0,High,0.61,0.519,0.591,0.432,-49.78,3390.396,125.661,3387.97,0.982,2.272,0.434,Miao-Modal,0.432218309859155,-214384906112138313
Miao_M9,9,M,Miao,Black Miao,zhangyuanlin_33,2128.563,2432.553,303.99,5,sei_22,Vowel,ei,Modal,Oral,22.0,1.0,Low,22,Unaspirated,Oral,154.877,155.406,,156.351,412.996,104.727,2253.448,136.589,2743.207,446.428,3199.462,217.476,,,,,20.773,19.369,20.741,13.103,-1.855,-0.13,12.999,-7.136,-7.595,-8.111,-9.829,-14.775,0.032,6.267,22.596,13.232,7.775,26.505,28.368,27.48,30.603,34.145,2.813,29.836,47.688,46.19,43.298,18.407,0.0,Mid,0.674,0.466,0.481,0.456,-107.689,2282.282,304.242,2279.333,1.979,2.757,0.721,Miao-Modal,0.717809212912586,4575640140369761302
Miao_M9,9,M,Miao,Black Miao,zhangyuanlin_33,3691.945,4014.03,322.085,5,sei_22,Vowel,ei,Modal,Oral,22.0,1.0,Low,22,Unaspirated,Oral,152.778,153.27,,,425.194,60.972,2299.816,83.554,2839.93,203.85,3379.029,322.415,,,,,20.729,19.525,20.121,13.951,0.569,-0.069,20.538,-0.579,-3.937,-5.481,-5.642,-8.88,0.608,5.574,19.552,14.02,0.191,20.104,24.666,25.006,26.371,28.405,3.117,27.586,44.962,43.157,39.791,17.198,0.0,Mid,0.66,0.453,0.472,0.45,-129.573,3855.27,350.958,3852.321,2.182,2.695,0.814,Miao-Modal,0.809647495361781,4304835870694569082
Miao_M9,9,M,Miao,Black Miao,zhangyuanlin_36,1804.679,2117.334,312.655,5,so_13,Vowel,o,Modal,Oral,13.0,2.0,Low,13,Unaspirated,Oral,169.807,170.591,,,286.738,164.058,999.658,122.328,3364.666,681.899,3802.846,79.472,,,,,17.66,14.059,20.389,11.766,4.136,11.32,17.397,2.775,-0.967,-7.467,-20.591,11.749,-2.729,2.293,16.253,0.446,0.262,11.302,18.627,21.526,38.251,2.31,2.474,26.309,35.276,47.989,53.06,16.309,0.0,Low,0.613,0.516,0.53,0.533,-63.923,1962.826,120.008,1959.715,1.401,2.475,0.566,Miao-Modal,0.566060606060606,7599100539776620999
Miao_M9,9,M,Miao,Black Miao,zhangyuanlin_37,3346.883,3676.083,329.2,5,sho_13,Vowel,o,Modal,Oral,13.0,2.0,Low,13,Aspirated,Oral,176.062,175.931,,174.694,423.778,96.978,984.446,106.925,2526.335,172.447,3749.917,84.785,,,,,17.806,16.02,20.951,10.928,10.02,7.96,18.793,-3.382,7.197,-7.015,-14.138,0.34,-3.144,5.092,10.931,2.968,-0.987,19.417,10.609,23.035,31.944,15.68,3.025,29.963,38.077,46.617,49.517,17.933,0.528,Low,0.583,0.54,0.624,0.526,-112.405,3512.703,332.45,3509.725,0.649,2.659,0.245,Miao-Modal,0.244076720571644,3959918570407803914
Miao_M9,9,M,Miao,Black Miao,zhangyuanlin_38,2602.727,2943.851,341.124,5,sen_33,Vowel,en,Breathy,Nasal,33.0,1.0,Mid,33,Unaspirated,Oral,174.19,174.465,,,210.736,227.208,1704.561,319.899,2709.799,383.414,3428.271,278.015,,,,,24.811,17.99,11.538,16.594,4.758,23.232,24.107,15.999,1.692,8.637,-3.382,14.297,13.273,1.396,6.78,-6.639,0.703,1.991,23.119,9.352,28.193,3.692,3.336,36.629,41.769,40.154,37.88,21.241,0.0,Mid,0.53,0.455,0.49,0.448,-170.833,2774.962,429.502,2772.411,1.665,2.054,0.82,Miao-Breathy,0.810613437195716,1996599558783857491
Miao_M9,9,M,Miao,Black Miao,zhangyuanlin_39,3716.053,4228.074,512.021,5,ngai_13,Vowel,ai,Modal,Oral,13.0,2.0,Low,13,Unaspirated,Nasal,160.439,160.929,,,897.324,132.523,1630.363,282.81,2244.111,107.012,4087.047,824.436,,,,,20.807,20.444,8.527,7.013,11.802,4.282,22.038,-7.324,15.089,-7.725,8.496,-8.966,12.28,13.431,-3.275,2.731,-1.231,27.773,5.718,28.169,12.312,29.41,5.845,45.612,35.509,31.381,36.544,22.291,0.0,Low,0.551,0.406,0.439,0.423,-141.101,3973.825,369.485,3971.207,2.051,2.151,0.954,Miao-Modal,0.953509995351,-6142756362744353692
Miao_M9,9,M,Miao,Black Miao,zhangyuanlin_40,724.244,1117.26,393.016,5,xa_44,Vowel,a,Modal,Oral,44.0,1.0,High,44,Unaspirated,Oral,165.885,165.006,,,978.946,117.532,1596.243,243.341,2420.135,314.441,4182.485,868.936,,,,,16.239,15.883,5.326,3.847,9.508,2.376,21.679,-9.38,17.076,-8.822,4.112,-9.205,10.913,12.035,-4.183,1.471,-5.44,25.277,-0.837,24.705,12.127,25.088,3.953,42.923,33.796,31.469,35.212,22.626,0.832,High,0.557,0.486,0.556,0.526,-109.101,922.077,335.716,918.882,1.034,2.408,0.429,Miao-Modal,0.429401993355482,1984876529745557179
Miao_M9,9,M,Miao,Black Miao,zhangyuanlin_40,2349.598,2653.797,304.199,5,xa_44,Vowel,a,Modal,Oral,44.0,1.0,High,44,Unaspirated,Oral,174.544,175.539,,,924.971,153.045,1536.401,284.936,2627.031,347.937,4138.401,719.36,,,,,14.707,14.255,10.081,8.177,13.373,3.194,21.144,-8.489,17.463,-6.522,0.583,-6.395,4.626,6.078,-3.292,4.983,-6.437,22.763,-2.756,20.776,14.124,20.649,3.906,45.689,38.653,36.071,37.29,23.805,0.185,High,0.584,0.514,0.594,0.541,-87.221,2503.101,242.674,2500.016,0.854,2.389,0.358,Miao-Modal,0.357471745500209,7127981756672038746
Miao_M9,9,M,Miao,Black Miao,zhangyuanlin_41,489.263,767.565,278.302,5,xha_55,Vowel,a,Tense,Oral,55.0,1.0,High,55,Aspirated,Oral,195.648,195.697,,196.08,913.303,243.529,1502.542,321.22,2316.192,380.025,4212.907,1126.381,,,,,17.782,17.218,14.052,11.651,18.618,4.465,20.683,-9.133,15.967,-8.923,7.402,-5.055,3.73,5.567,-4.566,7.185,-2.9,26.365,1.815,26.14,10.38,22.272,5.334,66.097,57.468,53.867,52.27,25.8,0.301,High,0.571,0.534,0.63,0.531,-99.611,629.199,302.102,626.485,0.606,2.089,0.29,Miao-Tense,0.290090952608904,7789078330673132958
Miao_M9,9,M,Miao,Black Miao,zhangyuanlin_41,2347.839,2664.862,317.023,5,xha_55,Vowel,a,Tense,Oral,55.0,1.0,High,55,Aspirated,Oral,193.49,193.04,,,927.833,150.598,1490.355,295.384,2151.946,267.715,4469.148,843.277,,,,,16.749,16.19,14.345,11.973,18.237,4.376,22.232,-7.689,16.828,-8.253,10.865,-4.872,2.404,4.218,-3.891,7.596,-5.483,23.889,-0.079,24.443,5.884,21.063,6.105,59.928,49.546,46.378,45.926,25.84,0.0,High,0.573,0.526,0.625,0.532,-83.866,2507.055,230.98,2504.295,0.653,2.099,0.311,Miao-Tense,0.311100524059076,8814748530242204366
Miao_M9,9,M,Miao,Black Miao,zhangyuanlin_43,218.131,565.685,347.554,5,tyo_44,Vowel,o,Modal,Oral,44.0,1.0,High,44,Unaspirated,Oral,170.283,170.289,,,455.403,123.96,791.39,135.466,2497.747,271.781,3662.538,372.695,,,,,16.839,14.817,22.829,10.935,16.603,9.151,23.923,1.17,11.371,-5.659,-13.913,5.971,-5.99,3.882,6.226,1.784,-7.084,13.695,5.469,20.476,30.753,8.846,6.142,27.571,36.325,46.278,51.895,17.467,0.076,High,0.591,0.519,0.581,0.536,-64.742,393.674,180.588,390.526,0.999,2.418,0.414,Miao-Modal,0.413151364764268,-5110463500726214899
Miao_M9,9,M,Miao,Black Miao,zhangyuanlin_44,477.467,797.019,319.552,5,ta_44,Vowel,a,Modal,Oral,44.0,1.0,High,44,Unaspirated,Oral,163.706,162.97,,,956.719,86.923,1614.096,134.137,2279.756,514.061,4582.603,629.847,,,,,20.084,19.729,10.243,8.768,11.441,4.278,19.285,-11.165,11.558,-13.188,-3.61,-21.057,9.841,10.961,-1.198,4.491,0.799,30.901,8.525,32.917,23.693,40.786,3.064,45.311,37.365,35.156,37.876,21.937,0.0,High,0.585,0.49,0.528,0.491,-72.838,638.674,201.798,635.654,1.189,2.527,0.471,Miao-Modal,0.470518401266324,-617437106133975223
Miao_M9,9,M,Miao,Black Miao,zhangyuanlin_44,2095.482,2392.53,297.048,5,ta_44,Vowel,a,Modal,Oral,44.0,1.0,High,44,Unaspirated,Oral,164.886,164.188,,,864.762,783.26,1158.167,817.117,2218.412,582.413,4016.009,909.836,,,,,18.233,17.755,7.628,5.616,9.951,-0.794,14.078,-18.984,9.568,-20.356,-6.779,-19.769,10.605,12.139,-2.324,6.41,4.155,36.79,8.665,38.11,25.012,37.524,1.601,52.468,43.812,45.126,47.529,22.848,0.0,High,0.565,0.474,0.514,0.425,-53.6,2244.857,134.925,2242.272,1.229,2.28,0.539,Miao-Modal,0.539035087719298,-1968163567651359309
Miao_M9,9,M,Miao,Black Miao,zhangyuanlin_46,118.046,446.67,328.624,5,ta_55,Vowel,a,Tense,Oral,55.0,1.0,High,55,Unaspirated,Oral,194.274,194.387,,,956.483,124.75,1405.77,314.03,2107.131,361.94,4429.307,893.398,,,,,16.242,15.687,11.734,9.386,16.758,3.698,24.523,-7.053,17.471,-10.416,6.336,-9.367,4.508,6.301,-5.024,5.687,-8.281,22.758,-1.229,26.103,9.906,25.053,6.532,55.287,45.187,45.548,46.516,24.642,0.0,High,0.568,0.514,0.605,0.497,-87.184,283.59,275.71,281.037,0.802,2.162,0.373,Miao-Tense,0.37095282146161,-4109291411298312117
Miao_M9,9,M,Miao,Black Miao,zhangyuanlin_46,1885.936,2142.509,256.573,5,ta_55,Vowel,a,Tense,Oral,55.0,1.0,High,55,Unaspirated,Oral,192.193,191.795,,,964.028,79.388,1430.171,212.5,2080.857,113.063,3698.997,808.871,,,,,17.25,16.727,13.828,11.62,14.755,2.835,19.283,-12.391,8.207,-19.686,-1.317,-18.27,3.422,5.106,-0.928,8.785,-2.033,29.134,9.043,36.413,18.567,34.997,3.213,54.179,45.106,47.429,50.901,23.314,0.0,High,0.613,0.528,0.571,0.52,-82.658,2015.482,190.298,2012.769,1.01,2.202,0.459,Miao-Tense,0.458673932788374,3680199689559507523
Miao_M9,9,M,Miao,Black Miao,zhangyuanlin_47,149.665,472.236,322.571,5,ta_22,Vowel,a,Modal,Oral,22.0,1.0,Low,22,Unaspirated,Oral,148.734,148.69,,,728.641,39.59,1004.996,65.005,2236.9,147.264,3690.211,362.393,,,,,17.855,17.285,12.416,10.003,18.262,4.853,24.896,-6.397,14.312,-14.077,-11.235,-11.736,5.439,7.282,-5.846,5.15,-7.041,23.734,3.543,31.363,29.09,29.021,5.461,36.739,35.373,43.533,48.725,18.978,0.0,Mid,0.55,0.465,0.511,0.432,-80.401,312.181,216.318,309.269,1.197,2.778,0.431,Miao-Modal,0.430885529157667,-198491196583768315
Miao_M9,9,M,Miao,Black Miao,zhangyuanlin_47,2373.957,2672.455,298.498,5,ta_22,Vowel,a,Modal,Oral,22.0,1.0,Low,22,Unaspirated,Oral,143.523,143.787,,144.079,698.1,46.502,1007.993,93.061,2093.96,159.392,3631.162,395.045,,,,,17.144,16.586,8.779,6.417,16.545,3.259,23.479,-6.568,14.965,-11.57,-10.152,-13.082,8.365,10.17,-7.766,3.157,-6.335,23.18,2.179,28.156,27.296,29.668,3.891,48.981,40.249,45.486,49.293,20.297,0.0,Mid,0.56,0.456,0.503,0.318,-62.686,2523.443,185.839,2521.223,1.311,2.88,0.455,Miao-Modal,0.455208333333333,5430655104608134953
Miao_M9,9,M,Miao,Black Miao,zhangyuanlin_51,525.39,819.669,294.279,5,tai_11,Vowel,ai,Creaky,Oral,11.0,1.0,Low,11,Unaspirated,Oral,124.794,121.16,,,756.958,54.906,1790.303,54.778,2501.847,286.39,3984.152,1065.96,,,,,7.591,7.294,6.676,5.441,7.31,1.273,15.158,-12.152,2.025,-15.755,-15.305,-26.029,0.915,1.853,-0.634,4.168,-7.568,19.449,5.566,23.049,22.896,33.323,0.665,24.636,23.797,26.236,32.37,18.165,0.596,Low,0.376,0.277,0.289,0.174,-27.892,667.809,72.096,665.896,2.127,3.183,0.668,Miao-Creaky,0.668237511781338,977250353580101839
Miao_M9,9,M,Miao,Black Miao,zhangyuanlin_51,2667.534,2887.581,220.047,5,tai_11,Vowel,ai,Creaky,Oral,11.0,1.0,Low,11,Unaspirated,Oral,129.6,129.72,,,692.293,138.402,1888.625,53.747,2490.629,282.19,4220.665,621.185,,,,,8.318,7.952,8.055,6.509,10.918,2.635,18.018,-8.171,5.996,-9.1,-9.351,-22.343,0.264,1.443,-2.863,3.873,-9.699,16.124,2.322,17.051,17.669,30.294,1.045,22.716,22.209,23.338,31.552,18.369,0.037,Low,0.597,0.431,0.432,0.276,-31.767,2778.116,84.287,2775.979,1.977,3.188,0.619,Miao-Creaky,0.620138017565872,8661218811964936241
Miao_M9,9,M,Miao,Black Miao,zhangyuanlin_52,312.344,685.116,372.772,5,khe_44,Vowel,e,Modal,Oral,44.0,1.0,High,44,Aspirated,Oral,172.843,173.519,,,346.752,11.429,2421.778,63.692,2972.347,482.596,4157.631,424.307,,,,,17.767,15.285,28.31,11.287,2.469,11.066,28.309,11.275,-3.972,-0.004,-9.681,-8.463,-10.543,3.997,25.841,0.221,-10.542,4.01,21.738,15.289,27.448,23.747,7.68,25.846,42.449,43.785,41.197,16.437,0.311,High,0.588,0.499,0.562,0.494,-114.749,500.454,386.885,497.595,1.222,2.674,0.46,Miao-Modal,0.456993268511593,5794556709201963326
Miao_M9,9,M,Miao,Black Miao,zhangyuanlin_52,2032.363,2354.486,322.123,5,khe_44,Vowel,e,Modal,Oral,44.0,1.0,High,44,Aspirated,Oral,169.801,169.857,,,340.922,26.887,2384.357,37.463,2915.675,122.656,4140.582,141.236,,,,,16.626,14.171,23.646,6.918,1.037,9.551,23.645,6.826,0.391,4.265,-6.941,-5.796,-7.02,7.253,22.61,-2.633,-7.019,7.345,16.235,9.906,23.568,19.967,2.968,31.695,46.002,47.124,44.784,19.955,0.599,High,0.579,0.526,0.583,0.497,-135.25,2194.977,381.293,2192.046,0.979,2.661,0.368,Miao-Modal,0.367906801954153,8314424954333370610
Miao_M9,9,M,Miao,Black Miao,zhangyuanlin_54,164.075,429.73,265.655,5,ke_55,Vowel,e,Tense,Oral,55.0,1.0,High,55,Unaspirated,Oral,205.518,205.501,,,463.718,84.058,2193.762,118.204,2638.358,125.431,4051.336,784.318,,,,,18.635,16.493,25.575,10.147,8.51,14.572,25.336,4.897,12.755,10.881,8.698,3.236,-6.94,6.346,17.065,-4.424,-6.701,11.597,5.88,5.613,9.936,13.257,6.669,46.668,48.532,43.015,40.074,23.01,0.763,High,0.612,0.575,0.677,0.539,-139.982,297.826,402.649,295.197,0.657,2.299,0.287,Miao-Tense,0.285776424532405,3627062428688736594
Miao_M9,9,M,Miao,Black Miao,zhangyuanlin_54,1685.225,1938.143,252.918,5,ke_55,Vowel,e,Tense,Oral,55.0,1.0,High,55,Unaspirated,Oral,190.668,190.628,,,510.442,120.319,2110.843,46.628,2636.907,92.869,4346.232,674.518,,,,,17.127,15.665,20.795,12.782,7.237,8.553,16.636,-5.067,13.588,8.721,5.65,-0.41,-3.668,2.883,13.559,4.229,0.491,20.732,3.538,6.944,11.477,16.075,3.777,42.0,46.83,42.354,40.271,21.809,0.0,High,0.594,0.551,0.641,0.532,-125.376,1812.77,366.272,1809.969,0.677,2.373,0.285,Miao-Tense,0.285292878213232,-5541399546513935284
Miao_M9,9,M,Miao,Black Miao,zhangyuanlin_57,495.644,827.292,331.648,5,ne_22,Vowel,e,Modal,Oral,22.0,1.0,Low,22,Unaspirated,Nasal,147.627,148.544,,,758.241,65.938,2082.896,61.236,2817.532,262.648,4527.876,627.384,,,,,17.66,17.263,11.517,9.838,14.525,5.169,21.053,-5.252,10.596,-3.463,-2.263,-11.883,6.142,7.425,-3.007,4.669,-3.393,22.517,7.064,20.726,19.923,29.146,2.486,38.778,40.012,36.568,35.559,20.589,0.0,Mid,0.544,0.469,0.525,0.465,-102.017,663.055,340.517,659.912,1.47,2.935,0.502,Miao-Modal,0.500851788756388,828422931565062543
Miao_M9,9,M,Miao,Black Miao,zhangyuanlin_57,2023.436,2321.92,298.484,5,ne_22,Vowel,e,Modal,Oral,22.0,1.0,Low,22,Unaspirated,Nasal,148.969,149.898,,,739.122,43.637,2078.479,42.611,2383.791,271.337,4516.428,456.248,,,,,13.576,13.163,1.564,-0.193,6.997,-3.046,14.707,-11.406,10.066,-3.632,4.881,-17.204,12.012,13.355,-5.433,2.853,-1.13,24.57,3.51,16.795,8.695,30.367,0.703,58.977,57.959,48.782,46.401,22.538,0.0,Mid,0.537,0.462,0.506,0.441,-118.342,2174.738,346.6,2171.789,1.635,2.761,0.595,Miao-Modal,0.592176747555234,-6599409678577162510
Miao_M9,9,M,Miao,Black Miao,zhangyuanlin_59,65.783,409.288,343.505,5,pye_44,Vowel,e,Modal,Oral,44.0,1.0,High,44,Unaspirated,Oral,173.648,173.904,,173.779,499.457,28.753,2223.915,44.718,2795.721,255.336,3090.029,484.861,,,,,14.215,13.022,16.658,10.603,3.237,1.976,19.814,-2.263,6.302,2.255,-0.604,-4.855,-2.443,2.419,13.421,8.627,-5.599,15.285,7.913,10.767,14.819,17.877,2.21,48.838,59.442,56.869,50.043,21.871,0.0,High,0.557,0.494,0.54,0.493,-78.42,238.696,182.939,235.858,1.016,2.228,0.456,Miao-Modal,0.456014362657092,7359851187615949476
Miao_M9,9,M,Miao,Black Miao,zhangyuanlin_59,2073.652,2380.353,306.701,5,pye_44,Vowel,e,Modal,Oral,44.0,1.0,High,44,Unaspirated,Oral,178.626,178.666,,179.553,534.85,32.076,2271.421,47.076,2945.154,166.362,4517.114,559.066,,,,,13.012,11.927,18.434,13.09,1.75,-1.285,20.363,-2.015,-2.695,-7.62,-7.135,-10.911,-5.422,-1.163,16.684,14.375,-7.35,13.943,15.708,19.547,20.147,22.838,2.504,43.319,54.679,53.356,48.76,19.916,0.0,High,0.552,0.499,0.545,0.47,-89.765,2227.987,193.548,2225.353,0.907,2.187,0.415,Miao-Modal,0.414723365340649,8762143372630549749
Miao_M9,9,M,Miao,Black Miao,zhangyuanlin_60,87.509,419.073,331.564,5,ou_44,Vowel,u,Modal,Oral,44.0,1.0,High,44,Unaspirated,Oral,177.475,177.352,,177.309,501.637,95.571,1223.285,269.298,2718.597,198.756,4030.287,93.997,,,,,16.573,15.295,18.467,12.144,9.658,5.135,22.912,-0.44,6.055,-8.752,-9.599,0.232,-1.894,3.151,8.809,7.009,-6.339,15.746,10.518,24.047,26.172,15.063,3.848,29.655,34.612,40.28,43.078,22.061,0.0,High,0.499,0.451,0.482,0.427,-122.051,254.36,254.18,251.972,1.164,1.983,0.59,Miao-Modal,0.586989409984871,-3490844925725494255
Miao_M9,9,M,Miao,Black Miao,zhangyuanlin_60,2204.415,2535.979,331.564,5,ou_44,Vowel,u,Modal,Oral,44.0,1.0,High,44,Unaspirated,Oral,179.952,179.457,,177.309,528.132,49.897,1242.569,56.352,2518.868,56.927,3971.221,188.762,,,,,14.388,13.153,16.097,10.082,9.628,4.305,22.308,-1.283,9.967,-5.467,-6.58,-0.072,-1.709,3.071,6.469,5.777,-7.92,14.446,4.421,18.62,20.968,13.225,3.329,45.146,49.631,54.255,56.077,24.722,0.0,High,0.534,0.466,0.505,0.437,-90.158,2370.788,195.838,2368.362,1.086,2.018,0.538,Miao-Modal,0.538156590683845,8609248540796935266
Miao_M9,9,M,Miao,Black Miao,zhangyuanlin_61,170.359,645.655,475.296,5,sai_44,Vowel,ai,Modal,Oral,44.0,1.0,High,44,Unaspirated,Oral,171.147,171.916,,,447.673,201.27,2175.466,532.533,2564.181,210.102,3639.054,401.975,,,,,11.512,10.06,10.237,2.135,-0.678,0.764,10.985,-10.078,-1.881,-5.014,-1.532,-9.698,1.275,7.926,10.916,1.371,0.527,20.139,13.393,15.074,13.044,19.759,0.514,40.932,42.89,43.396,45.8,22.239,0.0,High,0.543,0.502,0.573,0.502,-93.169,409.6,234.098,406.677,0.7,2.295,0.306,Miao-Modal,0.305010893246187,-2938157818123671772
Miao_M9,9,M,Miao,Black Miao,zhangyuanlin_61,1818.438,2193.264,374.826,5,sai_44,Vowel,ai,Modal,Oral,44.0,1.0,High,44,Unaspirated,Oral,176.127,176.319,,,592.973,127.025,2025.085,136.958,2577.289,778.161,3896.727,920.261,,,,,11.888,11.083,10.978,7.274,15.858,2.364,17.432,-6.524,6.679,-3.957,-6.232,-15.327,0.91,3.809,-4.88,4.909,-5.544,17.608,5.209,15.04,18.121,26.41,1.527,46.551,45.938,45.33,47.315,23.653,0.2,High,0.561,0.495,0.555,0.487,-76.175,2007.178,200.914,2004.426,0.918,2.24,0.41,Miao-Modal,0.409821428571429,7036879517925894365
Miao_M9,9,M,Miao,Black Miao,zhangyuanlin_62,326.774,690.164,363.39,5,hla_44,Vowel,a,Modal,Oral,44.0,1.0,High,44,Unaspirated,Oral,175.761,176.288,,176.204,997.845,257.959,1158.106,257.23,2293.272,61.746,3743.016,1064.161,,,,,9.645,9.161,11.712,9.688,20.473,10.403,22.793,-18.091,22.779,-17.936,-1.142,-9.406,-2.067,-0.527,-8.761,-0.714,-13.147,28.165,-13.134,27.097,10.788,18.566,4.6,54.786,47.065,48.515,50.043,24.617,0.483,High,0.559,0.503,0.551,0.512,-85.406,509.783,171.377,506.873,0.87,1.817,0.479,Miao-Modal,0.478811227297744,-608161269758265971
Miao_M9,9,M,Miao,Black Miao,zhangyuanlin_62,1869.55,2215.532,345.982,5,hla_44,Vowel,a,Modal,Oral,44.0,1.0,High,44,Unaspirated,Oral,175.832,175.867,,175.092,735.034,215.402,1104.561,121.719,2126.011,204.268,4588.929,880.981,,,,,9.339,8.605,9.776,6.598,22.09,-1.538,22.089,-7.438,20.471,-5.39,-6.717,-11.213,-0.437,2.006,-12.313,8.137,-12.749,16.068,-11.132,13.995,16.056,19.818,4.633,60.876,49.934,51.08,51.853,22.721,0.603,High,0.587,0.494,0.526,0.509,-62.714,2044.189,128.27,2041.294,1.118,1.819,0.616,Miao-Modal,0.614623419461243,2474082117439143835
Miao_M9,9,M,Miao,Black Miao,zhangyuanlin_63,503.631,848.904,345.273,5,pa_44,Vowel,a,Modal,Oral,44.0,1.0,High,44,Unaspirated,Oral,171.828,172.238,,,762.149,379.32,1094.235,125.319,2332.103,854.83,3906.028,870.904,,,,,9.605,8.857,9.601,6.348,18.945,-4.322,18.281,-11.128,19.562,-6.074,-12.373,-14.4,0.004,2.509,-9.344,10.669,-8.675,20.021,-9.957,14.93,21.978,23.257,2.244,51.6,41.715,48.441,51.647,23.026,0.593,High,0.611,0.496,0.516,0.527,-52.902,678.521,100.958,675.458,1.288,2.003,0.643,Miao-Modal,0.643035446829755,-8584950727389793763
Miao_M9,9,M,Miao,Black Miao,zhangyuanlin_63,2040.435,2351.857,311.422,5,pa_44,Vowel,a,Modal,Oral,44.0,1.0,High,44,Unaspirated,Oral,170.785,171.459,,,766.779,173.931,1061.207,66.193,2222.17,31.058,3699.342,567.699,,,,,11.368,10.628,9.197,5.991,18.092,-5.775,18.065,-11.997,18.971,-7.694,-8.273,-9.486,2.171,4.637,-8.895,11.766,-6.697,22.669,-7.603,18.322,19.641,20.114,1.921,45.276,36.918,42.295,45.471,20.799,0.5,High,0.632,0.482,0.492,0.543,-46.295,2198.099,94.958,2194.926,1.705,2.073,0.824,Miao-Modal,0.822479498311626,1642450650740226650
Miao_M9,9,M,Miao,Black Miao,zhangyuanlin_64,416.496,889.753,473.257,5,nang_44,Vowel,ang,Modal,Nasal,44.0,1.0,High,44,Unaspirated,Nasal,166.57,167.007,,,1096.618,1082.718,1368.401,137.234,2139.787,167.586,3193.402,296.737,,,,,17.272,16.937,2.995,1.613,-0.07,-6.457,1.695,-36.952,6.062,-30.84,-5.889,-24.858,14.277,15.324,3.065,8.07,15.577,54.133,11.21,47.777,23.161,41.794,0.749,56.052,46.066,41.876,44.473,19.134,0.0,High,0.58,0.471,0.534,0.502,-51.249,654.86,142.455,651.837,1.064,2.428,0.439,Miao-Modal,0.438220757825371,-1796806110598525942
Miao_M9,9,M,Miao,Black Miao,zhangyuanlin_64,2085.47,2426.124,340.654,5,nang_44,Vowel,ang,Modal,Nasal,44.0,1.0,High,44,Unaspirated,Nasal,169.714,169.961,,,884.644,819.779,1360.232,96.075,2050.276,113.737,4500.365,691.107,,,,,16.176,15.593,0.826,-1.697,1.272,-15.016,2.544,-26.816,11.326,-12.873,-0.296,-13.785,15.351,17.291,-0.447,13.318,13.633,42.42,4.85,28.466,16.472,29.378,0.799,75.193,66.964,66.012,67.008,25.829,0.0,High,0.557,0.459,0.498,0.483,-73.05,2257.15,176.765,2254.308,1.13,2.115,0.534,Miao-Modal,0.534278959810875,-8440877950128918375
Miao_M9,9,M,Miao,Black Miao,zhangyuanlin_65,731.756,1011.525,279.769,5,lei_44,Vowel,ei,Modal,Oral,44.0,1.0,High,44,Unaspirated,Oral,172.706,172.745,,172.904,410.269,156.438,2176.407,131.636,2701.669,70.651,4535.792,586.323,,,,,14.408,12.62,19.23,8.188,2.206,6.757,17.28,-2.469,-3.756,-4.942,-0.87,-3.502,-4.822,4.432,17.024,1.431,-2.872,15.09,18.163,17.561,15.277,16.122,1.506,46.597,55.523,51.576,48.178,19.309,0.4,High,0.562,0.52,0.572,0.493,-102.053,873.31,254.481,870.451,1.124,2.603,0.431,Miao-Modal,0.431809450633884,-295664907702513948
Miao_M9,9,M,Miao,Black Miao,zhangyuanlin_65,2856.339,3130.568,274.229,5,lei_44,Vowel,ei,Modal,Oral,44.0,1.0,High,44,Unaspirated,Oral,174.602,174.727,,,474.241,190.2,2196.657,155.498,2716.235,157.421,4455.416,106.892,,,,,13.427,12.184,18.057,11.641,2.984,2.224,14.807,-7.074,-5.293,-9.609,-4.669,-9.484,-4.631,0.543,15.073,9.417,-1.38,19.258,18.72,21.793,18.095,21.668,1.351,50.029,56.998,54.499,50.382,22.005,0.0,High,0.56,0.523,0.566,0.498,-104.866,2995.061,255.32,2992.21,1.234,2.429,0.508,Miao-Modal,0.508027995059695,-7913788384981179414
Miao_M9,9,M,Miao,Black Miao,zhangyuanlin_70,251.566,583.819,332.253,5,pa_55,Vowel,a,Tense,Oral,55.0,1.0,High,55,Unaspirated,Oral,198.607,199.203,,,871.249,128.39,1368.916,56.776,2181.296,142.194,3816.886,785.347,,,,,12.674,12.024,4.554,1.767,13.481,-4.877,13.316,-16.513,9.127,-16.372,-10.254,-22.072,8.12,10.258,-8.927,6.644,-0.642,28.553,3.547,28.397,22.929,34.097,0.856,59.783,50.046,51.421,54.549,21.875,0.452,High,0.571,0.511,0.575,0.51,-75.656,419.195,189.354,416.631,0.882,1.857,0.476,Miao-Tense,0.474959612277868,5348562651111902071
Miao_M9,9,M,Miao,Black Miao,zhangyuanlin_70,1933.092,2243.06,309.968,5,pa_55,Vowel,a,Tense,Oral,55.0,1.0,High,55,Unaspirated,Oral,198.511,199.596,,,847.43,122.342,1349.728,59.727,2216.19,72.295,3608.536,204.129,,,,,10.587,9.911,-0.442,-3.354,9.285,-11.067,9.283,-20.188,5.374,-19.671,-10.389,-20.905,11.029,13.265,-9.728,7.714,1.304,30.115,5.213,29.582,20.976,30.816,0.413,61.485,52.064,52.932,57.029,22.01,0.085,High,0.593,0.525,0.588,0.529,-64.963,2089.414,145.845,2086.763,0.924,1.823,0.508,Miao-Tense,0.506856829402085,-124468314086455500
Miao_M9,9,M,Miao,Black Miao,zhangyuanlin_71,365.828,767.581,401.753,5,sai_55,Vowel,ai,Tense,Oral,55.0,1.0,High,55,Unaspirated,Oral,195.134,195.784,,,391.567,41.097,2220.124,93.842,2749.487,176.499,3567.045,322.831,,,,,12.817,10.344,21.858,3.447,4.001,11.906,21.857,2.941,7.03,7.173,2.773,2.19,-9.041,6.897,17.857,-8.459,-9.039,7.403,5.787,3.171,10.044,8.154,2.746,35.51,39.587,37.534,35.893,20.551,0.392,High,0.616,0.55,0.587,0.543,-121.962,568.579,255.504,565.794,1.113,2.242,0.496,Miao-Tense,0.4964317573595,-8394421372441602512
Miao_M9,9,M,Miao,Black Miao,zhangyuanlin_71,2004.616,2317.847,313.231,5,sai_55,Vowel,ai,Tense,Oral,55.0,1.0,High,55,Unaspirated,Oral,207.563,207.429,,,435.969,70.528,2006.833,164.729,2506.746,244.561,3793.169,916.685,,,,,11.489,9.369,22.097,6.933,4.692,9.89,21.961,1.297,1.377,-3.186,-4.766,-9.032,-10.608,2.436,17.405,-2.957,-10.471,8.073,10.112,12.555,16.255,18.401,3.017,50.944,52.086,49.15,49.017,22.316,0.64,High,0.62,0.581,0.646,0.562,-90.413,2162.318,189.023,2159.609,0.882,2.007,0.438,Miao-Tense,0.439461883408072,-3101377323482676210
Miao_M9,9,M,Miao,Black Miao,zhangyuanlin_72,353.607,666.724,313.117,5,se_55,Vowel,e,Tense,Oral,55.0,1.0,High,55,Unaspirated,Oral,196.839,198.142,,,783.248,22.068,1972.208,41.468,2710.37,217.381,3406.527,423.943,,,,,10.476,9.815,10.164,7.256,20.369,-5.373,20.368,-5.535,2.521,-12.623,-8.34,-18.159,0.312,2.559,-10.205,12.629,-9.892,15.353,7.955,22.438,18.816,27.974,2.166,47.343,43.143,39.857,38.224,21.078,0.648,High,0.596,0.554,0.653,0.554,-71.614,511.276,196.295,508.466,0.542,1.883,0.288,Miao-Tense,0.287838555496548,5780488256566068834
Miao_M9,9,M,Miao,Black Miao,zhangyuanlin_72,1909.156,2172.094,262.938,5,se_55,Vowel,e,Tense,Oral,55.0,1.0,High,55,Unaspirated,Oral,198.704,199.573,,,780.198,62.718,1915.162,116.792,2769.623,184.622,3741.726,807.909,,,,,10.805,10.108,13.482,10.404,17.809,-5.997,17.805,-8.104,0.493,-15.469,-8.836,-15.325,-2.677,-0.295,-4.327,16.401,-6.999,18.219,10.313,25.577,19.641,25.433,2.064,58.367,53.973,51.342,47.613,22.386,0.809,High,0.608,0.553,0.639,0.565,-74.121,2042.607,192.916,2039.769,0.693,1.894,0.366,Miao-Tense,0.365892291446674,5244879985086856598
Miao_M9,9,M,Miao,Black Miao,zhangyuanlin_73,503.746,779.608,275.862,5,te_55,Vowel,e,Tense,Oral,55.0,1.0,High,55,Unaspirated,Oral,201.291,202.253,,203.625,767.216,78.148,2044.263,114.75,2705.188,245.749,3479.353,432.558,,,,,13.247,12.482,15.618,12.165,16.033,-0.331,16.882,-8.217,1.313,-11.745,-3.075,-11.843,-2.371,0.316,-0.416,12.496,-3.635,20.702,11.934,24.226,16.322,24.325,2.445,43.289,39.712,38.73,37.895,20.493,0.322,High,0.627,0.572,0.657,0.593,-66.347,643.46,161.619,640.516,0.764,1.914,0.399,Miao-Tense,0.399164054336468,4756365090529945787
Miao_M9,9,M,Miao,Black Miao,zhangyuanlin_74,354.284,644.252,289.968,5,te_55,Vowel,e,Tense,Oral,55.0,1.0,High,55,Unaspirated,Oral,207.236,207.31,,208.492,670.163,253.962,2078.138,33.437,2770.679,452.246,3189.228,486.965,,,,,13.019,11.987,18.477,13.517,14.431,8.471,21.054,-2.549,14.4,4.509,1.888,-4.856,-5.458,-1.53,4.046,5.047,-8.035,14.538,-1.381,7.479,11.13,16.843,3.945,57.757,53.671,49.494,45.861,24.578,0.06,High,0.635,0.576,0.668,0.595,-62.98,500.891,155.065,498.013,0.757,1.918,0.395,Miao-Tense,0.394681960375391,-3695720821639012253
Miao_M9,9,M,Miao,Black Miao,zhangyuanlin_74,2226.789,2529.044,302.255,5,te_55,Vowel,e,Tense,Oral,55.0,1.0,High,55,Unaspirated,Oral,200.143,200.961,,,761.759,83.371,1996.772,49.001,2852.537,173.07,3577.281,554.346,,,,,13.371,12.602,13.855,10.393,16.94,0.01,18.188,-6.948,4.487,-9.155,-4.115,-9.575,-0.484,2.209,-3.085,10.383,-4.818,19.554,8.884,21.757,17.485,22.178,2.521,51.555,48.213,46.04,43.866,22.268,0.312,High,0.621,0.544,0.642,0.588,-62.91,2379.784,155.879,2376.849,0.822,1.989,0.413,Miao-Tense,0.413273001508296,8366412120113290453
Miao_M9,9,M,Miao,Black Miao,zhangyuanlin_75,377.872,658.797,280.925,5,hle_55,Vowel,e,Tense,Oral,55.0,1.0,High,55,Unaspirated,Oral,208.059,207.986,,208.808,747.654,203.81,1888.372,77.949,2635.765,401.136,3315.183,960.665,,,,,11.422,10.645,17.73,14.246,16.351,-0.915,16.931,-8.623,8.903,-6.45,-4.602,-12.837,-6.308,-3.601,1.379,15.161,-5.509,19.272,2.519,17.095,16.024,23.482,3.373,64.531,60.958,59.332,55.585,26.254,0.031,High,0.616,0.562,0.662,0.536,-54.636,519.245,141.772,516.666,0.712,1.852,0.385,Miao-Tense,0.384449244060475,2775966618939979376
Miao_M9,9,M,Miao,Black Miao,zhangyuanlin_75,1984.412,2254.363,269.951,5,hle_55,Vowel,e,Tense,Oral,55.0,1.0,High,55,Unaspirated,Oral,202.677,203.237,,203.62,803.756,31.565,1844.829,39.022,2835.043,238.827,4584.15,757.639,,,,,11.04,10.339,10.654,7.563,19.251,-4.824,19.25,-6.889,5.014,-11.658,-9.966,-15.423,0.385,2.776,-8.596,12.387,-8.21,17.235,6.026,21.996,21.006,25.762,2.264,58.162,53.901,52.451,49.951,23.278,0.695,High,0.616,0.57,0.655,0.581,-61.538,2120.907,148.707,2118.044,0.688,1.899,0.362,Miao-Tense,0.362295945234334,-1626986993267625189
Miao_M9,9,M,Miao,Black Miao,zhangyuanlin_76,352.005,666.963,314.958,5,ke_55,Vowel,e,Tense,Oral,55.0,1.0,High,55,Unaspirated,Oral,212.265,211.988,,,439.447,121.088,2154.733,59.879,2530.254,186.004,3307.04,525.539,,,,,13.805,11.471,23.521,5.465,2.117,9.012,23.52,3.31,7.794,5.928,6.422,-1.355,-9.716,6.006,21.404,-3.547,-9.715,8.161,6.012,5.543,7.384,12.826,3.767,53.479,57.959,53.921,50.551,22.846,0.701,High,0.594,0.564,0.648,0.535,-99.383,510.076,222.534,507.549,0.571,1.831,0.312,Miao-Tense,0.311851447296559,-3198914268324644306
Miao_M9,9,M,Miao,Black Miao,zhangyuanlin_76,2077.804,2351.774,273.97,5,ke_55,Vowel,e,Tense,Oral,55.0,1.0,High,55,Unaspirated,Oral,208.558,208.693,,,593.443,503.201,2137.797,74.978,2569.134,119.241,3385.612,363.167,,,,,14.977,13.587,23.702,16.198,4.94,4.838,16.372,-5.885,8.171,1.615,5.697,-4.309,-8.726,-2.612,18.763,11.36,-1.395,19.473,6.805,11.972,9.28,17.895,4.856,59.267,62.281,59.215,55.194,25.133,0.721,High,0.591,0.564,0.662,0.53,-101.403,2216.126,237.233,2213.581,0.537,2.044,0.263,Miao-Tense,0.262720156555773,574096623081581617
Miao_M9,9,M,Miao,Black Miao,zhangyuanlin_78,2250.796,2517.714,266.918,5,cjhang_55,Vowel,ang,Tense,Nasal,55.0,1.0,High,55,Aspirated,Oral,218.169,218.974,,,782.744,340.283,1274.217,344.131,3082.21,304.466,3818.577,544.269,,,,,13.38,12.393,12.685,8.229,16.478,-0.068,14.11,-13.427,11.968,-10.659,-1.011,6.685,0.696,4.163,-3.794,8.298,-0.73,25.893,1.412,23.052,14.391,5.708,1.935,38.838,39.391,42.879,41.734,25.441,0.535,High,0.61,0.578,0.708,0.547,-127.972,2385.486,388.803,2382.983,0.494,1.995,0.248,Miao-Tense,0.247619047619048,6054173549039138004
Miao_M9,9,M,Miao,Black Miao,zhangyuanlin_79,147.716,661.14,513.424,5,ne_22,Vowel,e,Modal,Oral,22.0,1.0,Low,22,Unaspirated,Nasal,168.092,168.191,,168.608,790.684,156.277,1798.144,180.32,2910.461,423.773,3266.724,834.867,,,,,23.167,22.675,9.027,6.921,14.908,1.914,14.068,-12.716,0.791,-16.803,-7.786,-11.509,14.141,15.754,-5.881,5.007,9.099,35.399,22.376,39.478,30.953,34.183,3.575,42.627,48.245,49.214,45.75,23.899,0.0,Mid,0.518,0.453,0.533,0.436,-115.992,405.121,416.762,402.529,0.935,2.649,0.353,Miao-Modal,0.352963382408456,-4139031567344398193
Miao_M9,9,M,Miao,Black Miao,zhangyuanlin_79,1879.962,2266.146,386.184,5,ne_22,Vowel,e,Modal,Oral,22.0,1.0,Low,22,Unaspirated,Nasal,163.033,163.07,,,714.788,161.887,1862.05,273.237,2783.814,76.003,4161.633,740.95,,,,,21.407,20.891,11.616,9.394,18.716,3.646,17.282,-8.673,0.458,-14.958,0.468,-5.088,9.791,11.497,-7.1,5.748,4.125,29.568,20.949,35.849,20.939,25.979,2.931,49.064,51.876,52.537,49.391,25.546,0.0,Mid,0.572,0.503,0.578,0.511,-99.905,2074.536,361.542,2071.407,1.004,2.654,0.378,Miao-Modal,0.378296910324039,224824788643385863
Miao_M9,9,M,Miao,Black Miao,zhangyuanlin_80,233.649,560.675,327.026,5,to_22,Vowel,o,Modal,Oral,22.0,1.0,Low,22,Unaspirated,Oral,157.071,157.149,,,387.56,59.741,880.048,71.281,2369.11,80.428,3446.422,154.688,,,,,24.588,22.791,23.87,13.97,12.147,9.865,14.306,-6.803,9.371,-4.648,-8.582,7.92,0.718,8.82,11.723,4.106,10.282,29.608,15.216,27.439,33.169,14.871,7.451,32.1,42.331,48.829,50.001,19.547,0.0,Mid,0.604,0.498,0.524,0.484,-167.254,398.603,446.938,395.526,1.791,2.683,0.669,Miao-Modal,0.667536339918002,7191196115735312361
Miao_M9,9,M,Miao,Black Miao,zhangyuanlin_80,1826.901,2094.105,267.204,5,to_22,Vowel,o,Modal,Oral,22.0,1.0,Low,22,Unaspirated,Oral,154.074,154.127,,,414.269,42.499,971.072,132.048,2338.301,65.18,3868.2,163.173,,,,,23.841,22.304,24.637,16.587,11.087,8.811,23.631,1.998,6.798,-6.737,-7.465,5.229,-0.796,5.716,13.551,7.776,0.211,20.314,17.044,29.041,31.307,17.075,8.565,31.623,40.361,46.534,49.717,18.082,0.0,Mid,0.6,0.515,0.548,0.494,-159.687,1962.281,426.92,1959.07,1.618,2.714,0.596,Miao-Modal,0.596168017686072,-6834158710621131003
Miao_M9,9,M,Miao,Black Miao,zhangyuanlin_81,369.94,714.309,344.369,5,Xa_22,Vowel,a,Modal,Oral,22.0,1.0,Low,22,Unaspirated,Oral,165.448,165.891,,,918.231,428.352,1612.109,179.241,2214.335,109.848,3258.06,400.109,,,,,25.867,25.475,13.285,11.646,12.132,3.809,16.994,-12.487,15.826,-7.359,9.597,-8.469,12.583,13.829,1.153,7.837,8.873,37.968,10.041,32.834,16.271,33.944,6.712,43.866,42.425,40.258,42.151,25.384,0.0,Mid,0.577,0.448,0.481,0.465,-170.172,543.946,420.527,541.137,1.87,2.159,0.866,Miao-Modal,0.866141732283465,632032649834262793
Miao_M9,9,M,Miao,Black Miao,zhangyuanlin_85,288.38,673.135,384.755,5,ta_33,Vowel,a,Breathy,Oral,33.0,1.0,Mid,33,Unaspirated,Oral,162.203,162.94,,,928.524,75.932,1639.102,258.096,2632.017,117.553,4253.485,1073.437,,,,,22.472,22.116,7.475,5.992,11.405,4.134,26.197,-3.648,18.503,-5.149,10.825,1.487,14.997,16.124,-3.93,1.858,-3.725,25.777,3.97,27.265,11.647,20.629,10.866,43.052,35.372,31.838,32.719,24.218,0.0,Mid,0.492,0.382,0.421,0.404,-173.703,482.662,379.417,480.185,1.748,1.877,0.934,Miao-Breathy,0.931273308470964,5388202051356475516
Miao_M9,9,M,Miao,Black Miao,zhangyuanlin_86,613.917,966.026,352.109,5,ma_33,Vowel,a,Breathy,Oral,33.0,1.0,Mid,33,Unaspirated,Nasal,167.912,168.333,,,867.914,125.745,1503.857,157.842,2119.277,236.204,2874.711,183.901,,,,,24.46,24.016,12.511,10.645,15.247,5.382,23.398,-5.879,22.156,-1.471,13.542,-3.117,11.949,13.371,-2.736,5.263,1.062,29.901,2.304,25.487,10.918,27.133,10.558,51.293,44.711,41.291,41.319,24.361,0.0,Mid,0.534,0.436,0.481,0.463,-131.554,791.48,340.946,788.727,1.582,2.095,0.755,Miao-Breathy,0.755131264916468,1450403511286642163
Miao_M9,9,M,Miao,Black Miao,zhangyuanlin_86,2597.284,2930.138,332.854,5,ma_33,Vowel,a,Breathy,Oral,33.0,1.0,Mid,33,Unaspirated,Nasal,162.544,163.027,,,911.7,107.499,1460.183,239.229,2133.679,198.659,2984.371,343.912,,,,,22.151,21.756,11.031,9.383,12.906,4.717,23.871,-6.634,18.024,-7.66,9.644,-6.724,11.12,12.372,-1.875,4.667,-1.721,28.398,4.127,29.415,12.507,28.48,6.964,54.738,46.959,43.343,43.055,24.566,0.0,Mid,0.565,0.453,0.489,0.472,-113.898,2765.967,316.449,2763.074,1.623,2.301,0.708,Miao-Breathy,0.705345501955671,-4704302831116698528
Miao_M9,9,M,Miao,Black Miao,zhangyuanlin_89,930.885,1322.225,391.34,5,tai_13,Vowel,ai,Modal,Oral,13.0,2.0,Low,13,Unaspirated,Oral,164.44,165.038,,,656.751,147.97,1950.367,78.807,2440.095,165.142,4561.842,869.311,,,,,21.217,20.646,16.188,13.688,23.932,6.807,24.071,-1.305,21.301,7.447,16.709,2.802,5.029,6.957,-7.743,6.881,-2.854,21.952,-0.084,13.198,4.508,17.844,9.901,36.783,34.891,31.035,30.701,25.782,0.558,Low,0.539,0.476,0.549,0.512,-94.312,1128.396,280.424,1125.3,1.096,2.455,0.448,Miao-Modal,0.446435845213849,-1794743930729500724
Miao_M9,9,M,Miao,Black Miao,zhangyuanlin_89,2904.75,3244.598,339.848,5,tai_13,Vowel,ai,Modal,Oral,13.0,2.0,Low,13,Unaspirated,Oral,166.871,167.619,,,598.874,177.176,1964.775,113.241,2426.304,352.03,4519.897,684.015,,,,,21.711,21.005,16.46,13.285,20.975,4.222,21.287,-2.998,17.306,5.691,11.593,-2.087,5.251,7.72,-4.515,9.063,0.424,24.004,4.406,15.314,10.118,23.092,6.461,40.942,38.154,34.667,33.8,22.734,0.208,Low,0.532,0.475,0.549,0.46,-85.042,3075.53,257.227,3072.784,1.109,2.379,0.466,Miao-Modal,0.466162253047499,8934829850146239986
Miao_M9,9,M,Miao,Black Miao,zhangyuanlin_90,275.116,619.72,344.604,5,tjo_13,Vowel,o,Modal,Oral,13.0,2.0,Low,13,Unaspirated,Oral,170.801,170.94,,170.543,503.778,42.944,854.457,13.014,2618.865,267.39,3675.694,365.164,,,,,22.225,20.817,21.92,15.127,13.069,2.832,28.047,2.756,20.808,0.804,-13.18,5.43,0.305,5.69,8.851,12.295,-5.822,18.137,1.417,20.013,35.405,15.387,12.981,18.744,24.878,36.851,42.702,18.387,0.0,Low,0.579,0.527,0.577,0.478,-82.004,448.438,156.831,445.657,0.823,1.726,0.266,Miao-Modal,0.476825028968714,-8997127082643955809
Miao_M9,9,M,Miao,Black Miao,zhangyuanlin_91,703.786,1015.665,311.879,5,hau_13,Vowel,au,Modal,Oral,13.0,2.0,Low,13,Aspirated,Oral,167.688,166.959,,,742.84,161.205,1331.32,303.973,2488.998,80.572,3632.936,1106.721,,,,,22.017,21.474,19.192,16.871,24.846,10.435,27.74,-0.44,13.604,-8.972,4.621,0.337,2.826,4.603,-5.655,6.436,-5.722,21.928,8.413,30.445,17.396,21.137,15.29,24.981,19.115,21.821,25.227,20.47,0.404,Low,0.565,0.504,0.564,0.477,-115.624,861.249,352.319,858.42,1.017,2.468,0.407,Miao-Modal,0.412074554294976,-55562081109782607
Miao_M9,9,M,Miao,Black Miao,zhangyuanlin_91,2413.007,2752.405,339.398,5,hau_13,Vowel,au,Modal,Oral,13.0,2.0,Low,13,Aspirated,Oral,166.265,166.029,,,602.484,247.624,1203.935,184.978,2510.661,169.127,3781.577,433.819,,,,,21.516,20.744,20.27,16.832,25.165,5.124,25.557,-0.607,12.741,-7.13,-4.152,-1.479,1.246,3.912,-4.895,11.707,-4.041,21.365,8.776,27.874,25.668,22.223,10.003,25.559,24.048,28.53,31.86,20.796,0.387,Low,0.58,0.521,0.588,0.508,-86.73,2583.426,261.646,2580.376,0.825,2.575,0.321,Miao-Modal,0.320388349514563,5698027749864034899
Miao_M9,9,M,Miao,Black Miao,zhangyuanlin_92,2193.046,2524.919,331.873,5,pu_11,Vowel,u,Creaky,Oral,11.0,1.0,Low,11,Unaspirated,Oral,139.628,139.425,,,406.167,22.082,837.726,29.53,2907.832,500.485,3933.271,534.762,,,,,19.005,17.68,19.425,12.963,9.28,2.997,25.746,3.06,11.726,-4.377,-16.871,7.051,-0.419,4.717,10.145,9.966,-6.741,14.667,7.279,22.057,35.876,10.629,5.058,11.905,26.765,39.105,44.863,15.568,0.0,Low,0.607,0.485,0.48,0.487,-47.476,2361.521,79.948,2358.018,1.801,1.872,0.54,Miao-Creaky,0.96207264957265,-7420959334184853990
Miao_M9,9,M,Miao,Black Miao,zhangyuanlin_93,2794.881,3120.678,325.797,5,nye_11,Vowel,e,Creaky,Oral,11.0,1.0,Low,11,Unaspirated,Nasal,136.517,136.345,,,449.474,76.052,2383.976,63.698,2858.304,194.203,4599.436,260.019,,,,,18.133,17.215,17.316,12.928,15.728,10.05,23.771,1.96,3.724,2.232,1.12,-4.589,0.817,4.287,1.588,2.878,-5.638,15.255,14.409,14.982,17.013,21.804,3.664,13.398,28.22,30.883,27.997,16.614,0.0,Low,0.613,0.471,0.513,0.504,-43.678,2959.122,120.457,2955.416,1.436,3.162,0.455,Miao-Creaky,0.454142947501581,6206798430849196847
Miao_M9,9,M,Miao,Black Miao,zhangyuanlin_95,2013.223,2500.016,486.793,5,tcjiu_11,Vowel,u,Creaky,Oral,11.0,1.0,Low,11,Unaspirated,Oral,144.889,145.264,,,412.176,20.463,895.789,71.108,2536.828,386.7,4056.143,323.31,,,,,15.974,14.614,16.069,9.33,5.16,0.22,21.329,-0.812,1.997,-13.029,-19.061,-0.985,-0.095,5.284,10.909,9.11,-5.355,15.446,13.977,27.643,35.036,15.599,2.398,16.762,31.726,40.731,44.799,13.413,0.0,Low,0.581,0.485,0.498,0.49,-52.543,2258.401,98.598,2255.04,1.391,1.81,0.445,Miao-Creaky,0.768508287292818,6240304570425594698
Miao_M9,9,M,Miao,Black Miao,zhangyuanlin_96,322.768,943.409,620.641,5,ji_11,Vowel,i,Creaky,Oral,11.0,1.0,Low,11,Unaspirated,Oral,136.492,136.174,,,322.204,87.231,2324.428,214.8,3143.798,22.491,4111.009,251.197,,,,,17.254,15.553,18.974,8.923,2.857,7.249,15.219,-1.591,-13.897,-10.79,-3.464,4.077,-1.721,6.63,16.117,1.674,2.035,17.145,31.15,26.344,20.718,11.476,1.447,18.144,43.74,48.228,44.881,18.636,0.33,Low,0.644,0.478,0.457,0.533,-42.503,635.506,80.127,631.577,1.886,2.987,0.633,Miao-Creaky,0.631402745229327,3966128373150741749
Miao_M9,9,M,Miao,Black Miao,zhangyuanlin_96,1971.596,2496.344,524.748,5,ji_11,Vowel,i,Creaky,Oral,11.0,1.0,Low,11,Unaspirated,Oral,168.502,168.494,,,350.595,100.251,2211.268,29.072,2962.448,55.688,3998.979,199.917,,,,,22.997,20.638,21.025,5.671,-1.542,6.329,20.989,3.911,-1.393,0.678,-5.813,-0.44,1.972,14.967,22.567,-0.658,2.008,16.728,24.389,19.96,28.809,21.078,4.235,28.794,48.695,49.948,46.025,16.859,0.0,Low,0.561,0.489,0.551,0.365,-85.556,2234.409,251.452,2232.236,1.055,2.613,0.404,Miao-Creaky,0.403750478377344,246627252024017356
Miao_M9,9,M,Miao,Black Miao,zhangyuanlin_97,314.974,886.297,571.323,5,ji_11,Vowel,i,Creaky,Oral,11.0,1.0,Low,11,Unaspirated,Oral,154.833,154.831,,156.486,421.81,114.725,2284.856,57.324,3063.532,39.273,3910.772,392.65,,,,,21.944,20.605,19.826,12.633,2.546,3.432,14.525,-6.025,-6.261,-7.201,-4.734,-2.136,2.118,7.972,17.28,9.201,7.42,26.631,28.206,27.806,26.678,22.741,2.862,28.29,46.776,48.285,43.483,17.722,0.0,Low,0.608,0.486,0.524,0.405,-90.623,601.633,273.437,599.019,1.548,2.945,0.527,Miao-Creaky,0.525636672325976,-1883545030082327884
Miao_M9,9,M,Miao,Black Miao,zhangyuanlin_97,1906.35,2368.959,462.609,5,ji_11,Vowel,i,Creaky,Oral,11.0,1.0,Low,11,Unaspirated,Oral,169.497,169.143,,,346.911,58.405,2231.922,44.088,3081.882,79.31,4313.899,334.173,,,,,23.033,20.611,21.48,4.896,-0.902,7.337,21.478,4.559,2.25,4.668,-1.05,6.282,1.553,15.714,22.382,-2.441,1.555,16.052,20.783,15.943,24.084,14.329,4.326,37.718,54.32,55.281,49.575,18.888,0.0,Low,0.635,0.511,0.533,0.495,-126.424,2139.142,337.112,2136.211,1.582,2.564,0.617,Miao-Creaky,0.617004680187208,-5615192627041993999
