speaker_id,speaker_number,speaker_sex,language,language_variety,filename,segment_start,segment_end,duration,timepoint,textgrid_label,segment_type,vowel_quality,phonation,vowel_nasality,tone_contour,number_of_tone_targets,tone_category,language_specific_tone,consonant_aspiration,consonant_nasality,strF0,sF0,pF0,shrF0,sF1,sB1,sF2,sB2,sF3,sB3,sF4,sB4,pF1,pF2,pF3,pF4,H1u,H1c,H2u,H2c,H4u,H4c,A1u,A1c,A2u,A2c,A3u,A3c,H1H2u,H1H2c,H2H4u,H2H4c,H1A1u,H1A1c,H1A2u,H1A2c,H1A3u,H1A3c,Energy,HNR05,HNR15,HNR25,HNR35,CPP,SHR,tone_misc,CQ,CQ_H,CQ_HT,CQ_PM,min_Vel,min_Vel_Time,peak_Vel,peak_Vel_Time,SQ2_SQ1,SQ4_SQ3,ratio,LPhon,SQ,token_id
Yi_F1,1,F,Yi,Village 1,f1_ti_33_02,58.654,644.24,585.586,5,i_33,Vowel,i,Tense,Oral,33.0,1.0,Mid,33,Unaspirated,Oral,238.456,238.509,238.959,238.296,366.658,138.551,2571.625,140.417,3343.56,90.725,4357.334,351.516,400.713,2560.551,3350.557,4505.412,19.433,14.471,13.49,10.883,-3.196,10.886,6.294,-9.959,3.982,10.153,4.224,11.523,5.943,3.588,16.686,-0.003,13.139,24.431,15.451,4.318,15.21,2.949,1.876,50.074,59.245,58.872,53.294,28.348,0.0,mid,0.585,0.546,0.393,0.522,-622.654,352.305,1055.112,350.118,1.11,1.563,0.542,Yi-Tense,0.710172744721689,799350724079276544
Yi_F1,1,F,Yi,Village 2,F1_tl_be=_21_01,254.249,540.083,285.834,5,e=_21,Vowel,ə,Tense,Oral,21.0,2.0,Low,21,Unaspirated,Oral,171.115,171.31,179.437,173.263,576.335,98.854,1448.658,132.543,3387.745,99.245,4133.688,413.172,663.572,1413.619,3505.712,4845.113,17.251,16.227,22.337,17.498,24.248,16.514,29.927,6.21,20.017,5.655,8.202,22.418,-5.086,-1.271,-1.911,0.984,-12.676,10.035,-2.766,10.572,9.049,-6.192,17.953,26.223,22.29,25.204,24.683,23.92,0.166,low,0.619,0.571,0.649,0.591,-443.69,399.501,1138.921,396.018,0.642,1.047,0.148,Yi-Tense,0.613180515759312,511419099124001799
Yi_F1,1,F,Yi,Village 2,F1_tl_be=_21_02,277.095,476.215,199.12,5,e=_21,Vowel,ə,Tense,Oral,21.0,2.0,Low,21,Unaspirated,Oral,177.995,178.524,184.096,179.78,567.718,94.843,1475.504,77.611,3355.957,135.426,4051.417,371.935,579.072,1410.804,3541.479,5182.665,18.218,17.14,22.384,17.247,23.909,17.555,30.837,7.22,22.62,8.406,9.271,22.968,-4.165,-0.107,-1.526,-0.308,-12.619,9.938,-4.402,8.734,8.948,-5.828,20.724,30.311,26.067,28.389,27.358,25.028,0.0,low,0.617,0.582,0.68,0.605,-403.104,378.437,1237.706,375.036,0.443,0.839,0.142,Yi-Tense,0.528009535160906,6585312136820547762
Yi_F1,1,F,Yi,Village 2,F1_tl_be=21_01,264.629,475.245,210.616,5,e=21,Vowel,ə,Lax,Oral,21.0,2.0,Low,21,Unaspirated,Oral,169.78,170.396,174.329,171.012,471.661,114.977,1579.694,373.718,2893.152,527.825,4289.266,744.294,519.635,1677.552,3363.974,4995.219,31.472,30.256,32.652,26.551,20.084,16.483,37.896,15.135,17.788,6.08,5.929,13.991,-1.179,3.705,12.568,10.068,-6.424,15.127,13.685,24.177,25.543,16.265,98.259,18.7,23.043,24.249,23.377,24.654,0.0,low,0.446,0.408,0.479,0.412,-830.469,371.312,2242.497,368.873,0.854,1.781,0.476,Yi-Lax,0.47950589556429,-6043580081983595952
Yi_F1,1,F,Yi,Village 2,F1_tl_be=21_02,251.935,477.065,225.13,5,e=21,Vowel,ə,Lax,Oral,21.0,2.0,Low,21,Unaspirated,Oral,170.435,170.904,174.284,171.917,471.502,117.144,1515.12,362.144,3078.414,609.816,3988.017,867.224,523.781,1583.133,3303.211,5056.2,29.639,28.298,32.233,25.336,20.814,19.37,36.551,14.205,18.91,8.035,4.861,15.666,-2.594,2.962,11.418,5.966,-6.912,14.1,10.729,20.264,24.778,12.633,73.457,26.044,29.011,29.832,28.523,26.241,0.0,low,0.459,0.42,0.487,0.439,-754.284,366.255,2137.839,363.661,0.992,1.898,0.512,Yi-Lax,0.522655426765016,-1755308419744181578
Yi_F1,1,F,Yi,Village 2,F1_tl_cjie_21_02,472.81,703.583,230.773,5,jie_21,Vowel,jie,Tense,Oral,21.0,2.0,Low,21,Unaspirated,Oral,144.019,109.888,154.052,147.514,444.91,100.116,2632.426,164.325,3193.065,298.563,4394.563,622.212,498.139,2715.432,3368.501,4701.051,17.101,16.066,23.487,18.396,19.187,16.201,28.078,6.422,14.072,14.822,11.35,8.935,-6.386,-2.33,4.301,2.195,-10.977,9.645,3.029,1.244,5.751,7.131,9.855,13.653,19.73,21.721,17.564,20.633,0.208,low,0.66,0.629,0.724,0.638,-556.084,590.759,1774.287,586.272,0.558,1.027,0.068,Yi-Tense,0.543330087633885,-258387900674661078
Yi_F1,1,F,Yi,Village 2,F1_tl_cjie21_02,423.968,578.957,154.989,5,jie21,Vowel,jie,Lax,Oral,21.0,2.0,Low,21,Unaspirated,Oral,170.444,171.245,176.87,172.435,406.471,126.002,2618.02,263.287,3299.799,307.224,4594.437,345.955,452.25,2701.653,3336.945,4748.903,24.819,23.022,28.366,17.101,9.822,14.865,26.733,7.101,14.69,17.803,12.893,14.974,-3.547,5.921,18.544,2.235,-1.914,15.921,10.129,5.218,11.926,8.048,15.502,24.898,32.448,31.887,25.551,24.06,0.0,low,0.556,0.439,0.476,0.467,-759.949,503.296,1797.817,500.522,1.935,2.139,0.907,Yi-Lax,0.904628330995793,-4352722124618559982
Yi_F1,1,F,Yi,Village 2,F1_tl_de=_21_01,305.744,479.296,173.552,5,e=_21,Vowel,ə,Tense,Oral,21.0,2.0,Low,21,Unaspirated,Oral,184.83,185.024,195.894,188.45,550.38,23.203,1476.477,321.406,2078.67,2675.372,3401.773,115.382,578.449,1540.17,3548.242,5034.7,14.8,13.598,21.577,15.678,12.358,8.24,29.935,6.649,15.418,2.15,-2.171,-6.052,-6.777,-2.08,9.219,7.439,-15.136,6.953,-0.618,11.448,16.971,19.65,18.307,19.258,18.384,22.356,24.314,20.024,0.0,low,0.678,0.645,0.7,0.651,-503.778,394.422,1081.61,390.841,0.769,1.957,0.309,Yi-Tense,0.392948390393459,39262826504859678
Yi_F1,1,F,Yi,Village 2,F1_tl_de=_21_02,248.231,430.018,181.787,5,e=_21,Vowel,ə,Tense,Oral,21.0,2.0,Low,21,Unaspirated,Oral,167.075,168.886,180.806,171.136,499.152,28.314,1565.006,151.803,3388.217,269.63,3959.543,1254.908,531.579,1575.639,3645.68,5191.18,11.641,10.471,18.463,12.703,10.883,7.247,26.878,4.081,8.378,-3.273,-7.469,6.717,-6.821,-2.233,7.579,5.456,-15.237,6.4,3.264,13.744,19.11,3.754,6.752,14.885,14.806,19.959,23.867,17.975,0.0,low,0.697,0.642,0.728,0.676,-367.657,341.927,881.938,337.837,0.701,1.984,0.169,Yi-Tense,0.353326612903226,-8855023119578444833
Yi_F1,1,F,Yi,Village 2,F1_tl_de=21_01,284.956,473.128,188.172,5,e=21,Vowel,ə,Lax,Oral,21.0,2.0,Low,21,Unaspirated,Oral,171.989,172.702,177.39,173.537,490.718,97.074,1677.223,198.918,3289.132,187.387,4137.033,838.199,515.712,1680.101,3428.329,4920.841,25.297,24.079,25.558,19.444,9.678,7.444,30.183,7.755,8.785,-0.913,-0.069,11.874,-0.261,4.636,15.881,11.999,-4.886,16.33,16.512,24.993,25.366,12.205,18.14,22.222,26.056,27.631,27.218,21.534,0.0,low,0.425,0.384,0.454,0.376,-782.191,380.393,2244.369,378.197,0.922,1.717,0.527,Yi-Lax,0.536983110075713,-1313708039528650261
Yi_F1,1,F,Yi,Village 2,F1_tl_du_21_01,330.271,502.481,172.21,5,u_21,Vowel,u,Tense,Oral,21.0,2.0,Low,21,Unaspirated,Oral,178.243,177.171,185.765,180.275,972.651,222.415,2289.392,2273.324,3212.573,489.31,4440.078,275.356,530.768,889.714,3400.264,4726.594,25.52,25.185,31.79,30.386,17.535,10.401,19.518,-8.882,-1.276,-14.066,-2.032,-27.437,-6.269,-5.201,14.255,19.985,6.003,34.082,26.797,39.251,27.552,52.623,26.694,12.859,16.074,24.551,25.743,20.183,0.328,low,0.605,0.56,0.669,0.573,-458.388,417.565,1645.703,414.329,0.37,1.657,0.111,Yi-Tense,0.223295111647556,-4915557585923903841
Yi_F1,1,F,Yi,Village 2,F1_tl_du_21_02,378.793,558.562,179.769,5,u_21,Vowel,u,Tense,Oral,21.0,2.0,Low,21,Unaspirated,Oral,193.422,193.383,197.608,194.567,396.075,67.291,987.846,209.109,3189.516,147.063,4620.776,303.98,676.477,2938.33,4691.992,4978.907,28.712,25.961,36.667,16.999,19.93,21.778,36.666,16.811,20.937,9.679,2.8,28.168,-7.955,8.962,16.738,-4.779,-7.954,9.18,7.775,16.281,25.912,-2.207,67.632,19.668,22.461,29.348,30.276,23.912,0.728,low,0.566,0.495,0.659,0.485,-432.311,469.385,1729.282,466.882,0.386,0.864,0.061,Yi-Tense,0.446759259259259,-2014935613491335398
Yi_F1,1,F,Yi,Village 2,F1_tl_du21_01,436.214,620.623,184.409,5,u21,Vowel,u,Lax,Oral,21.0,2.0,Low,21,Unaspirated,Oral,184.091,183.596,186.735,184.98,400.248,97.225,1148.118,113.503,3280.511,272.003,4481.864,186.279,653.694,2087.093,4052.304,4743.779,29.975,27.575,35.401,18.309,17.929,21.518,35.394,15.704,21.978,12.035,4.894,28.703,-5.427,9.266,17.472,-3.209,-5.419,11.889,7.997,15.54,25.081,-1.128,63.654,25.93,29.594,35.671,35.291,27.102,0.821,low,0.565,0.5,0.62,0.473,-543.12,529.732,2117.379,527.154,0.605,0.76,0.09,Yi-Lax,0.796052631578947,4151955045591709561
Yi_F1,1,F,Yi,Village 2,F1_tl_du21_02,259.4,494.042,234.642,5,u21,Vowel,u,Lax,Oral,21.0,2.0,Low,21,Unaspirated,Oral,163.334,163.854,169.493,165.311,406.612,110.68,1109.112,118.789,3315.438,429.611,4555.21,331.84,450.41,1093.546,3586.049,4891.265,28.459,26.679,31.638,21.479,15.312,15.62,25.074,4.083,17.359,5.457,-4.621,19.882,-3.179,5.201,16.325,5.859,3.385,22.622,11.1,21.222,33.079,6.797,29.59,16.364,19.155,25.791,27.34,19.994,0.0,low,0.531,0.449,0.506,0.469,-598.52,378.287,1775.058,375.381,1.65,2.39,0.693,Yi-Lax,0.690376569037657,5893883646102276194
Yi_F1,1,F,Yi,Village 2,F1_tl_dze=33_02,495.924,753.826,257.902,5,e=33,Vowel,ə,Lax,Oral,33.0,1.0,Mid,33,Unaspirated,Oral,199.193,199.941,203.522,200.834,588.217,74.646,1595.674,314.024,3663.865,226.656,4419.198,688.979,627.581,1679.046,3777.062,5027.953,17.091,15.871,21.178,15.167,14.544,10.591,27.657,4.282,8.255,-5.047,2.17,17.146,-4.087,0.704,6.634,4.576,-10.566,11.61,8.837,20.918,14.922,-1.276,10.095,32.344,30.443,33.48,35.155,25.605,0.0,mid,0.555,0.524,0.649,0.483,-547.042,625.788,1649.335,623.345,0.317,1.938,0.166,Yi-Lax,0.163570691434469,-8742939761858288578
Yi_F1,1,F,Yi,Village 2,F1_tl_dzu_21_01,614.729,768.803,154.074,5,u_21,Vowel,u,Tense,Oral,21.0,2.0,Low,21,Unaspirated,Oral,164.938,,184.687,171.716,466.084,65.611,995.062,141.682,3388.474,107.32,3942.0,300.957,672.837,924.017,3526.74,4957.302,23.22,21.481,30.528,20.925,17.766,13.104,31.062,8.006,20.978,5.228,4.293,29.923,-7.307,0.556,12.762,7.821,-7.841,13.548,2.243,16.253,18.927,-8.442,40.663,4.561,5.464,13.686,16.336,17.225,0.0,low,0.682,0.637,0.726,0.665,-613.323,694.544,1552.945,690.458,0.571,0.779,0.074,Yi-Tense,0.732991014120667,1522699422088798876
Yi_F1,1,F,Yi,Village 2,F1_tl_dzu_33_02,618.783,821.899,203.116,5,u_33,Vowel,u,Tense,Oral,33.0,1.0,Mid,33,Unaspirated,Oral,214.55,214.655,218.169,216.512,418.647,70.888,1409.642,273.069,3415.134,178.385,3792.701,274.381,491.313,1421.467,3563.389,4271.236,30.183,27.292,37.512,18.953,22.42,27.726,37.511,17.598,15.634,6.967,11.001,31.192,-7.33,8.339,15.092,-8.773,-7.329,9.706,14.549,20.324,19.181,-3.9,91.396,21.925,24.566,27.845,27.04,24.224,0.517,mid,0.589,0.554,0.662,0.511,-828.137,721.42,2095.832,719.031,0.491,1.876,0.26,Yi-Tense,0.261727078891258,-8626500731255455
Yi_F1,1,F,Yi,Village 2,F1_tl_dzu21_01,394.857,506.044,111.187,5,u21,Vowel,u,Lax,Oral,21.0,2.0,Low,21,Unaspirated,Oral,172.692,172.218,175.245,173.062,454.196,118.562,1623.088,480.767,3245.914,190.169,3985.344,331.652,506.192,1719.015,3462.986,4339.741,27.257,25.702,31.2,22.511,15.989,17.667,25.168,3.948,13.181,5.87,6.858,20.67,-3.943,3.191,15.211,4.844,2.089,21.758,14.076,19.832,20.399,5.032,30.181,21.465,26.838,27.339,26.756,24.286,0.0,low,0.576,0.473,0.617,0.566,-572.443,452.2,2188.971,448.912,0.748,2.812,0.268,Yi-Lax,0.266002844950213,-8865718016555327775
Yi_F1,1,F,Yi,Village 2,F1_tl_dzu21_02,471.037,568.103,97.066,5,u21,Vowel,u,Lax,Oral,21.0,2.0,Low,21,Unaspirated,Oral,171.298,172.175,179.884,174.194,489.514,85.628,1554.745,170.822,3200.717,295.382,3865.695,437.284,535.482,1681.048,3429.507,4649.871,25.29,23.931,28.975,21.881,15.576,14.696,28.881,6.625,14.275,4.401,5.543,19.047,-3.684,2.05,13.399,7.185,-3.59,17.313,11.015,19.53,19.747,4.884,22.044,14.375,20.475,22.319,22.012,22.872,0.0,low,0.59,0.523,0.69,0.532,-373.632,520.667,1845.221,517.551,0.295,0.834,0.049,Yi-Lax,0.353717026378897,391074011658477998
Yi_F1,1,F,Yi,Village 2,F1_tl_dzu33_01,472.625,635.566,162.941,5,u33,Vowel,u,Lax,Oral,33.0,1.0,Mid,33,Unaspirated,Oral,200.363,200.249,203.109,203.085,357.748,211.441,1704.756,245.082,3236.214,241.495,4202.031,701.213,442.403,1677.383,3386.157,4610.313,34.064,31.099,32.659,17.136,12.726,21.21,32.211,13.979,12.953,9.138,2.09,18.256,1.405,13.963,19.933,-4.074,1.854,17.123,21.111,21.961,31.974,12.843,57.496,6.241,14.563,16.679,18.58,19.882,0.0,mid,0.457,0.423,0.487,0.416,-1232.594,555.782,2432.393,553.825,0.781,1.381,0.566,Yi-Lax,0.565532223026792,7807446988025496031
Yi_F1,1,F,Yi,Village 2,F1_tl_dzu33_02,333.669,491.687,158.018,5,u33,Vowel,u,Lax,Oral,33.0,1.0,Mid,33,Unaspirated,Oral,199.435,199.171,200.988,201.648,402.792,206.327,1757.453,270.726,3163.215,278.69,4166.513,334.615,461.896,1871.675,3637.836,4431.564,33.295,30.569,32.192,14.895,13.621,21.587,32.191,13.496,10.172,6.57,2.237,16.335,1.103,15.673,18.571,-6.692,1.104,17.075,23.123,23.999,31.058,14.234,52.577,7.956,15.288,17.311,18.141,19.706,0.0,mid,0.404,0.378,0.453,0.375,-882.098,413.936,2006.642,412.048,0.899,1.391,0.647,Yi-Lax,0.646297627606039,7116730618212721863
Yi_F1,1,F,Yi,Village 2,F1_tl_ge=_21_01,302.566,479.917,177.351,5,e=_21,Vowel,ə,Tense,Oral,21.0,2.0,Low,21,Unaspirated,Oral,186.854,186.565,191.653,188.955,549.746,43.804,1487.972,68.858,3282.691,130.798,4588.334,141.172,613.067,1528.849,3506.019,4841.108,25.001,23.729,30.284,23.929,19.513,16.289,35.115,12.102,21.133,8.134,9.022,22.506,-5.283,-0.199,10.771,7.64,-10.114,11.642,3.868,15.596,15.979,1.223,74.542,28.627,28.4,31.375,30.338,24.64,0.0,low,0.588,0.541,0.678,0.547,-480.267,392.814,1687.066,389.857,0.331,0.624,0.075,Yi-Tense,0.530448717948718,-5312220564239229479
Yi_F1,1,F,Yi,Village 2,F1_tl_ge=_21_02,208.65,391.023,182.373,5,e=_21,Vowel,ə,Tense,Oral,21.0,2.0,Low,21,Unaspirated,Oral,182.568,182.282,186.345,184.82,531.085,62.654,1443.961,100.991,3284.865,121.562,4617.913,149.424,646.867,1293.433,3391.842,4843.18,23.923,22.6,28.734,22.015,16.426,13.952,31.974,9.234,15.296,2.775,4.66,19.431,-4.81,0.585,12.308,8.063,-8.051,13.381,8.628,19.825,19.263,3.169,41.418,25.976,27.85,32.124,31.529,26.617,0.0,low,0.567,0.517,0.417,0.5,-377.841,300.664,1580.876,297.918,0.34,2.413,0.141,Yi-Tense,0.140903439701616,-2858299513599601497
Yi_F1,1,F,Yi,Village 2,F1_tl_ge=21_01,244.473,435.59,191.117,5,e=21,Vowel,ə,Lax,Oral,21.0,2.0,Low,21,Unaspirated,Oral,165.889,165.83,169.005,166.605,475.695,64.895,1502.639,169.419,3245.394,252.864,4315.794,771.008,487.903,1584.547,3435.109,5152.662,26.765,25.539,21.385,15.257,8.114,5.526,28.13,5.587,7.969,-2.93,-6.275,8.26,5.379,10.282,13.272,9.731,-1.366,19.961,18.795,28.469,33.04,17.279,13.465,16.908,22.784,25.973,27.586,20.917,0.0,low,0.331,0.307,0.359,0.307,-932.299,341.121,1948.95,339.248,1.16,1.307,0.869,Yi-Lax,0.887528691660291,1706889759870957350
Yi_F1,1,F,Yi,Village 2,F1_tl_ge=21_02,285.562,442.082,156.52,5,e=21,Vowel,ə,Lax,Oral,21.0,2.0,Low,21,Unaspirated,Oral,177.143,176.943,180.819,178.382,474.353,113.458,1548.28,173.159,3282.944,240.438,4539.924,390.813,516.798,1617.561,3421.989,4897.298,28.765,27.291,31.655,23.751,15.198,15.347,28.764,6.747,14.576,4.705,4.208,19.127,-2.889,3.54,16.457,8.404,0.001,20.552,14.189,22.586,24.557,8.164,44.378,22.654,28.342,31.11,30.876,26.873,0.0,low,0.475,0.428,0.506,0.44,-578.368,365.608,1942.623,363.108,1.054,2.03,0.519,Yi-Lax,0.519211822660099,-204971513847345963
Yi_F1,1,F,Yi,Village 2,F1_tl_gu_21_01,251.392,467.47,216.078,5,u_21,Vowel,u,Tense,Oral,21.0,2.0,Low,21,Unaspirated,Oral,187.19,186.124,194.969,189.384,447.158,187.139,1318.757,610.349,3608.622,729.652,4359.624,710.044,789.425,3370.945,5040.564,4884.765,29.132,27.133,37.581,24.709,24.911,27.66,35.523,14.419,14.26,4.441,8.236,31.14,-8.449,2.423,12.67,-2.95,-6.391,12.734,14.872,22.692,20.896,-4.007,102.435,13.125,14.101,19.863,19.477,22.378,0.707,low,0.585,0.557,0.681,0.444,-1160.854,359.994,2963.878,357.583,0.28,0.745,0.091,Yi-Tense,0.375838926174497,-8197713358006256392
Yi_F1,1,F,Yi,Village 2,F1_tl_gu_21_02,208.349,447.442,239.093,5,u_21,Vowel,u,Tense,Oral,21.0,2.0,Low,21,Unaspirated,Oral,178.55,178.433,188.248,181.928,467.489,93.338,1136.233,182.923,3270.833,217.585,4352.323,519.381,827.128,2510.557,4639.893,5285.719,28.331,26.424,35.297,23.689,24.202,24.087,34.32,12.504,25.787,13.001,8.275,29.603,-6.966,2.735,11.095,-0.398,-5.989,13.947,2.544,13.423,20.056,-3.179,90.067,11.932,11.374,18.377,19.82,23.653,0.466,low,0.596,0.558,0.651,0.553,-813.883,329.662,2546.624,326.536,0.536,1.191,0.189,Yi-Tense,0.450041981528128,-8504218551493044090
Yi_F1,1,F,Yi,Village 2,F1_tl_hle=_21_02,280.503,479.76,199.257,5,e=_21,Vowel,ə,Tense,Oral,21.0,2.0,Low,21,Unaspirated,Oral,173.656,174.72,181.887,175.905,530.173,69.873,1519.77,201.427,3454.049,83.202,4580.068,263.538,606.767,1549.446,3598.865,5138.022,17.61,16.48,22.374,16.891,21.362,16.667,31.771,8.668,14.684,1.968,4.613,19.656,-4.764,-0.412,1.012,0.224,-14.161,7.826,2.925,14.511,12.996,-3.176,18.729,25.937,23.218,24.906,25.398,23.459,0.0,low,0.595,0.531,0.641,0.57,-316.417,382.329,988.303,379.011,0.713,1.95,0.25,Yi-Tense,0.365641025641026,3839391468787910287
Yi_F1,1,F,Yi,Village 2,F1_tl_hle=21_01,312.727,468.068,155.341,5,e=21,Vowel,ə,Lax,Oral,21.0,2.0,Low,21,Unaspirated,Oral,178.115,178.026,182.08,179.064,497.048,370.773,2222.521,1196.472,2859.758,847.985,3841.504,699.76,541.044,1781.402,3492.603,4922.367,32.452,31.529,33.27,28.726,18.083,14.174,32.256,8.316,8.235,0.871,6.249,-2.523,-0.819,2.803,15.188,14.552,0.196,23.215,24.217,30.659,26.202,34.053,115.588,15.085,20.855,21.991,22.244,26.901,0.0,low,0.41,0.363,0.443,0.381,-776.697,391.791,2090.82,389.637,0.862,1.701,0.501,Yi-Lax,0.506760728982951,8443502376490042449
Yi_F1,1,F,Yi,Village 2,F1_tl_hle=21_02,324.664,487.588,162.924,5,e=21,Vowel,ə,Lax,Oral,21.0,2.0,Low,21,Unaspirated,Oral,170.59,170.691,175.604,172.001,483.92,110.758,1713.861,85.642,3263.199,190.629,3547.076,1910.801,509.547,1755.075,3381.557,5064.221,30.183,28.973,30.503,24.428,17.163,15.004,34.635,12.275,18.102,8.928,7.232,18.371,-0.32,4.545,13.339,9.424,-4.452,16.703,12.081,20.045,22.951,10.602,50.659,20.165,24.635,25.019,23.818,24.406,0.0,low,0.388,0.351,0.426,0.372,-801.567,407.516,2004.765,405.311,0.897,1.65,0.531,Yi-Lax,0.543636363636364,8172336777733636989
Yi_F1,1,F,Yi,Village 2,F1_tl_jie_33_01,369.026,604.14,235.114,5,ie_33,Vowel,ie,Tense,Oral,33.0,1.0,Mid,33,Unaspirated,Oral,187.707,187.42,187.767,188.818,520.974,70.902,2769.589,214.848,3384.391,128.656,4643.46,273.449,527.308,2685.411,3342.706,4788.054,18.567,17.169,24.928,17.244,9.253,10.682,22.71,1.213,10.695,11.911,8.089,5.782,-6.36,-0.075,15.675,6.562,-4.143,15.957,7.873,5.259,10.478,11.387,9.286,40.385,47.928,48.869,42.893,28.149,0.0,mid,0.636,0.621,0.678,0.612,-722.165,488.249,1626.609,484.978,0.635,2.308,0.275,Yi-Tense,0.275129982668977,-4518908316559828047
Yi_F1,1,F,Yi,Village 2,F1_tl_jie_33_02,450.999,703.068,252.069,5,ie_33,Vowel,ie,Tense,Oral,33.0,1.0,Mid,33,Unaspirated,Oral,190.272,189.894,189.069,189.642,544.4,63.417,2639.244,151.02,3329.295,197.232,4572.889,414.117,554.244,2642.708,3330.865,4775.858,17.392,16.204,22.294,16.258,10.708,9.602,25.708,3.621,14.831,13.412,8.155,6.175,-4.902,-0.053,11.586,6.655,-8.316,12.584,2.561,2.792,9.237,10.029,7.894,46.288,52.968,55.17,49.505,30.63,0.0,mid,0.558,0.532,0.615,0.508,-516.081,578.852,1442.321,576.179,0.567,2.042,0.279,Yi-Tense,0.277668952007835,-2561177880687182795
Yi_F1,1,F,Yi,Village 2,F1_tl_jie33_02,414.567,649.897,235.33,5,ie33,Vowel,ie,Lax,Oral,33.0,1.0,Mid,33,Unaspirated,Oral,197.743,197.588,198.565,198.194,412.464,124.582,2640.317,295.603,3187.845,332.036,4573.651,355.142,460.642,2585.03,3000.401,4853.499,21.69,19.367,26.595,8.705,7.267,14.946,26.594,7.273,5.836,9.26,0.525,0.873,-4.905,10.663,19.327,-6.241,-4.904,12.094,15.854,10.108,21.165,18.494,8.827,49.042,55.542,54.15,47.162,27.023,0.918,mid,0.46,0.423,0.465,0.4,-674.717,534.062,1616.46,532.032,1.259,1.716,0.735,Yi-Lax,0.733682983682984,-2373019902440040300
Yi_F1,1,F,Yi,Village 2,F1_tl_khu_21_01,357.548,486.737,129.189,5,u_21,Vowel,u,Tense,Oral,21.0,2.0,Low,21,Aspirated,Oral,177.826,176.69,189.291,180.068,465.612,113.095,1067.596,354.481,3243.763,99.913,4460.649,302.184,565.019,983.697,3322.541,4699.184,24.889,22.846,31.945,18.919,21.588,22.279,31.323,9.968,15.479,3.202,-0.243,22.571,-7.056,3.927,10.357,-3.361,-6.434,12.905,9.41,19.644,25.132,0.275,34.729,12.912,13.997,22.791,24.828,21.046,0.189,low,0.605,0.537,0.672,0.492,-365.548,423.283,1311.064,420.478,0.72,1.001,0.131,Yi-Tense,0.719280719280719,-7891767596134344669
Yi_F1,1,F,Yi,Village 2,F1_tl_khu21_02,528.191,645.742,117.551,5,u21,Vowel,u,Lax,Oral,21.0,2.0,Low,21,Aspirated,Oral,165.495,165.396,168.766,166.807,1017.143,73.425,2387.562,1560.172,3282.072,157.183,4300.959,230.179,455.742,841.703,3529.594,4756.369,25.934,25.646,28.296,27.1,14.45,8.683,20.866,-7.912,-8.555,-24.632,-4.201,-15.918,-2.362,-1.454,13.846,18.417,5.068,33.563,34.489,50.278,30.135,41.564,23.4,28.735,31.049,38.186,37.958,25.589,0.0,low,0.545,0.461,0.582,0.354,-444.837,587.65,2040.126,585.491,0.931,3.147,0.295,Yi-Lax,0.295837305370194,-7972572112398487920
Yi_F1,1,F,Yi,Village 2,F1_tl_ko_33_01,227.083,466.176,239.093,5,o_33,Vowel,o,Tense,Oral,33.0,1.0,Mid,33,Unaspirated,Oral,193.341,193.407,193.317,193.629,462.799,128.748,759.967,76.254,3567.028,234.276,4249.712,66.541,711.569,3740.809,4284.082,4890.606,17.782,15.484,25.928,12.579,26.223,8.506,23.455,-0.528,26.222,7.116,-5.321,27.694,-8.146,2.905,-0.295,4.072,-5.673,16.355,-8.44,8.368,23.102,-12.21,17.928,43.679,45.868,53.378,53.574,27.344,0.831,mid,0.614,0.588,0.775,0.549,-534.459,347.544,1898.588,344.699,0.262,1.136,0.07,Yi-Tense,0.230633802816901,6075700380488085585
Yi_F1,1,F,Yi,Village 2,F1_tl_ko_33_02,291.774,507.67,215.896,5,o_33,Vowel,o,Tense,Oral,33.0,1.0,Mid,33,Unaspirated,Oral,186.651,186.357,186.006,187.78,518.172,139.814,742.696,346.129,3524.518,113.342,4264.272,144.713,626.134,3591.409,4376.654,4962.407,17.548,15.832,24.288,15.763,19.872,-0.131,28.529,2.285,19.668,-3.165,-2.261,27.496,-6.739,0.069,4.416,15.894,-10.981,14.065,-2.12,18.997,19.809,-11.665,13.203,41.863,45.547,52.068,51.279,27.996,0.0,mid,0.604,0.555,0.709,0.549,-503.117,400.675,1722.603,397.727,0.363,1.158,0.094,Yi-Tense,0.313471502590674,-1928682608582748307
Yi_F1,1,F,Yi,Village 2,F1_tl_ko33_01,253.494,423.991,170.497,5,o33,Vowel,o,Lax,Oral,33.0,1.0,Mid,33,Unaspirated,Oral,182.139,182.501,184.053,183.437,501.115,75.569,911.846,21.728,3454.967,215.399,4212.044,254.817,476.004,867.498,3701.169,4729.13,22.741,21.122,23.698,15.463,16.737,9.166,26.143,1.846,24.304,5.941,-6.796,19.896,-0.957,5.659,6.961,6.297,-3.401,19.421,-1.562,15.181,29.537,1.226,12.821,31.68,34.282,39.441,39.106,22.896,0.0,mid,0.377,0.362,0.41,0.317,-958.118,340.289,2011.521,338.544,1.172,1.506,0.777,Yi-Lax,0.778220451527224,5146932470288811835
Yi_F1,1,F,Yi,Village 2,F1_tl_ko33_02,492.006,697.105,205.099,5,o33,Vowel,o,Lax,Oral,33.0,1.0,Mid,33,Unaspirated,Oral,180.959,181.005,181.299,181.826,492.709,84.292,902.495,56.595,3420.609,340.23,4322.138,283.666,547.217,862.654,3778.362,4831.751,21.95,20.344,23.069,14.935,15.495,7.648,25.985,1.536,20.505,2.004,-10.095,16.469,-1.119,5.408,7.574,7.287,-4.035,18.95,1.445,18.34,32.045,3.874,9.317,33.408,38.637,45.118,45.515,23.155,0.0,mid,0.389,0.369,0.411,0.333,-1021.117,595.929,2073.368,594.08,1.358,1.472,0.937,Yi-Lax,0.922554347826087,3011385119782544377
Yi_F1,1,F,Yi,Village 2,F1_tl_le=_21_01,301.524,481.758,180.234,5,e=_21,Vowel,ə,Tense,Oral,21.0,2.0,Low,21,Unaspirated,Oral,178.874,179.787,184.538,181.195,536.577,43.221,1483.754,109.926,3529.134,88.498,4691.153,357.244,576.809,1527.999,3614.922,4951.658,16.185,15.017,19.883,14.188,15.882,11.403,29.78,6.607,14.601,1.357,2.688,19.005,-3.699,0.829,4.001,2.785,-13.595,8.429,1.584,13.66,13.497,-3.988,12.715,34.953,33.482,35.731,35.942,25.509,0.0,low,0.6,0.563,0.644,0.579,-446.749,393.209,1218.475,389.971,0.435,1.245,0.184,Yi-Tense,0.349397590361446,-6860763183977462584
Yi_F1,1,F,Yi,Village 2,F1_tl_le=_21_02,294.483,479.291,184.808,5,e=_21,Vowel,ə,Tense,Oral,21.0,2.0,Low,21,Unaspirated,Oral,177.984,178.104,183.198,179.362,527.39,49.89,1445.06,113.79,3565.973,101.732,4614.996,321.94,574.129,1500.399,3669.313,4902.916,16.03,14.828,20.038,14.134,11.725,7.729,27.343,4.295,13.2,0.095,-0.412,16.982,-4.008,0.693,8.313,6.406,-11.313,10.554,2.829,14.733,16.441,-2.154,8.474,33.469,35.447,38.117,38.384,25.416,0.0,low,0.589,0.535,0.621,0.565,-384.484,388.707,1152.799,385.509,0.587,2.147,0.273,Yi-Tense,0.273404750815091,-485143296162875041
Yi_F1,1,F,Yi,Village 2,F1_tl_le=21_01,262.522,464.188,201.666,5,e=21,Vowel,ə,Lax,Oral,21.0,2.0,Low,21,Unaspirated,Oral,173.737,173.826,179.304,175.027,482.58,146.381,1692.578,150.208,3307.124,179.643,4475.432,468.708,536.203,1689.568,3343.767,4733.115,26.092,24.846,29.001,22.695,17.992,16.069,32.461,10.102,14.842,5.169,4.234,16.561,-2.909,2.15,11.009,6.626,-6.369,14.75,11.25,19.677,21.858,8.284,30.967,25.87,27.675,27.701,26.611,24.605,0.0,low,0.484,0.438,0.506,0.444,-655.96,365.114,1953.002,362.538,0.952,2.0,0.469,Yi-Lax,0.476,647361197857928939
Yi_F1,1,F,Yi,Village 2,F1_tl_le=21_02,274.541,460.604,186.063,5,e=21,Vowel,ə,Lax,Oral,21.0,2.0,Low,21,Unaspirated,Oral,171.836,172.289,177.764,173.621,471.353,139.105,1658.53,124.237,3399.013,225.092,4566.209,358.522,522.384,1675.749,3447.896,4843.083,22.711,21.439,25.097,18.621,12.699,11.074,28.119,5.827,11.724,2.064,-2.26,11.619,-2.386,2.819,12.398,7.546,-5.407,15.62,10.988,19.376,24.972,9.82,12.085,27.035,30.289,30.623,30.284,24.861,0.0,low,0.427,0.387,0.47,0.398,-616.84,369.025,1789.015,366.694,1.429,1.844,0.771,Yi-Lax,0.774945770065076,-6824394114301203157
Yi_F1,1,F,Yi,Village 2,F1_tl_li_33_02,502.999,687.379,184.38,5,i_33,Vowel,i,Tense,Oral,33.0,1.0,Mid,33,Unaspirated,Oral,192.466,192.42,194.578,193.985,378.661,43.543,2662.633,157.424,3266.447,172.286,4514.006,350.84,397.063,2707.727,3385.649,4804.38,23.284,20.688,29.077,11.165,4.476,13.427,29.076,10.871,13.584,18.52,11.163,13.336,-5.793,9.523,24.602,-2.262,-5.792,9.817,9.7,2.168,12.122,7.352,13.047,37.08,48.295,49.117,43.567,28.458,0.633,mid,0.514,0.49,0.62,0.432,-664.39,595.815,1905.617,593.567,0.443,2.179,0.206,Yi-Tense,0.20330426801285,-8727005110551633923
Yi_F1,1,F,Yi,Village 2,F1_tl_lo_21_01,449.318,613.861,164.543,5,o_21,Vowel,o,Tense,Oral,21.0,2.0,Low,21,Unaspirated,Oral,165.981,166.205,168.644,167.346,488.753,99.002,898.941,118.689,3612.316,346.418,3754.517,214.429,685.835,3257.936,4773.416,4956.507,14.453,13.099,18.889,12.334,15.811,7.705,25.965,1.408,17.925,-0.517,0.597,28.145,-4.436,0.765,3.077,4.628,-11.513,11.835,-3.472,13.616,13.855,-15.046,6.041,35.386,35.827,42.5,42.953,25.289,0.0,low,0.53,0.479,0.558,0.487,-357.172,533.003,1202.936,530.06,0.869,2.298,0.373,Yi-Tense,0.378154917319408,-8099762054101079079
Yi_F1,1,F,Yi,Village 2,F1_tl_lo_21_02,442.137,718.822,276.685,5,o_21,Vowel,o,Tense,Oral,21.0,2.0,Low,21,Unaspirated,Oral,156.078,156.26,157.052,156.537,297.4,30.718,950.908,289.1,2755.256,364.457,3669.79,396.814,384.318,1334.458,3253.392,5158.611,18.164,15.332,24.3,9.458,6.531,11.095,24.298,8.458,7.672,-0.776,-12.101,13.629,-6.136,5.874,17.768,-1.638,-6.135,6.886,10.491,16.108,30.264,1.703,3.897,32.096,38.679,42.565,42.877,24.521,0.626,low,0.519,0.425,0.639,0.305,-364.27,580.555,1648.928,578.608,0.37,2.874,0.13,Yi-Tense,0.128740431454419,8352399380424430285
Yi_F1,1,F,Yi,Village 2,F1_tl_lo21_01,298.839,458.807,159.968,5,o21,Vowel,o,Lax,Oral,21.0,2.0,Low,21,Unaspirated,Oral,169.99,170.078,170.638,170.742,441.531,138.037,1082.776,142.498,3397.461,210.559,4355.92,186.023,859.651,3584.3,4662.056,4874.971,16.77,15.092,19.426,10.256,6.95,5.845,13.538,-8.334,9.797,-3.387,-10.306,14.822,-2.656,4.835,12.476,4.411,3.232,23.463,6.973,18.479,27.075,0.27,2.851,38.768,42.497,49.534,49.824,26.264,0.0,low,0.51,0.435,0.554,0.302,-384.273,378.639,1646.765,376.871,0.92,2.169,0.322,Yi-Lax,0.424158598432457,881389966072908527
Yi_F1,1,F,Yi,Village 2,F1_tl_lo21_02,376.73,528.369,151.639,5,o21,Vowel,o,Lax,Oral,21.0,2.0,Low,21,Unaspirated,Oral,166.643,167.001,166.317,166.735,434.422,123.462,1017.142,74.003,3395.75,371.365,4382.589,164.787,689.638,2827.178,4403.815,4580.878,16.997,15.282,20.022,10.627,8.167,6.625,13.187,-8.497,13.422,-0.154,-13.966,12.863,-3.025,4.655,11.856,4.002,3.81,23.825,3.575,15.436,30.964,2.42,3.338,37.394,41.475,47.884,47.621,25.462,0.0,low,0.519,0.435,0.534,0.216,-425.041,452.823,1649.513,451.528,1.108,2.492,0.44,Yi-Lax,0.4446227929374,-1352568658620403645
Yi_F1,1,F,Yi,Village 2,F1_tl_lu_21_01,259.754,428.229,168.475,5,u_21,Vowel,u,Tense,Oral,21.0,2.0,Low,21,Unaspirated,Oral,175.65,175.142,177.99,175.678,497.182,67.164,1030.499,78.72,3248.991,231.985,4483.445,307.45,524.881,1045.432,3379.51,4688.529,25.765,24.322,30.593,23.333,18.159,13.409,33.639,9.982,23.007,6.885,-3.081,18.041,-4.828,0.989,12.434,9.925,-7.874,14.389,2.758,17.437,28.846,6.281,47.323,26.579,27.735,33.88,33.955,23.928,0.0,low,0.618,0.537,0.436,0.564,-403.46,345.516,1790.017,342.308,0.403,0.532,0.066,Yi-Tense,0.757518796992481,8563530017230082589
Yi_F1,1,F,Yi,Village 2,F1_tl_lu21_01,466.305,615.238,148.933,5,u21,Vowel,u,Lax,Oral,21.0,2.0,Low,21,Unaspirated,Oral,163.367,163.114,166.323,163.624,424.977,133.183,1026.186,198.621,3363.742,491.43,4534.516,537.601,476.511,1052.031,3687.338,5252.735,26.872,25.344,28.505,20.476,15.167,13.244,27.742,5.591,14.819,1.456,-8.739,15.355,-1.633,4.868,13.338,7.232,-0.869,19.786,12.053,23.887,35.611,9.988,19.317,20.505,23.818,29.855,31.486,20.816,0.0,low,0.488,0.435,0.508,0.462,-599.476,543.177,1423.85,540.333,1.353,2.209,0.615,Yi-Lax,0.612494341330919,-2790361367410287620
Yi_F1,1,F,Yi,Village 2,F1_tl_lu21_02,667.949,773.927,105.978,5,u21,Vowel,u,Lax,Oral,21.0,2.0,Low,21,Unaspirated,Oral,166.104,166.345,168.945,167.477,423.043,196.317,1273.724,186.353,3145.95,247.537,4409.131,464.587,505.893,1287.014,3230.859,4762.268,28.681,27.068,30.137,21.158,20.973,22.135,22.729,1.679,17.17,7.514,0.917,17.748,-1.456,5.91,9.164,-0.977,5.952,25.397,11.511,19.554,27.763,9.32,28.174,20.594,22.379,27.356,28.24,24.631,0.0,low,0.507,0.463,0.537,0.476,-512.89,722.4,1428.856,719.555,1.002,1.167,0.395,Yi-Lax,0.858611825192802,-4892714044124363052
Yi_F1,1,F,Yi,Village 2,F1_tl_mu_33_01,483.402,711.42,228.018,5,u_33,Vowel,u,Tense,Oral,33.0,1.0,Mid,33,Unaspirated,Nasal,204.201,204.288,205.12,203.918,344.379,280.196,782.16,236.27,2617.101,418.627,4414.826,225.561,654.022,987.197,3321.185,4447.66,29.26,25.104,28.116,17.626,25.194,17.144,25.447,7.402,25.193,13.266,-1.63,24.075,1.145,7.479,2.922,0.482,3.814,17.737,4.068,11.838,30.891,1.029,33.336,31.698,32.861,38.561,39.095,25.159,0.0,mid,0.578,0.551,0.691,0.492,-903.893,598.259,2529.884,595.849,0.359,0.996,0.124,Yi-Tense,0.360441767068273,7188109562110834285
Yi_F1,1,F,Yi,Village 2,F1_tl_mu_33_02,282.276,494.35,212.074,5,u_33,Vowel,u,Tense,Oral,33.0,1.0,Mid,33,Unaspirated,Nasal,197.685,197.554,198.058,198.562,432.749,422.072,971.617,371.033,2599.019,888.859,4360.778,250.836,796.39,1137.271,3683.089,4376.468,30.551,27.224,28.017,14.877,23.99,21.585,26.29,7.27,23.631,11.865,-2.881,18.718,2.533,12.348,4.027,-6.709,4.26,19.975,6.92,15.359,33.432,8.506,37.821,36.807,38.537,44.258,45.514,27.138,0.0,mid,0.553,0.492,0.618,0.416,-658.855,388.927,2444.332,386.81,0.546,2.226,0.247,Yi-Tense,0.245283018867925,5839458970395116627
Yi_F1,1,F,Yi,Village 2,F1_tl_mu33_01,542.707,726.95,184.243,5,u33,Vowel,u,Lax,Oral,33.0,1.0,Mid,33,Unaspirated,Nasal,195.139,194.908,194.821,194.679,231.716,120.426,959.849,147.747,2788.856,517.368,4372.978,287.834,966.617,2502.223,4403.272,,32.371,24.486,20.87,24.7,9.467,20.267,31.776,21.956,22.542,20.546,-4.818,25.848,11.501,-0.213,11.402,4.432,0.595,2.536,9.829,3.94,37.189,-1.361,27.453,34.943,35.943,39.498,38.376,22.402,0.0,mid,0.435,0.404,0.468,0.298,-1878.026,634.972,2516.484,633.86,0.667,1.142,0.591,Yi-Lax,0.584063047285464,553537503067875846
Yi_F1,1,F,Yi,Village 2,F1_tl_mu33_02,396.054,590.515,194.461,5,u33,Vowel,u,Lax,Oral,33.0,1.0,Mid,33,Unaspirated,Nasal,198.872,198.818,199.445,198.78,277.003,225.13,984.663,206.826,2858.975,876.176,4301.767,275.062,685.074,2113.969,3937.308,4330.709,33.884,27.809,26.679,26.026,16.454,24.518,23.446,10.593,24.689,19.853,-3.553,25.919,7.204,1.784,10.225,1.507,10.438,17.227,9.194,7.956,37.436,1.89,47.389,30.839,31.845,36.314,37.302,24.42,0.0,mid,0.428,0.412,0.485,0.404,-1211.186,494.84,2502.82,492.81,0.472,1.433,0.308,Yi-Lax,0.329378925331472,-378989630314806313
Yi_F1,1,F,Yi,Village 2,F1_tl_ne=_33_01,312.197,541.221,229.024,5,e=_33,Vowel,ə,Tense,Oral,33.0,1.0,Mid,33,Unaspirated,Nasal,194.289,194.261,195.563,194.666,586.122,113.104,1549.58,174.644,3514.033,275.355,4394.086,746.26,634.277,1610.216,3741.771,4872.649,19.208,18.058,17.26,11.695,15.106,10.025,25.27,1.716,11.319,-2.51,-0.617,13.402,1.948,6.364,2.155,1.67,-6.062,16.362,7.89,20.568,19.825,4.656,6.381,42.341,41.614,44.729,47.216,29.9,0.0,mid,0.572,0.529,0.683,0.499,-539.079,427.479,1993.274,424.905,0.29,2.322,0.125,Yi-Tense,0.12489233419466,-7380797606526032398
Yi_F1,1,F,Yi,Village 2,F1_tl_ne=_33_02,455.451,670.908,215.457,5,e=_33,Vowel,ə,Tense,Oral,33.0,1.0,Mid,33,Unaspirated,Nasal,207.972,208.008,208.176,206.198,624.982,111.021,1537.475,221.987,2048.559,1930.532,3882.978,368.235,642.101,1551.495,3868.465,4744.582,19.414,18.234,18.841,13.128,15.624,10.255,25.018,1.077,10.439,-4.405,-3.367,-12.506,0.573,5.106,3.217,2.873,-5.604,17.159,8.975,22.639,22.781,30.739,7.057,50.617,47.88,48.976,49.614,29.085,0.0,mid,0.594,0.547,0.722,0.481,-637.313,563.993,2006.573,561.682,0.391,1.158,0.102,Yi-Tense,0.337651122625216,518299353411155111
Yi_F1,1,F,Yi,Village 2,F1_tl_ne=33_01,188.202,441.297,253.095,5,e=33,Vowel,ə,Lax,Oral,33.0,1.0,Mid,33,Unaspirated,Nasal,199.447,199.37,200.35,199.775,603.696,78.073,1594.887,77.876,3474.805,277.627,4502.975,386.168,642.923,1642.016,3728.531,4859.53,18.599,17.457,19.102,13.583,17.984,12.802,27.943,4.293,16.266,2.494,1.501,13.687,-0.503,3.874,1.117,0.781,-9.344,13.181,2.333,14.963,17.097,3.77,11.457,49.206,47.053,48.284,48.667,30.65,0.0,mid,0.592,0.571,0.736,0.527,-618.708,315.339,1877.39,312.695,0.253,2.169,0.117,Yi-Lax,0.116643614568926,4339931216660136160
Yi_F1,1,F,Yi,Village 2,F1_tl_no_21_01,283.616,482.303,198.687,5,o_21,Vowel,o,Tense,Oral,21.0,2.0,Low,21,Unaspirated,Nasal,165.637,165.778,171.853,167.813,517.894,270.526,876.04,166.352,3754.919,127.704,4183.53,439.23,729.882,3424.531,4584.639,4605.471,17.102,15.807,17.145,11.002,19.188,8.787,23.823,-1.359,22.027,1.934,-0.278,28.52,-0.044,4.804,-2.042,2.215,-6.721,17.406,-4.926,13.872,17.379,-12.713,6.372,32.171,29.497,34.366,35.427,22.475,0.043,low,0.508,0.455,0.625,0.38,-288.067,383.43,1226.6,381.128,0.456,0.713,0.142,Yi-Tense,0.639551192145863,-2573836208151053172
Yi_F1,1,F,Yi,Village 2,F1_tl_no_21_02,310.009,460.26,150.251,5,o_21,Vowel,o,Tense,Oral,21.0,2.0,Low,21,Unaspirated,Nasal,163.677,162.408,166.231,164.061,517.988,334.112,900.595,162.245,3756.502,132.342,4019.808,548.934,821.463,3584.731,3813.717,4464.443,17.598,16.281,20.195,13.856,19.199,10.532,19.97,-4.655,20.387,1.696,2.062,31.037,-2.597,2.425,0.996,3.324,-2.372,21.117,-2.789,14.585,15.536,-14.755,5.652,36.556,35.919,40.619,41.155,25.323,0.22,low,0.573,0.503,0.686,0.477,-317.904,385.874,1542.305,382.94,0.309,2.134,0.085,Yi-Tense,0.144798500468604,-4766154224637501310
Yi_F1,1,F,Yi,Village 2,F1_tl_no21_01,431.169,601.445,170.276,5,o21,Vowel,o,Lax,Oral,21.0,2.0,Low,21,Unaspirated,Nasal,160.932,160.471,163.291,161.656,308.863,90.2,864.384,196.94,2699.178,226.542,4004.499,173.84,821.178,2434.606,4102.356,4172.877,23.449,20.346,26.515,12.439,14.971,18.583,26.513,10.611,17.068,8.017,-6.507,19.611,-3.067,7.907,11.544,-6.144,-3.064,9.75,6.381,12.33,29.956,0.735,9.037,33.673,36.272,41.412,41.944,25.372,0.867,low,0.455,0.407,0.49,0.423,-608.073,517.897,1915.205,515.25,1.215,2.313,0.537,Yi-Lax,0.525291828793774,3894067098849038267
Yi_F1,1,F,Yi,Village 2,F1_tl_no21_02,348.642,484.298,135.656,5,o21,Vowel,o,Lax,Oral,21.0,2.0,Low,21,Unaspirated,Nasal,158.59,158.164,161.569,158.714,295.847,97.005,929.838,196.693,2664.754,287.933,3861.754,178.434,903.978,2997.467,4347.576,4365.712,22.946,19.689,24.15,12.616,13.733,20.075,23.982,9.184,14.968,7.889,-9.645,14.889,-1.204,7.073,10.416,-7.459,-1.036,10.513,7.978,11.8,32.592,4.8,5.993,32.927,33.473,36.829,37.561,23.791,0.859,low,0.36,0.328,0.411,0.275,-612.155,417.194,1728.885,415.454,0.992,1.757,0.559,Yi-Lax,0.56459874786568,-955634659895984360
Yi_F1,1,F,Yi,Village 2,F1_tl_nu_33_01,310.888,498.229,187.341,5,u_33,Vowel,u,Tense,Oral,33.0,1.0,Mid,33,Unaspirated,Nasal,192.908,192.66,191.837,193.409,627.28,302.883,1244.933,219.121,3507.682,360.439,4526.471,397.258,581.046,1204.4,3355.778,4812.777,28.811,27.564,25.643,19.56,19.592,12.522,28.269,3.942,16.972,-0.217,-6.949,11.996,3.168,8.004,6.051,7.038,0.542,23.68,11.84,27.781,35.76,15.569,25.376,34.628,33.974,41.69,43.235,26.225,0.0,mid,0.551,0.491,0.585,0.512,-586.165,405.873,1798.793,403.224,0.651,1.456,0.266,Yi-Tense,0.447115384615385,3010429831812816428
Yi_F1,1,F,Yi,Village 2,F1_tl_nu_33_02,320.941,538.534,217.593,5,u_33,Vowel,u,Tense,Oral,33.0,1.0,Mid,33,Unaspirated,Nasal,186.389,186.467,187.878,187.497,598.332,295.869,2649.62,508.671,3455.909,393.448,4596.022,397.046,614.289,1132.201,3185.421,4804.41,27.303,26.383,22.659,18.296,20.298,13.921,28.638,5.576,-4.58,-8.223,-5.957,-8.488,4.644,8.087,2.361,4.375,-1.336,20.808,31.883,34.606,33.26,34.871,18.758,42.305,42.07,47.703,46.898,27.375,0.0,mid,0.565,0.528,0.613,0.519,-613.289,430.684,1747.58,427.893,0.544,1.024,0.14,Yi-Tense,0.53125,6688328989230629337
Yi_F1,1,F,Yi,Village 2,F1_tl_nu33_01,246.78,437.008,190.228,5,u33,Vowel,u,Lax,Oral,33.0,1.0,Mid,33,Unaspirated,Nasal,194.932,194.854,196.221,195.189,456.28,307.883,1288.017,333.206,3242.573,187.529,4412.161,187.505,488.915,1290.991,3303.354,4558.204,34.087,31.895,24.531,10.547,15.748,17.977,22.622,1.601,15.802,4.731,0.334,21.209,9.556,21.348,8.784,-7.43,11.465,30.313,18.285,27.165,33.753,10.686,41.23,23.792,26.894,30.462,31.41,24.754,0.0,mid,0.356,0.351,0.404,0.315,-1090.731,343.33,1823.937,341.708,0.706,1.145,0.604,Yi-Lax,0.616593886462882,895762862109014137
Yi_F1,1,F,Yi,Village 2,F1_tl_pe=_21_01,131.561,291.396,159.835,5,e=_21,Vowel,ə,Tense,Oral,21.0,2.0,Low,21,Unaspirated,Oral,163.038,153.399,171.538,165.604,564.37,98.765,1466.892,120.958,3324.652,192.648,4194.727,457.751,640.91,1480.645,3486.69,4656.11,14.174,13.162,20.371,15.589,23.218,15.506,28.844,5.32,17.378,3.448,2.021,16.38,-6.196,-2.427,-2.848,0.083,-14.67,7.858,-3.204,9.714,12.154,-3.218,15.129,21.443,17.421,21.826,22.467,21.639,0.251,low,0.677,0.611,0.709,0.669,-357.347,213.578,1078.884,209.466,0.597,2.814,0.211,Yi-Tense,0.212153518123667,5970446721450840903
Yi_F1,1,F,Yi,Village 2,F1_tl_pe=21_01,134.455,302.703,168.248,5,e=21,Vowel,ə,Lax,Oral,21.0,2.0,Low,21,Unaspirated,Oral,167.757,167.827,173.427,169.59,450.572,213.793,1670.032,132.239,3214.115,216.945,4399.3,204.687,533.347,1687.292,3334.185,4670.626,26.478,25.183,27.817,21.16,18.863,17.628,30.277,8.157,15.796,6.522,7.226,19.691,-1.339,4.023,8.954,3.532,-3.799,17.032,10.682,18.661,19.253,5.492,22.572,22.916,25.238,25.53,23.684,24.032,0.0,low,0.433,0.39,0.461,0.407,-792.034,220.267,2088.182,217.816,1.222,1.812,0.673,Yi-Lax,0.67439293598234,-7344204780940779743
Yi_F1,1,F,Yi,Village 2,F1_tl_pe=21_02,128.94,309.694,180.754,5,e=21,Vowel,ə,Lax,Oral,21.0,2.0,Low,21,Unaspirated,Oral,173.315,173.646,177.98,174.683,466.989,172.644,1581.31,179.95,3280.216,318.342,4408.216,347.404,567.125,1605.735,3416.616,4699.076,24.444,23.113,26.506,19.656,16.657,15.352,29.638,7.339,13.782,3.406,2.695,17.016,-2.063,3.457,9.849,4.305,-5.194,15.782,10.662,19.707,21.749,6.097,19.509,26.784,28.786,30.941,30.023,26.065,0.0,low,0.444,0.399,0.459,0.385,-647.49,221.104,1884.15,218.871,1.399,1.88,0.743,Yi-Lax,0.744148936170213,2699484117453617354
Yi_F1,1,F,Yi,Village 2,F1_tl_phi_21_01,428.887,624.938,196.051,5,i_21,Vowel,i,Tense,Oral,21.0,2.0,Low,21,Aspirated,Oral,119.145,47.095,116.798,146.273,385.728,37.387,2162.457,95.82,3349.838,117.55,4737.454,369.697,394.86,2278.886,3390.37,4910.127,11.88,10.782,20.336,14.816,13.125,10.411,24.938,4.689,8.151,6.548,6.966,16.314,-8.456,-4.034,7.211,4.406,-13.059,6.094,3.729,4.235,4.914,-5.532,5.365,2.973,15.886,18.012,18.18,19.134,0.13,low,0.692,0.52,0.765,0.707,-286.902,529.843,1151.982,523.365,0.594,1.747,0.015,Yi-Tense,0.340011448196909,-1630100187951104113
Yi_F1,1,F,Yi,Village 2,F1_tl_phie_21_01,439.467,588.986,149.519,5,ie_21,Vowel,ie,Tense,Oral,21.0,2.0,Low,21,Aspirated,Oral,145.304,8.69,157.486,150.45,459.703,50.446,2675.377,114.316,3172.666,231.172,4539.479,450.335,495.918,2719.058,3252.128,4715.468,13.542,12.514,20.958,15.916,16.243,13.016,28.475,6.569,19.938,20.478,16.575,12.316,-7.417,-3.402,4.715,2.9,-14.934,5.945,-6.396,-7.963,-3.033,0.198,13.006,9.346,15.46,18.328,14.758,23.304,0.0,low,0.646,0.557,0.687,0.645,-306.432,516.271,961.405,511.757,0.654,1.779,0.118,Yi-Tense,0.367622259696459,3388117813792453770
Yi_F1,1,F,Yi,Village 2,F1_tl_phie_21_02,368.399,514.676,146.277,5,ie_21,Vowel,ie,Tense,Oral,21.0,2.0,Low,21,Aspirated,Oral,141.791,36.987,162.897,146.481,479.358,75.14,2572.651,142.395,3074.778,324.869,4024.116,1257.758,510.726,2624.45,3207.326,4734.968,14.168,13.214,20.514,15.911,17.498,12.396,26.34,4.105,15.35,14.664,11.573,6.705,-6.346,-2.697,3.016,3.516,-12.172,9.11,-1.181,-1.45,2.596,6.509,7.836,7.607,14.312,18.094,16.813,23.112,0.34,low,0.62,0.53,0.679,0.63,-309.924,443.784,1260.264,439.249,0.482,1.667,0.084,Yi-Tense,0.289142171565687,-5801243799883250409
Yi_F1,1,F,Yi,Village 2,F1_tl_pu_33_01,283.653,495.932,212.279,5,u_33,Vowel,u,Tense,Oral,33.0,1.0,Mid,33,Unaspirated,Oral,185.061,185.0,187.058,186.184,343.093,187.483,804.013,162.397,3558.948,165.511,4401.61,618.205,566.204,2096.489,4324.875,5151.494,22.62,19.259,23.515,8.193,18.96,14.083,23.514,5.359,18.959,7.03,-4.367,32.067,-0.895,11.066,4.555,-5.89,-0.894,14.002,3.661,12.228,26.987,-12.808,7.09,31.351,35.971,40.111,40.747,24.918,0.0,mid,0.609,0.561,0.705,0.555,-554.466,390.495,1907.002,387.492,0.353,0.845,0.082,Yi-Tense,0.417751479289941,-227559410515037470
Yi_F1,1,F,Yi,Village 2,F1_tl_pu_33_02,124.343,320.783,196.44,5,u_33,Vowel,u,Tense,Oral,33.0,1.0,Mid,33,Unaspirated,Oral,182.5,182.148,181.741,182.035,383.735,182.744,941.799,194.348,3414.34,205.328,4227.669,467.14,834.642,3564.165,4984.791,5094.814,20.586,17.996,23.046,4.807,14.963,15.532,23.044,3.476,15.432,3.522,-5.508,25.078,-2.459,13.189,8.082,-10.724,-2.458,14.573,5.155,14.473,26.095,-7.082,5.627,37.589,42.544,45.968,45.139,25.572,0.0,mid,0.58,0.545,0.636,0.516,-621.133,223.836,1933.405,221.008,0.588,0.979,0.146,Yi-Tense,0.600612870275792,-9199121774700396122
Yi_F1,1,F,Yi,Village 2,F1_tl_pu33_02,163.669,342.0,178.331,5,u33,Vowel,u,Lax,Oral,33.0,1.0,Mid,33,Unaspirated,Oral,195.474,195.313,195.946,196.08,398.285,195.297,996.425,141.381,3383.088,461.939,4357.146,509.42,856.435,3563.651,4770.543,5737.664,25.793,23.011,26.315,7.031,12.112,12.917,26.314,6.41,19.514,7.741,-6.245,22.766,-0.522,15.98,14.203,-5.886,-0.521,16.65,6.279,15.271,32.039,0.245,13.102,19.051,21.661,25.821,26.846,20.922,0.0,mid,0.38,0.354,0.406,0.331,-951.973,254.091,1678.25,252.392,1.1,1.22,0.911,Yi-Lax,0.901639344262295,-1524137802224140956
Yi_F1,1,F,Yi,Village 2,F1_tl_sii_21_01,576.965,762.808,185.843,5,ii_21,Vowel,ii,Tense,Oral,21.0,2.0,Low,21,Unaspirated,Oral,166.445,166.66,171.309,168.226,442.23,166.578,1246.462,171.762,3573.574,549.925,4215.715,254.108,976.699,3642.717,4319.706,4627.559,25.099,23.668,25.419,17.997,14.355,12.668,26.375,4.033,14.219,1.692,3.044,25.388,-0.321,5.671,11.065,5.33,-1.276,19.661,10.88,21.977,22.055,-1.719,13.102,23.895,23.133,26.013,24.183,21.443,0.0,low,0.514,0.444,0.496,0.447,-604.417,671.807,1829.899,669.096,1.538,2.33,0.666,Yi-Tense,0.660085836909871,-4406384098799093227
Yi_F1,1,F,Yi,Village 2,F1_tl_sii_21_02,417.521,561.279,143.758,5,ii_21,Vowel,ii,Tense,Oral,21.0,2.0,Low,21,Unaspirated,Oral,163.686,163.457,167.418,164.92,438.646,187.311,1275.55,119.783,3505.782,333.549,4270.962,285.587,1092.896,3692.948,4535.368,4476.271,24.327,22.85,23.229,15.41,13.736,13.058,22.597,0.788,11.586,0.131,0.329,22.751,1.098,7.44,9.493,2.352,1.73,22.081,12.742,22.719,23.998,0.098,7.892,24.901,25.425,27.93,26.818,22.494,0.0,low,0.533,0.393,0.447,0.465,-589.978,492.183,1690.671,489.314,2.012,2.177,0.926,Yi-Tense,0.924207625172255,2173341656852826074
Yi_F1,1,F,Yi,Village 2,F1_tl_sii_33_01,508.108,703.068,194.96,5,ii_33,Vowel,ii,Tense,Oral,33.0,1.0,Mid,33,Unaspirated,Oral,190.586,190.322,190.656,190.231,506.342,143.056,1298.425,102.823,3591.567,247.745,4506.131,141.678,1088.587,3768.118,4622.06,5195.368,20.876,19.306,25.302,16.906,14.552,13.371,22.196,-0.426,15.147,1.979,3.899,25.369,-4.426,2.4,10.75,3.536,-1.32,19.763,5.729,17.327,16.978,-6.063,11.013,36.165,36.47,43.525,44.489,29.847,0.0,mid,0.589,0.551,0.725,0.505,-541.592,606.337,1940.788,603.682,0.282,2.523,0.112,Yi-Tense,0.111771700356718,7371720455502033426
Yi_F1,1,F,Yi,Village 2,F1_tl_sii_33_02,477.051,646.854,169.803,5,ii_33,Vowel,ii,Tense,Oral,33.0,1.0,Mid,33,Unaspirated,Oral,186.307,186.169,187.388,186.955,513.097,136.813,1213.653,137.069,3668.86,232.982,4447.225,158.852,757.888,2168.174,4123.895,4574.849,21.195,19.73,23.107,15.591,13.516,10.364,24.909,1.85,15.34,0.496,0.179,23.193,-1.911,4.139,9.59,5.227,-3.713,17.93,5.856,19.233,21.017,-3.463,8.477,42.968,44.133,47.644,45.835,27.038,0.0,mid,0.527,0.488,0.596,0.447,-561.417,562.728,1650.744,560.32,0.525,2.427,0.22,Yi-Tense,0.216316440049444,4652964092131878687
Yi_F1,1,F,Yi,Village 2,F1_tl_sii21_01,525.171,694.381,169.21,5,ii21,Vowel,ii,Lax,Oral,21.0,2.0,Low,21,Unaspirated,Oral,170.094,169.752,174.563,171.184,468.835,121.193,1303.697,150.391,3591.297,306.463,4363.624,190.309,958.572,3710.585,4494.327,4852.062,25.077,23.709,27.621,20.64,11.715,9.441,29.573,6.89,14.425,1.625,4.959,26.667,-2.545,3.069,15.906,11.198,-4.497,16.845,10.652,22.084,20.118,-2.958,21.122,23.114,23.553,27.106,25.653,22.791,0.0,low,0.513,0.446,0.511,0.497,-627.082,611.839,1917.231,608.889,1.468,2.318,0.633,Yi-Lax,0.633304572907679,8053524940776620835
Yi_F1,1,F,Yi,Village 2,F1_tl_sii21_02,480.538,647.928,167.39,5,ii21,Vowel,ii,Lax,Oral,21.0,2.0,Low,21,Unaspirated,Oral,164.527,164.093,169.109,165.997,417.515,176.602,1217.824,267.408,3567.383,343.899,4381.926,262.818,981.437,3577.732,4496.822,5005.168,25.865,24.36,25.749,17.72,15.941,15.058,23.815,1.975,15.962,4.062,5.569,28.952,0.115,6.64,9.808,2.662,2.05,22.41,9.902,20.298,20.295,-4.592,16.005,20.165,20.584,22.744,21.081,21.126,0.0,low,0.468,0.395,0.458,0.432,-833.899,565.581,1847.202,562.936,1.742,1.969,0.887,Yi-Lax,0.884713052310818,8693081067776573866
Yi_F1,1,F,Yi,Village 2,F1_tl_sii33_01,439.033,620.134,181.101,5,ii33,Vowel,ii,Lax,Oral,33.0,1.0,Mid,33,Unaspirated,Oral,189.957,189.994,191.101,189.046,452.43,197.078,1360.531,220.483,3600.519,326.275,4452.154,308.06,995.49,3588.243,4627.895,4817.257,25.689,23.716,23.499,11.12,7.211,9.919,21.946,0.868,10.716,0.744,0.712,22.729,2.19,12.596,16.288,1.201,3.743,22.866,14.973,22.973,24.977,0.988,9.617,27.557,31.084,32.85,30.491,22.907,0.0,mid,0.441,0.403,0.446,0.355,-786.055,530.667,1872.623,528.794,1.308,1.714,0.766,Yi-Lax,0.763127187864644,-1834518474813356490
Yi_F1,1,F,Yi,Village 2,F1_tl_sro_21_01,494.844,683.543,188.699,5,o_21,Vowel,o,Tense,Oral,21.0,2.0,Low,21,Unaspirated,Oral,161.242,160.829,166.273,162.66,509.192,105.469,948.195,93.979,3529.796,157.077,4047.142,410.686,816.821,3640.027,5354.905,4317.428,15.901,14.663,20.146,14.266,21.377,12.494,27.722,3.145,19.549,0.986,2.757,28.723,-4.245,0.397,-1.231,1.772,-11.821,11.641,-3.648,13.677,13.144,-14.06,10.532,26.516,25.897,33.014,32.862,23.547,0.0,low,0.549,0.485,0.596,0.46,-287.123,589.984,1185.931,587.114,0.745,0.836,0.167,Yi-Tense,0.891148325358852,-1973377804133788405
Yi_F1,1,F,Yi,Village 2,F1_tl_sro21_01,592.788,747.377,154.589,5,o21,Vowel,o,Lax,Oral,21.0,2.0,Low,21,Unaspirated,Oral,167.301,167.243,171.539,168.507,438.4,183.811,1054.51,127.158,3464.606,265.406,4019.741,488.947,715.536,2350.397,4162.232,4638.249,20.35,18.776,21.612,13.274,12.608,10.498,20.993,-1.371,16.061,2.219,-3.498,21.438,-1.263,5.502,9.004,2.776,-0.644,20.189,4.289,16.557,23.847,-2.662,6.04,27.3,26.711,31.336,31.353,21.542,0.0,low,0.443,0.362,0.489,0.228,-532.143,670.442,1720.623,669.076,1.139,2.169,0.539,Yi-Lax,0.525126786537575,-5903252227489956067
Yi_F1,1,F,Yi,Village 2,F1_tl_sro21_02,361.072,490.246,129.174,5,o21,Vowel,o,Lax,Oral,21.0,2.0,Low,21,Unaspirated,Oral,155.76,155.472,160.315,156.728,473.791,228.735,1064.167,103.949,3394.286,348.626,3811.596,479.706,954.029,3600.152,5073.865,4345.403,17.756,16.508,18.706,12.612,14.786,9.518,18.229,-5.107,12.792,-2.278,-6.991,16.368,-0.951,3.896,3.92,3.094,-0.474,21.658,4.963,18.787,24.747,0.14,2.733,26.51,26.624,33.456,33.313,23.098,0.179,low,0.497,0.397,0.495,0.205,-394.439,425.928,1567.092,424.593,1.581,2.663,0.591,Yi-Lax,0.593691325572662,-1362413851436378817
Yi_F1,1,F,Yi,Village 2,F1_tl_tcjhi_33_01,434.02,602.693,168.673,5,i_33,Vowel,i,Tense,Oral,33.0,1.0,Mid,33,Aspirated,Oral,197.695,197.68,199.186,197.943,391.714,107.814,1054.211,1349.246,2202.795,220.994,3361.243,368.913,454.194,2231.388,3896.781,5109.211,23.155,20.322,27.506,8.717,6.871,11.155,27.505,8.225,4.39,-5.067,4.41,12.411,-4.351,11.604,20.635,-2.437,-4.35,12.1,18.765,25.389,18.745,7.91,9.989,35.57,43.166,44.476,44.168,27.175,0.759,mid,0.492,0.462,0.52,0.446,-984.11,519.659,1907.18,517.398,1.1,1.511,0.727,Yi-Tense,0.727994705493051,6186599234536913701
Yi_F1,1,F,Yi,Village 2,F1_tl_tcjhi_33_02,432.388,604.786,172.398,5,i_33,Vowel,i,Tense,Oral,33.0,1.0,Mid,33,Aspirated,Oral,193.218,193.706,196.117,194.977,392.286,56.797,722.023,2031.442,2138.487,162.762,3382.762,148.685,430.26,2214.0,3408.63,5147.529,22.202,19.293,30.162,9.683,9.659,8.223,30.161,9.485,8.406,-5.173,13.138,26.1,-7.959,9.61,20.502,1.46,-7.959,9.827,13.796,24.466,9.064,-6.807,14.699,33.551,39.476,36.804,33.89,27.125,0.602,mid,0.565,0.538,0.651,0.5,-712.669,519.723,2036.229,517.121,0.52,2.277,0.228,Yi-Tense,0.228370663153272,8240527235074454536
Yi_F1,1,F,Yi,Village 2,F1_tl_tcjie_21_01,322.56,491.851,169.291,5,ie_21,Vowel,ie,Tense,Oral,21.0,2.0,Low,21,Unaspirated,Oral,137.014,65.799,149.172,141.055,430.511,39.967,2809.527,427.526,3131.975,552.974,3482.737,546.713,453.402,2856.05,3426.02,5063.408,15.321,14.262,23.934,18.686,18.06,15.451,29.53,8.24,12.49,13.794,15.987,9.408,-8.613,-4.424,5.874,3.235,-14.21,6.022,2.831,0.469,-0.667,4.854,13.876,3.081,13.425,17.109,13.387,19.392,0.0,low,0.646,0.548,0.46,0.617,-292.327,409.011,1350.623,404.452,0.542,1.045,0.026,Yi-Tense,0.51866028708134,2408746231284926851
Yi_F1,1,F,Yi,Village 2,F1_tl_tcjie_21_02,375.506,645.735,270.229,5,ie_21,Vowel,ie,Tense,Oral,21.0,2.0,Low,21,Unaspirated,Oral,123.732,40.225,125.252,130.264,458.846,121.357,2701.503,1477.709,2830.505,148.244,3465.737,138.375,493.247,2852.888,3483.192,5002.532,10.657,9.952,14.462,11.236,16.95,2.075,17.635,-4.776,3.717,3.549,6.75,-10.807,-3.805,-1.284,-2.488,9.161,-6.978,14.728,6.94,6.402,3.907,20.759,1.453,7.526,17.907,23.492,20.945,19.366,0.478,low,0.599,0.486,0.579,0.53,-227.454,501.905,850.891,497.506,0.998,3.764,0.265,Yi-Tense,0.265143464399575,3721213676180284294
Yi_F1,1,F,Yi,Village 2,F1_tl_thu21_01,453.944,615.435,161.491,5,u21,Vowel,u,Lax,Oral,21.0,2.0,Low,21,Aspirated,Oral,169.144,169.064,172.967,170.525,1014.753,135.73,2061.567,985.226,3256.675,226.487,4239.112,301.59,516.382,1023.597,3521.06,4610.726,31.602,31.285,31.086,29.772,13.778,7.426,20.448,-9.073,-0.538,-20.883,-2.408,-8.89,0.516,1.513,17.308,22.346,11.154,40.373,32.139,52.169,34.009,40.175,50.481,13.59,17.73,24.91,26.898,20.727,0.0,low,0.34,0.327,0.399,0.33,-814.75,535.626,1681.626,533.661,0.539,1.376,0.393,Yi-Lax,0.39171511627907,-6579539361104464913
Yi_F1,1,F,Yi,Village 2,F1_tl_thu21_02,292.298,430.367,138.069,5,u21,Vowel,u,Lax,Oral,21.0,2.0,Low,21,Aspirated,Oral,166.266,166.167,171.188,167.562,467.516,91.81,998.57,90.579,3328.877,337.068,4273.389,592.195,501.585,1019.172,3480.89,4767.45,31.82,30.399,30.715,23.617,16.939,11.804,34.828,11.203,23.191,6.951,-2.004,22.115,1.105,6.782,13.776,11.813,-3.008,19.26,8.628,23.447,33.824,8.284,61.849,8.67,13.096,21.629,23.989,19.755,0.0,low,0.335,0.32,0.385,0.308,-818.053,362.523,1636.505,360.646,0.323,1.355,0.24,Yi-Lax,0.238376383763838,8730117879922914265
Yi_F1,1,F,Yi,Village 2,F1_tl_tshii_33_01,597.548,780.769,183.221,5,ii_33,Vowel,ii,Tense,Oral,33.0,1.0,Mid,33,Aspirated,Oral,199.749,199.789,202.595,200.603,534.151,140.387,1273.468,204.752,3697.813,240.371,4477.203,233.009,638.01,1244.624,3792.588,4608.448,21.323,19.657,27.906,18.823,19.393,17.628,24.351,1.562,15.75,1.477,4.994,27.73,-6.583,0.834,8.513,1.196,-3.028,18.144,5.573,18.18,16.329,-8.073,19.235,34.49,30.876,37.513,38.61,26.898,0.095,mid,0.584,0.554,0.712,0.523,-561.565,689.47,1813.364,686.844,0.328,0.939,0.065,Yi-Tense,0.349307774227902,-2120106010897682295
Yi_F1,1,F,Yi,Village 2,F1_tl_tshii_33_02,534.312,701.162,166.85,5,ii_33,Vowel,ii,Tense,Oral,33.0,1.0,Mid,33,Aspirated,Oral,194.809,194.681,199.305,195.475,530.616,126.688,1230.22,122.428,3680.336,256.32,4429.826,279.508,627.494,1195.499,3807.104,4631.69,20.617,19.027,25.192,16.726,16.646,14.245,23.225,0.262,16.889,2.212,-0.281,22.349,-4.575,2.301,8.546,2.481,-2.608,18.816,3.728,16.814,20.898,-3.323,10.633,33.731,31.143,35.137,34.921,24.751,0.29,mid,0.533,0.501,0.646,0.48,-574.386,618.639,1715.87,616.157,0.308,2.089,0.146,Yi-Tense,0.147438966012446,-6693285096371253765
Yi_F1,1,F,Yi,Village 2,F1_tl_tshu_21_01,258.242,372.335,114.093,5,u_21,Vowel,u,Tense,Oral,21.0,2.0,Low,21,Aspirated,Oral,163.784,48.113,176.476,167.762,471.412,65.217,932.294,70.087,3252.515,77.421,4086.361,116.88,769.406,3419.409,4242.668,5110.241,24.384,22.673,31.192,21.88,19.896,14.663,31.776,8.507,26.276,9.885,3.729,29.075,-6.808,0.792,11.297,7.217,-7.392,14.242,-1.892,12.788,20.655,-6.402,59.049,1.723,4.433,15.796,19.095,19.628,0.0,low,0.651,0.589,0.713,0.638,-441.443,317.167,1399.985,313.236,0.474,2.972,0.159,Yi-Tense,0.159488559892328,6850240824295924505
Yi_F1,1,F,Yi,Village 2,F1_tl_tsii_21_02,302.715,498.188,195.473,5,ii_21,Vowel,ii,Tense,Oral,21.0,2.0,Low,21,Unaspirated,Oral,166.738,108.299,176.118,170.534,479.783,53.606,1348.183,51.799,3573.748,114.603,4517.433,109.408,1136.434,3806.558,4713.322,4780.74,17.638,16.252,24.384,17.194,10.177,8.349,24.992,2.465,13.869,1.725,2.703,23.334,-6.746,-0.942,14.207,8.845,-7.353,13.808,3.769,14.526,14.935,-7.083,10.291,18.167,19.734,26.146,27.955,21.79,0.0,low,0.619,0.572,0.666,0.606,-396.907,402.548,1244.413,398.868,0.606,0.736,0.1,Yi-Tense,0.823369565217391,1801828723919984011
Yi_F1,1,F,Yi,Village 2,F1_tl_tsii21_01,384.786,629.134,244.348,5,ii21,Vowel,ii,Lax,Oral,21.0,2.0,Low,21,Unaspirated,Oral,172.89,172.854,177.197,173.98,480.589,115.846,1455.431,239.01,3533.644,288.685,4455.903,277.579,590.402,1480.131,3811.736,4709.329,25.077,23.757,26.541,19.812,9.856,7.985,29.585,7.081,13.36,1.914,2.401,20.797,-1.465,3.945,16.685,11.827,-4.508,16.691,11.717,21.842,22.676,2.959,19.75,23.215,25.961,27.715,27.403,23.575,0.0,low,0.487,0.396,0.445,0.419,-879.009,508.914,1904.492,506.465,1.789,1.816,0.982,Yi-Lax,0.985132158590308,-7231304538016166381
Yi_F1,1,F,Yi,Village 2,F1_tl_tu_33_01,496.022,691.667,195.645,5,u_33,Vowel,u,Tense,Oral,33.0,1.0,Mid,33,Unaspirated,Oral,182.597,182.583,184.165,183.327,380.398,159.405,1719.147,532.378,3254.376,202.712,3518.635,1720.775,457.037,1715.512,3273.919,5072.475,26.611,24.212,28.6,10.953,10.109,17.03,28.598,10.082,4.988,0.956,2.037,17.906,-1.989,13.259,18.491,-6.077,-1.988,14.133,21.623,23.257,24.574,6.307,15.448,35.389,43.51,46.24,45.334,28.735,0.0,mid,0.418,0.379,0.439,0.378,-872.42,595.302,2028.816,593.23,1.317,1.674,0.792,Yi-Tense,0.78673835125448,-5855503062875107144
Yi_F1,1,F,Yi,Village 2,F1_tl_tuu_33_01,331.89,607.808,275.918,5,uu_33,Vowel,uu,Tense,Oral,33.0,1.0,Mid,33,Unaspirated,Oral,207.283,207.425,208.744,331.534,411.049,28.18,1694.756,173.131,3285.514,152.708,4649.425,362.562,449.861,1741.788,3339.915,4965.571,20.674,18.013,31.398,12.138,12.548,19.81,31.397,11.967,7.125,2.053,2.589,18.487,-10.724,5.875,18.85,-7.672,-10.723,6.051,13.55,15.96,18.085,-0.474,19.725,43.714,48.439,50.949,50.968,28.697,0.392,mid,0.582,0.561,0.75,0.513,-613.981,470.737,1923.321,468.258,0.29,2.197,0.133,Yi-Tense,0.131998179335457,1434430500106334365
Yi_F1,1,F,Yi,Village 2,F1_tl_tuu_33_02,255.802,505.454,249.652,5,uu_33,Vowel,uu,Tense,Oral,33.0,1.0,Mid,33,Unaspirated,Oral,196.769,196.683,199.126,197.324,406.996,50.017,1727.948,535.945,3366.022,121.652,4716.954,383.076,469.715,1909.298,3394.907,4953.15,20.434,17.965,30.383,11.677,10.862,17.706,30.382,11.033,3.516,-1.231,5.325,22.049,-9.949,6.288,19.521,-6.029,-9.948,6.936,16.918,19.196,15.109,-4.084,15.32,39.254,44.975,46.839,45.808,29.024,0.553,mid,0.578,0.548,0.652,0.557,-433.267,381.686,1255.518,378.848,0.411,0.926,0.127,Yi-Tense,0.443844492440605,-5828090848874163203
Yi_F1,1,F,Yi,Village 2,F1_tl_x_e=21_02,238.006,419.232,181.226,5,e=21,Vowel,ə,Tense,Oral,21.0,2.0,Low,21,Unaspirated,Oral,169.114,168.875,170.351,169.726,465.115,128.136,1536.391,210.771,3179.501,256.578,4438.311,270.205,524.17,1625.591,3401.626,4724.806,26.669,25.386,26.708,20.185,13.656,11.872,29.708,7.354,10.642,0.191,0.199,13.761,-0.039,5.202,13.052,8.313,-3.039,18.04,16.027,25.195,26.47,11.625,22.134,27.711,31.28,34.964,35.645,28.025,0.0,low,0.412,0.362,0.423,0.361,-595.773,330.195,1646.544,328.05,1.483,1.819,0.806,Yi-Tense,0.815283122594832,3089477064294697662
Yi_F1,1,F,Yi,Village 2,F1_tl_zji_21_01,452.838,647.73,194.892,5,i_21,Vowel,i,Tense,Oral,21.0,2.0,Low,21,Unaspirated,Oral,148.918,147.573,154.722,151.523,406.45,55.491,2137.502,73.517,3312.165,63.972,4715.585,255.412,2140.757,3360.928,4792.263,4890.305,18.094,16.64,26.575,18.464,11.312,13.253,24.631,4.738,12.826,11.219,11.679,21.671,-8.48,-1.824,15.263,5.211,-6.536,11.903,5.269,5.421,6.415,-5.031,11.333,10.68,20.2,20.312,19.677,22.027,0.0,low,0.658,0.576,0.695,0.647,-443.19,552.938,1442.172,548.522,0.647,3.17,0.205,Yi-Tense,0.20410094637224,4845696956879633958
Yi_F1,1,F,Yi,Village 2,F1_tl_zji_21_02,425.455,573.647,148.192,5,i_21,Vowel,i,Tense,Oral,21.0,2.0,Low,21,Unaspirated,Oral,161.824,161.291,167.303,164.209,381.24,92.209,2115.639,123.416,3306.198,119.222,4675.183,205.671,2152.082,3364.9,4842.235,4967.443,19.978,18.002,26.178,13.091,10.753,16.581,25.523,7.15,9.63,9.45,8.518,20.179,-6.2,4.911,15.426,-3.49,-5.545,10.853,10.349,8.551,11.461,-2.178,8.01,28.906,34.125,31.632,28.618,26.09,0.618,low,0.616,0.574,0.683,0.582,-553.505,501.012,1983.946,497.415,0.332,1.661,0.11,Yi-Tense,0.199879590608067,538819865022652632
Yi_F1,1,F,Yi,Village 2,F1_tl_zji21_01,505.493,701.331,195.838,5,i21,Vowel,i,Lax,Oral,21.0,2.0,Low,21,Unaspirated,Oral,167.044,167.221,170.79,167.858,412.751,90.121,2636.968,194.555,3247.213,371.564,4531.635,516.07,437.471,2765.657,3502.807,4757.182,21.169,19.38,28.154,16.881,11.246,16.214,25.256,5.936,14.758,18.258,12.59,14.133,-6.985,2.499,16.908,0.667,-4.087,13.445,6.411,1.122,8.58,5.247,12.054,25.285,33.168,34.206,28.105,25.703,0.455,low,0.599,0.564,0.477,0.558,-458.695,605.174,1569.521,601.814,0.421,0.602,0.135,Yi-Lax,0.699335548172757,732851568864844180
Yi_F1,1,F,Yi,Village 2,F1_tl_zji21_02,372.228,554.501,182.273,5,i21,Vowel,i,Lax,Oral,21.0,2.0,Low,21,Unaspirated,Oral,157.284,157.033,165.403,159.713,451.383,51.757,2575.589,264.783,3329.004,319.998,4547.761,430.134,476.487,2690.057,3450.728,4764.775,19.825,18.533,26.03,19.192,13.389,13.864,25.701,4.521,14.319,15.05,11.489,13.613,-6.205,-0.659,12.641,5.328,-5.876,14.013,5.505,3.483,8.336,4.921,15.461,12.756,20.438,22.854,19.442,23.706,0.0,low,0.616,0.572,0.683,0.562,-438.12,465.234,1677.556,461.61,0.401,0.515,0.084,Yi-Lax,0.778640776699029,-4357000587872831928
Yi_F1,1,F,Yi,Village 1,f1_trii_21_01,293.991,679.75,385.759,5,ii_21,Vowel,ii,Tense,Oral,21.0,2.0,Low,21,Unaspirated,Oral,203.916,203.908,205.677,204.558,551.209,102.185,1900.545,265.678,2940.167,262.725,3806.013,502.414,600.345,1901.51,2960.589,3921.675,12.182,10.755,18.234,10.648,5.183,5.188,17.291,-4.942,8.537,-0.129,-0.649,2.354,-6.052,0.107,13.051,5.46,-5.109,15.7,3.644,10.884,12.831,8.401,2.409,50.138,48.663,44.838,42.915,27.541,0.0,low,0.717,0.489,0.469,0.471,-465.379,488.687,635.526,486.379,1.678,2.058,0.817,Yi-Tense,0.815354713313897,-5700641623584126604
Yi_F2,2,F,Yi,Village 1,F2_be_33_01,168.884,654.648,485.764,5,e_33,Vowel,e,Tense,Oral,33.0,1.0,Mid,33,Unaspirated,Oral,173.534,173.575,174.888,173.942,857.899,148.812,1709.398,162.506,2517.995,537.076,4327.503,610.446,994.149,1837.77,3010.577,4497.586,12.035,11.568,17.747,15.772,22.943,11.765,28.048,0.062,24.797,4.487,12.651,1.788,-5.712,-4.203,-5.196,4.006,-16.013,11.513,-12.763,7.081,-0.616,9.781,20.122,50.841,44.376,41.464,42.239,36.208,0.5,mid,0.556,0.47,0.573,0.453,-337.588,412.689,1251.334,410.083,0.958,1.235,0.256,Yi-Tense,0.775708502024291,-749353750394337243
Yi_F2,2,F,Yi,Village 1,F2_be=21_02,211.556,664.145,452.589,5,e=21,Vowel,ə,Lax,Oral,21.0,2.0,Low,21,Unaspirated,Oral,165.881,165.697,166.989,166.758,478.112,73.256,1863.587,144.168,3031.049,146.425,4427.288,787.999,508.502,1911.0,3078.209,5055.919,16.865,15.69,21.119,15.23,12.715,10.65,24.884,2.661,8.567,1.173,1.836,8.24,-4.254,0.46,8.404,4.58,-8.018,13.032,8.298,14.517,15.029,7.45,5.661,53.675,58.251,57.311,55.681,32.909,0.0,low,0.528,0.444,0.482,0.451,-542.954,438.89,1133.478,436.167,1.404,1.791,0.784,Yi-Lax,0.78391959798995,6141462326970881304
Yi_F2,2,F,Yi,Village 1,F2_be=33_02,143.923,596.203,452.28,5,e=33,Vowel,ə,Lax,Oral,33.0,1.0,Mid,33,Unaspirated,Oral,184.291,184.314,184.428,184.127,541.89,61.998,1630.815,160.423,2954.739,441.212,4360.669,439.969,581.836,1768.11,3231.622,4764.509,15.641,14.461,19.474,13.658,12.24,8.75,25.779,2.912,8.706,-2.86,-3.511,3.228,-3.833,0.804,7.234,4.907,-10.138,11.555,6.935,17.321,19.152,11.233,6.396,56.156,60.552,61.071,60.396,33.028,0.0,mid,0.539,0.456,0.501,0.469,-586.177,371.575,1207.527,369.029,1.343,1.39,0.637,Yi-Lax,0.966187050359712,4118365290809745819
Yi_F2,2,F,Yi,Village 1,F2_be=55_01,125.127,659.52,534.393,5,e=55,Vowel,ə,Lax,Oral,55.0,1.0,High,55,Unaspirated,Oral,210.843,210.908,211.311,211.451,429.818,57.424,1711.301,96.725,3194.946,205.39,4404.391,439.251,470.921,1801.009,3314.94,5301.768,17.979,15.476,26.761,7.207,8.288,14.781,26.761,6.729,6.569,0.745,-0.036,13.818,-8.783,8.269,18.474,-7.575,-8.782,8.751,11.41,14.731,18.015,1.658,8.175,52.452,58.234,59.062,58.771,31.899,0.532,high,0.541,0.515,0.596,0.441,-655.377,392.751,1433.96,390.658,0.512,0.566,0.235,Yi-Lax,0.904593639575972,5966613501785614496
Yi_F2,2,F,Yi,Village 1,F2_be33_02,181.492,679.309,497.817,5,e33,Vowel,e,Lax,Oral,33.0,1.0,Mid,33,Unaspirated,Oral,175.109,175.082,175.457,175.686,630.926,115.847,2011.275,169.019,2781.295,566.303,4240.611,1175.131,685.337,2041.359,2847.899,5038.362,15.608,14.838,17.037,13.542,23.352,10.032,22.849,-1.176,16.745,6.07,4.423,-0.524,-1.43,1.295,-6.315,3.51,-7.241,16.016,-1.137,8.768,11.185,15.362,7.494,50.956,51.611,49.168,48.876,33.985,0.918,mid,0.575,0.455,0.473,0.461,-424.264,432.198,919.983,429.563,1.541,1.6,0.65,Yi-Lax,0.963125,-8877916618755575960
Yi_F2,2,F,Yi,Village 1,F2_be55_01,124.021,577.782,453.761,5,e55,Vowel,e,Lax,Oral,55.0,1.0,High,55,Unaspirated,Oral,209.035,209.186,208.615,209.488,626.982,136.03,2026.761,169.724,2842.973,223.986,4640.395,860.409,662.906,2071.168,2905.432,4998.805,16.018,14.9,18.476,13.015,15.509,11.579,24.457,1.208,11.333,1.673,6.056,2.584,-2.459,1.885,2.968,1.436,-8.439,13.694,4.684,13.227,9.962,12.315,6.409,60.887,58.445,55.582,53.074,33.457,0.0,high,0.577,0.446,0.523,0.322,-363.677,351.602,843.016,350.068,1.202,2.051,0.594,Yi-Lax,0.586055582642613,-7830010896327977552
Yi_F2,2,F,Yi,Village 1,F2_bu_33_01,132.889,656.842,523.953,5,u_33,Vowel,u,Tense,Oral,33.0,1.0,Mid,33,Unaspirated,Oral,202.541,202.57,202.638,203.62,473.314,103.161,1341.448,242.607,3034.042,95.407,4234.933,186.321,1058.141,2999.109,4355.263,4593.611,11.34,9.404,20.993,9.233,7.294,8.896,19.259,-2.602,7.755,-3.684,5.5,20.776,-9.653,0.171,13.7,0.337,-7.919,12.018,3.586,13.088,5.841,-11.372,2.87,63.746,63.69,67.139,66.259,35.995,0.803,mid,0.647,0.61,0.773,0.525,-460.643,395.258,1208.367,392.668,0.477,1.891,0.255,Yi-Tense,0.252247488101534,1079789336785796421
Yi_F2,2,F,Yi,Village 1,F2_bu_33_02,175.43,630.429,454.999,5,u_33,Vowel,u,Tense,Oral,33.0,1.0,Mid,33,Unaspirated,Oral,192.435,192.414,193.044,192.775,440.734,113.752,1269.582,373.753,2963.521,222.492,4240.575,185.373,1030.381,2891.49,4275.315,4565.332,8.989,6.939,17.2,4.198,4.434,6.692,16.777,-4.42,3.211,-7.693,-1.27,15.427,-8.211,2.741,12.766,-2.494,-7.788,11.371,5.778,14.632,10.259,-8.487,1.139,61.736,63.951,68.418,68.095,34.642,0.822,mid,0.598,0.543,0.634,0.548,-400.819,404.366,1076.023,401.512,0.719,1.122,0.182,Yi-Tense,0.640819964349376,-3256052502826285425
Yi_F2,2,F,Yi,Village 1,F2_bu55_01,131.726,649.655,517.929,5,u55,Vowel,u,Lax,Oral,55.0,1.0,High,55,Unaspirated,Oral,233.058,233.026,232.477,233.686,455.3,82.772,1328.06,393.863,3004.662,115.457,4132.622,231.513,565.541,1717.932,3230.755,4358.03,17.946,15.049,22.662,2.901,5.419,9.561,22.661,1.928,2.478,-7.611,-2.074,14.392,-4.715,12.149,17.242,-6.66,-4.714,13.134,15.468,22.66,20.02,0.657,4.076,54.365,54.703,54.377,51.843,27.091,0.764,high,0.513,0.506,0.597,0.444,-793.683,391.179,1411.025,389.278,0.572,0.679,0.363,Yi-Lax,0.842415316642121,-4451736584094746385
Yi_F2,2,F,Yi,Village 1,F2_dzi_21_02,222.072,562.92,340.848,5,ii_21,Vowel,ii,Tense,Oral,21.0,2.0,Low,21,Unaspirated,Oral,189.0,188.761,192.357,190.297,502.468,105.737,1694.986,72.452,3093.106,93.439,3959.778,681.05,526.521,1697.896,3179.432,5201.842,13.9,12.396,20.301,12.11,10.14,10.806,17.286,-4.743,16.944,8.019,4.848,14.385,-6.401,0.285,10.161,1.304,-3.386,17.144,-3.044,4.377,9.052,-1.989,4.626,40.959,40.81,40.272,40.22,31.478,0.0,low,0.675,0.625,0.683,0.577,-315.435,393.619,1066.249,390.555,0.599,1.987,0.234,Yi-Tense,0.301459486663312,2279210911454216032
Yi_F2,2,F,Yi,Village 1,F2_dzi_33_01,340.782,680.92,340.138,5,ii_33,Vowel,ii,Tense,Oral,33.0,1.0,Mid,33,Unaspirated,Oral,225.395,225.644,225.848,226.127,467.979,45.688,1588.613,88.6,2099.691,498.414,3201.195,173.934,519.68,1669.675,3223.75,5198.303,12.073,9.579,22.271,2.732,1.543,6.776,22.27,1.414,14.87,6.629,1.581,-4.42,-10.198,6.848,20.729,-4.044,-10.197,8.167,-2.797,2.95,10.492,13.999,3.949,58.157,57.9,56.136,55.711,33.119,0.576,mid,0.671,0.607,0.479,0.573,-268.254,511.136,771.494,508.595,0.482,1.797,0.146,Yi-Tense,0.268224819143016,-8581258656695774408
Yi_F2,2,F,Yi,Village 1,F2_dzi_33_02,262.236,645.034,382.798,5,ii_33,Vowel,ii,Tense,Oral,33.0,1.0,Mid,33,Unaspirated,Oral,211.454,211.487,212.197,212.181,544.252,97.756,1696.658,77.465,2109.513,792.738,3201.962,119.436,571.701,1738.797,3275.253,5207.935,13.089,11.467,21.181,12.11,7.187,8.117,15.086,-7.013,16.979,6.953,5.554,-6.07,-8.092,-0.643,13.994,3.993,-1.997,18.48,-3.891,4.514,7.535,17.537,4.237,54.2,54.689,54.09,56.133,34.725,0.436,mid,0.623,0.571,0.728,0.531,-260.04,454.357,817.224,451.841,0.477,1.893,0.171,Yi-Tense,0.251980982567353,1689787766346689040
Yi_F2,2,F,Yi,Village 1,F2_dzi33_02,243.865,704.774,460.909,5,ii33,Vowel,ii,Lax,Oral,33.0,1.0,Mid,33,Unaspirated,Oral,200.624,200.659,199.889,201.671,523.805,137.5,1682.888,103.515,3008.435,137.597,3966.223,871.793,594.433,1731.201,3040.13,5149.99,14.226,12.703,18.766,10.493,8.141,8.62,15.252,-6.814,14.125,4.368,3.9,12.003,-4.54,2.21,10.626,1.873,-1.026,19.522,0.102,8.335,10.326,0.7,3.134,53.39,54.061,53.359,53.204,33.823,0.0,mid,0.594,0.55,0.658,0.511,-321.441,474.729,943.749,472.181,0.695,1.364,0.244,Yi-Lax,0.509530791788856,3459463590276340823
Yi_F2,2,F,Yi,Village 1,F2_dzi55_01,352.059,745.26,393.201,5,ii55,Vowel,ii,Lax,Oral,55.0,1.0,High,55,Unaspirated,Oral,210.116,210.074,209.679,211.451,428.162,133.682,1694.769,76.935,3104.568,243.583,3515.197,1447.578,529.387,1682.991,3175.638,5201.299,13.982,11.463,19.354,-0.17,7.733,14.266,19.353,-0.584,7.082,1.21,-7.074,5.938,-5.372,11.633,11.621,-14.436,-5.371,12.051,6.9,10.253,21.056,5.525,2.059,38.668,40.796,41.233,40.631,25.199,0.781,high,0.591,0.535,0.604,0.497,-526.747,549.794,1115.974,547.434,0.927,0.978,0.345,Yi-Lax,0.947852760736196,2612140519875188504
Yi_F2,2,F,Yi,Village 1,F2_dzi55_02,279.977,659.158,379.181,5,ii55,Vowel,ii,Lax,Oral,55.0,1.0,High,55,Unaspirated,Oral,208.185,208.194,208.242,207.958,432.733,118.461,1712.988,173.896,2960.935,230.703,3815.619,1426.434,530.407,1711.959,3032.626,5191.536,13.439,11.039,19.744,1.254,7.239,13.378,19.743,-0.416,6.209,0.262,-5.041,5.265,-6.305,9.785,12.505,-12.124,-6.304,11.458,7.229,10.777,18.48,5.774,1.989,59.474,59.599,55.855,52.68,30.081,0.748,high,0.596,0.557,0.64,0.561,-479.394,470.978,1104.615,468.279,0.916,1.33,0.416,Yi-Lax,0.688721804511278,7118298569519110462
Yi_F2,2,F,Yi,Village 1,F2_na_21_01,227.566,757.792,530.226,5,a_21,Vowel,a,Tense,Oral,21.0,2.0,Low,21,Unaspirated,Nasal,171.757,171.483,173.084,171.688,998.191,296.967,1424.254,131.206,3225.371,486.084,4487.714,519.789,933.519,1405.142,3149.611,4907.589,11.827,11.429,19.545,17.89,15.443,7.383,22.501,-10.052,22.462,-6.544,-6.078,-3.796,-7.719,-6.462,4.103,10.507,-10.674,21.604,-10.635,17.973,17.905,15.225,7.581,49.873,44.104,47.209,48.875,32.522,0.649,low,0.56,0.485,0.569,0.522,-327.954,494.592,1086.505,491.544,1.024,2.101,0.307,Yi-Tense,0.487386958591147,-1165730373076940447
Yi_F2,2,F,Yi,Village 1,F2_na_21_02,177.959,584.518,406.559,5,a_21,Vowel,a,Tense,Oral,21.0,2.0,Low,21,Unaspirated,Nasal,157.769,157.327,159.899,157.706,913.616,303.01,1386.303,159.922,2689.556,314.722,4416.453,284.591,1194.328,1265.633,2803.995,4644.214,12.346,11.961,19.951,18.348,16.49,8.673,24.37,-7.11,23.681,-3.778,4.18,0.708,-7.605,-6.388,3.462,9.675,-12.024,19.113,-11.335,15.738,8.166,11.252,10.269,46.828,37.929,39.14,39.691,32.645,0.554,low,0.584,0.502,0.608,0.478,-378.982,382.593,1353.629,379.547,0.731,1.651,0.222,Yi-Tense,0.442761962447002,-6845994435744857429
Yi_F2,2,F,Yi,Village 1,F2_na_33_01,212.673,710.767,498.094,5,a_33,Vowel,a,Tense,Oral,33.0,1.0,Mid,33,Unaspirated,Nasal,199.075,199.011,199.482,198.562,955.404,237.37,1212.759,214.376,3140.967,337.227,4307.787,292.049,1089.368,1416.473,3574.475,4837.718,9.822,9.19,14.823,12.143,20.23,4.966,26.984,-6.923,25.193,-6.806,-0.464,5.633,-5.002,-2.953,-5.406,7.178,-17.163,16.481,-15.371,15.996,10.286,3.558,13.337,61.052,53.734,59.597,61.929,35.537,0.882,mid,0.582,0.52,0.605,0.428,-269.947,462.334,932.608,460.18,0.343,1.919,0.099,Yi-Tense,0.178738926524231,5389343092711225450
Yi_F2,2,F,Yi,Village 1,F2_na21_01,125.807,774.819,649.012,5,a21,Vowel,a,Lax,Oral,21.0,2.0,Low,21,Unaspirated,Nasal,180.797,180.757,181.253,178.299,821.74,332.458,1265.92,85.408,3059.17,293.457,4106.941,858.997,937.5,1255.979,3239.811,5128.029,16.452,15.831,21.892,19.239,23.201,6.586,24.213,-5.458,28.439,2.804,-0.526,6.223,-5.44,-3.408,-1.309,12.653,-7.76,21.38,-11.987,13.027,16.978,9.609,20.409,37.991,32.774,37.495,39.404,31.156,0.699,low,0.515,0.488,0.544,0.464,-612.234,451.799,1229.512,449.23,0.829,1.148,0.501,Yi-Lax,0.72212543554007,2602422521819523161
Yi_F2,2,F,Yi,Village 1,F2_ti_33_01,171.241,734.786,563.545,5,i_33,Vowel,i,Tense,Oral,33.0,1.0,Mid,33,Unaspirated,Oral,198.213,198.05,198.431,198.408,380.039,85.005,2833.664,189.647,3560.86,116.944,4613.705,321.428,542.332,2986.021,3803.012,4827.233,12.091,9.33,15.569,-0.625,-3.46,6.187,15.568,-2.418,6.68,13.292,8.959,13.974,-3.478,9.954,19.029,-6.812,-3.477,11.748,5.411,-3.962,3.132,-4.645,1.151,54.089,64.608,66.938,62.738,35.471,0.809,mid,0.632,0.567,0.59,0.538,-343.925,454.225,766.339,451.496,0.818,1.468,0.21,Yi-Tense,0.557220708446866,6501235553146678350
Yi_F2,2,F,Yi,Village 1,F2_ti_33_02,112.183,624.09,511.907,5,i_33,Vowel,i,Tense,Oral,33.0,1.0,Mid,33,Unaspirated,Oral,225.066,224.926,224.934,225.423,407.041,153.935,2916.266,105.819,3587.679,86.129,4666.494,220.777,459.584,2916.8,3635.497,4806.741,14.834,11.656,15.701,3.584,-2.203,8.518,15.583,-2.981,13.612,20.114,11.229,14.753,-0.867,8.072,17.904,-4.934,-0.749,14.638,1.222,-8.458,3.605,-3.096,2.002,57.509,63.792,67.546,63.196,34.757,0.0,mid,0.653,0.631,0.526,0.553,-356.017,368.734,885.755,366.273,0.294,1.27,0.102,Yi-Tense,0.231496062992126,-6173563281613773520
Yi_F2,2,F,Yi,Village 1,F2_ti33_01,115.014,734.501,619.487,5,i33,Vowel,i,Lax,Oral,33.0,1.0,Mid,33,Unaspirated,Oral,213.598,213.547,213.625,213.555,374.163,133.499,2728.538,251.315,3433.093,261.437,4391.813,427.038,409.402,2741.937,3503.013,4820.745,19.1,15.659,17.377,7.825,-1.053,10.427,16.176,-1.172,4.827,11.239,2.686,7.8,1.724,7.835,18.43,-2.602,2.925,16.832,14.273,4.421,16.415,7.859,2.129,52.501,60.623,60.228,54.124,29.921,0.0,mid,0.618,0.559,0.601,0.538,-576.15,426.423,1034.839,423.908,0.974,2.115,0.468,Yi-Lax,0.460520094562648,6249262299313042490
Yi_F2,2,F,Yi,Village 1,F2_ti33_02,137.071,642.519,505.448,5,i33,Vowel,i,Lax,Oral,33.0,1.0,Mid,33,Unaspirated,Oral,202.686,202.664,202.787,203.62,373.525,98.604,2626.611,98.964,3353.417,346.201,4550.328,541.354,410.365,2625.42,3330.866,4809.613,15.352,12.309,16.764,3.758,-3.021,7.374,16.74,-0.839,5.461,10.771,-5.91,-0.637,-1.412,8.551,19.785,-3.616,-1.388,13.148,9.89,1.538,21.262,12.946,1.245,47.374,56.875,57.167,52.258,30.233,0.883,mid,0.624,0.554,0.599,0.513,-455.734,390.977,845.511,388.443,1.143,1.646,0.5,Yi-Lax,0.694410692588092,-4359216081979441508
Yi_F2,2,F,Yi,Village 1,F2_ti55_02,48.352,585.316,536.964,5,i55,Vowel,i,Lax,Oral,55.0,1.0,High,55,Unaspirated,Oral,229.796,229.689,230.004,230.678,401.849,146.171,2727.198,162.277,3306.48,178.335,4488.031,627.455,478.585,2690.903,3278.526,4689.549,18.473,14.96,18.168,8.827,0.574,12.008,16.825,-1.349,10.376,15.894,7.472,9.42,0.305,6.132,17.594,-3.181,1.648,16.309,8.097,-0.935,11.001,5.539,2.608,54.688,60.717,61.888,58.316,32.063,0.0,high,0.611,0.603,0.682,0.57,-516.344,318.304,1003.732,315.825,0.599,1.476,0.274,Yi-Lax,0.405826558265583,1488086053177006076
Yi_F2,2,F,Yi,Village 2,f2_tl_be=_21_01,143.111,443.493,300.382,5,e=_21,Vowel,ə,Tense,Oral,21.0,2.0,Low,21,Unaspirated,Oral,210.753,210.603,213.663,212.249,522.203,242.27,1646.695,102.162,3518.032,941.502,3950.98,1184.715,572.101,1573.487,3599.942,5139.95,28.3,26.462,34.038,22.901,20.837,23.277,31.101,9.409,15.65,6.368,7.671,23.689,-5.738,3.561,13.201,-0.376,-2.801,17.064,12.65,20.094,20.629,2.773,74.243,31.216,28.583,30.955,31.971,24.617,0.0,low,0.534,0.485,0.558,0.481,-448.692,294.371,1125.147,292.087,1.117,1.807,0.618,Yi-Tense,0.618151632540122,1889633803356924466
Yi_F2,2,F,Yi,Village 2,f2_tl_be=_21_02,171.857,491.07,319.213,5,e=_21,Vowel,ə,Tense,Oral,21.0,2.0,Low,21,Unaspirated,Oral,203.649,203.603,205.77,204.551,428.116,241.693,1556.398,160.031,3359.316,782.644,3511.358,303.589,553.181,1442.838,3498.317,4961.658,26.155,23.826,31.259,13.974,17.988,23.293,31.258,10.887,10.169,2.747,5.678,23.655,-5.104,9.852,13.271,-9.319,-5.103,12.947,15.985,21.079,20.477,0.171,39.511,35.667,34.654,37.692,37.283,25.568,0.0,low,0.53,0.483,0.541,0.476,-467.347,333.191,1017.664,330.849,1.251,1.779,0.703,Yi-Tense,0.703204047217538,-3008231600452828432
Yi_F2,2,F,Yi,Village 2,f2_tl_cjie_21_01,282.208,611.919,329.711,5,ie_21,Vowel,ie,Tense,Oral,21.0,2.0,Low,21,Unaspirated,Oral,194.434,193.964,196.315,195.29,401.333,117.85,2794.498,562.058,3162.739,396.74,3628.222,474.864,465.184,2989.613,3375.176,5286.282,24.368,22.005,30.582,12.419,14.387,22.379,30.581,11.56,6.1,10.907,9.418,5.852,-6.214,9.586,16.195,-9.96,-6.213,10.445,18.268,11.098,14.95,16.153,20.176,32.29,39.774,41.731,36.619,27.97,0.762,low,0.549,0.473,0.517,0.48,-404.934,448.605,932.711,446.129,1.468,1.934,0.761,Yi-Tense,0.759048603929679,-8626827545865874812
Yi_F2,2,F,Yi,Village 2,f2_tl_cjie_21_02,284.455,589.854,305.399,5,ie_21,Vowel,ie,Tense,Oral,21.0,2.0,Low,21,Unaspirated,Oral,200.606,200.54,203.311,202.102,406.423,75.331,2753.789,490.086,2988.352,640.826,3488.96,612.134,454.001,2816.045,3262.704,5220.137,25.14,22.676,32.086,13.097,14.063,22.423,32.085,12.972,15.253,20.015,15.272,2.878,-6.946,9.58,18.023,-9.326,-6.945,9.705,9.887,2.661,9.869,19.799,27.906,37.253,42.755,43.857,37.891,28.859,0.64,low,0.532,0.46,0.504,0.466,-492.021,438.95,976.998,436.623,1.426,1.787,0.8,Yi-Tense,0.797985450475657,-7749528371652078688
Yi_F2,2,F,Yi,Village 2,f2_tl_de=_21_01,181.234,541.518,360.284,5,e=_21,Vowel,ə,Tense,Oral,21.0,2.0,Low,21,Unaspirated,Oral,198.308,198.086,200.452,199.624,550.351,236.613,1510.319,357.989,3117.534,1383.827,3707.066,313.774,549.87,1327.847,3675.483,5129.626,24.286,22.835,30.111,22.428,16.197,14.661,28.802,6.089,6.346,-6.07,-5.115,7.7,-5.825,0.407,13.915,7.767,-4.516,16.759,17.94,28.905,29.401,15.135,30.944,37.646,37.524,41.302,42.174,26.206,0.0,low,0.56,0.502,0.57,0.485,-363.074,362.704,953.38,360.249,1.071,2.16,0.5,Yi-Tense,0.495833333333333,1665755256956466118
Yi_F2,2,F,Yi,Village 2,f2_tl_de=_21_02,184.705,519.017,334.312,5,e=_21,Vowel,ə,Tense,Oral,21.0,2.0,Low,21,Unaspirated,Oral,203.763,203.67,206.043,204.571,604.84,207.059,1533.167,308.744,3150.676,847.835,3815.158,242.629,574.701,1377.838,3539.516,4986.674,26.168,24.998,31.952,26.27,19.577,14.24,33.096,9.286,10.487,-3.848,4.526,14.852,-5.784,-1.272,12.375,12.03,-6.928,15.73,15.681,28.847,21.642,10.146,53.121,38.336,36.036,37.96,37.537,26.135,0.0,low,0.549,0.488,0.559,0.504,-479.824,353.695,1167.378,351.219,1.2,1.942,0.619,Yi-Tense,0.617919670442842,-5876053521263316974
Yi_F2,2,F,Yi,Village 2,f2_tl_du_21_01,228.423,493.37,264.947,5,u_21,Vowel,u,Tense,Oral,21.0,2.0,Low,21,Unaspirated,Oral,194.512,194.307,197.987,195.218,404.739,112.29,1138.425,534.623,3513.979,165.933,4553.996,623.088,471.378,1247.062,3471.97,5110.217,28.296,25.76,33.849,15.12,19.834,23.604,33.848,13.879,12.162,2.31,-4.673,21.036,-5.553,10.641,14.015,-8.484,-5.552,11.907,16.135,23.45,32.969,4.724,42.138,20.939,22.816,27.178,28.926,22.409,0.782,low,0.583,0.492,0.58,0.532,-336.896,362.207,879.669,359.451,0.945,2.25,0.422,Yi-Tense,0.42,-1428501782787276918
Yi_F2,2,F,Yi,Village 2,f2_tl_du_21_02,180.638,444.217,263.579,5,u_21,Vowel,u,Tense,Oral,21.0,2.0,Low,21,Unaspirated,Oral,198.96,198.885,201.534,200.252,441.534,140.133,1150.713,811.461,3313.303,341.37,4592.132,976.124,507.198,1377.263,3233.934,5076.623,30.694,28.465,35.02,19.914,20.846,23.246,34.982,13.833,13.553,2.649,0.732,22.236,-4.326,8.551,14.175,-3.332,-4.287,14.655,17.141,25.816,29.963,6.228,66.98,30.758,32.386,33.403,32.534,24.356,0.937,low,0.533,0.467,0.51,0.479,-614.364,314.301,1303.743,311.89,1.27,1.791,0.709,Yi-Tense,0.709101060859855,-7119269244808510360
Yi_F2,2,F,Yi,Village 2,f2_tl_du21_01,279.737,527.148,247.411,5,u21,Vowel,u,Lax,Oral,21.0,2.0,Low,21,Unaspirated,Oral,185.55,185.671,188.319,186.97,456.993,135.152,1087.008,526.68,3167.401,447.93,4177.282,960.66,515.381,1324.694,3235.967,5031.711,28.171,26.395,31.591,21.668,18.614,17.433,21.954,-0.489,13.365,-0.28,-2.494,19.032,-3.419,4.727,12.977,4.236,6.217,26.919,14.807,26.676,30.666,7.363,36.07,22.793,24.636,26.996,27.389,21.44,0.0,low,0.575,0.487,0.539,0.515,-408.561,405.006,1150.929,402.229,1.411,2.261,0.626,Yi-Lax,0.62406015037594,2453452484845684664
Yi_F2,2,F,Yi,Village 2,f2_tl_dze=_33_01,365.322,670.279,304.957,5,e=_33,Vowel,ə,Tense,Oral,33.0,1.0,Mid,33,Unaspirated,Oral,226.419,226.413,227.161,227.946,460.968,125.319,1832.204,260.009,3098.839,1441.752,4054.954,413.292,543.394,1731.959,3779.306,4958.501,25.524,22.992,31.962,11.841,17.632,24.16,31.961,11.433,9.784,4.173,-1.703,3.547,-6.439,11.151,14.33,-12.319,-6.438,11.562,15.739,18.819,27.226,19.446,34.306,43.642,43.499,45.742,47.859,28.839,0.781,mid,0.528,0.482,0.563,0.481,-575.529,518.978,1158.65,516.856,1.088,1.541,0.706,Yi-Tense,0.706035042180402,748358967253324810
Yi_F2,2,F,Yi,Village 2,f2_tl_dze=_33_02,194.916,544.522,349.606,5,e=_33,Vowel,ə,Tense,Oral,33.0,1.0,Mid,33,Unaspirated,Oral,227.22,227.28,226.773,228.028,480.396,149.59,1029.907,1000.447,1860.312,654.332,3777.384,171.516,548.813,1600.439,3800.338,5064.617,25.62,23.061,30.496,11.846,15.259,11.337,30.495,8.339,11.732,-0.954,3.648,3.683,-4.876,11.215,15.237,0.51,-4.875,14.726,13.888,24.015,21.972,19.378,27.136,45.424,43.721,46.239,48.271,27.948,0.975,mid,0.505,0.466,0.529,0.459,-531.326,371.511,1062.966,369.49,1.193,1.519,0.786,Yi-Tense,0.785385121790652,-4447485547024351027
Yi_F2,2,F,Yi,Village 2,f2_tl_dze=33_01,313.732,676.186,362.454,5,e=33,Vowel,ə,Lax,Oral,33.0,1.0,Mid,33,Unaspirated,Oral,218.602,218.649,218.955,219.583,476.209,149.253,1561.466,177.91,2697.927,1672.498,3704.203,239.732,558.117,1522.731,3805.07,5147.633,26.018,23.773,32.551,16.611,19.939,24.115,32.549,11.326,16.272,7.297,-1.614,4.955,-6.533,7.162,12.611,-7.504,-6.532,12.451,9.746,16.477,27.632,18.818,41.641,46.878,43.275,47.151,48.491,29.256,0.893,mid,0.543,0.498,0.561,0.488,-705.029,496.467,1324.161,494.235,1.261,1.68,0.75,Yi-Lax,0.750595238095238,-1447199939321877352
Yi_F2,2,F,Yi,Village 2,f2_tl_dze=33_02,201.669,578.026,376.357,5,e=33,Vowel,ə,Lax,Oral,33.0,1.0,Mid,33,Unaspirated,Oral,218.776,218.811,218.817,219.583,449.076,130.309,813.036,615.994,1631.245,337.52,3714.899,146.832,536.948,1499.469,3749.181,5014.337,25.428,22.422,31.594,9.55,18.241,12.158,31.593,8.624,18.214,1.135,8.224,10.66,-6.166,12.872,13.354,-2.609,-6.165,13.806,7.214,21.287,17.204,11.762,31.908,47.208,44.244,46.597,46.249,28.166,0.847,mid,0.519,0.463,0.534,0.466,-566.357,391.041,1131.611,388.912,1.28,1.577,0.812,Yi-Lax,0.811667723525682,-7448415087856484677
Yi_F2,2,F,Yi,Village 2,f2_tl_dzu_21_01,274.901,522.566,247.665,5,u_21,Vowel,u,Tense,Oral,21.0,2.0,Low,21,Unaspirated,Oral,204.489,204.533,209.351,205.382,512.347,271.074,1488.321,551.929,2984.883,1315.806,4600.007,1072.192,634.085,1713.675,3555.822,4929.138,32.256,30.537,36.607,26.895,24.961,25.419,28.772,6.58,21.781,9.87,9.329,20.1,-4.351,3.642,11.646,1.476,3.484,23.967,10.474,20.667,22.927,10.438,139.524,26.195,24.605,25.825,26.2,25.988,0.0,low,0.544,0.478,0.551,0.511,-535.904,400.062,1349.594,397.556,1.137,1.892,0.602,Yi-Tense,0.600951374207188,8322084049731364619
Yi_F2,2,F,Yi,Village 2,f2_tl_dzu_21_02,332.482,609.265,276.783,5,u_21,Vowel,u,Tense,Oral,21.0,2.0,Low,21,Unaspirated,Oral,195.251,195.498,198.723,196.481,510.938,125.866,1005.64,743.354,3460.733,256.872,3978.323,394.139,553.341,1589.184,3651.59,4788.808,28.213,26.521,31.629,22.679,18.683,14.056,28.044,4.583,12.602,-3.798,4.214,27.294,-3.417,3.841,12.947,8.623,0.169,22.023,15.611,30.318,23.999,-0.773,41.06,22.918,24.337,26.228,26.151,21.643,0.0,low,0.581,0.509,0.563,0.512,-423.968,472.224,1050.335,469.59,1.223,2.132,0.58,Yi-Tense,0.573639774859287,-5715689344127702477
Yi_F2,2,F,Yi,Village 2,f2_tl_dzu_33_01,261.841,544.636,282.795,5,u_33,Vowel,u,Tense,Oral,33.0,1.0,Mid,33,Unaspirated,Oral,232.224,232.252,232.928,233.837,442.524,121.704,1569.471,457.488,3513.414,244.205,4406.918,369.8,478.608,1558.639,3578.968,4786.844,28.215,25.246,31.55,14.32,14.081,20.905,31.55,11.456,5.935,-1.178,-2.068,17.305,-3.335,10.926,17.469,-6.585,-3.335,13.801,22.28,26.425,30.283,7.941,32.007,32.083,35.193,37.401,38.966,24.217,0.779,mid,0.5,0.43,0.527,0.306,-475.774,403.344,1086.582,402.025,0.933,1.514,0.619,Yi-Tense,0.616248348745046,5030469112474644845
Yi_F2,2,F,Yi,Village 2,f2_tl_dzu_33_02,316.915,632.967,316.052,5,u_33,Vowel,u,Tense,Oral,33.0,1.0,Mid,33,Unaspirated,Oral,216.372,216.385,214.882,216.927,464.063,138.78,1254.229,254.574,3473.397,172.619,4341.462,378.188,539.351,1345.174,3554.601,4858.821,28.241,25.895,30.461,13.968,13.378,15.264,30.459,8.909,12.841,0.995,1.731,24.429,-2.219,11.927,17.083,-1.296,-2.217,17.017,15.401,24.899,26.51,1.465,28.594,28.512,28.541,30.474,30.342,22.943,0.0,mid,0.453,0.398,0.46,0.382,-548.071,476.254,1165.216,474.49,1.184,1.367,0.868,Yi-Tense,0.86613021214338,-6515810227818707636
Yi_F2,2,F,Yi,Village 2,f2_tl_dzu21_01,268.758,429.512,160.754,5,u21,Vowel,u,Lax,Oral,21.0,2.0,Low,21,Unaspirated,Oral,206.12,206.242,211.735,207.592,485.376,127.829,1477.419,603.577,3257.086,311.683,4133.636,659.215,525.769,1629.205,3479.808,4881.375,27.339,25.356,30.182,17.56,14.868,18.111,28.796,7.302,8.215,-0.578,0.451,13.881,-2.844,7.796,15.314,-0.551,-1.458,18.062,19.124,25.934,26.887,11.476,24.304,24.87,25.652,25.991,24.957,20.204,0.0,low,0.577,0.489,0.539,0.503,-433.965,351.35,1043.127,348.907,1.305,1.935,0.676,Yi-Lax,0.674418604651163,-6997545216548818117
Yi_F2,2,F,Yi,Village 2,f2_tl_dzu21_02,239.267,425.413,186.146,5,u21,Vowel,u,Lax,Oral,21.0,2.0,Low,21,Unaspirated,Oral,202.85,202.827,206.328,204.206,472.298,165.439,1716.032,414.266,3163.262,437.387,4353.03,613.653,516.916,1840.861,3246.748,4814.844,28.418,26.584,31.049,19.893,15.77,18.795,28.442,6.893,10.143,2.107,4.271,16.566,-2.631,6.691,15.279,1.098,-0.023,19.696,18.275,24.477,24.147,10.017,30.236,22.436,25.332,24.762,23.623,22.165,0.0,low,0.548,0.48,0.535,0.466,-546.621,333.251,1318.144,330.951,1.212,1.853,0.658,Yi-Lax,0.654074473826228,-3172388902417421593
Yi_F2,2,F,Yi,Village 2,f2_tl_dzu33_01,260.671,502.92,242.249,5,u33,Vowel,u,Lax,Oral,33.0,1.0,Mid,33,Unaspirated,Oral,209.723,209.877,210.959,207.136,307.077,146.173,1443.097,326.526,3337.273,195.886,4362.203,306.836,939.245,2580.31,4022.488,4583.953,30.575,25.625,27.255,24.327,12.938,24.933,17.449,2.66,13.559,11.097,6.999,31.318,3.321,1.298,14.317,-0.605,13.126,22.97,17.017,14.528,23.576,-5.693,22.861,21.585,24.328,24.51,24.643,22.802,0.0,mid,0.361,0.342,0.392,0.295,-968.597,382.647,1667.863,381.241,0.957,1.05,0.913,Yi-Lax,0.911428571428571,2511392119674500031
Yi_F2,2,F,Yi,Village 2,f2_tl_dzu33_02,230.139,504.512,274.373,5,u33,Vowel,u,Lax,Oral,33.0,1.0,Mid,33,Unaspirated,Oral,225.752,225.645,226.435,227.137,434.15,128.187,1511.082,309.175,3493.418,223.841,4320.065,397.473,476.153,1565.18,3649.09,4825.195,28.889,26.035,30.657,11.89,11.193,17.556,30.657,10.523,10.008,2.435,-0.177,19.604,-1.769,14.146,19.464,-5.666,-1.768,15.524,18.881,23.6,29.065,6.431,28.819,34.54,34.985,36.624,36.249,23.359,0.0,mid,0.465,0.424,0.49,0.386,-664.101,368.745,1323.065,367.034,0.989,1.283,0.772,Yi-Lax,0.770849571317225,3192769479886661657
Yi_F2,2,F,Yi,Village 2,f2_tl_ge=_21_01,251.02,614.89,363.87,5,e=_21,Vowel,ə,Tense,Oral,21.0,2.0,Low,21,Unaspirated,Oral,212.839,212.384,215.681,214.627,461.567,190.018,705.684,431.636,1501.855,59.848,3495.936,370.411,548.803,1465.128,3662.776,5212.418,27.417,24.517,34.092,14.177,19.53,15.835,34.075,9.799,25.698,6.501,19.498,19.952,-6.675,10.34,14.562,-1.658,-6.658,14.729,1.719,18.016,7.919,4.565,59.782,37.139,34.039,38.399,39.974,26.613,0.493,low,0.558,0.504,0.587,0.506,-455.325,434.343,1169.834,431.958,1.193,1.916,0.629,Yi-Tense,0.622651356993737,-2325422476469496825
Yi_F2,2,F,Yi,Village 2,f2_tl_ge=_21_02,225.467,562.208,336.741,5,e=_21,Vowel,ə,Tense,Oral,21.0,2.0,Low,21,Unaspirated,Oral,210.631,210.633,212.764,211.263,422.58,123.359,1472.594,69.464,3213.663,909.108,3513.118,616.393,509.968,1426.535,3497.13,5014.74,27.907,25.224,34.597,14.88,19.979,25.987,34.596,14.677,17.027,9.314,1.1,19.567,-6.69,10.344,14.618,-11.107,-6.689,10.555,10.879,15.91,26.806,5.657,58.471,37.203,35.798,40.359,40.493,24.581,0.803,low,0.542,0.484,0.538,0.49,-551.429,395.58,1195.81,393.25,1.359,1.756,0.773,Yi-Tense,0.773917995444191,-7081026202178822242
Yi_F2,2,F,Yi,Village 2,f2_tl_ge=21_01,151.642,508.613,356.971,5,e=21,Vowel,ə,Lax,Oral,21.0,2.0,Low,21,Unaspirated,Oral,203.454,203.202,205.878,204.13,431.324,158.925,710.62,472.419,1402.15,91.995,3513.458,185.263,522.934,1350.671,3568.378,5009.011,28.112,25.146,33.794,13.075,19.622,16.155,33.793,10.664,22.6,4.653,17.526,17.122,-5.682,12.071,14.171,-3.08,-5.681,14.488,5.512,20.494,10.586,8.024,57.301,39.412,36.382,40.596,40.495,26.097,0.557,low,0.491,0.429,0.479,0.435,-596.818,331.682,1224.983,329.538,1.59,1.594,0.997,Yi-Lax,0.997490589711418,2090102690585124256
Yi_F2,2,F,Yi,Village 2,f2_tl_gu_21_01,24.641,297.927,273.286,5,u_21,Vowel,u,Tense,Oral,21.0,2.0,Low,21,Unaspirated,Oral,211.027,210.632,213.151,211.97,444.522,171.821,1509.484,555.352,2206.94,747.133,3773.608,877.942,548.754,1256.438,3416.384,5190.464,32.067,29.771,37.287,20.729,23.892,28.254,37.285,16.339,10.289,1.392,6.679,4.343,-5.22,9.042,13.395,-7.524,-5.218,13.434,21.778,28.379,25.388,25.428,108.553,30.335,30.518,33.41,34.357,27.827,0.889,low,0.533,0.478,0.548,0.456,-554.351,162.587,1467.265,160.417,1.07,1.887,0.568,Yi-Tense,0.567037625861155,2924921820941338129
Yi_F2,2,F,Yi,Village 2,f2_tl_gu_21_02,143.588,408.621,265.033,5,u_21,Vowel,u,Tense,Oral,21.0,2.0,Low,21,Unaspirated,Oral,204.513,204.424,206.002,204.785,437.252,111.679,986.373,137.645,1954.864,595.556,3391.216,285.085,528.279,1074.1,3363.697,5079.402,29.925,27.369,34.938,16.812,23.637,21.611,34.937,13.35,24.139,10.453,3.86,9.224,-5.012,10.557,11.3,-4.799,-5.011,14.025,5.787,16.916,26.065,18.145,71.234,27.895,28.415,32.698,34.375,24.121,0.318,low,0.564,0.495,0.568,0.503,-487.77,277.24,1374.992,274.778,1.04,2.041,0.513,Yi-Tense,0.509554140127389,6081874211815364918
Yi_F2,2,F,Yi,Village 2,f2_tl_hle=_21_01,307.873,605.985,298.112,5,e=_21,Vowel,ə,Tense,Oral,21.0,2.0,Low,21,Unaspirated,Oral,202.722,202.891,206.161,203.859,512.351,248.415,1511.062,361.555,3245.002,1141.488,3689.323,235.387,567.329,1386.022,3681.733,4996.749,26.248,24.62,30.606,21.554,18.373,18.76,26.77,4.545,8.291,-2.964,0.91,16.195,-4.358,3.066,12.233,2.794,-0.522,20.089,17.957,27.584,25.338,8.425,37.831,35.901,34.757,37.507,38.223,25.232,0.0,low,0.532,0.464,0.509,0.462,-533.162,458.381,1067.122,456.1,1.545,1.733,0.893,Yi-Tense,0.891517599538373,4581126675984798412
Yi_F2,2,F,Yi,Village 2,f2_tl_hle=_21_02,261.497,625.063,363.566,5,e=_21,Vowel,ə,Tense,Oral,21.0,2.0,Low,21,Unaspirated,Oral,198.232,198.13,200.711,199.808,539.828,169.975,1403.091,656.964,2827.916,963.229,3785.847,185.965,559.446,1265.07,3712.452,5163.406,24.705,23.247,29.38,21.845,17.127,14.808,29.566,6.58,7.37,-6.541,-3.303,7.244,-4.675,1.402,12.253,7.037,-4.861,16.681,17.334,29.788,28.008,16.003,27.384,35.973,35.52,39.595,40.585,25.286,0.0,low,0.555,0.499,0.561,0.471,-371.636,444.772,883.551,442.385,1.173,2.091,0.573,Yi-Tense,0.560975609756098,2262956137585294759
Yi_F2,2,F,Yi,Village 2,f2_tl_jie_33_01,235.368,572.204,336.836,5,ie_33,Vowel,ie,Tense,Oral,33.0,1.0,Mid,33,Unaspirated,Oral,240.161,240.161,239.859,248.964,475.903,20.942,3096.11,221.797,3405.102,1316.208,3632.289,1606.624,480.523,3113.97,3473.649,5072.191,23.844,21.25,31.623,11.608,8.313,16.97,31.622,11.41,14.839,20.104,14.865,7.787,-7.779,9.642,23.31,-5.363,-7.778,9.84,9.005,1.146,8.979,13.463,29.162,44.24,51.426,54.655,49.165,29.591,0.406,mid,0.478,0.4,0.523,0.263,-371.098,404.002,782.445,402.906,0.808,1.069,0.445,Yi-Tense,0.755846585594013,3110129693886467352
Yi_F2,2,F,Yi,Village 2,f2_tl_jie33_02,229.471,577.62,348.149,5,ie33,Vowel,ie,Lax,Oral,33.0,1.0,Mid,33,Unaspirated,Oral,224.078,224.222,221.876,223.718,448.698,44.76,2638.064,413.781,3081.408,181.438,3883.491,1102.153,469.616,2789.009,3220.184,5195.151,24.899,22.357,32.89,13.0,12.57,20.859,32.889,12.988,12.341,14.944,15.035,9.761,-7.991,9.357,20.32,-7.859,-7.99,9.37,12.558,7.413,9.864,12.596,34.589,43.133,46.525,48.036,41.561,28.922,0.531,mid,0.48,0.406,0.48,0.409,-457.432,404.558,886.862,402.735,1.186,1.386,0.856,Yi-Lax,0.855699855699856,5260011586246645910
Yi_F2,2,F,Yi,Village 2,f2_tl_khu21_01,250.801,466.846,216.045,5,u21,Vowel,u,Lax,Oral,21.0,2.0,Low,21,Aspirated,Oral,197.598,197.814,201.327,198.581,437.142,98.371,1043.486,258.799,3377.579,294.3,4689.373,390.039,567.787,1093.544,3382.88,4907.018,25.365,23.12,33.516,18.973,20.284,19.722,33.399,11.591,22.794,9.346,-1.925,23.386,-8.151,4.147,13.232,-0.75,-8.034,11.578,2.571,13.774,27.29,-0.266,46.209,13.815,16.158,22.697,25.315,22.847,0.851,low,0.559,0.493,0.554,0.509,-578.356,359.957,1361.144,357.385,1.164,1.977,0.594,Yi-Lax,0.588770864946889,5501065647163131793
Yi_F2,2,F,Yi,Village 2,f2_tl_khu21_02,233.71,431.708,197.998,5,u21,Vowel,u,Lax,Oral,21.0,2.0,Low,21,Aspirated,Oral,191.953,192.074,194.607,192.157,453.145,129.209,1073.22,229.632,3423.845,240.873,4611.142,949.47,516.702,1157.952,3333.818,5060.384,27.91,26.002,32.615,21.585,20.085,18.818,27.838,5.397,20.375,6.3,-1.667,22.365,-4.705,4.417,12.53,2.767,0.073,20.653,7.535,19.701,29.578,3.636,40.444,23.958,24.577,30.587,32.239,25.104,0.0,low,0.563,0.493,0.544,0.51,-463.398,334.086,1136.976,331.427,1.418,2.117,0.673,Yi-Lax,0.669815777042985,-8276453306276814544
Yi_F2,2,F,Yi,Village 2,f2_tl_ko_33_01,114.499,463.701,349.202,5,o_33,Vowel,o,Tense,Oral,33.0,1.0,Mid,33,Unaspirated,Oral,220.748,220.788,221.162,219.868,448.451,78.981,812.425,126.797,3748.176,199.273,4670.83,1113.172,485.257,816.985,3819.492,5518.176,24.165,21.097,32.632,10.138,19.981,14.984,32.631,10.002,19.826,2.797,-5.453,28.8,-8.467,10.959,12.652,-4.846,-8.466,11.403,4.339,18.301,29.618,-7.702,38.523,30.317,33.566,44.606,48.399,24.147,0.705,mid,0.57,0.475,0.53,0.475,-450.122,290.246,976.628,288.091,1.291,1.647,0.784,Yi-Tense,0.783849423193685,-5555891683738830895
Yi_F2,2,F,Yi,Village 2,f2_tl_ko_33_02,126.922,501.126,374.204,5,o_33,Vowel,o,Tense,Oral,33.0,1.0,Mid,33,Unaspirated,Oral,220.919,220.968,221.132,219.971,460.607,74.272,856.072,57.92,3477.056,347.597,4140.822,734.625,491.352,855.965,3820.076,5106.622,23.799,20.924,31.894,10.955,23.412,11.302,31.893,9.096,23.411,6.661,-6.526,23.91,-8.095,9.97,8.482,-0.348,-8.094,12.022,0.388,14.263,30.325,-2.986,35.187,34.563,36.59,47.233,49.569,25.423,0.65,mid,0.55,0.482,0.543,0.477,-445.025,315.381,977.039,313.223,1.252,1.684,0.744,Yi-Tense,0.743467933491686,5201203572389664921
Yi_F2,2,F,Yi,Village 2,f2_tl_ko33_02,137.87,496.15,358.28,5,o33,Vowel,o,Lax,Oral,33.0,1.0,Mid,33,Unaspirated,Oral,211.397,211.316,212.105,211.712,414.976,52.644,844.525,34.867,3308.02,165.441,4387.123,682.247,445.071,855.104,3425.628,4990.164,23.852,20.718,31.126,10.102,24.127,9.415,31.125,9.837,24.126,9.337,-7.587,22.763,-7.275,10.616,6.999,0.687,-7.274,10.998,-0.274,11.381,31.439,-2.045,25.999,38.393,40.634,46.122,46.213,24.416,0.478,mid,0.51,0.416,0.484,0.32,-503.457,317.973,1193.586,316.458,1.443,1.666,0.867,Yi-Lax,0.866146458583433,374882265483913350
Yi_F2,2,F,Yi,Village 2,f2_tl_le=_21_01,222.892,520.034,297.142,5,e=_21,Vowel,ə,Tense,Oral,21.0,2.0,Low,21,Unaspirated,Oral,210.746,210.936,212.756,212.16,424.9,156.769,1473.961,87.157,3246.101,1030.841,3686.56,108.482,526.293,1411.336,3693.176,5031.583,26.416,23.874,32.336,13.025,18.291,23.77,32.335,12.07,14.693,6.611,3.929,22.755,-5.92,10.849,14.045,-10.745,-5.919,11.815,11.724,17.263,22.487,1.119,36.842,36.552,35.65,40.352,41.918,25.864,0.961,low,0.559,0.505,0.571,0.485,-465.63,372.29,1117.378,369.99,1.24,1.862,0.672,Yi-Tense,0.665950590762621,-2420286391772677518
Yi_F2,2,F,Yi,Village 2,f2_tl_le=_21_02,190.078,445.6,255.522,5,e=_21,Vowel,ə,Tense,Oral,21.0,2.0,Low,21,Unaspirated,Oral,221.57,221.613,223.131,222.568,746.682,324.934,1525.054,75.365,3366.685,892.343,3572.569,183.831,535.035,1473.028,3577.895,4912.251,26.32,25.326,31.1,26.541,17.3,5.917,24.765,-1.054,14.302,-4.322,6.014,14.536,-4.78,-1.215,13.8,20.624,1.554,26.419,12.018,29.648,20.306,10.79,30.429,35.254,32.269,37.149,37.003,24.823,0.951,low,0.55,0.487,0.56,0.492,-450.632,319.365,1033.15,317.144,1.325,1.7,0.783,Yi-Tense,0.779411764705882,3888655499838784563
Yi_F2,2,F,Yi,Village 2,f2_tl_li_33_01,407.014,784.644,377.63,5,i_33,Vowel,i,Tense,Oral,33.0,1.0,Mid,33,Unaspirated,Oral,235.156,235.153,235.387,235.283,458.569,41.077,1999.428,1181.253,2809.238,46.953,3738.88,199.013,462.944,2783.652,3700.197,5305.167,27.113,24.361,31.501,12.415,8.491,16.382,31.501,11.316,-0.872,-3.897,11.958,13.479,-4.388,11.945,23.011,-3.967,-4.388,13.047,27.985,28.258,15.155,10.882,31.624,38.571,46.928,48.99,44.407,27.364,0.613,mid,0.514,0.427,0.574,0.233,-514.778,595.573,1269.394,594.584,0.686,1.611,0.427,Yi-Tense,0.425822470515208,-6385850656991084920
Yi_F2,2,F,Yi,Village 2,f2_tl_li_33_02,310.74,689.383,378.643,5,i_33,Vowel,i,Tense,Oral,33.0,1.0,Mid,33,Unaspirated,Oral,226.808,226.783,226.482,228.028,440.433,49.083,1951.415,752.497,2834.969,140.954,3847.106,448.358,467.388,2754.552,3348.52,5227.844,27.484,24.702,33.456,15.084,13.053,21.128,33.456,13.621,6.07,3.087,10.543,14.444,-5.972,9.617,20.403,-6.043,-5.972,11.082,21.414,21.615,16.941,10.258,42.763,35.123,41.817,44.248,42.518,27.227,0.484,mid,0.516,0.442,0.553,0.403,-503.972,501.28,1289.658,499.499,0.81,1.635,0.495,Yi-Tense,0.495412844036697,-2726754171566118654
Yi_F2,2,F,Yi,Village 2,f2_tl_li33_01,114.016,582.411,468.395,5,i33,Vowel,i,Lax,Oral,33.0,1.0,Mid,33,Unaspirated,Oral,219.581,219.527,219.378,219.583,330.821,118.523,2393.024,739.173,2781.029,363.59,3545.105,167.977,361.389,2681.337,3515.217,4878.414,29.561,24.557,24.179,22.057,5.15,19.45,16.236,1.286,7.59,13.342,9.764,7.63,5.382,2.5,19.028,2.608,13.325,23.271,21.97,11.215,19.797,16.927,18.256,26.425,35.024,36.618,33.405,25.632,0.0,mid,0.379,0.363,0.418,0.309,-896.49,349.864,1635.731,348.456,1.095,1.135,0.965,Yi-Lax,0.964757709251101,-1303282015824185900
Yi_F2,2,F,Yi,Village 2,f2_tl_li33_02,203.661,554.672,351.011,5,i33,Vowel,i,Lax,Oral,33.0,1.0,Mid,33,Unaspirated,Oral,222.163,221.9,221.623,219.583,399.606,99.184,2475.76,1780.51,2727.354,152.597,3559.293,217.984,423.376,2707.665,3501.802,4839.257,29.96,26.695,29.47,18.093,8.554,19.246,29.245,10.955,14.559,18.437,15.075,2.825,0.49,8.602,20.916,-1.153,0.715,15.741,15.402,8.258,14.886,23.87,29.816,33.934,40.254,43.556,39.353,27.543,0.0,mid,0.377,0.359,0.42,0.299,-764.233,380.313,1485.577,378.966,0.979,1.197,0.818,Yi-Lax,0.817878028404344,2009800632568614911
Yi_F2,2,F,Yi,Village 2,f2_tl_lo_21_01,205.477,491.109,285.632,5,o_21,Vowel,o,Tense,Oral,21.0,2.0,Low,21,Unaspirated,Oral,198.113,197.865,198.848,198.336,489.069,195.559,797.753,188.746,3663.619,303.341,3996.464,967.263,631.941,710.13,3740.493,5429.592,22.85,20.695,27.852,15.786,23.951,5.348,23.203,-1.238,23.95,4.366,-3.459,28.491,-5.002,4.909,3.901,10.439,-0.352,22.29,-1.1,16.329,26.31,-7.796,23.728,30.169,32.334,42.293,44.457,23.641,0.0,low,0.542,0.469,0.503,0.458,-513.978,349.711,1067.138,347.395,1.494,1.818,0.823,Yi-Tense,0.821782178217822,-7037128872836490442
Yi_F2,2,F,Yi,Village 2,f2_tl_lo_21_02,207.881,472.673,264.792,5,o_21,Vowel,o,Tense,Oral,21.0,2.0,Low,21,Unaspirated,Oral,199.761,199.594,201.017,200.915,507.81,187.736,802.062,152.973,3599.671,99.231,3998.156,343.817,671.007,3499.174,5243.876,5472.173,23.763,21.75,29.09,18.356,27.013,6.448,23.819,-1.212,27.012,6.175,3.13,33.501,-5.327,3.394,2.076,11.908,-0.056,23.358,-3.249,15.575,20.633,-11.751,36.61,34.793,35.632,44.946,47.079,26.067,0.0,low,0.542,0.465,0.513,0.472,-528.852,341.406,1204.081,339.038,1.484,1.852,0.802,Yi-Tense,0.801295896328294,4455127195366642828
Yi_F2,2,F,Yi,Village 2,f2_tl_lo21_01,225.467,532.019,306.552,5,o21,Vowel,o,Lax,Oral,21.0,2.0,Low,21,Unaspirated,Oral,195.476,195.102,197.266,196.44,431.52,154.306,781.197,135.309,3609.426,329.257,4191.493,558.488,541.999,727.773,3721.117,4739.659,22.683,19.971,28.508,10.221,22.77,6.895,28.421,6.338,22.719,6.315,-6.398,27.686,-5.825,9.75,5.738,3.326,-5.738,13.86,-0.036,13.656,29.081,-7.715,18.515,32.942,36.159,44.067,45.162,23.765,0.847,low,0.547,0.474,0.509,0.479,-498.181,380.011,1037.068,377.552,1.553,1.859,0.835,Yi-Lax,0.835395373856912,3454521575795085147
Yi_F2,2,F,Yi,Village 2,f2_tl_lo21_02,213.56,530.662,317.102,5,o21,Vowel,o,Lax,Oral,21.0,2.0,Low,21,Unaspirated,Oral,196.512,196.288,198.633,197.36,568.937,211.21,909.982,206.285,3695.596,142.82,4279.199,433.518,567.884,733.441,3771.433,5646.197,22.691,21.018,27.979,19.333,23.834,11.988,29.027,3.7,20.602,-0.103,-1.454,26.245,-5.288,1.685,4.145,7.345,-6.336,17.622,2.089,21.121,24.145,-5.227,25.825,31.385,34.017,44.71,47.027,25.391,0.0,low,0.532,0.475,0.519,0.467,-479.331,373.418,1033.065,371.037,1.302,1.872,0.697,Yi-Lax,0.69551282051282,-2825303610397529567
Yi_F2,2,F,Yi,Village 2,f2_tl_lu_21_01,199.373,410.942,211.569,5,u_21,Vowel,u,Tense,Oral,21.0,2.0,Low,21,Unaspirated,Oral,203.755,203.305,206.151,204.242,462.936,147.042,1246.769,164.453,3423.441,242.948,4367.152,1379.383,511.438,1222.666,3531.992,4897.586,28.804,26.666,33.996,20.057,20.144,22.132,33.749,12.162,19.704,8.199,-1.138,20.227,-5.191,6.609,13.852,-2.075,-4.944,14.528,9.101,18.468,29.943,6.439,58.429,30.091,28.968,34.167,35.321,24.393,0.939,low,0.509,0.445,0.495,0.437,-456.314,306.385,1033.214,304.233,1.368,1.698,0.807,Yi-Tense,0.80565371024735,8190307576294580178
Yi_F2,2,F,Yi,Village 2,f2_tl_lu_21_02,252.5,485.108,232.608,5,u_21,Vowel,u,Tense,Oral,21.0,2.0,Low,21,Unaspirated,Oral,196.249,196.227,198.459,197.183,541.257,112.893,1376.931,140.016,3433.657,251.622,4345.956,915.63,557.622,1355.811,3575.53,5020.184,28.46,27.046,32.922,25.687,19.908,17.352,34.597,11.587,20.545,6.672,2.966,19.956,-4.463,1.359,13.014,8.335,-6.138,15.485,7.915,20.374,25.494,7.09,74.758,30.316,30.329,35.662,36.913,26.613,0.0,low,0.503,0.434,0.483,0.434,-468.807,369.899,1112.337,367.684,1.401,1.779,0.788,Yi-Tense,0.78752107925801,-2325422476469496825
Yi_F2,2,F,Yi,Village 2,f2_tl_mu_33_02,205.97,498.536,292.566,5,u_33,Vowel,u,Tense,Oral,33.0,1.0,Mid,33,Unaspirated,Nasal,211.796,212.021,211.545,206.898,277.645,191.783,1267.319,61.611,3188.233,116.367,4127.287,202.232,1262.591,3235.39,4237.56,4235.411,32.579,25.369,21.705,23.931,15.528,28.967,29.006,17.044,23.099,21.514,1.73,30.395,10.873,1.438,6.177,-5.036,3.573,8.331,9.48,3.856,30.849,-5.026,33.569,34.606,34.977,38.268,38.625,26.528,0.0,mid,0.358,0.333,0.387,0.246,-818.05,352.348,1417.549,351.187,1.031,1.04,0.994,Yi-Tense,0.991346153846154,-3776839715679082638
Yi_F2,2,F,Yi,Village 2,f2_tl_mu33_02,251.904,499.915,248.011,5,u33,Vowel,u,Lax,Oral,33.0,1.0,Mid,33,Unaspirated,Nasal,214.557,214.642,214.946,214.595,425.603,172.142,1266.436,121.489,3204.542,98.544,4169.635,327.906,457.122,1260.394,3329.418,4657.173,29.748,26.982,29.435,9.517,12.818,16.925,29.434,9.112,20.809,10.806,4.357,25.433,0.313,17.466,16.617,-7.409,0.314,17.887,8.939,16.176,25.391,1.549,34.952,39.145,37.279,41.641,41.4,26.417,0.0,mid,0.423,0.378,0.453,0.303,-591.2,376.829,1298.516,375.418,1.151,1.277,0.904,Yi-Lax,0.901331245105717,-2865817461460562531
Yi_F2,2,F,Yi,Village 2,f2_tl_ne=_33_01,180.584,507.404,326.82,5,e=_33,Vowel,ə,Tense,Oral,33.0,1.0,Mid,33,Unaspirated,Nasal,227.082,227.076,226.827,228.028,489.007,151.223,953.824,1037.999,1623.13,551.179,3861.116,365.198,571.039,1514.239,3898.8,4970.033,25.469,22.798,31.154,12.568,17.686,3.053,31.153,7.97,17.58,0.932,8.704,6.454,-5.685,10.23,13.468,9.514,-5.684,14.833,7.889,21.866,16.765,16.344,31.679,48.766,46.176,50.595,53.892,29.385,0.971,mid,0.5,0.439,0.541,0.462,-508.871,345.381,1218.903,343.346,1.058,1.503,0.704,Yi-Tense,0.703925482368596,-7364539235967996376
Yi_F2,2,F,Yi,Village 2,f2_tl_ne=_33_02,247.275,619.079,371.804,5,e=_33,Vowel,ə,Tense,Oral,33.0,1.0,Mid,33,Unaspirated,Nasal,221.643,221.629,221.626,222.363,519.546,176.345,1026.531,1170.155,1679.674,548.304,3966.551,307.814,593.614,1546.995,3955.17,5077.033,25.359,23.103,30.495,17.209,17.501,6.943,28.784,4.753,16.603,-1.615,10.042,6.745,-5.136,5.894,12.993,10.267,-3.426,18.358,8.756,24.718,15.317,16.358,32.023,55.749,50.627,52.53,51.786,29.88,0.0,mid,0.495,0.45,0.531,0.449,-520.595,434.4,1135.71,432.373,1.056,1.528,0.691,Yi-Tense,0.691099476439791,2090916705993498450
Yi_F2,2,F,Yi,Village 2,f2_tl_ne=33_01,398.936,722.798,323.862,5,e=33,Vowel,ə,Lax,Oral,33.0,1.0,Mid,33,Unaspirated,Nasal,228.139,228.11,228.289,228.028,532.745,153.056,1386.309,263.631,3666.053,342.454,4545.083,656.336,598.124,1434.727,3823.664,4978.195,25.784,23.791,31.086,18.938,17.736,18.579,29.634,7.494,17.987,5.379,0.707,20.746,-5.302,4.853,13.35,0.358,-3.85,16.33,7.797,18.412,25.077,3.045,35.172,51.479,47.361,52.055,53.257,31.016,0.0,mid,0.495,0.447,0.533,0.454,-605.554,561.929,1291.915,559.94,1.127,1.464,0.77,Yi-Lax,0.769808743169399,9074763737250984152
Yi_F2,2,F,Yi,Village 2,f2_tl_ne=33_02,233.454,563.446,329.992,5,e=33,Vowel,ə,Lax,Oral,33.0,1.0,Mid,33,Unaspirated,Nasal,226.707,226.739,225.993,227.278,491.451,182.138,1507.997,349.643,2443.336,1719.305,3673.333,185.37,580.433,1456.12,3680.337,5000.438,25.56,23.284,30.526,14.357,17.434,21.099,30.525,9.079,13.933,4.058,-1.367,1.491,-4.966,8.928,13.092,-6.742,-4.965,14.209,11.626,19.226,26.927,21.793,30.363,48.267,43.584,46.111,47.109,29.023,0.0,mid,0.48,0.423,0.519,0.442,-461.913,399.892,1100.926,397.945,1.083,1.459,0.742,Yi-Lax,0.742289239204935,7283461097278446430
Yi_F2,2,F,Yi,Village 2,f2_tl_no_21_01,361.434,645.262,283.828,5,o_21,Vowel,o,Tense,Oral,21.0,2.0,Low,21,Unaspirated,Nasal,193.631,193.441,195.947,194.474,544.309,123.159,946.38,93.241,3665.944,363.728,4348.612,602.857,554.34,919.982,3726.731,5324.136,22.991,21.459,28.392,20.815,22.873,13.476,30.538,5.531,21.49,1.608,-4.865,20.999,-5.401,0.644,5.52,7.339,-7.548,16.13,1.5,19.851,27.855,0.46,27.484,31.371,31.534,40.367,41.526,23.794,0.0,low,0.55,0.472,0.517,0.489,-473.512,505.101,1079.768,502.569,1.519,1.997,0.761,Yi-Tense,0.760640961442163,-1034664695756990220
Yi_F2,2,F,Yi,Village 2,f2_tl_no_21_02,188.253,489.656,301.403,5,o_21,Vowel,o,Tense,Oral,21.0,2.0,Low,21,Unaspirated,Nasal,190.464,190.21,191.293,190.87,538.235,71.003,951.164,32.133,3630.826,282.923,4192.383,262.605,548.228,953.936,3828.41,4476.094,24.391,22.87,27.951,20.418,21.275,12.524,32.197,7.417,27.882,8.449,-4.848,21.64,-3.561,2.452,6.677,7.894,-7.806,15.644,-3.492,14.421,29.238,1.23,40.249,37.068,35.216,43.196,44.479,24.613,0.0,low,0.517,0.436,0.474,0.445,-513.388,340.847,1186.515,338.51,1.637,1.846,0.89,Yi-Tense,0.886782231852654,5482834237993944351
Yi_F2,2,F,Yi,Village 2,f2_tl_nu_21_01,242.038,509.109,267.071,5,u_21,Vowel,u,Tense,Oral,21.0,2.0,Low,21,Unaspirated,Nasal,217.958,217.863,217.757,219.583,374.227,127.544,1389.641,175.571,3207.634,217.951,4340.28,214.265,1323.278,3318.332,4540.406,4680.874,28.996,25.073,29.097,21.097,13.804,22.871,25.572,8.211,17.952,12.454,3.685,24.913,-0.1,3.977,15.292,-1.774,3.424,16.87,11.044,12.619,25.311,0.161,27.526,17.454,23.038,28.563,30.514,26.47,0.0,low,0.358,0.335,0.394,0.279,-1025.36,376.067,1663.167,374.788,0.899,0.945,0.952,Yi-Tense,0.951322751322751,-6936160036699007490
Yi_F2,2,F,Yi,Village 2,f2_tl_nu_21_02,243.425,546.101,302.676,5,u_21,Vowel,u,Tense,Oral,21.0,2.0,Low,21,Unaspirated,Nasal,216.663,216.538,216.965,219.505,297.226,198.246,1585.5,240.984,3217.079,186.831,4330.044,543.228,405.019,1529.649,3359.05,4953.231,30.113,23.271,22.717,24.543,11.321,26.487,24.618,12.019,11.071,11.932,-0.673,22.372,7.395,-1.273,11.396,-1.944,5.495,11.254,19.042,11.339,30.786,0.898,19.197,28.699,32.482,36.603,37.815,27.532,0.0,low,0.37,0.327,0.399,0.189,-713.809,394.817,1253.765,393.947,1.008,1.078,0.939,Yi-Tense,0.935064935064935,-9000794028327626171
Yi_F2,2,F,Yi,Village 2,f2_tl_pe=_21_01,103.996,428.296,324.3,5,e=_21,Vowel,ə,Tense,Oral,21.0,2.0,Low,21,Unaspirated,Oral,198.861,198.861,201.117,200.342,548.576,201.84,1406.675,193.775,3291.35,948.046,3603.279,166.602,558.731,1319.641,3584.709,5155.317,27.739,26.276,32.838,25.215,20.372,18.457,32.87,10.025,13.159,-0.222,3.945,19.641,-5.099,1.062,12.466,6.758,-5.131,16.271,14.579,26.498,23.793,6.635,67.87,31.211,29.235,33.635,33.933,25.848,0.0,low,0.517,0.461,0.511,0.45,-464.619,268.089,1103.845,265.821,1.46,1.844,0.795,Yi-Tense,0.79175704989154,8878722228974821846
Yi_F2,2,F,Yi,Village 2,f2_tl_pe=_21_02,128.077,450.017,321.94,5,e=_21,Vowel,ə,Tense,Oral,21.0,2.0,Low,21,Unaspirated,Oral,199.953,199.699,202.602,201.163,531.5,198.327,1331.169,496.303,2977.858,793.594,3537.76,219.89,564.971,1185.776,3454.442,5028.355,25.349,23.476,30.364,18.248,17.192,17.414,31.084,9.041,8.223,-4.001,-2.828,11.843,-5.015,5.228,13.172,0.834,-5.734,14.449,17.126,27.476,28.177,11.633,37.651,35.174,34.026,37.177,36.204,23.805,0.0,low,0.555,0.494,0.562,0.463,-350.568,290.345,903.19,288.018,1.108,2.085,0.533,Yi-Tense,0.531414868105516,7803837496238286772
Yi_F2,2,F,Yi,Village 2,f2_tl_phi_21_01,218.676,535.145,316.469,5,i_21,Vowel,i,Tense,Oral,21.0,2.0,Low,21,Aspirated,Oral,205.402,205.387,208.758,206.583,410.309,130.564,2369.614,776.392,2465.888,573.082,3573.135,99.09,491.003,2421.295,3635.009,5229.957,23.618,21.073,27.584,8.586,12.36,20.576,27.583,8.269,10.46,11.529,10.395,-7.387,-3.966,12.487,15.224,-11.99,-3.965,12.804,13.158,9.544,13.223,28.46,12.714,36.12,40.12,39.388,37.444,27.156,0.833,low,0.522,0.471,0.534,0.476,-583.441,378.567,1269.196,376.242,1.136,1.765,0.643,Yi-Tense,0.643626062322946,-1510115807162446530
Yi_F2,2,F,Yi,Village 2,f2_tl_phi_21_02,211.576,542.48,330.904,5,i_21,Vowel,i,Tense,Oral,21.0,2.0,Low,21,Aspirated,Oral,207.249,206.97,209.841,208.128,405.121,76.297,606.546,886.548,2565.088,443.422,3586.804,79.902,447.971,2399.854,3627.753,5156.427,22.245,18.415,27.984,3.5,9.435,19.959,27.983,3.51,15.104,-6.725,-0.989,26.403,-5.739,14.915,18.55,-16.459,-5.738,15.254,7.141,25.14,23.234,-7.988,11.515,33.621,39.323,39.359,38.131,24.911,0.627,low,0.56,0.505,0.57,0.515,-527.065,378.671,1115.165,376.175,1.167,1.847,0.632,Yi-Tense,0.63183540877098,-6244085180833721636
Yi_F2,2,F,Yi,Village 2,f2_tl_phi21_02,257.265,566.873,309.608,5,i21,Vowel,i,Lax,Oral,21.0,2.0,Low,21,Aspirated,Oral,203.679,203.567,204.688,203.62,462.837,168.159,2161.079,904.491,2446.82,669.839,3584.28,217.17,498.217,2319.955,3544.586,5254.489,23.926,21.991,24.278,11.709,9.758,14.5,23.736,2.775,3.336,-0.305,5.717,-5.713,-0.352,10.282,14.52,-2.791,0.191,19.217,20.591,22.296,18.209,27.705,8.973,36.771,40.419,37.899,34.946,24.789,0.0,low,0.448,0.404,0.457,0.383,-512.036,413.32,1187.326,411.435,1.199,1.555,0.774,Yi-Lax,0.771061093247589,6930762611848459366
Yi_F2,2,F,Yi,Village 2,f2_tl_phie_21_01,286.82,570.756,283.936,5,ie_21,Vowel,ie,Tense,Oral,21.0,2.0,Low,21,Aspirated,Oral,195.843,196.044,199.119,196.994,442.184,146.549,2575.454,816.543,2921.133,210.221,3313.181,252.868,505.443,2866.63,3250.145,5230.988,26.084,24.051,31.247,17.121,15.503,21.671,31.065,10.877,19.352,21.728,23.772,15.888,-5.163,6.93,15.744,-4.55,-4.981,13.175,6.732,2.323,2.312,8.163,33.54,32.866,38.121,39.919,33.645,30.57,0.82,low,0.484,0.418,0.489,0.416,-407.578,430.476,986.939,428.337,1.428,1.807,0.791,Yi-Tense,0.790260099612618,1343746006987687763
Yi_F2,2,F,Yi,Village 2,f2_tl_phie_21_02,395.763,684.353,288.59,5,ie_21,Vowel,ie,Tense,Oral,21.0,2.0,Low,21,Aspirated,Oral,195.343,195.474,198.63,196.618,421.5,138.089,2568.464,1083.551,2940.464,410.155,3244.827,356.004,491.996,2837.366,3138.93,5240.207,25.411,23.184,30.935,14.253,15.552,22.711,30.925,11.336,13.644,16.22,17.795,11.602,-5.524,8.931,15.383,-8.458,-5.514,11.848,11.767,6.965,7.616,11.582,25.285,38.323,42.76,43.7,36.803,28.68,0.873,low,0.533,0.452,0.506,0.475,-401.161,542.334,892.154,539.894,1.501,1.881,0.798,Yi-Tense,0.797979797979798,-7957632538092282328
Yi_F2,2,F,Yi,Village 2,f2_tl_sii_21_01,721.039,1021.7,300.661,5,ii_21,Vowel,ii,Tense,Oral,21.0,2.0,Low,21,Unaspirated,Oral,189.705,189.473,193.586,190.743,534.212,95.019,1228.224,297.821,2425.194,1002.388,3478.592,343.686,604.423,1399.035,3564.532,5119.998,24.971,23.558,27.162,20.014,16.337,12.607,29.642,6.278,13.603,-1.643,-2.538,4.006,-2.191,3.544,10.825,7.406,-4.672,17.29,11.368,25.2,27.508,19.551,22.647,23.766,23.25,26.765,26.788,22.836,0.0,low,0.568,0.485,0.536,0.522,-422.565,873.197,1119.848,870.434,1.29,2.112,0.613,Yi-Tense,0.610795454545455,1039153379560787845
Yi_F2,2,F,Yi,Village 2,f2_tl_sii_21_02,522.76,836.896,314.136,5,ii_21,Vowel,ii,Tense,Oral,21.0,2.0,Low,21,Unaspirated,Oral,195.348,195.302,197.111,195.814,541.424,119.803,1267.184,681.055,2579.251,888.702,3499.778,167.158,582.363,1436.672,3489.036,5034.517,24.39,22.913,26.845,19.279,15.182,11.595,27.941,4.573,8.908,-6.422,-3.631,1.514,-2.454,3.634,11.663,7.684,-3.55,18.349,15.482,29.335,28.021,21.399,18.922,29.431,29.864,32.323,31.989,23.93,0.0,low,0.556,0.479,0.54,0.509,-420.93,681.659,1082.851,679.041,1.267,2.008,0.636,Yi-Tense,0.63097609561753,1738300288719670623
Yi_F2,2,F,Yi,Village 2,f2_tl_sii_33_01,444.194,798.881,354.687,5,ii_33,Vowel,ii,Tense,Oral,33.0,1.0,Mid,33,Unaspirated,Oral,225.489,225.41,225.622,225.676,552.827,185.609,1266.54,482.355,3295.286,629.634,4015.052,1320.72,642.363,1616.133,3432.318,5156.234,20.181,18.329,22.323,11.825,11.982,10.487,15.689,-7.163,8.11,-6.506,-6.576,7.071,-2.142,6.504,10.341,1.337,4.492,25.524,12.072,24.835,26.757,11.258,6.339,45.959,42.216,42.123,40.282,25.637,0.0,mid,0.509,0.441,0.508,0.439,-543.243,622.77,1052.531,620.822,1.139,1.431,0.797,Yi-Tense,0.795946890286513,-3164462645153578284
Yi_F2,2,F,Yi,Village 2,f2_tl_sii21_01,360.96,689.86,328.9,5,ii21,Vowel,ii,Lax,Oral,21.0,2.0,Low,21,Unaspirated,Oral,208.528,208.566,210.958,208.277,569.947,152.366,1356.137,242.206,2657.821,668.73,3640.694,355.694,656.032,1465.325,3561.425,4988.534,21.112,19.64,24.077,16.506,15.208,12.233,24.913,1.557,13.535,-1.38,-4.842,1.164,-2.965,3.134,8.869,4.272,-3.801,18.094,7.577,21.02,25.954,18.476,11.049,44.003,41.169,41.751,39.793,24.899,0.0,low,0.54,0.462,0.525,0.484,-579.818,527.129,1216.969,524.805,1.294,1.716,0.754,Yi-Lax,0.754079254079254,8663076061926862893
Yi_F2,2,F,Yi,Village 2,f2_tl_sii21_02,309.504,666.19,356.686,5,ii21,Vowel,ii,Lax,Oral,21.0,2.0,Low,21,Unaspirated,Oral,208.089,207.8,210.163,207.871,571.137,194.789,1373.465,252.409,3546.324,132.894,4787.878,384.32,615.157,1368.057,3602.398,4885.776,20.925,19.46,24.172,16.644,15.894,12.972,25.183,1.878,13.177,-1.622,-3.342,14.633,-3.247,2.816,8.278,3.672,-4.258,17.619,7.748,21.083,24.267,4.828,11.376,46.862,42.425,41.804,41.032,25.06,0.0,low,0.527,0.47,0.535,0.473,-477.379,489.565,1085.101,487.283,1.185,1.726,0.688,Yi-Lax,0.686558516801854,4189627241710734551
Yi_F2,2,F,Yi,Village 2,f2_tl_sii33_01,378.89,708.361,329.471,5,ii33,Vowel,ii,Lax,Oral,33.0,1.0,Mid,33,Unaspirated,Oral,218.352,218.459,217.722,219.583,502.935,328.083,1333.546,218.188,3251.379,140.002,4085.536,529.279,1113.427,3087.746,4864.815,5052.766,20.155,18.073,15.373,2.533,8.972,10.318,14.289,-7.575,8.588,-3.578,0.94,18.464,4.782,15.54,6.401,-7.785,5.867,25.669,11.567,21.651,19.215,-0.391,2.893,39.626,36.409,36.611,33.224,23.195,0.0,mid,0.416,0.379,0.436,0.354,-828.359,544.436,1490.934,542.817,0.961,1.163,0.83,Yi-Lax,0.826311263972485,-8342298915270976150
Yi_F2,2,F,Yi,Village 2,f2_tl_sii33_02,351.077,667.172,316.095,5,ii33,Vowel,ii,Lax,Oral,33.0,1.0,Mid,33,Unaspirated,Oral,213.122,213.092,212.592,213.979,579.047,169.301,1512.298,127.552,2676.125,1183.527,3405.298,111.135,633.637,1566.471,3414.165,5058.175,21.287,19.844,20.05,12.586,7.844,5.777,21.729,-1.341,12.338,-1.121,-4.288,-2.606,1.238,7.258,12.205,6.809,-0.442,21.192,8.949,20.966,25.575,22.45,6.186,44.134,42.681,41.226,38.782,25.708,0.0,mid,0.426,0.377,0.432,0.35,-553.668,510.024,1121.514,508.378,1.195,1.289,0.931,Yi-Lax,0.927075252133437,-5450303885154873722
Yi_F2,2,F,Yi,Village 2,f2_tl_sro_21_01,229.792,539.707,309.915,5,o_21,Vowel,o,Tense,Oral,21.0,2.0,Low,21,Unaspirated,Oral,207.439,207.455,211.235,209.136,439.716,172.06,830.374,124.816,3739.709,206.841,4217.052,230.279,477.684,772.184,3916.595,4987.128,22.977,20.199,28.616,8.798,25.667,9.695,28.614,6.287,25.666,9.483,-2.961,30.57,-5.638,11.401,2.949,-0.897,-5.636,14.137,-2.688,10.716,25.938,-10.37,23.891,36.842,35.934,45.486,47.85,26.319,0.826,low,0.54,0.468,0.531,0.486,-480.108,386.108,1126.699,383.764,1.375,1.822,0.756,Yi-Tense,0.754665203073546,-2938226816978307471
Yi_F2,2,F,Yi,Village 2,f2_tl_tcjhi_33_01,387.639,730.941,343.302,5,i_33,Vowel,i,Tense,Oral,33.0,1.0,Mid,33,Aspirated,Oral,221.888,221.987,221.065,220.941,385.672,158.269,2185.195,1161.332,2863.684,814.879,3611.358,550.804,484.075,2228.514,3570.638,5181.579,19.503,15.78,20.569,10.048,4.727,14.035,19.303,0.783,-2.933,-5.971,-5.999,-0.479,-1.067,5.731,15.842,-3.986,0.199,15.012,22.435,21.751,25.502,16.259,3.187,38.204,41.67,43.524,41.608,25.249,0.0,mid,0.524,0.463,0.568,0.304,-361.848,559.839,1033.443,558.466,0.925,1.763,0.525,Yi-Tense,0.524673851389677,5048815133027069434
Yi_F2,2,F,Yi,Village 2,f2_tl_tcjie_21_01,182.059,492.168,310.109,5,ie_21,Vowel,ie,Tense,Oral,21.0,2.0,Low,21,Unaspirated,Oral,201.155,200.733,202.955,202.607,395.544,68.628,675.152,471.841,3018.031,200.499,3504.03,389.348,444.932,3116.088,3424.051,5338.869,24.833,21.424,32.31,10.561,13.993,16.948,32.309,10.389,20.535,2.954,9.174,41.037,-7.477,10.863,18.317,-6.387,-7.476,11.258,4.298,18.47,15.659,-19.612,28.143,30.82,39.034,42.324,36.835,26.249,0.59,low,0.533,0.472,0.527,0.472,-427.556,338.387,894.978,336.028,1.399,1.782,0.787,Yi-Tense,0.785072951739618,8677494414600139493
Yi_F2,2,F,Yi,Village 2,f2_tl_tse=_21_01,141.804,425.274,283.47,5,e=_21,Vowel,ə,Tense,Oral,21.0,2.0,Low,21,Unaspirated,Oral,210.996,210.759,213.775,211.072,499.996,147.369,1282.282,227.335,3609.952,275.512,4321.127,953.302,575.568,1387.206,3661.247,4727.726,22.852,20.814,26.389,13.646,13.207,14.269,24.766,2.751,14.713,2.342,-2.492,19.973,-3.537,7.168,13.181,-0.623,-1.914,18.098,8.139,18.472,25.344,0.842,12.056,30.958,30.985,34.137,35.286,24.142,0.0,low,0.518,0.454,0.51,0.456,-605.994,284.95,1217.385,282.788,1.199,1.597,0.752,Yi-Tense,0.750782717595492,-2381829198584178980
Yi_F2,2,F,Yi,Village 2,f2_tl_tshii_33_01,317.815,684.391,366.576,5,ii_33,Vowel,ii,Tense,Oral,33.0,1.0,Mid,33,Aspirated,Oral,224.734,224.715,224.535,225.177,455.877,345.619,1341.299,167.257,3374.492,539.926,3719.287,787.974,547.753,1311.541,3525.29,5004.751,27.803,25.056,25.55,8.378,17.837,21.956,25.506,4.823,19.178,9.134,5.265,26.543,2.253,16.678,7.712,-13.578,2.297,20.254,8.625,15.923,22.538,-1.487,20.046,36.172,33.043,37.014,37.144,26.912,0.0,mid,0.348,0.336,0.399,0.245,-770.455,501.41,1250.243,500.317,0.989,1.077,0.92,Yi-Tense,0.918291550603528,1825675988403686902
Yi_F2,2,F,Yi,Village 2,f2_tl_tshii33_01,489.423,838.918,349.495,5,ii33,Vowel,ii,Lax,Oral,33.0,1.0,Mid,33,Aspirated,Oral,229.785,229.626,229.591,230.914,450.85,337.375,1393.992,159.156,2843.356,1204.424,3421.573,177.518,660.447,1913.593,3844.565,4974.651,28.229,25.244,26.112,8.882,17.93,23.322,26.079,5.821,20.921,11.961,3.68,17.772,2.117,16.362,8.182,-14.44,2.15,19.43,7.308,13.282,24.549,7.471,23.999,33.979,30.669,32.327,31.122,25.213,0.0,mid,0.366,0.348,0.413,0.267,-800.182,664.424,1362.911,663.261,0.937,0.995,0.942,Yi-Lax,0.941708542713568,5446291644910148618
Yi_F2,2,F,Yi,Village 2,f2_tl_tshu_21_01,248.175,476.608,228.433,5,u_21,Vowel,u,Tense,Oral,21.0,2.0,Low,21,Aspirated,Oral,191.582,191.307,194.294,192.43,489.618,113.96,1225.438,438.802,3493.935,309.897,4156.972,1468.782,567.482,1303.639,3534.974,5297.849,20.89,19.266,28.976,20.176,16.418,15.496,24.956,2.401,14.094,0.969,-1.185,19.463,-8.085,-0.91,12.558,4.679,-4.066,16.895,6.796,18.298,22.075,-0.197,22.865,20.003,20.746,26.097,27.385,22.544,0.0,low,0.579,0.466,0.494,0.486,-496.944,364.49,1009.964,361.941,1.627,1.926,0.85,Yi-Tense,0.844755970924195,-4976116950012737691
Yi_F2,2,F,Yi,Village 2,f2_tl_tshu21_01,195.247,412.667,217.42,5,u21,Vowel,u,Lax,Oral,21.0,2.0,Low,21,Aspirated,Oral,193.212,193.038,195.738,194.222,502.775,164.816,1394.434,613.082,3415.112,713.379,3871.605,896.806,547.284,1421.693,3558.516,4931.521,25.999,24.441,27.967,19.607,14.607,13.918,25.187,2.79,8.855,-3.587,0.056,18.34,-1.968,4.833,13.359,5.69,0.812,21.672,17.144,28.028,25.943,6.101,19.515,29.101,28.292,31.069,30.867,22.648,0.0,low,0.559,0.444,0.482,0.441,-436.902,305.451,918.145,303.16,1.54,1.841,0.842,Yi-Lax,0.836501901140684,2301568908286325630
Yi_F2,2,F,Yi,Village 2,f2_tl_tsii_21_01,271.402,618.345,346.943,5,ii_21,Vowel,ii,Tense,Oral,21.0,2.0,Low,21,Unaspirated,Oral,219.891,219.68,221.548,221.012,549.339,165.69,1353.901,153.726,2411.282,701.814,3543.542,371.092,708.677,1275.015,3699.228,5051.852,22.549,20.684,24.232,13.253,12.33,12.315,19.446,-3.008,16.546,3.383,-2.711,0.502,-1.684,7.43,11.903,0.939,3.103,23.698,6.002,17.301,25.259,20.182,11.151,38.764,34.656,34.666,32.724,24.327,0.0,low,0.51,0.448,0.513,0.459,-579.441,446.22,1267.96,444.132,1.012,1.551,0.651,Yi-Tense,0.652482269503546,-75662736292319143
Yi_F2,2,F,Yi,Village 2,f2_tl_tsii21_01,209.162,553.928,344.766,5,ii21,Vowel,ii,Lax,Oral,21.0,2.0,Low,21,Unaspirated,Oral,198.064,197.506,200.164,198.709,543.55,183.444,1395.412,161.087,2555.502,778.489,3522.874,268.094,882.15,2629.178,4551.396,5174.187,22.876,21.421,20.445,12.894,10.745,8.69,22.365,-0.534,13.526,-0.009,-3.339,0.396,2.431,8.527,9.7,4.204,0.511,21.961,9.35,21.43,26.215,21.025,8.002,38.143,35.646,33.304,30.547,23.973,0.0,low,0.41,0.371,0.419,0.363,-808.406,382.82,1522.86,380.979,1.203,1.324,0.91,Yi-Lax,0.908610271903323,-7883281840786504809
Yi_F2,2,F,Yi,Village 2,f2_tl_tuu_33_01,142.636,507.577,364.941,5,uu_33,Vowel,ɯ,Tense,Oral,33.0,1.0,Mid,33,Unaspirated,Oral,235.111,235.126,234.908,235.786,453.684,122.012,1076.413,480.687,2270.718,1388.079,3408.053,721.685,593.225,1234.13,3540.418,5292.035,23.704,20.617,28.697,9.024,17.869,16.627,28.697,7.454,14.584,2.036,-2.882,9.125,-4.994,11.593,10.828,-7.603,-4.993,13.181,9.119,18.581,26.585,11.492,18.307,37.429,37.544,40.639,41.01,26.285,0.806,mid,0.542,0.473,0.567,0.498,-574.131,326.309,1277.64,324.19,0.925,1.557,0.594,Yi-Tense,0.594091201027617,-1546175458459016617
Yi_F2,2,F,Yi,Village 2,f2_tl_tuu33_01,106.757,517.233,410.476,5,uu33,Vowel,ɯ,Lax,Oral,33.0,1.0,Mid,33,Unaspirated,Oral,224.193,224.166,223.74,224.938,404.603,150.996,1262.112,180.55,3145.611,83.704,4229.976,297.573,1080.399,3168.75,4688.257,4618.543,24.138,20.72,23.716,10.802,7.098,12.681,23.536,4.315,9.823,1.07,1.529,22.907,0.422,9.918,16.618,-1.879,0.602,16.42,14.315,19.65,22.609,-2.187,8.192,31.37,32.902,35.921,35.418,24.333,0.0,mid,0.438,0.402,0.495,0.408,-805.32,313.056,1850.085,311.238,0.818,1.305,0.627,Yi-Lax,0.626819923371647,4824719557969105924
Yi_F2,2,F,Yi,Village 2,f2_tl_xxe=_21_01,235.619,566.101,330.482,5,e=_21,Vowel,ə,Tense,Oral,21.0,2.0,Low,21,Unaspirated,Oral,202.499,202.339,203.761,203.286,447.032,174.954,1336.194,185.895,2872.871,1319.731,3631.932,82.943,520.934,1267.948,3642.359,4984.476,29.952,27.71,35.71,20.201,22.349,25.604,35.686,14.666,19.715,9.439,-0.886,13.574,-5.758,7.51,13.361,-5.403,-5.733,13.053,10.237,18.272,30.838,14.136,90.048,34.56,33.932,39.825,41.671,26.987,0.863,low,0.521,0.469,0.515,0.453,-483.958,402.478,1085.237,400.237,1.451,1.796,0.811,Yi-Tense,0.807906458797327,-6419397742086556934
Yi_F2,2,F,Yi,Village 2,f2_tl_zji_21_01,723.771,1019.578,295.807,5,i_21,Vowel,i,Tense,Oral,21.0,2.0,Low,21,Unaspirated,Oral,196.1,195.945,199.192,197.928,397.336,114.144,1215.348,1683.807,2435.427,241.504,3585.258,329.494,471.921,2272.242,3567.232,5243.001,21.377,18.743,26.261,6.748,11.819,13.965,26.26,6.513,3.961,-1.641,3.43,11.741,-4.884,11.995,14.442,-7.216,-4.883,12.239,17.415,20.385,17.947,7.002,8.057,31.132,34.349,34.194,32.986,24.299,0.792,low,0.554,0.479,0.562,0.465,-373.383,873.292,1096.37,870.906,1.072,1.296,0.369,Yi-Tense,0.82716049382716,208216856654107530
Yi_F2,2,F,Yi,Village 2,f2_tl_zji_21_02,304.364,603.487,299.123,5,i_21,Vowel,i,Tense,Oral,21.0,2.0,Low,21,Unaspirated,Oral,197.366,197.196,198.992,198.074,404.932,112.049,2318.798,157.869,3428.508,948.939,3641.624,1038.654,451.042,2273.599,3569.683,5169.778,21.736,19.307,26.624,7.996,9.572,17.432,26.623,7.51,1.505,2.588,0.038,0.595,-4.887,11.31,17.052,-9.436,-4.886,11.798,20.231,16.719,21.698,18.712,8.827,39.014,45.396,44.097,42.499,26.447,0.782,low,0.523,0.462,0.513,0.468,-484.331,455.208,1048.211,452.829,1.295,1.815,0.714,Yi-Tense,0.713498622589532,5150481028102515202
Yi_F2,2,F,Yi,Village 2,f2_tl_zji21_01,198.51,660.388,461.878,5,i21,Vowel,i,Lax,Oral,21.0,2.0,Low,21,Unaspirated,Oral,200.783,200.544,200.895,202.152,449.879,320.119,2270.483,430.95,2538.228,1036.968,3598.083,122.466,454.819,2345.079,3668.346,5210.093,21.951,19.939,18.138,4.377,6.323,11.867,17.457,-3.037,8.061,6.804,7.903,-6.801,3.814,15.562,11.815,-7.49,4.494,22.976,13.89,13.134,14.048,26.74,4.427,37.394,40.535,38.034,34.704,23.7,0.0,low,0.459,0.415,0.461,0.406,-662.437,431.119,1458.243,429.093,1.229,1.525,0.808,Yi-Lax,0.805901639344262,-2815871402414728488
Yi_F2,2,F,Yi,Village 1,F2_tsrii_33_01,425.861,999.906,574.045,5,ii_33,Vowel,ii,Tense,Oral,33.0,1.0,Mid,33,Unaspirated,Oral,183.35,183.298,183.457,183.95,529.954,65.468,1699.956,112.947,2935.47,118.025,3931.002,401.223,1539.235,3079.572,5040.74,5208.504,11.154,9.942,17.056,11.001,11.681,9.081,23.449,0.859,13.866,3.477,7.351,13.39,-5.902,-1.059,5.375,1.92,-12.296,9.087,-2.712,6.465,3.803,-3.449,4.442,53.095,56.541,56.587,56.802,36.645,0.0,mid,0.605,0.557,0.6,0.541,-347.856,713.844,958.977,710.891,0.479,1.051,0.175,Yi-Tense,0.455756422454805,-2844214097454784001
Yi_F2,2,F,Yi,Village 1,F2_tsrii55_01,254.78,675.979,421.199,5,ii55,Vowel,ii,Lax,Oral,55.0,1.0,High,55,Unaspirated,Oral,197.437,197.473,198.015,197.787,525.914,124.159,1749.766,101.903,3109.715,250.589,4400.493,347.195,565.209,1794.976,3272.262,4935.534,13.097,11.641,16.475,8.695,6.477,6.592,13.421,-8.7,8.289,-1.06,-7.974,0.37,-3.378,2.946,9.998,2.103,-0.324,20.346,4.808,12.701,21.071,11.271,1.466,57.108,60.185,56.835,54.3,29.875,0.0,high,0.57,0.446,0.534,0.387,-382.813,465.958,851.529,464.005,1.238,1.377,0.441,Yi-Lax,0.899055918663762,-3003235653202216709
Yi_F2,2,F,Yi,Village 1,F2_tsrii55_02,333.158,706.968,373.81,5,ii55,Vowel,ii,Lax,Oral,55.0,1.0,High,55,Unaspirated,Oral,196.31,196.338,196.032,196.08,531.998,133.935,1715.142,110.261,2916.079,337.309,4307.603,527.439,579.751,1785.11,3149.194,5103.179,13.933,12.549,16.757,9.54,6.894,6.134,16.955,-5.392,8.77,-1.315,-5.432,0.236,-2.824,3.009,9.863,3.406,-3.022,17.945,5.163,13.865,19.364,12.313,1.816,60.144,63.399,59.823,56.092,29.707,0.0,high,0.559,0.482,0.536,0.467,-387.507,521.328,885.496,518.954,1.09,1.159,0.434,Yi-Lax,0.9404659188956,7136174699241867049
Yi_F2,2,F,Yi,Village 1,F2_tsro_21_01,133.821,669.59,535.769,5,o_21,Vowel,o,Tense,Oral,21.0,2.0,Low,21,Unaspirated,Oral,181.517,181.409,182.633,182.029,502.162,120.555,1026.115,185.947,3033.802,149.725,4233.301,181.814,800.595,3184.367,4334.227,4290.208,16.608,15.111,21.869,14.316,15.112,9.683,25.493,1.72,16.491,-0.435,-4.805,14.645,-5.261,0.795,6.758,4.633,-8.884,13.44,0.117,15.547,21.413,0.467,7.852,47.817,50.198,57.215,58.129,31.71,0.0,low,0.528,0.464,0.521,0.451,-494.343,402.735,1229.986,400.248,0.987,1.348,0.441,Yi-Tense,0.732195845697329,-1608661823449547187
Yi_F2,2,F,Yi,Village 1,F2_tsro_33_01,80.311,555.648,475.337,5,o_33,Vowel,o,Tense,Oral,33.0,1.0,Mid,33,Unaspirated,Oral,203.494,203.368,203.887,203.62,562.724,91.56,1027.941,84.114,3249.624,327.146,4219.956,110.623,880.034,3154.481,4201.721,5104.067,13.306,11.726,20.391,12.43,12.598,4.877,24.683,0.047,19.52,0.578,-5.242,15.364,-7.085,-0.704,7.793,7.553,-11.377,11.779,-6.214,11.149,18.548,-3.637,7.365,57.404,55.31,63.277,64.655,33.551,0.0,mid,0.63,0.587,0.536,0.523,-383.223,319.065,989.662,316.494,0.7,0.742,0.296,Yi-Tense,0.943396226415094,-2176184202872419512
Yi_F2,2,F,Yi,Village 1,F2_tsro_33_02,114.332,555.27,440.938,5,o_33,Vowel,o,Tense,Oral,33.0,1.0,Mid,33,Unaspirated,Oral,192.134,192.168,192.386,193.048,515.271,99.013,957.655,94.429,3104.296,193.267,4184.992,203.011,850.798,3062.032,4160.268,5314.168,9.613,7.947,16.527,7.955,10.653,3.454,19.809,-4.369,16.154,-2.079,-5.32,16.2,-6.914,-0.008,5.875,4.501,-10.196,12.402,-6.541,10.026,14.933,-8.253,2.814,50.836,48.326,55.703,55.105,31.939,0.0,mid,0.597,0.549,0.67,0.509,-304.728,335.829,929.878,333.182,0.484,1.242,0.145,Yi-Tense,0.389694041867955,-6041923166263218611
Yi_F2,2,F,Yi,Village 1,F2_tsro21_01,67.063,472.33,405.267,5,o21,Vowel,o,Lax,Oral,21.0,2.0,Low,21,Unaspirated,Oral,147.458,147.209,148.629,147.674,366.073,103.426,869.295,154.834,2985.461,344.75,4224.598,306.015,486.864,1741.562,3983.43,4488.813,12.647,10.891,16.27,6.618,7.475,5.973,11.426,-8.741,9.793,-3.316,-19.365,6.915,-3.623,4.273,8.795,0.646,1.22,19.665,2.854,14.208,32.012,3.977,1.311,45.234,47.36,52.075,51.689,25.583,0.0,low,0.529,0.53,0.664,0.494,-398.585,270.637,881.566,267.28,0.461,0.572,-0.005,Yi-Lax,0.805944055944056,-4227462624696612879
Yi_F2,2,F,Yi,Village 1,F2_tsro55_01,160.551,703.584,543.033,5,o55,Vowel,o,Lax,Oral,55.0,1.0,High,55,Unaspirated,Oral,238.498,238.624,238.541,239.794,479.505,82.621,955.879,68.571,3067.692,134.76,4252.642,161.937,646.242,2346.561,3956.887,4540.434,18.689,15.67,24.693,2.146,16.275,0.602,24.692,2.176,16.275,0.615,-7.164,16.144,-6.004,13.524,8.418,1.544,-6.003,13.575,2.415,15.055,25.853,-0.474,7.479,49.995,50.35,57.956,57.894,29.171,0.659,high,0.497,0.48,0.537,0.389,-825.875,432.126,1452.884,430.493,0.484,0.838,0.349,Yi-Lax,0.577565632458234,2660305916747259028
Yi_F2,2,F,Yi,Village 1,F2_tsro55_02,114.22,622.28,508.06,5,o55,Vowel,o,Lax,Oral,55.0,1.0,High,55,Unaspirated,Oral,219.178,219.188,219.193,219.583,430.623,51.137,872.81,40.481,3089.677,209.923,4162.923,201.062,809.0,3642.71,4153.954,4601.645,15.045,11.893,23.842,2.586,19.661,5.101,23.841,2.212,19.66,4.725,-10.767,16.041,-8.797,9.307,4.181,-2.514,-8.796,9.768,-4.615,7.169,25.812,-4.147,5.904,48.877,46.159,54.003,52.961,27.546,0.45,high,0.554,0.519,0.574,0.483,-514.085,369.435,1254.2,367.23,0.478,0.829,0.198,Yi-Lax,0.576598311218335,-6875252325199145205
Yi_F3,3,F,Yi,Village 1,F3_be_21_01,293.008,658.106,365.098,5,e_21,Vowel,e,Tense,Oral,21.0,2.0,Low,21,Unaspirated,Oral,164.348,164.095,166.55,164.879,922.573,151.529,1911.866,264.982,2431.927,226.261,3860.888,1076.55,989.235,2177.964,2661.157,5325.192,11.048,10.687,14.316,12.806,16.809,9.152,24.987,-3.604,16.672,-3.134,12.93,-6.071,-3.268,-2.119,-2.493,3.654,-13.939,14.294,-5.624,13.821,-1.882,16.758,10.013,43.333,34.216,28.558,28.414,27.641,0.74,low,0.571,0.473,0.644,0.376,-198.195,475.973,833.006,473.679,0.553,2.078,0.156,Yi-Tense,0.266121270452358,-5387696786131846842
Yi_F3,3,F,Yi,Village 1,F3_be_21_02,289.629,648.441,358.812,5,e_21,Vowel,e,Tense,Oral,21.0,2.0,Low,21,Unaspirated,Oral,162.484,162.163,164.774,162.647,921.776,147.431,1907.273,330.823,2444.34,285.22,3924.745,1078.945,992.781,2029.299,2556.206,5060.605,8.622,8.27,11.216,9.744,13.45,6.051,23.468,-5.191,16.808,-3.105,13.921,-4.562,-2.594,-1.474,-2.234,3.693,-14.845,13.464,-8.186,11.375,-5.299,12.831,7.33,40.643,31.477,26.44,27.25,27.942,0.916,low,0.52,0.424,0.637,0.251,-186.47,468.957,819.9,467.403,0.347,1.715,0.092,Yi-Tense,0.202332361516035,6582904188850994058
Yi_F3,3,F,Yi,Village 1,F3_be_33_02,234.134,707.111,472.977,5,e_33,Vowel,e,Tense,Oral,33.0,1.0,Mid,33,Unaspirated,Oral,203.611,203.614,203.507,203.62,981.124,174.471,1925.953,175.348,2526.872,216.958,3705.505,423.415,1043.583,2139.974,3214.902,5090.979,13.6,13.109,11.589,9.508,20.505,8.512,22.913,-5.717,16.587,-3.73,10.73,-6.34,2.01,3.601,-8.915,0.996,-9.314,18.831,-2.988,16.839,2.87,19.449,6.982,49.643,41.972,38.42,39.658,30.93,0.0,mid,0.504,0.454,0.499,0.399,-230.437,470.884,614.691,468.925,0.48,0.829,0.164,Yi-Tense,0.579010856453559,189814906836588228
Yi_F3,3,F,Yi,Village 1,F3_be55_02,231.716,778.432,546.716,5,e55,Vowel,e,Lax,Oral,55.0,1.0,High,55,Unaspirated,Oral,224.3,224.535,225.027,225.177,742.329,203.24,2163.484,194.6,2667.089,253.973,3971.213,734.139,768.61,2287.854,2924.032,4786.79,15.185,14.251,11.739,7.386,16.258,7.818,21.621,-2.84,12.555,1.28,9.258,-3.764,3.447,6.866,-4.52,-0.432,-6.436,17.093,2.63,12.972,5.927,18.016,4.258,41.475,37.105,34.932,33.562,27.323,0.0,high,0.538,0.468,0.573,0.336,-310.574,504.895,916.896,503.398,0.494,0.726,0.181,Yi-Lax,0.680440771349862,6509228369387036355
Yi_F3,3,F,Yi,Village 1,F3_bu_21_01,208.633,679.059,470.426,5,u_21,Vowel,u,Tense,Oral,21.0,2.0,Low,21,Unaspirated,Oral,177.942,177.637,179.985,177.204,383.728,88.788,1282.784,152.71,2799.361,142.033,4627.53,470.463,1164.631,2868.114,4775.673,4918.394,14.029,11.712,21.321,4.993,7.585,12.211,21.317,2.197,10.283,1.824,-4.684,11.779,-7.292,6.719,13.735,-7.218,-7.287,9.52,3.746,9.888,18.713,-0.067,2.657,28.702,30.024,34.025,34.665,24.087,0.725,low,0.552,0.494,0.656,0.391,-269.062,443.936,966.094,441.744,0.481,0.517,0.077,Yi-Tense,0.93036750483559,1339411967642770237
Yi_F3,3,F,Yi,Village 1,F3_bu_21_02,164.067,650.706,486.639,5,u_21,Vowel,u,Tense,Oral,21.0,2.0,Low,21,Unaspirated,Oral,177.074,176.342,180.417,177.144,344.131,117.709,1145.64,105.19,2796.94,132.109,4353.423,366.357,1115.761,2807.009,4566.999,5101.75,11.921,8.922,15.629,0.94,1.456,7.707,15.597,-1.51,8.696,1.126,-5.639,15.122,-3.708,7.982,14.172,-6.766,-3.677,10.44,3.225,7.796,17.56,-6.2,0.906,33.881,36.396,39.474,39.293,24.272,0.722,low,0.657,0.588,0.669,0.605,-285.177,409.267,950.848,405.813,0.417,0.754,0.043,Yi-Tense,0.553050397877984,-2837201397018604873
Yi_F3,3,F,Yi,Village 1,F3_bu_33_01,242.87,798.035,555.165,5,u_33,Vowel,u,Tense,Oral,33.0,1.0,Mid,33,Unaspirated,Oral,208.866,209.077,209.449,206.198,437.228,114.372,1391.934,232.546,2867.491,115.079,3958.585,1153.367,555.757,1386.963,2910.787,4857.928,15.007,12.514,21.685,2.917,10.127,14.685,21.684,1.206,11.272,2.044,-3.662,10.495,-6.677,9.597,11.558,-11.768,-6.676,11.315,3.735,10.47,18.669,2.019,3.504,28.812,25.399,29.461,30.869,22.793,0.65,mid,0.531,0.487,0.632,0.406,-298.121,520.811,914.559,518.867,0.356,0.878,0.107,Yi-Tense,0.405466970387244,6058643390373259806
Yi_F3,3,F,Yi,Village 1,F3_bu_33_02,224.161,798.363,574.202,5,u_33,Vowel,u,Tense,Oral,33.0,1.0,Mid,33,Unaspirated,Oral,213.912,213.892,214.761,214.763,508.235,158.406,1509.353,134.851,2811.182,177.331,3673.303,1282.92,611.006,1527.168,2913.738,4858.627,16.122,14.178,22.829,10.739,12.482,14.671,20.399,-1.372,14.477,3.857,1.511,10.227,-6.707,3.439,10.346,-3.932,-4.277,15.556,1.645,10.321,14.611,3.951,5.515,36.45,32.864,35.106,35.658,26.455,0.815,mid,0.515,0.473,0.519,0.415,-325.297,511.918,949.031,509.977,0.411,0.448,0.11,Yi-Tense,0.917410714285714,2239183819401137854
Yi_F3,3,F,Yi,Village 1,F3_bu21_01,280.071,846.543,566.472,5,u21,Vowel,u,Lax,Oral,21.0,2.0,Low,21,Unaspirated,Oral,185.881,185.579,186.09,186.69,408.586,124.237,1397.492,195.299,2686.395,326.128,4297.8,272.218,735.824,1980.455,3535.033,4511.68,15.628,13.375,19.04,3.348,2.354,7.007,18.91,-0.776,3.322,-4.842,-10.334,1.876,-3.412,10.028,16.685,-3.659,-3.282,14.155,12.306,18.217,25.962,11.499,1.87,41.951,46.787,48.331,47.506,25.726,0.354,low,0.437,0.394,0.509,0.317,-406.92,563.552,1037.28,561.841,0.578,0.949,0.245,Yi-Lax,0.609062170706006,5505685374377146806
Yi_F3,3,F,Yi,Village 1,F3_bu33_01,379.381,949.809,570.428,5,u33,Vowel,u,Lax,Oral,33.0,1.0,Mid,33,Unaspirated,Oral,212.676,212.649,213.011,213.417,414.551,203.872,1550.753,279.179,2670.855,198.63,4502.125,790.361,521.634,1576.749,2775.923,4676.86,17.602,14.683,17.926,1.471,3.0,10.272,17.916,-1.313,2.493,-3.802,-5.312,3.994,-0.325,13.212,14.927,-8.802,-0.315,15.998,15.108,18.484,22.913,10.689,1.999,47.042,48.692,47.965,47.355,27.278,0.0,mid,0.467,0.416,0.537,0.318,-463.473,664.726,995.685,663.232,0.705,1.075,0.383,Yi-Lax,0.655813953488372,4873646643697807745
Yi_F3,3,F,Yi,Village 1,F3_bu55_01,216.088,735.036,518.948,5,u55,Vowel,u,Lax,Oral,55.0,1.0,High,55,Unaspirated,Oral,233.698,233.724,233.769,233.837,382.277,158.168,1341.011,656.093,2773.214,249.332,4470.375,338.023,671.357,2258.484,4093.022,4595.447,18.218,13.842,17.695,10.909,2.326,7.805,10.35,-7.564,0.276,-6.926,-5.442,11.976,0.523,2.933,15.368,3.103,7.867,21.415,17.942,20.768,23.66,1.866,2.074,37.619,39.763,40.006,39.402,23.347,0.0,high,0.503,0.447,0.559,0.327,-377.612,475.443,862.496,474.043,0.498,0.701,0.226,Yi-Lax,0.710413694721826,-8629920891464702960
Yi_F3,3,F,Yi,Village 1,F3_bu55_02,141.971,676.442,534.471,5,u55,Vowel,u,Lax,Oral,55.0,1.0,High,55,Unaspirated,Oral,232.982,232.973,232.911,233.837,426.205,137.418,1439.312,162.817,2741.258,186.152,4593.75,297.59,503.279,1455.765,2882.529,4664.215,18.442,15.119,20.45,7.002,4.379,11.096,20.351,0.748,7.548,-0.246,-4.438,7.748,-2.008,8.116,16.071,-4.094,-1.909,14.375,10.894,15.364,22.88,7.371,3.165,48.725,49.549,50.697,50.077,26.989,0.183,high,0.492,0.439,0.54,0.338,-387.934,409.125,863.39,407.674,0.72,0.869,0.384,Yi-Lax,0.828538550057537,7813921437181542150
Yi_F3,3,F,Yi,Village 1,F3_de=_21_01,330.296,721.424,391.128,5,e=_21,Vowel,ə,Tense,Oral,21.0,2.0,Low,21,Unaspirated,Oral,180.925,180.737,181.565,180.918,401.773,85.009,1762.551,150.189,3052.534,158.654,4593.261,782.971,468.522,1791.809,3097.953,4935.109,13.477,11.394,22.129,7.932,7.655,13.144,22.103,2.656,5.59,0.984,1.583,13.67,-8.652,3.461,14.474,-5.212,-8.626,8.74,7.886,10.41,11.893,-2.277,2.822,43.932,50.334,49.08,48.33,31.218,0.701,low,0.571,0.509,0.549,0.483,-232.86,526.939,891.851,524.269,0.388,0.6,0.07,Yi-Tense,0.646666666666667,6304969460016630269
Yi_F3,3,F,Yi,Village 1,F3_de=_21_02,280.38,688.674,408.294,5,e=_21,Vowel,ə,Tense,Oral,21.0,2.0,Low,21,Unaspirated,Oral,179.705,179.529,180.697,179.807,410.962,93.294,1797.112,108.473,3029.719,208.028,4593.352,645.774,470.596,1839.466,3075.512,4963.402,12.719,10.784,21.029,8.579,6.561,11.294,20.624,0.705,7.126,2.387,0.885,11.458,-8.31,2.205,14.468,-2.715,-7.905,10.081,5.592,8.397,11.833,-0.674,2.267,39.138,45.868,44.59,43.442,32.136,0.777,low,0.571,0.474,0.66,0.381,-245.36,484.934,840.915,482.808,0.638,0.691,0.036,Yi-Tense,0.923299565846599,-5028155549861471776
Yi_F3,3,F,Yi,Village 1,F3_de=_33_02,211.248,675.866,464.618,5,e=_33,Vowel,ə,Tense,Oral,33.0,1.0,Mid,33,Unaspirated,Oral,200.857,200.87,201.608,202.593,452.106,131.059,1815.355,69.873,2892.764,512.677,3210.865,333.669,541.041,1850.637,3108.54,5029.578,13.65,11.648,20.557,7.365,8.351,12.951,20.335,-0.528,12.493,6.56,1.239,8.189,-6.907,4.282,12.206,-5.586,-6.685,12.178,1.157,5.088,12.411,3.459,2.593,51.22,54.627,54.026,52.614,31.441,0.771,mid,0.537,0.485,0.632,0.378,-261.951,444.226,807.424,442.345,0.721,0.731,0.137,Yi-Tense,0.986320109439125,-7907983466001564226
Yi_F3,3,F,Yi,Village 1,F3_de=55_01,199.64,687.506,487.866,5,e=55,Vowel,ə,Lax,Oral,55.0,1.0,High,55,Unaspirated,Oral,204.73,204.707,205.07,204.035,439.636,192.054,1847.298,100.224,2942.237,281.279,4457.408,794.662,506.818,1869.55,3008.508,5098.588,16.829,14.611,19.394,3.267,5.93,11.724,19.393,-0.984,5.64,0.665,-5.317,2.225,-2.565,11.345,13.464,-8.458,-2.564,15.598,11.188,13.946,22.146,12.387,2.238,54.999,57.869,54.638,51.441,28.701,0.0,high,0.445,0.409,0.511,0.33,-342.538,443.398,874.38,441.783,0.443,0.508,0.191,Yi-Lax,0.872047244094488,6860028859497595832
Yi_F3,3,F,Yi,Village 1,F3_dzii_21_02,310.093,699.623,389.53,5,ii_21,Vowel,ii,Tense,Oral,21.0,2.0,Low,21,Unaspirated,Oral,190.684,190.367,192.128,191.056,401.968,85.615,1694.642,100.551,2849.879,95.601,4450.31,660.74,1319.644,2646.355,4387.347,4835.745,15.177,12.762,22.988,5.293,8.179,14.85,22.986,3.872,11.262,6.455,2.982,13.238,-7.811,7.469,14.809,-9.557,-7.809,8.892,3.916,6.307,12.195,-0.476,3.636,47.622,52.623,53.767,54.373,33.337,0.641,low,0.562,0.518,0.653,0.503,-284.007,505.989,961.381,503.34,0.41,0.601,0.105,Yi-Tense,0.682196339434276,-8715471811597174334
Yi_F3,3,F,Yi,Village 1,F3_dzii_33_01,316.818,856.997,540.179,5,ii_33,Vowel,ii,Tense,Oral,33.0,1.0,Mid,33,Unaspirated,Oral,216.951,216.955,216.91,218.278,417.908,37.11,1621.996,139.727,2940.475,201.165,3818.663,1646.246,467.598,1633.591,2997.803,5091.985,14.354,11.486,22.038,4.434,1.754,9.12,22.037,2.545,9.876,3.949,-3.43,8.584,-7.683,7.052,20.283,-4.687,-7.682,8.944,4.478,7.537,17.784,2.902,3.175,34.453,35.592,35.853,36.328,23.682,0.537,mid,0.589,0.555,0.528,0.531,-262.724,587.431,706.545,584.981,0.499,0.658,0.162,Yi-Tense,0.758358662613982,-7836903133936210470
Yi_F3,3,F,Yi,Village 1,F3_dzii_33_02,271.78,741.159,469.379,5,ii_33,Vowel,ii,Tense,Oral,33.0,1.0,Mid,33,Unaspirated,Oral,211.363,211.554,212.884,219.223,408.338,37.019,1666.634,100.378,3003.914,209.802,4375.871,922.69,455.732,1671.259,3100.041,5024.173,14.156,11.315,21.863,4.325,2.577,10.205,21.862,2.615,7.507,2.238,-7.197,5.583,-7.707,6.989,19.286,-5.879,-7.706,8.703,6.649,9.077,21.354,5.732,2.838,28.335,30.747,30.507,30.912,20.97,0.457,mid,0.599,0.549,0.594,0.5,-212.247,507.178,653.663,504.81,0.42,0.94,0.152,Yi-Tense,0.446808510638298,-2445057207773552871
Yi_F3,3,F,Yi,Village 1,F3_dzii21_02,252.372,656.718,404.346,5,ii21,Vowel,ii,Lax,Oral,21.0,2.0,Low,21,Unaspirated,Oral,171.288,170.841,173.454,171.887,349.265,35.612,1593.626,125.004,2905.742,178.979,4434.463,368.577,251.447,1630.64,2995.119,4745.245,12.831,10.329,22.477,5.306,3.765,11.134,22.476,5.147,6.436,2.478,-5.056,9.588,-9.646,5.024,18.712,-5.829,-9.645,5.184,6.395,7.851,17.886,0.741,2.401,43.908,52.051,51.991,50.566,30.028,0.501,low,0.568,0.518,0.638,0.481,-253.805,456.212,889.185,453.386,0.465,1.383,0.127,Yi-Lax,0.336225596529284,-5635054803196893107
Yi_F3,3,F,Yi,Village 1,F3_dzii55_02,234.307,792.715,558.408,5,ii55,Vowel,ii,Lax,Oral,55.0,1.0,High,55,Unaspirated,Oral,244.096,244.041,243.728,243.694,399.856,183.106,1700.114,30.426,2929.135,109.625,4296.602,1078.381,490.441,1703.801,3012.676,5251.041,17.533,13.298,16.79,10.52,-1.343,9.033,9.532,-8.558,8.976,5.192,-5.04,7.309,0.743,2.778,18.133,1.487,8.001,21.859,8.557,8.106,22.573,5.989,1.971,50.768,54.34,54.428,53.196,27.309,0.0,high,0.525,0.491,0.487,0.417,-356.0,513.782,852.709,512.073,0.472,0.514,0.185,Yi-Lax,0.918287937743191,-5006573479338881130
Yi_F3,3,F,Yi,Village 1,F3_na_21_01,289.082,693.509,404.427,5,a_21,Vowel,a,Tense,Oral,21.0,2.0,Low,21,Unaspirated,Nasal,151.006,150.116,154.591,151.91,932.618,162.773,1220.875,211.571,2822.723,337.108,4269.633,233.565,994.282,1353.187,3865.693,4661.425,8.074,7.701,13.455,11.91,6.446,-0.867,20.686,-13.698,15.773,-16.22,-10.494,-10.211,-5.38,-4.208,7.009,12.777,-12.612,21.547,-7.699,23.922,18.568,17.912,3.726,37.898,30.532,35.332,37.201,25.988,0.752,low,0.579,0.458,0.618,0.323,-195.284,490.672,888.694,488.535,0.746,2.396,0.156,Yi-Tense,0.31135225375626,6529901318706799481
Yi_F3,3,F,Yi,Village 1,F3_na_21_02,276.649,602.373,325.724,5,a_21,Vowel,a,Tense,Oral,21.0,2.0,Low,21,Unaspirated,Nasal,161.481,161.478,167.304,163.096,932.208,254.672,1299.382,158.622,2812.76,230.62,4301.261,449.648,1079.485,1294.284,2934.796,4869.183,8.258,7.828,15.658,13.86,8.734,-0.216,20.713,-12.005,21.164,-8.493,-1.461,-1.611,-7.399,-6.033,6.923,14.076,-12.454,19.93,-12.906,16.321,9.72,9.438,5.264,35.467,26.708,28.207,28.149,24.082,0.419,low,0.612,0.542,0.694,0.538,-120.122,440.63,493.645,437.276,0.514,0.767,-0.005,Yi-Tense,0.670143415906128,-7660347478976159349
Yi_F3,3,F,Yi,Village 1,F3_na_33_01,369.277,774.299,405.022,5,a_33,Vowel,a,Tense,Oral,33.0,1.0,Mid,33,Unaspirated,Nasal,206.007,206.085,207.489,205.526,926.577,186.533,1255.593,99.115,2855.378,397.774,4284.171,513.846,1097.018,1301.576,3629.135,4654.098,12.94,12.25,8.385,5.428,20.773,2.129,21.265,-10.938,22.535,-6.92,-3.227,-1.444,4.556,6.822,-12.388,3.299,-8.325,23.336,-9.595,19.169,16.167,13.694,6.996,31.94,22.648,27.082,28.48,23.257,0.655,mid,0.514,0.455,0.646,0.362,-246.557,572.147,798.722,570.388,0.576,0.818,0.092,Yi-Tense,0.704156479217604,7982113817228918081
Yi_F3,3,F,Yi,Village 1,F3_na33_02,313.067,745.68,432.613,5,a33,Vowel,a,Lax,Oral,33.0,1.0,Mid,33,Unaspirated,Nasal,201.157,201.114,201.784,201.183,304.016,465.89,1106.436,173.679,2768.196,160.249,4251.749,396.96,1109.179,2765.945,4383.121,4791.382,13.527,8.413,11.248,8.191,8.816,17.773,1.379,-12.949,12.855,7.608,-7.671,16.031,2.279,0.222,2.432,-9.582,12.148,21.368,0.672,0.805,21.198,-7.618,1.036,54.473,51.301,52.537,51.089,27.81,0.244,mid,0.491,0.414,0.472,0.275,-230.514,529.29,568.552,527.923,0.721,0.794,0.349,Yi-Lax,0.908060453400504,-3412425320600187441
Yi_F3,3,F,Yi,Village 1,F3_ti21_02,129.605,605.673,476.068,5,i21,Vowel,i,Lax,Oral,21.0,2.0,Low,21,Unaspirated,Oral,187.855,187.644,187.999,188.6,332.098,96.84,2666.427,352.194,3256.165,124.38,4545.651,381.72,340.688,2642.847,3274.631,4796.074,17.092,13.791,15.64,5.812,-5.16,6.256,15.03,-0.772,0.2,7.398,1.625,6.024,1.452,7.979,20.8,-0.444,2.061,14.563,16.891,6.392,15.467,7.766,1.187,41.4,52.458,52.02,46.195,26.611,0.0,low,0.447,0.418,0.524,0.349,-350.929,368.719,887.257,366.859,0.554,1.211,0.286,Yi-Lax,0.457473162675475,-4743054423990032882
Yi_F3,3,F,Yi,Village 1,F3_ti33_01,159.018,579.875,420.857,5,i33,Vowel,i,Lax,Oral,33.0,1.0,Mid,33,Unaspirated,Oral,241.015,240.579,240.275,242.008,262.968,53.481,2636.145,152.782,3336.882,164.565,4370.95,408.606,420.082,2749.951,3661.327,5540.183,18.438,8.6,6.648,13.898,-5.672,14.728,18.435,7.947,3.822,16.082,-0.445,10.811,11.79,-5.298,12.32,-0.83,0.003,0.653,14.616,-7.482,18.883,-2.211,1.29,40.308,49.598,50.03,45.277,25.211,0.0,mid,0.585,0.551,0.486,0.459,-164.436,369.433,396.744,367.529,0.383,0.843,0.176,Yi-Lax,0.454329774614472,5125246680870381043
Yi_F3,3,F,Yi,Village 1,F3_ti55_01,178.225,691.821,513.596,5,i55,Vowel,i,Lax,Oral,55.0,1.0,High,55,Unaspirated,Oral,246.731,246.59,246.838,249.016,274.981,71.58,2700.07,91.917,3334.305,161.737,4529.253,251.343,1341.012,3124.37,4210.532,5022.538,20.86,10.974,9.005,15.63,-7.645,12.287,20.844,9.606,8.367,20.438,1.741,11.558,11.854,-4.656,16.651,3.343,0.016,1.368,12.493,-9.464,19.119,-0.584,2.331,41.328,49.165,49.475,44.053,24.737,0.0,high,0.514,0.464,0.497,0.334,-388.603,434.796,862.344,433.439,0.442,0.656,0.196,Yi-Lax,0.673780487804878,-4089546772814207119
Yi_F3,3,F,Yi,Village 1,F3_tsrii_21_01,411.096,890.654,479.558,5,ii_21,Vowel,ii,Tense,Oral,21.0,2.0,Low,21,Unaspirated,Oral,182.598,182.017,184.383,183.202,528.446,86.708,1784.855,118.602,2909.131,111.899,4543.95,309.433,1628.712,2880.693,4814.957,4922.727,12.438,11.225,18.601,12.521,12.204,9.896,23.065,0.571,13.942,4.438,8.594,13.022,-6.163,-1.296,6.397,2.626,-10.627,10.657,-1.504,6.787,3.844,-1.797,4.788,46.565,48.512,47.053,46.057,31.876,0.0,low,0.562,0.495,0.622,0.466,-235.903,652.101,872.37,649.543,0.686,1.502,0.224,Yi-Tense,0.456724367509987,-5441155131967730688
Yi_F3,3,F,Yi,Village 1,F3_tsrii_33_02,289.437,826.022,536.585,5,ii_33,Vowel,ii,Tense,Oral,33.0,1.0,Mid,33,Unaspirated,Oral,205.778,205.723,206.595,205.226,572.871,143.156,1793.878,121.736,2921.401,166.594,4484.681,272.958,662.426,1934.095,3116.084,4700.25,12.68,11.326,17.337,10.33,9.155,7.907,18.073,-4.551,7.635,-2.656,1.805,5.392,-4.656,0.997,8.182,2.423,-5.392,15.882,5.045,13.982,10.876,5.935,2.242,54.126,53.583,52.251,50.398,31.337,0.0,mid,0.561,0.501,0.684,0.41,-227.261,557.884,766.098,555.89,0.436,1.096,0.135,Yi-Tense,0.397810218978102,-5515030297441989712
Yi_F3,3,F,Yi,Village 1,F3_tsrii21_02,311.218,769.183,457.965,5,ii21,Vowel,ii,Lax,Oral,21.0,2.0,Low,21,Unaspirated,Oral,182.526,182.508,183.528,183.596,503.631,108.22,1824.39,98.678,2912.761,208.725,4486.451,239.714,579.83,2001.771,3283.433,4665.861,14.875,13.555,18.296,11.461,5.856,5.19,20.21,-1.893,8.844,0.708,-0.433,4.31,-3.421,2.095,12.439,6.271,-5.336,15.451,6.031,12.847,15.307,9.245,2.76,38.646,44.381,42.627,42.222,28.146,0.0,low,0.435,0.402,0.503,0.349,-343.276,540.613,892.958,538.7,0.606,1.129,0.328,Yi-Lax,0.536758193091231,-1345898822084204168
Yi_F5,5,F,Yi,Village 2,F5_tl_du_21_01,109.12,320.964,211.844,5,u_21,Vowel,u,Tense,Oral,21.0,2.0,Low,21,Unaspirated,Oral,192.724,194.564,199.833,387.146,392.604,15.485,2136.989,32.874,2980.218,111.618,4256.427,275.091,405.946,2185.317,3142.728,4510.105,23.674,21.196,36.996,18.256,11.33,19.191,36.995,18.069,18.843,18.493,12.966,18.279,-13.322,2.94,25.666,-0.935,-13.321,3.128,4.831,2.703,10.708,2.917,57.608,21.009,30.836,29.127,26.332,24.439,0.302,low,0.661,0.576,0.692,0.582,-320.022,216.319,882.149,213.3,0.789,1.252,0.186,Yi-Tense,0.630191693290735,-621392379769230217
Yi_F5,5,F,Yi,Village 2,F5_tl_du_21_02,125.774,302.893,177.119,5,u_21,Vowel,u,Tense,Oral,21.0,2.0,Low,21,Unaspirated,Oral,187.704,188.293,192.298,189.279,381.468,61.089,2075.681,73.402,2891.459,150.843,4106.297,472.321,429.751,2117.937,3048.02,4517.9,21.941,19.397,29.936,11.796,9.618,17.788,29.935,11.633,11.819,11.472,5.195,10.475,-7.995,7.6,20.317,-5.992,-7.993,7.764,10.123,7.925,16.746,8.921,12.738,30.431,36.537,35.183,33.402,25.074,0.637,low,0.671,0.575,0.669,0.545,-344.387,215.587,1014.63,212.683,0.73,1.15,0.15,Yi-Tense,0.634782608695652,7541321919654907804
Yi_F5,5,F,Yi,Village 2,F5_tl_dzu_21_01,171.149,366.742,195.593,5,u_21,Vowel,u,Tense,Oral,21.0,2.0,Low,21,Unaspirated,Oral,208.926,208.564,213.185,330.427,415.731,21.256,2094.379,74.033,2992.462,132.959,4042.237,338.829,433.783,2159.485,3179.954,4454.241,22.487,19.884,31.935,12.491,6.542,14.514,31.934,12.406,12.16,10.637,6.913,12.32,-9.449,7.393,25.393,-2.022,-9.447,7.48,10.327,9.247,15.573,7.565,26.941,24.787,31.536,29.005,27.442,22.735,0.395,low,0.67,0.636,0.717,0.63,-585.435,270.364,1324.655,267.323,0.635,1.011,0.152,Yi-Tense,0.62809099901088,-628847245526830872
Yi_F5,5,F,Yi,Village 2,F5_tl_ge_21_01,83.254,300.685,217.431,5,e=_21,Vowel,ə,Tense,Oral,21.0,2.0,Low,21,Unaspirated,Oral,180.993,181.821,186.196,365.806,370.656,23.517,1521.795,294.204,2893.313,70.187,4369.266,366.921,405.656,1601.687,2934.955,4530.814,17.655,15.158,30.574,12.447,10.219,17.049,30.573,12.198,5.3,-0.002,1.816,15.573,-12.919,2.711,20.355,-4.602,-12.918,2.963,12.355,15.161,15.839,-0.414,12.597,28.962,35.684,37.768,36.294,25.32,0.361,low,0.699,0.636,0.716,0.66,-361.17,194.017,873.761,190.371,0.853,1.094,0.223,Yi-Tense,0.779707495429616,-2273249870145519672
Yi_F5,5,F,Yi,Village 2,F5_tl_ge21_01,113.793,390.747,276.954,5,e=21,Vowel,ə,Lax,Oral,21.0,2.0,Low,21,Unaspirated,Oral,181.358,181.305,182.501,182.047,391.975,90.922,1659.71,337.068,2775.888,103.273,4353.897,501.795,444.558,1922.692,2793.895,5121.553,16.6,14.379,22.084,6.303,4.392,10.257,22.083,2.958,-4.419,-9.733,-5.957,3.502,-5.485,8.077,17.693,-3.955,-5.484,11.423,21.019,24.113,22.557,10.877,2.547,29.277,38.692,41.478,41.202,24.466,0.825,low,0.544,0.466,0.562,0.4,-287.052,252.432,901.273,250.23,0.68,0.688,0.127,Yi-Lax,0.988372093023256,-3196716152555827947
Yi_F5,5,F,Yi,Village 2,F5_tl_gu_21_01,218.393,574.205,355.812,5,u_21,Vowel,u,Tense,Oral,21.0,2.0,Low,21,Unaspirated,Oral,181.12,180.934,184.014,182.428,376.183,48.759,2001.187,116.578,2775.06,109.884,4289.231,305.651,371.44,2098.135,2855.103,4447.484,24.091,21.739,33.898,16.466,16.158,23.521,33.897,15.479,17.523,16.354,14.975,19.133,-9.807,5.272,17.74,-7.055,-9.806,6.26,6.568,5.384,9.116,2.606,35.074,19.836,26.878,24.346,23.459,25.103,0.523,low,0.67,0.574,0.638,0.6,-345.602,398.19,1023.775,394.879,0.9,1.025,0.14,Yi-Tense,0.878048780487805,-5049605414541335981
Yi_F5,5,F,Yi,Village 2,F5_tl_hle_21_01,127.189,348.69,221.501,5,e=_21,Vowel,ə,Tense,Oral,21.0,2.0,Low,21,Unaspirated,Oral,187.392,186.901,189.922,188.441,514.891,163.23,1718.235,207.989,3019.089,162.272,4516.927,357.406,539.033,1759.264,3100.077,4662.817,14.085,12.656,19.863,12.235,9.242,9.21,17.949,-4.126,-0.653,-9.751,-3.623,4.302,-5.778,0.421,10.621,3.025,-3.864,16.787,14.738,22.407,17.708,8.354,2.493,39.458,43.691,46.433,45.033,27.889,0.0,low,0.62,0.529,0.641,0.431,-209.836,238.592,582.767,236.279,0.847,1.154,0.234,Yi-Tense,0.733968804159445,492462277697512797
Yi_F5,5,F,Yi,Village 2,F5_tl_hle21_01,206.728,472.65,265.922,5,e=21,Vowel,ə,Lax,Oral,21.0,2.0,Low,21,Unaspirated,Oral,210.874,211.74,217.893,213.729,420.319,49.152,1717.006,91.757,2834.27,94.591,4417.464,404.399,441.827,1789.713,2899.808,4794.422,26.297,23.637,32.176,12.545,11.21,18.29,32.175,12.358,11.447,6.047,5.299,13.804,-5.878,11.092,20.966,-5.745,-5.878,11.281,14.85,17.59,20.998,9.833,30.365,32.885,36.648,35.744,33.751,23.896,0.571,low,0.48,0.455,0.523,0.407,-693.13,340.685,1471.824,338.75,0.783,0.828,0.339,Yi-Lax,0.945652173913044,6256392148823598087
Yi_F5,5,F,Yi,Village 2,F5_tl_jie33_01,148.088,473.655,325.567,5,ii33,Vowel,ii,Lax,Oral,33.0,1.0,Mid,33,Unaspirated,Oral,225.6,225.61,226.476,226.487,426.366,91.951,1338.507,49.681,3136.457,346.069,4682.342,399.703,453.312,1354.558,3353.938,4879.768,22.263,19.19,25.342,8.632,5.817,11.211,25.341,5.352,14.104,5.115,-8.478,10.44,-3.079,10.557,19.525,-2.579,-3.078,13.85,8.159,14.074,30.741,8.75,7.553,33.886,36.416,42.756,44.472,26.745,0.894,mid,0.595,0.526,0.667,0.455,-597.222,311.285,1599.153,309.268,0.646,1.638,0.346,Yi-Lax,0.394383394383394,-7967025276359281613
Yi_F5,5,F,Yi,Village 2,F5_tl_jie33_02,109.363,466.186,356.823,5,ii33,Vowel,ii,Lax,Oral,33.0,1.0,Mid,33,Unaspirated,Oral,227.334,227.135,226.795,228.035,432.498,128.937,1324.67,137.983,2842.163,457.194,4693.472,676.777,549.505,1247.7,3382.305,5501.398,20.479,17.477,24.149,6.288,8.39,13.361,24.149,3.928,10.99,1.633,-9.881,4.94,-3.67,11.19,15.759,-7.074,-3.669,13.558,9.49,15.844,30.361,12.538,5.688,39.998,40.028,46.743,47.971,27.483,0.913,mid,0.608,0.527,0.653,0.45,-432.53,288.0,1281.502,286.019,0.48,1.028,0.131,Yi-Lax,0.46692607003891,3711784671661192705
Yi_F5,5,F,Yi,Village 2,F5_tl_khu_21_01,165.817,387.788,221.971,5,u_21,Vowel,u,Tense,Oral,21.0,2.0,Low,21,Aspirated,Oral,197.352,197.3,200.051,198.869,409.802,49.358,2169.076,125.902,2770.391,124.816,4327.489,413.834,452.609,2363.001,2917.364,4789.651,20.64,18.239,31.077,12.581,12.614,20.133,31.076,11.769,13.95,13.452,12.03,12.025,-10.438,5.658,18.463,-7.552,-10.436,6.47,6.69,4.787,8.61,6.214,19.45,35.29,41.55,40.774,39.742,30.62,0.508,low,0.633,0.548,0.685,0.587,-272.107,278.54,817.324,275.556,0.617,1.224,0.101,Yi-Tense,0.504084967320261,-521695630846576480
Yi_F5,5,F,Yi,Village 2,F5_tl_khu21_02,223.263,337.661,114.398,5,u21,Vowel,u,Lax,Oral,21.0,2.0,Low,21,Aspirated,Oral,198.328,198.648,202.057,200.734,399.223,35.115,2190.579,42.615,2782.997,100.932,4378.048,381.255,430.251,2260.008,2937.711,4777.579,18.39,15.873,29.018,10.01,7.918,15.959,29.017,9.983,13.444,13.493,7.504,7.709,-10.628,5.863,21.099,-5.949,-10.627,5.89,4.946,2.38,10.886,8.164,10.778,37.61,45.209,42.8,39.649,26.587,0.449,low,0.613,0.552,0.602,0.498,-340.677,281.674,746.84,279.146,1.013,1.795,0.561,Yi-Lax,0.564345403899721,-8446780446081974322
Yi_F5,5,F,Yi,Village 2,F5_tl_li_33_01,139.025,558.613,419.588,5,i_33,Vowel,i,Tense,Oral,33.0,1.0,Mid,33,Unaspirated,Oral,221.766,221.867,222.092,220.056,442.718,39.229,1992.819,1258.536,2428.609,83.04,3340.742,183.978,450.588,2385.894,3210.523,4955.939,21.2,18.604,27.277,7.234,4.325,11.813,27.276,7.22,0.132,-3.077,7.955,1.411,-6.078,11.369,22.952,-4.579,-6.077,11.384,21.068,21.681,13.244,17.193,10.192,48.361,53.069,53.319,50.118,29.415,0.622,mid,0.65,0.58,0.699,0.59,-417.029,350.033,1193.221,347.369,0.682,0.842,0.156,Yi-Tense,0.809976247030879,3764654701824897114
Yi_F5,5,F,Yi,Village 2,F5_tl_li_33_02,200.845,513.741,312.896,5,i_33,Vowel,i,Tense,Oral,33.0,1.0,Mid,33,Unaspirated,Oral,215.796,215.991,216.137,217.982,423.538,42.207,2383.906,83.439,3274.777,246.939,3737.296,755.535,428.746,2369.066,3330.507,4935.176,21.497,18.86,27.278,8.194,3.205,11.698,27.277,7.796,0.812,1.912,-2.697,3.088,-5.781,10.665,24.073,-3.504,-5.781,11.065,20.685,16.948,24.193,15.772,9.11,37.782,44.894,46.016,43.307,24.972,0.6,mid,0.621,0.547,0.685,0.483,-357.78,357.565,1198.976,355.325,0.539,1.784,0.215,Yi-Tense,0.302130044843049,591517018396888233
Yi_F5,5,F,Yi,Village 2,F5_tl_li33_01,201.801,558.208,356.407,5,i33,Vowel,i,Lax,Oral,33.0,1.0,Mid,33,Unaspirated,Oral,216.765,216.745,217.225,219.583,410.471,83.194,1567.308,1545.339,2321.931,218.245,3215.881,120.74,429.345,2251.696,3201.775,4898.325,22.726,19.722,23.728,7.882,1.882,9.538,23.725,4.521,-4.959,-10.816,0.301,1.795,-1.002,11.841,21.846,-1.657,-0.999,15.203,27.685,30.538,22.425,17.927,6.153,28.323,33.83,37.337,37.374,24.867,0.586,mid,0.618,0.569,0.658,0.565,-545.821,381.115,1391.639,378.506,0.683,0.75,0.223,Yi-Lax,0.910666666666667,-6141324700052382935
Yi_F5,5,F,Yi,Village 2,F5_tl_li33_02,165.263,459.971,294.708,5,i33,Vowel,i,Lax,Oral,33.0,1.0,Mid,33,Unaspirated,Oral,213.103,213.065,214.073,213.426,415.441,27.849,2167.484,412.03,2980.697,144.52,4124.568,956.4,419.585,2269.278,3208.985,5023.167,20.865,18.162,25.214,6.444,1.121,9.117,25.213,5.777,-1.928,-4.172,-2.076,-0.94,-4.349,11.718,24.093,-2.673,-4.349,12.387,22.793,22.335,22.941,19.103,6.08,30.215,41.772,42.546,41.157,23.712,0.669,mid,0.628,0.568,0.696,0.602,-500.209,313.859,1492.724,311.026,0.588,0.923,0.119,Yi-Lax,0.637053087757313,-7081515104662509012
Yi_F5,5,F,Yi,Village 2,F5_tl_mu33_01,136.135,472.65,336.515,5,u33,Vowel,u,Lax,Oral,33.0,1.0,Mid,33,Unaspirated,Nasal,215.442,215.642,216.951,217.493,406.939,85.822,1963.705,72.592,2957.386,152.577,4234.121,287.036,418.842,2055.242,3218.556,4528.887,23.187,20.27,26.235,10.223,5.776,14.502,26.234,7.19,12.807,10.463,3.014,10.555,-3.048,10.047,20.459,-4.278,-3.048,13.082,10.379,9.808,20.173,9.716,9.056,43.991,49.184,47.737,46.105,26.509,0.791,mid,0.573,0.512,0.65,0.428,-406.417,304.986,1160.841,302.998,0.553,0.794,0.145,Yi-Lax,0.69647355163728,-904372617105882900
Yi_F5,5,F,Yi,Village 2,F5_tl_no_21_02,271.483,519.215,247.732,5,o_21,Vowel,o,Tense,Oral,21.0,2.0,Low,21,Unaspirated,Nasal,189.573,189.329,192.551,190.963,453.966,120.059,874.622,165.9,2714.035,367.604,3761.753,243.403,662.45,2233.083,3689.115,4834.657,18.023,15.873,24.092,11.388,14.685,8.28,21.908,-1.051,12.011,-4.286,-12.488,7.544,-6.069,4.485,9.407,3.108,-3.885,16.97,6.012,20.159,30.511,8.329,5.624,37.629,41.062,47.794,47.438,25.258,0.174,low,0.674,0.612,0.707,0.628,-614.885,396.994,1832.953,393.675,0.807,1.258,0.218,Yi-Tense,0.641494435612083,4838383887396820049
Yi_F5,5,F,Yi,Village 2,F5_tl_no21_01,195.943,413.432,217.489,5,o_21,Vowel,o,Lax,Oral,21.0,2.0,Low,21,Unaspirated,Nasal,186.605,186.781,190.605,339.68,364.023,22.746,770.818,80.817,2933.048,409.564,3655.751,357.621,475.128,1926.248,4079.677,4769.567,17.624,14.478,27.53,8.563,17.293,5.892,27.529,7.936,17.292,3.664,-10.509,18.433,-9.905,5.914,10.237,2.672,-9.904,6.607,0.332,10.814,28.133,-3.956,7.526,30.921,37.582,44.939,45.501,23.916,0.37,low,0.644,0.578,0.676,0.505,-457.384,305.414,1462.19,302.698,0.731,1.621,0.125,Yi-Lax,0.450956199876619,9068922951144072623
Yi_F5,5,F,Yi,Village 2,F5_tl_no21_02,194.724,387.845,193.121,5,o_21,Vowel,o,Lax,Oral,21.0,2.0,Low,21,Unaspirated,Nasal,182.015,181.882,185.088,183.61,394.797,71.969,881.275,92.72,2669.684,708.829,3426.349,875.435,407.057,1095.668,3521.383,4911.529,15.777,13.331,23.99,7.503,12.115,9.945,23.989,3.216,14.562,1.0,-13.336,9.734,-8.213,5.828,11.875,-2.442,-8.212,10.148,1.215,12.331,29.112,3.597,4.319,38.431,43.155,47.253,46.269,23.604,0.881,low,0.62,0.532,0.666,0.541,-355.706,292.929,1218.625,289.955,0.664,0.942,0.128,Yi-Lax,0.704883227176221,-311659969750371865
Yi_F5,5,F,Yi,Village 2,F5_tl_nu33_01,194.901,470.691,275.79,5,u33,Vowel,u,Lax,Oral,33.0,1.0,Mid,33,Unaspirated,Nasal,220.265,220.367,221.682,219.757,433.293,31.668,2189.462,64.243,3031.751,160.27,4155.441,309.235,441.265,2219.897,3207.293,4484.688,28.326,25.656,33.661,14.427,9.043,17.262,33.66,13.918,15.257,14.255,6.569,10.412,-5.335,11.228,24.618,-2.834,-5.334,11.739,13.069,11.401,21.757,15.243,41.825,29.175,37.573,36.795,34.707,26.115,0.615,mid,0.558,0.519,0.557,0.459,-564.105,333.74,1471.97,331.66,0.565,1.609,0.299,Yi-Lax,0.351149782473586,-309853606101552533
Yi_F5,5,F,Yi,Village 2,F5_tl_pe_21_01,125.484,439.675,314.191,5,e=_21,Vowel,ə,Tense,Oral,21.0,2.0,Low,21,Unaspirated,Oral,199.202,199.652,202.326,401.686,403.354,17.175,1632.261,217.243,3157.711,182.445,4231.423,377.783,433.9,1668.858,3400.705,4573.231,18.254,15.696,32.017,12.759,10.76,17.588,32.016,12.67,9.205,3.639,-0.118,15.2,-13.762,2.937,21.257,-4.829,-13.761,3.03,9.049,12.056,18.373,0.495,21.024,39.439,44.446,47.375,47.788,28.871,0.321,low,0.664,0.601,0.689,0.63,-437.074,284.958,960.054,281.787,0.793,0.92,0.129,Yi-Tense,0.86195652173913,3751905689751083251
Yi_F5,5,F,Yi,Village 2,F5_tl_phi_21_01,233.096,447.157,214.061,5,i_21,Vowel,i,Tense,Oral,21.0,2.0,Low,21,Aspirated,Oral,198.45,199.312,205.564,402.718,402.949,13.658,2312.553,60.884,2767.683,2162.613,3169.101,153.632,417.071,2332.967,3204.175,4970.993,19.74,17.25,32.43,13.283,7.669,15.342,32.429,13.128,10.173,9.244,11.212,6.944,-12.69,3.968,24.761,-2.059,-12.689,4.122,9.567,8.006,8.527,10.306,26.439,31.14,38.671,36.124,32.818,26.285,0.305,low,0.726,0.589,0.637,0.552,-242.033,341.536,578.959,338.677,0.858,1.323,0.214,Yi-Tense,0.648526077097506,7509884155992628306
Yi_F5,5,F,Yi,Village 2,F5_tl_phi21_02,207.167,484.457,277.29,5,i21,Vowel,i,Lax,Oral,21.0,2.0,Low,21,Aspirated,Oral,182.851,182.762,184.546,184.214,361.636,29.554,2193.665,85.317,3105.929,188.874,4367.985,1291.73,378.092,2180.486,3143.489,5055.88,18.346,15.731,25.653,8.472,3.379,12.128,25.651,8.113,3.276,4.783,-6.487,1.668,-7.306,7.259,22.274,-3.656,-7.305,7.619,15.07,10.949,24.833,14.063,5.563,25.49,36.97,35.952,35.363,21.493,0.452,low,0.622,0.572,0.628,0.55,-454.753,347.65,1113.991,344.626,1.074,2.148,0.431,Yi-Lax,0.5,5500721996268898655
Yi_F5,5,F,Yi,Village 2,F5_tl_phie21_01,197.751,558.208,360.457,5,i_21,Vowel,i,Lax,Oral,21.0,2.0,Low,21,Aspirated,Oral,176.977,177.238,182.085,315.91,350.732,24.641,2624.336,228.657,3196.633,267.848,4340.601,359.362,365.625,2737.599,3410.056,4775.016,20.171,17.631,28.741,11.496,6.815,15.702,28.74,11.404,0.536,5.929,-0.251,2.069,-8.57,6.135,21.926,-4.207,-8.569,6.227,19.634,11.701,20.422,15.561,9.312,24.241,37.227,39.72,35.852,23.493,0.394,low,0.559,0.514,0.571,0.512,-653.758,379.763,1627.277,376.854,1.232,1.291,0.414,Yi-Lax,0.95429899302866,-3685495213314582928
Yi_F5,5,F,Yi,Village 2,F5_tl_sro21_01,590.323,760.455,170.132,5,o21,Vowel,o,Lax,Oral,21.0,2.0,Low,21,Unaspirated,Oral,184.945,184.977,186.741,185.293,544.808,163.7,1097.592,54.189,3003.798,497.506,4143.982,829.137,581.758,1097.476,3319.53,5077.356,17.055,15.71,17.11,10.532,13.805,7.414,18.375,-5.8,14.385,-3.034,-15.36,0.001,-0.055,5.178,3.305,3.119,-1.321,21.548,2.67,18.744,32.415,15.709,2.734,36.29,35.695,40.749,40.895,23.582,0.701,low,0.514,0.484,0.546,0.474,-302.693,676.255,746.759,673.682,0.878,1.64,0.528,Yi-Lax,0.535365853658537,1333313773627222749
Yi_F5,5,F,Yi,Village 2,F5_tl_tcjhi33_01,236.809,317.212,80.403,5,i33,Vowel,i,Lax,Oral,33.0,1.0,Mid,33,Aspirated,Oral,233.8,233.71,238.23,235.81,447.323,50.411,2122.034,98.373,3038.513,215.02,4567.467,1209.042,461.485,2135.391,3032.377,4804.755,28.052,25.024,29.489,14.304,6.986,15.96,29.383,9.675,17.797,16.156,5.708,11.167,-1.437,10.72,22.503,-1.656,-1.33,15.351,10.255,8.868,22.345,13.858,31.069,19.368,26.718,26.143,26.42,22.705,0.786,mid,0.523,0.5,0.577,0.466,-667.135,277.828,1470.947,275.833,0.675,1.527,0.443,Yi-Lax,0.442043222003929,-746722928645642184
Yi_F5,5,F,Yi,Village 2,F5_tl_tcjie_21_01,177.294,412.433,235.139,5,ie_21,Vowel,ie,Tense,Oral,21.0,2.0,Low,21,Unaspirated,Oral,199.598,199.143,204.358,280.129,398.874,21.553,2760.823,153.651,3400.371,257.193,4270.976,467.206,409.324,2838.355,3569.831,4672.18,20.694,18.149,29.65,10.794,3.878,12.565,29.649,10.712,6.477,11.453,4.302,6.745,-8.956,7.355,25.772,-1.772,-8.955,7.437,14.217,6.696,16.392,11.404,16.977,30.414,39.991,41.689,35.432,24.613,0.419,low,0.716,0.636,0.685,0.643,-644.084,296.466,1224.594,293.215,0.862,0.931,0.218,Yi-Tense,0.925886143931257,-6300669406339110692
Yi_F5,5,F,Yi,Village 2,F5_tl_te21_02,76.461,247.483,171.022,5,e=_21,Vowel,ə,Lax,Oral,21.0,2.0,Low,21,Unaspirated,Oral,183.144,183.481,185.883,184.827,450.429,141.803,2249.124,166.208,2936.107,122.65,4260.545,369.052,510.082,2371.976,2974.762,4505.614,21.418,19.83,28.284,19.182,16.459,19.366,18.825,-2.322,11.21,8.984,9.853,10.103,-6.866,0.648,11.825,-0.184,2.592,22.153,10.207,10.846,11.564,9.728,14.002,31.67,37.531,36.738,33.721,27.259,0.64,low,0.656,0.548,0.591,0.549,-395.113,163.621,1111.491,160.613,1.003,1.446,0.31,Yi-Lax,0.693637621023513,-138079904496588453
Yi_F5,5,F,Yi,Village 2,F5_tl_tshu_21_02,214.69,383.787,169.097,5,u_21,Vowel,u,Tense,Oral,21.0,2.0,Low,21,Aspirated,Oral,198.298,199.75,206.681,200.851,413.914,75.425,1995.509,107.329,2977.343,101.483,3900.603,445.296,445.271,2073.099,3101.382,4554.767,21.352,18.886,27.757,8.97,6.906,14.251,27.756,8.29,6.866,4.289,3.343,10.451,-6.405,9.916,20.851,-5.281,-6.404,10.597,14.486,14.597,18.009,8.435,8.891,32.551,37.849,35.751,33.228,23.361,0.676,low,0.61,0.536,0.64,0.527,-327.72,300.002,929.376,297.355,0.852,0.971,0.244,Yi-Tense,0.877445932028836,2736624968767676771
Yi_F5,5,F,Yi,Village 2,F5_tl_tshu21_01,251.949,478.725,226.776,5,u21,Vowel,u,Lax,Oral,21.0,2.0,Low,21,Aspirated,Oral,193.274,193.262,195.165,194.194,400.665,69.28,2133.884,31.656,2984.82,125.941,4018.412,429.828,438.438,2168.145,3204.758,4579.288,16.579,14.191,25.754,7.551,7.455,14.948,25.753,6.702,9.556,8.937,-1.399,3.413,-9.175,6.64,18.3,-7.396,-9.174,7.49,7.024,5.254,17.978,10.778,4.849,33.51,41.778,41.155,38.461,24.547,0.584,low,0.612,0.51,0.302,0.503,-194.205,365.402,592.14,364.339,0.515,0.769,0.209,Yi-Lax,0.669700910273082,-7562011966409080714
Yi_F5,5,F,Yi,Village 2,F5_tl_tsi_21_01,177.257,446.606,269.349,5,ii_21,Vowel,ii,Tense,Oral,21.0,2.0,Low,21,Unaspirated,Oral,201.628,202.27,205.81,250.75,398.6,31.52,1215.368,158.876,2934.401,180.607,4267.598,1012.153,470.99,1152.505,3033.973,4984.557,20.086,17.295,29.172,9.787,9.67,14.265,29.171,9.554,12.218,2.764,-4.315,14.612,-9.086,7.508,19.502,-4.478,-9.085,7.753,7.868,14.531,24.401,2.683,12.35,35.839,37.175,41.739,42.369,26.459,0.413,low,0.676,0.572,0.616,0.581,-562.24,312.683,1203.343,309.803,1.081,1.383,0.334,Yi-Tense,0.781634128705712,2763947649502115176
Yi_F5,5,F,Yi,Village 2,F5_tl_tsi_21_02,105.731,304.076,198.345,5,ii_21,Vowel,ii,Tense,Oral,21.0,2.0,Low,21,Unaspirated,Oral,199.22,199.342,202.328,200.433,413.666,82.356,1208.045,212.062,3073.556,548.878,4141.976,1879.59,493.316,1258.166,4193.65,4957.075,17.442,14.832,24.565,5.099,7.433,11.318,24.564,4.523,8.224,-1.791,-13.968,6.577,-7.122,9.732,17.132,-6.219,-7.121,10.323,9.218,16.622,31.411,8.255,4.587,42.813,42.634,46.031,46.434,25.468,0.65,low,0.646,0.531,0.576,0.464,-348.849,205.611,929.664,203.271,0.979,1.224,0.299,Yi-Tense,0.79983660130719,7971038914186557442
Yi_F5,5,F,Yi,Village 2,F5_tl_tsi21_01,234.184,533.868,299.684,5,ii21,Vowel,ii,Lax,Oral,21.0,2.0,Low,21,Unaspirated,Oral,198.305,197.986,199.997,198.793,403.323,108.546,1589.162,111.306,2996.335,191.135,4574.811,510.062,499.21,1724.798,3372.258,4902.873,21.597,19.141,26.417,8.072,12.93,19.134,26.415,6.79,11.05,4.716,-0.763,12.713,-4.819,11.069,13.487,-11.062,-4.818,12.354,10.547,14.424,22.36,6.428,8.828,33.522,37.844,38.364,36.696,25.12,0.694,low,0.567,0.536,0.591,0.526,-666.061,385.471,1484.286,382.815,1.047,1.958,0.546,Yi-Lax,0.534729315628192,-5057474624087913838
Yi_F5,5,F,Yi,Village 2,F5_tl_tu_33_01,360.814,627.345,266.531,5,u_33,Vowel,u,Tense,Oral,33.0,1.0,Mid,33,Unaspirated,Oral,228.03,227.936,229.885,229.052,445.968,72.05,2016.842,162.898,2964.758,53.812,4048.179,297.064,471.157,2049.387,3024.85,4859.118,21.237,18.543,24.239,4.667,2.852,10.58,24.238,4.124,11.551,8.306,9.148,14.791,-3.002,13.876,21.387,-5.913,-3.001,14.421,9.687,10.237,12.09,3.752,6.567,47.941,52.91,51.426,50.344,29.115,0.87,mid,0.651,0.599,0.69,0.597,-439.369,495.319,1073.005,492.692,0.755,1.362,0.281,Yi-Tense,0.554331864904552,630741043450364892
Yi_F5,5,F,Yi,Village 2,F5_tl_tu33_02,115.973,373.925,257.952,5,u33,Vowel,u,Lax,Oral,33.0,1.0,Mid,33,Unaspirated,Oral,222.558,222.937,223.793,222.958,431.297,42.727,2197.262,76.116,3097.136,226.928,4540.933,538.249,436.832,2206.083,3151.42,4761.078,20.809,18.052,23.881,5.662,0.217,8.727,23.881,4.25,4.955,4.107,-4.932,-0.012,-3.072,12.39,23.664,-3.065,-3.072,13.803,15.853,13.945,25.741,18.064,5.254,33.486,43.36,45.376,44.999,26.089,0.753,mid,0.61,0.539,0.635,0.535,-300.608,246.24,754.015,243.838,0.857,0.987,0.314,Yi-Lax,0.868287740628166,-4369113789415021210
Yi_F5,5,F,Yi,Village 2,F5_tl_xe21_01,143.649,395.985,252.336,5,e=21,Vowel,ə,Lax,Oral,21.0,2.0,Low,21,Unaspirated,Oral,222.944,222.799,223.18,221.983,420.651,63.108,1680.933,170.156,2661.051,147.284,4327.175,442.897,446.393,2246.236,3210.232,4377.482,26.14,23.11,27.538,12.108,5.553,13.607,27.537,8.179,3.682,-1.404,-1.198,4.941,-1.398,11.002,21.985,-1.499,-1.396,14.933,22.458,24.514,27.338,18.17,16.454,27.892,35.915,38.51,39.334,25.351,0.848,low,0.547,0.519,0.627,0.462,-806.968,270.523,1615.497,268.443,0.695,0.951,0.391,Yi-Lax,0.73080967402734,-5432359993683230251
Yi_F5,5,F,Yi,Village 2,F5_tl_zji_21_02,118.712,255.797,137.085,5,ii_21,Vowel,ii,Tense,Oral,21.0,2.0,Low,21,Unaspirated,Oral,192.776,192.932,198.256,195.009,364.816,91.672,1999.852,228.325,2951.388,789.204,4481.486,711.413,391.752,2267.543,3746.925,5464.258,18.276,15.251,19.058,5.505,0.754,10.407,18.966,1.538,-0.871,-1.111,-7.314,2.851,-0.782,9.747,18.304,-4.903,-0.69,13.714,19.147,16.362,25.59,12.4,2.744,19.107,28.422,28.715,28.311,19.543,0.709,low,0.613,0.562,0.616,0.57,-550.013,188.786,1504.098,185.823,0.946,1.953,0.486,Yi-Tense,0.484383000512033,-8026041954670892431
Yi_F5,5,F,Yi,Village 2,F5_tl_zji21_01,145.145,437.854,292.709,5,i21,Vowel,i,Lax,Oral,21.0,2.0,Low,21,Unaspirated,Oral,184.444,184.265,188.071,365.122,375.206,20.918,2710.291,401.612,2976.717,338.849,3768.349,356.406,399.975,2751.769,3315.791,4663.11,19.601,17.164,32.662,14.637,11.386,19.803,32.661,14.49,17.327,22.666,16.785,2.318,-13.061,2.526,21.276,-5.166,-13.06,2.674,2.274,-5.502,2.816,14.846,22.999,28.974,37.158,38.934,33.147,27.729,0.342,low,0.686,0.638,0.678,0.634,-423.101,293.311,882.312,289.863,0.867,1.672,0.236,Yi-Lax,0.518540669856459,7417397477664430499
Yi_F5,5,F,Yi,Village 2,F5_tl_zji21_02,8.661,121.126,112.465,5,i33,Vowel,i,Lax,Oral,21.0,2.0,Low,21,Unaspirated,Oral,219.564,218.79,220.132,219.583,238.281,40.971,711.909,282.58,3293.714,55.249,3936.031,823.844,482.911,3312.202,4596.751,4810.552,22.778,13.076,14.151,17.05,1.404,16.679,22.751,12.013,1.826,-3.888,-8.022,34.546,8.627,-3.974,12.747,0.37,0.027,1.124,20.952,16.964,30.8,-21.471,2.893,42.167,50.531,54.553,52.31,23.848,0.0,low,0.596,0.532,0.612,0.527,-524.134,66.541,1323.82,64.127,0.858,1.678,0.512,Yi-Lax,0.511323003575685,1689060805837505882
Yi_M1,1,M,Yi,Village 1,M1_bu21,284.315,689.93,405.615,5,u21,Vowel,u,Lax,Oral,21.0,2.0,Low,21,Unaspirated,Oral,97.957,97.454,98.815,98.206,411.893,132.954,1226.833,349.597,2635.644,270.694,3621.541,564.447,640.785,2531.868,3840.998,5283.893,12.501,11.932,14.977,12.49,16.518,-2.712,16.513,-6.041,0.21,-12.218,-14.078,-3.427,-2.476,-0.559,-1.541,15.203,-4.012,17.976,12.291,24.15,26.578,15.359,0.982,19.639,25.468,30.59,31.393,21.061,0.416,low,0.477,0.367,0.373,0.422,-218.451,491.472,503.336,487.121,2.009,2.289,0.668,Yi-Lax,0.877675840978593,-118590301158387539
Yi_M1,1,M,Yi,Village 1,M1_bu33,245.299,654.698,409.399,5,u33,Vowel,u,Lax,Oral,33.0,1.0,Mid,33,Unaspirated,Oral,116.439,116.483,116.496,116.605,398.438,125.565,1348.211,551.121,2608.466,346.082,3866.521,576.771,490.004,2647.819,3772.128,5099.202,15.221,14.352,10.784,6.744,13.919,5.16,15.809,-5.166,-5.033,-14.884,-10.173,0.336,4.437,7.609,-3.135,1.584,-0.588,19.521,20.254,29.236,25.395,14.016,0.958,35.113,39.171,39.812,37.549,23.995,0.0,mid,0.411,0.363,0.401,0.326,-274.275,450.557,606.089,447.755,1.441,2.826,0.56,Yi-Lax,0.509907997169144,4717584970533542339
Yi_M1,1,M,Yi,Village 1,M1_de=_21,177.9,589.933,412.033,5,e=_21,Vowel,ə,Tense,Oral,21.0,2.0,Low,21,Unaspirated,Oral,113.315,113.016,114.338,113.962,534.66,65.762,1591.831,56.854,2877.535,172.544,3677.865,1920.32,554.346,1656.586,3059.646,5269.913,23.82,23.365,23.904,21.956,27.548,15.42,28.834,4.42,16.31,3.041,2.388,7.273,-0.084,1.409,-3.643,6.536,-5.014,18.949,7.51,20.325,21.432,16.092,14.891,16.051,19.586,21.081,22.487,23.067,0.0,low,0.548,0.409,0.409,0.433,-174.665,386.597,388.308,382.745,2.476,2.901,0.86,Yi-Tense,0.853498793519476,-3049802073397548853
Yi_M1,1,M,Yi,Village 1,M1_de=33,244.358,788.789,544.431,5,e=33,Vowel,ə,Lax,Oral,33.0,1.0,Mid,33,Unaspirated,Oral,120.98,121.014,121.161,121.575,494.186,117.697,1727.861,182.992,2901.955,135.417,3980.362,270.794,517.699,1974.642,3377.769,5183.37,29.275,28.689,27.152,24.573,29.016,6.607,29.014,5.433,8.185,-1.849,2.121,6.839,2.123,4.116,-1.864,17.966,0.261,23.258,21.09,30.538,27.154,21.851,25.498,31.762,37.456,36.407,34.761,28.02,0.0,mid,0.451,0.351,0.355,0.35,-335.768,518.757,646.155,515.862,2.011,2.107,0.979,Yi-Lax,0.954437588989084,-3472599552943019237
Yi_M1,1,M,Yi,Village 1,M1_de=55,487.718,906.176,418.458,5,e=55,Vowel,ə,Lax,Oral,55.0,1.0,High,55,Unaspirated,Oral,122.352,122.392,122.296,123.116,443.432,97.656,1644.845,369.486,2830.707,120.656,3752.026,855.348,467.952,2208.62,3108.208,5330.634,31.354,30.602,29.119,25.691,29.481,16.91,28.665,6.353,6.924,-1.822,4.627,11.643,2.236,4.911,-0.362,8.78,2.69,24.251,24.43,32.425,26.727,18.959,34.031,28.325,35.365,34.649,32.274,26.764,0.0,high,0.447,0.352,0.371,0.337,-331.743,698.754,665.303,695.998,1.943,2.089,0.94,Yi-Lax,0.930110100526568,-2357096464224993350
Yi_M1,1,M,Yi,Village 1,M1_dzi_21,261.879,638.578,376.699,5,i_21,Vowel,i,Tense,Oral,21.0,2.0,Low,21,Unaspirated,Oral,106.228,106.103,106.902,106.644,394.796,101.225,1527.335,82.276,2740.21,239.734,4071.607,713.238,1059.353,2460.808,4787.955,5593.732,16.277,15.582,20.31,17.178,20.546,5.234,20.542,-0.699,4.917,-3.542,-6.842,2.08,-4.033,-1.596,-0.236,11.944,-4.265,16.283,11.36,19.125,23.12,13.502,2.118,22.951,31.921,32.503,33.144,22.631,0.492,low,0.585,0.478,0.488,0.513,-156.814,453.287,377.189,448.43,2.003,3.411,0.59,Yi-Tense,0.587217824684843,7647362664126271898
Yi_M1,1,M,Yi,Village 1,M1_dzi21,480.458,800.648,320.19,5,i21,Vowel,i,Lax,Oral,21.0,2.0,Low,21,Unaspirated,Oral,109.802,109.649,110.467,110.361,405.345,103.797,1630.532,60.648,2801.633,246.427,4437.649,289.83,519.191,1942.243,3846.42,5377.108,18.998,18.264,20.318,16.979,22.678,9.677,21.751,0.595,8.593,1.121,-6.969,0.614,-1.32,1.286,-2.359,7.302,-2.753,17.67,10.406,17.143,25.967,17.65,3.632,21.549,30.219,30.989,31.3,22.794,0.664,low,0.554,0.425,0.429,0.443,-161.838,643.406,416.914,639.342,2.356,2.397,0.651,Yi-Lax,0.982895285773884,-7622800719861586430
Yi_M1,1,M,Yi,Village 1,M1_dzi33,232.325,633.416,401.091,5,i33,Vowel,i,Lax,Oral,33.0,1.0,Mid,33,Unaspirated,Oral,123.885,123.706,124.271,124.499,438.952,128.767,1584.003,98.322,2976.679,109.527,3935.939,392.308,939.925,2445.276,3705.137,5421.322,18.908,18.109,14.034,10.357,16.54,5.817,17.206,-4.943,4.59,-4.51,-1.529,9.071,4.874,7.751,-2.506,4.541,1.702,23.054,14.318,22.618,20.438,9.038,1.884,37.854,44.995,44.614,42.293,27.693,0.0,mid,0.506,0.386,0.413,0.392,-338.811,435.036,903.919,431.861,1.851,2.5,0.747,Yi-Lax,0.7404,-2379470183512910083
Yi_M1,1,M,Yi,Village 1,M1_dzi55,288.112,700.622,412.51,5,i55,Vowel,i,Lax,Oral,55.0,1.0,High,55,Unaspirated,Oral,128.696,128.724,128.94,129.122,405.261,109.003,1528.195,325.884,3059.613,317.49,4234.337,527.879,592.686,2091.108,3592.414,5460.041,25.355,24.349,20.707,15.867,21.534,16.797,28.259,7.381,8.012,-0.101,0.308,14.021,4.648,8.482,-0.827,-0.93,-2.904,16.972,17.343,24.451,25.047,10.328,10.915,28.151,32.19,28.656,27.377,23.651,0.0,high,0.51,0.385,0.405,0.377,-373.946,496.119,871.319,493.18,1.839,2.207,0.841,Yi-Lax,0.833257816039873,3378738683375896084
Yi_M1,1,M,Yi,Village 1,M1_dzro33,418.869,850.758,431.889,5,o33,Vowel,o,Lax,Oral,33.0,1.0,Mid,33,Unaspirated,Oral,122.986,122.864,123.412,123.785,386.922,144.943,949.076,639.956,2900.13,242.924,3797.362,286.869,544.08,3017.799,3803.832,5187.733,22.489,21.383,18.255,12.955,21.988,15.701,24.979,3.836,2.214,-10.262,-11.203,9.421,4.235,8.427,-3.734,-2.746,-2.489,17.576,20.276,31.645,33.692,11.962,5.904,22.08,30.27,36.685,37.849,22.902,0.0,mid,0.425,0.335,0.331,0.312,-466.864,635.764,758.971,633.226,1.75,2.414,0.739,Yi-Lax,0.724937862468931,259789821742474684
Yi_M1,1,M,Yi,Village 1,M1_ti_33,228.474,773.499,545.025,5,i_33,Vowel,i,Tense,Oral,33.0,1.0,Mid,33,Unaspirated,Oral,124.14,124.068,124.02,124.672,280.242,95.268,2458.662,61.453,3127.234,872.014,3347.75,901.75,399.551,2581.408,3462.866,5314.752,19.062,17.235,22.18,11.313,8.669,14.673,21.633,7.303,6.321,13.26,-0.509,6.456,-3.118,5.922,13.51,-3.36,-2.571,9.932,12.741,3.975,19.571,10.779,2.386,39.053,49.332,46.024,39.799,25.207,0.847,mid,0.562,0.501,0.543,0.524,-264.042,503.34,488.133,499.116,1.398,2.555,0.548,Yi-Tense,0.547162426614481,2510372013885465119
Yi_M1,1,M,Yi,Village 1,M1_ti21,179.845,529.327,349.482,5,i21,Vowel,i,Lax,Oral,21.0,2.0,Low,21,Unaspirated,Oral,98.051,97.762,100.155,136.983,230.966,67.004,2447.569,118.438,3190.216,189.342,3879.497,215.945,244.214,2639.154,3609.945,5328.986,16.281,14.641,25.744,16.885,12.104,17.379,24.029,12.198,-0.813,8.56,-1.949,9.189,-9.464,-2.244,13.64,-0.494,-7.748,2.443,17.093,6.082,18.229,5.452,3.13,13.479,27.36,30.038,27.615,20.993,0.417,low,0.55,0.416,0.408,0.468,-294.985,359.58,488.754,354.723,2.108,3.043,0.689,Yi-Lax,0.692737430167598,5820857189617886791
Yi_M1,1,M,Yi,Village 1,M1_ti33,345.396,839.806,494.41,5,i33,Vowel,i,Lax,Oral,33.0,1.0,Mid,33,Unaspirated,Oral,139.465,139.334,139.564,140.124,268.236,167.784,2402.837,121.722,3100.732,212.26,3859.248,388.145,764.997,2852.075,3943.504,5332.179,26.761,24.194,23.383,11.083,5.184,14.712,23.369,10.044,7.598,15.026,4.756,13.252,3.378,13.11,18.199,-3.628,3.392,14.15,19.163,9.168,22.005,10.942,7.287,26.649,36.299,34.692,29.328,22.429,0.0,mid,0.493,0.425,0.456,0.393,-373.742,594.742,785.677,591.915,1.497,1.966,0.762,Yi-Lax,0.761444557477111,925185878492558733
Yi_M1,1,M,Yi,Village 2,M1_tl_bea_21_01,82.182,203.837,121.655,5,e21,Vowel,e,Tense,Oral,21.0,2.0,Low,21,Unaspirated,Oral,105.722,105.384,107.014,106.043,436.478,216.353,1423.985,271.459,3123.018,102.495,3737.944,416.104,872.175,3221.001,3867.562,4772.394,23.319,22.729,28.238,25.647,24.379,2.664,24.376,1.43,6.888,-4.766,4.281,19.251,-4.92,-2.918,3.859,22.983,-1.057,21.305,16.431,27.495,19.037,3.478,9.545,12.466,17.817,24.061,22.793,21.669,0.739,low,0.484,0.379,0.562,0.211,-276.112,141.647,1272.622,139.651,1.437,3.893,0.369,Yi-Tense,0.36912406884151,8542439078099569595
Yi_M1,1,M,Yi,Village 2,M1_tl_bea_21_02,75.742,181.257,105.515,5,e21,Vowel,e,Tense,Oral,21.0,2.0,Low,21,Unaspirated,Oral,113.666,113.812,115.454,113.812,546.047,230.039,1404.047,102.994,3034.718,122.585,3926.526,329.083,516.747,1365.699,3275.55,5271.223,27.035,26.565,24.657,22.643,18.523,6.039,23.336,-1.421,15.245,-0.102,4.719,15.239,2.378,3.922,6.134,16.604,3.699,27.995,11.79,26.667,22.316,11.326,8.298,16.375,17.928,23.503,23.339,22.671,0.0,low,0.418,0.347,0.424,0.397,-375.329,131.565,1280.797,128.042,1.961,2.596,0.755,Yi-Tense,0.755392912172573,-5096891162253209888
Yi_M1,1,M,Yi,Village 2,M1_tl_bea21_01,96.916,236.041,139.125,5,e21,Vowel,e,Lax,Oral,21.0,2.0,Low,21,Unaspirated,Oral,118.131,118.357,121.505,119.777,464.258,100.822,1550.018,87.297,2971.362,203.404,3850.691,280.738,1207.367,3143.579,3917.314,4714.766,31.698,31.04,31.764,28.833,33.584,12.882,33.439,10.211,19.383,8.362,14.077,24.542,-0.066,2.207,-1.821,15.951,-1.741,20.833,12.315,22.678,17.621,6.498,50.412,7.982,12.766,15.961,14.1,22.973,0.879,low,0.466,0.385,0.467,0.448,-457.588,169.107,1679.506,165.303,1.99,2.928,0.68,Yi-Lax,0.67964480874317,1884190612165169600
Yi_M1,1,M,Yi,Village 2,M1_tl_bea21_02,100.506,238.517,138.011,5,e21,Vowel,e,Lax,Oral,21.0,2.0,Low,21,Unaspirated,Oral,114.865,114.777,117.154,115.886,480.001,137.296,1517.726,135.955,3071.337,89.541,3877.378,299.67,1117.419,3124.299,4222.762,4991.48,28.71,28.131,29.354,26.818,29.149,7.829,29.147,5.381,13.053,0.859,10.739,21.774,-0.644,1.313,0.205,18.989,-0.437,22.755,15.657,27.272,17.971,6.357,21.079,12.83,15.592,18.564,16.55,22.11,0.789,low,0.475,0.38,0.452,0.33,-373.657,170.975,1390.875,168.095,1.973,3.107,0.635,Yi-Lax,0.635017701963309,7766035455743481316
Yi_M1,1,M,Yi,Village 2,M1_tl_dea_21_01,57.93,176.864,118.934,5,e21,Vowel,e,Tense,Oral,21.0,2.0,Low,21,Unaspirated,Oral,82.933,,106.365,139.021,463.863,73.742,1401.297,251.988,3091.513,111.174,4016.118,484.096,529.97,1568.605,3180.514,5332.242,20.541,20.147,26.679,25.006,29.836,20.05,33.095,9.065,16.301,3.625,11.813,24.387,-6.139,-4.858,-3.157,4.956,-12.554,11.088,4.239,16.523,8.728,-4.239,46.725,-8.428,-1.66,5.133,7.559,20.27,0.276,low,0.576,0.39,0.812,0.173,-217.672,114.5,1789.021,112.355,1.244,8.144,0.154,Yi-Tense,0.152750491159136,8692843704455265641
Yi_M1,1,M,Yi,Village 2,M1_tl_dea21_01,73.65,222.608,148.958,5,e21,Vowel,e,Lax,Oral,21.0,2.0,Low,21,Unaspirated,Oral,111.818,111.819,113.923,112.491,360.75,196.832,1859.073,301.606,3111.181,153.226,4425.973,607.44,516.527,1888.755,3197.34,5434.529,25.422,24.524,29.248,24.993,26.972,21.089,26.923,7.425,10.687,7.207,9.977,20.733,-3.826,-0.469,2.276,3.904,-1.501,17.1,14.735,17.316,15.445,3.79,17.388,15.755,19.867,21.442,20.45,24.101,0.406,low,0.53,0.423,0.588,0.194,-307.489,148.227,1730.707,146.483,1.835,4.02,0.457,Yi-Lax,0.456467661691542,535165313069243340
Yi_M1,1,M,Yi,Village 2,M1_tl_dea21_02,83.406,198.814,115.408,5,e21,Vowel,e,Lax,Oral,21.0,2.0,Low,21,Unaspirated,Oral,117.556,117.402,119.064,118.135,850.095,842.134,1777.74,163.253,2998.401,142.132,4125.197,593.323,961.713,2478.978,4307.877,5310.96,25.946,25.734,27.498,26.629,19.785,15.86,11.148,-17.931,11.38,-9.294,2.888,-1.808,-1.552,-0.895,7.714,10.769,14.798,43.675,14.566,35.028,23.058,27.543,8.903,18.481,23.568,24.64,24.128,23.619,0.0,low,0.567,0.416,0.494,0.518,-355.915,144.277,1486.895,139.853,2.445,3.293,0.743,Yi-Lax,0.742484057090799,-6781370034841863202
Yi_M1,1,M,Yi,Village 2,M1_tl_du_21_01,50.715,214.291,163.576,5,u21,Vowel,u,Tense,Oral,21.0,2.0,Low,21,Unaspirated,Oral,96.504,96.18,102.785,99.225,382.119,95.526,2045.585,155.45,2804.61,121.786,3881.83,191.924,424.752,2250.4,3188.057,4568.765,28.176,27.511,32.578,29.571,34.99,19.78,34.88,14.535,19.131,16.517,15.897,17.927,-4.402,-2.06,-2.412,9.791,-6.703,12.976,9.045,10.994,12.279,9.584,69.831,-8.289,3.951,6.988,9.424,22.559,0.86,low,0.5,0.36,0.697,0.115,-383.937,130.365,2027.578,129.156,1.728,5.946,0.291,Yi-Tense,0.290615539858729,5974924349137753912
Yi_M1,1,M,Yi,Village 2,M1_tl_du_21_02,50.896,206.504,155.608,5,u21,Vowel,u,Tense,Oral,21.0,2.0,Low,21,Unaspirated,Oral,98.114,97.311,103.879,99.934,391.529,133.393,2032.374,146.071,2829.509,127.748,3873.914,695.677,436.701,2161.103,2969.544,4818.006,28.155,27.453,32.714,29.517,32.635,19.231,32.637,12.466,17.01,14.267,11.409,14.394,-4.559,-2.063,0.079,10.285,-4.483,14.987,11.145,13.186,16.746,13.059,55.723,-6.916,4.606,8.069,9.455,20.053,0.11,low,0.513,0.351,0.663,0.113,-368.746,127.635,1974.092,126.451,1.87,5.581,0.335,Yi-Tense,0.335065400465866,-6962714529265473825
Yi_M1,1,M,Yi,Village 2,M1_tl_du21_01,42.422,143.299,100.877,5,u21,Vowel,u,Lax,Oral,21.0,2.0,Low,21,Unaspirated,Oral,105.678,104.401,110.569,107.567,348.994,104.816,1967.871,113.284,2703.349,368.143,3848.968,162.964,409.891,2069.99,3807.454,3939.766,30.489,29.569,32.713,28.327,31.564,26.465,35.094,16.411,17.091,15.388,7.641,9.846,-2.224,1.242,1.149,1.862,-4.605,13.159,13.398,14.181,22.848,19.724,57.71,-4.433,5.988,7.115,9.912,20.032,0.0,low,0.537,0.393,0.659,0.116,-378.536,91.754,2018.943,90.629,1.748,5.211,0.336,Yi-Lax,0.335444252542698,-7117560836971140679
Yi_M1,1,M,Yi,Village 2,M1_tl_du21_02,42.845,153.593,110.748,5,u21,Vowel,u,Lax,Oral,21.0,2.0,Low,21,Unaspirated,Oral,105.471,104.681,110.64,107.745,362.424,127.398,1923.584,134.758,2836.017,245.379,3931.973,232.274,442.363,2047.965,3571.532,4266.487,29.532,28.699,32.483,28.59,32.944,25.273,34.301,14.702,15.022,11.918,5.199,11.285,-2.951,0.109,-0.461,3.316,-4.769,13.997,14.51,16.781,24.332,17.414,56.286,-5.548,4.221,7.499,9.632,18.492,0.0,low,0.548,0.37,0.647,0.118,-385.254,98.246,1943.811,97.098,1.996,5.261,0.379,Yi-Lax,0.379395552176392,1640422039376109357
Yi_M1,1,M,Yi,Village 2,M1_tl_dzu_21_01,71.533,202.905,131.372,5,u21,Vowel,u,Tense,Oral,21.0,2.0,Low,21,Unaspirated,Oral,112.911,111.609,115.006,114.172,361.237,102.578,1963.729,91.992,2706.767,164.555,3600.406,259.268,1896.986,2897.516,3855.758,3742.983,32.091,31.068,35.029,30.021,31.482,28.392,35.719,17.192,22.576,20.974,18.32,22.19,-2.938,1.047,3.547,1.629,-3.628,13.876,9.515,10.094,13.772,8.878,81.064,0.45,9.802,8.599,7.222,22.317,0.062,low,0.521,0.418,0.638,0.143,-306.519,136.517,1905.952,135.238,0.916,4.254,0.217,Yi-Tense,0.215326751292901,5838569315746272450
Yi_M1,1,M,Yi,Village 2,M1_tl_dzu_21_02,57.716,181.043,123.327,5,u21,Vowel,u,Tense,Oral,21.0,2.0,Low,21,Unaspirated,Oral,107.387,82.874,114.931,108.927,420.013,163.959,1834.419,589.525,3082.704,457.278,4092.502,670.95,1841.852,3054.301,3816.086,4017.994,30.149,29.618,34.945,32.609,37.57,20.527,34.375,10.837,24.291,14.202,16.822,26.891,-4.795,-2.991,-2.625,12.082,-4.226,18.786,5.858,15.416,13.328,2.727,150.61,-8.934,0.9,2.082,2.963,24.883,0.643,low,0.539,0.403,0.756,0.464,-305.8,120.441,2065.499,115.977,0.739,4.827,0.153,Yi-Tense,0.153097161798218,542589903342349180
Yi_M1,1,M,Yi,Village 2,M1_tl_dzu21_01,86.0,251.116,165.116,5,u21,Vowel,u,Lax,Oral,21.0,2.0,Low,21,Unaspirated,Oral,113.979,113.439,119.285,116.451,371.266,102.135,2008.197,497.835,2837.532,172.906,3640.316,250.424,440.791,2711.591,3505.657,3979.638,32.038,31.007,36.226,31.15,33.452,30.343,37.99,19.108,11.583,10.855,16.105,21.165,-4.188,-0.143,2.774,0.808,-5.952,11.9,20.456,20.153,15.934,9.842,116.376,-5.194,5.942,9.652,8.32,20.517,0.139,low,0.557,0.442,0.644,0.617,-343.77,171.761,1747.542,166.274,1.179,4.218,0.281,Yi-Lax,0.279516358463727,-5228465225016553011
Yi_M1,1,M,Yi,Village 2,M1_tl_dzu21_02,83.745,189.094,105.349,5,u21,Vowel,u,Lax,Oral,21.0,2.0,Low,21,Unaspirated,Oral,118.306,118.046,119.255,119.305,367.082,180.427,1640.447,781.782,2516.499,603.456,3472.593,518.111,2498.176,3255.863,3886.017,4368.952,33.696,32.635,36.182,31.001,33.302,29.922,36.985,17.71,8.478,1.608,17.445,21.157,-2.486,1.634,2.879,1.078,-3.289,14.926,25.218,31.027,16.251,11.478,111.758,8.09,17.533,16.648,14.01,25.873,0.0,low,0.507,0.413,0.589,0.161,-346.823,136.145,1853.189,134.773,1.168,3.73,0.313,Yi-Lax,0.31313672922252,-6742981450299883715
Yi_M1,1,M,Yi,Village 2,M1_tl_gea_21_01,57.776,228.508,170.732,5,e21,Vowel,e,Tense,Oral,21.0,2.0,Low,21,Unaspirated,Oral,104.378,104.304,111.204,107.306,467.008,69.267,1406.96,87.55,2996.784,171.15,4032.158,277.418,506.117,1426.892,3447.626,4844.219,25.85,25.273,31.839,29.308,36.786,17.798,36.954,13.65,20.631,8.571,7.465,19.959,-5.989,-4.035,-4.947,11.511,-11.104,11.628,5.219,16.703,18.385,5.314,89.617,-3.928,1.029,8.529,11.134,20.681,0.463,low,0.641,0.485,0.725,0.468,-292.982,144.277,1804.808,139.788,1.341,5.22,0.258,Yi-Tense,0.256896551724138,9127752887982793294
Yi_M1,1,M,Yi,Village 2,M1_tl_gea_21_02,64.86,155.848,90.988,5,e21,Vowel,e,Tense,Oral,21.0,2.0,Low,21,Unaspirated,Oral,113.768,113.714,117.427,115.085,456.817,73.966,1417.526,176.849,3005.889,87.754,3974.366,225.891,788.015,3037.466,4147.152,,28.155,27.504,32.266,29.375,38.698,17.635,38.695,15.515,19.376,7.577,15.678,28.027,-4.111,-1.871,-6.432,11.74,-10.54,11.994,8.779,19.927,12.477,-0.522,95.099,1.273,5.23,11.891,12.924,24.334,0.543,low,0.551,0.434,0.611,0.294,-266.565,110.49,1518.157,107.887,1.592,4.49,0.355,Yi-Tense,0.35456570155902,-4538652384365979555
Yi_M1,1,M,Yi,Village 2,M1_tl_gea21_01,67.217,191.548,124.331,5,e21,Vowel,e,Lax,Oral,21.0,2.0,Low,21,Unaspirated,Oral,119.924,119.53,123.423,121.897,414.26,119.205,1340.28,494.859,2964.561,209.656,3954.285,279.766,499.815,2965.754,3866.124,5579.215,30.83,29.95,31.752,27.653,30.82,22.351,33.058,11.482,10.705,0.556,7.449,21.972,-0.922,2.297,0.932,5.301,-2.228,18.473,20.126,29.394,23.381,7.978,46.979,4.404,10.947,15.348,15.314,21.068,0.0,low,0.52,0.425,0.489,0.396,-378.39,131.322,1534.002,127.985,1.879,3.45,0.544,Yi-Lax,0.54463768115942,-6815239015035495437
Yi_M1,1,M,Yi,Village 2,M1_tl_gea21_02,86.857,235.064,148.207,5,e21,Vowel,e,Lax,Oral,21.0,2.0,Low,21,Unaspirated,Oral,117.115,117.184,119.963,118.913,427.442,76.691,1438.294,163.441,2973.904,211.76,4061.609,633.53,464.961,1624.354,3172.495,5327.476,29.901,29.13,31.688,28.173,32.7,20.339,30.831,8.686,15.49,5.148,5.846,19.127,-1.787,0.956,-1.013,7.834,-0.93,20.448,14.411,23.982,24.055,10.003,48.581,9.101,14.768,19.16,19.61,21.83,0.923,low,0.549,0.442,0.539,0.266,-333.74,161.595,1578.132,159.33,1.907,3.812,0.501,Yi-Lax,0.500262329485834,9090893191370458480
Yi_M1,1,M,Yi,Village 2,M1_tl_gu_21_01,55.066,188.27,133.204,5,u21,Vowel,u,Tense,Oral,21.0,2.0,Low,21,Unaspirated,Oral,98.216,,105.789,125.611,368.592,74.816,1917.46,277.772,2760.915,143.058,3950.057,292.564,392.852,2409.882,2731.897,4098.322,26.213,25.415,33.592,29.879,32.925,23.388,35.068,15.808,13.711,10.935,15.542,19.99,-7.379,-4.463,0.668,6.491,-8.855,9.608,12.502,14.48,10.671,5.425,73.032,-8.27,4.528,7.863,9.842,22.866,0.581,low,0.684,0.458,0.682,0.688,-300.7,125.835,1404.313,118.609,1.835,5.862,0.316,Yi-Tense,0.313033094506994,-8460227319089797083
Yi_M1,1,M,Yi,Village 2,M1_tl_gu_21_02,60.417,234.891,174.474,5,u21,Vowel,u,Tense,Oral,21.0,2.0,Low,21,Unaspirated,Oral,98.923,69.903,103.897,100.772,401.254,59.067,1880.368,135.326,2900.984,202.118,3987.188,187.248,381.326,2101.278,3400.525,4940.683,26.854,26.201,34.247,31.308,35.617,19.292,35.626,14.743,18.069,13.347,12.413,17.725,-7.393,-5.106,-1.37,12.016,-8.772,11.459,8.785,12.854,14.441,8.476,73.978,-8.612,4.666,6.621,8.902,21.223,0.614,low,0.564,0.382,0.323,0.458,-287.593,148.692,1067.25,143.959,1.367,4.898,0.28,Yi-Tense,0.279093507554104,-1744011365967337795
Yi_M1,1,M,Yi,Village 2,M1_tl_gu21_01,76.323,210.915,134.592,5,u21,Vowel,u,Lax,Oral,21.0,2.0,Low,21,Unaspirated,Oral,112.657,112.418,115.512,114.351,359.813,182.551,1764.775,435.875,2867.314,169.575,4025.277,249.106,458.998,1978.797,3251.261,4124.514,29.891,28.974,33.243,28.881,30.131,24.558,29.944,10.347,6.597,2.33,6.516,14.735,-3.352,0.092,3.113,4.323,-0.053,18.627,23.294,26.643,23.375,14.239,37.79,5.41,13.892,17.3,17.441,22.419,0.802,low,0.547,0.421,0.514,0.228,-305.667,144.2,1406.296,142.159,1.932,3.891,0.499,Yi-Lax,0.496530454895914,5757076246744357879
Yi_M1,1,M,Yi,Village 2,M1_tl_gu21_02,69.005,183.699,114.694,5,u21,Vowel,u,Lax,Oral,21.0,2.0,Low,21,Unaspirated,Oral,117.376,116.735,119.504,118.238,369.32,193.481,1869.439,409.16,2883.674,140.071,3924.162,529.044,446.092,2801.835,3513.73,5273.446,30.352,29.425,33.905,29.485,29.199,23.744,29.472,9.404,8.695,4.223,11.038,18.725,-3.553,-0.061,4.706,5.742,0.88,20.022,21.657,25.201,19.315,10.699,41.821,8.014,15.91,16.862,14.98,21.064,0.878,low,0.604,0.472,0.53,0.573,-359.995,128.774,1250.405,123.869,1.982,3.468,0.572,Yi-Lax,0.571510957324106,5463764956209584334
Yi_M1,1,M,Yi,Village 2,M1_tl_hlea_21_01,181.023,373.49,192.467,5,e21,Vowel,e,Tense,Oral,21.0,2.0,Low,21,Unaspirated,Oral,107.144,107.016,110.0,108.45,519.799,134.242,1410.33,84.111,3171.397,95.06,3602.525,530.903,611.748,1257.696,3333.4,5111.498,23.889,23.436,28.464,26.529,27.209,15.396,30.53,6.015,13.261,-1.283,7.406,19.45,-4.576,-3.093,1.256,11.133,-6.641,17.43,10.628,24.719,16.483,3.986,21.661,8.564,12.065,20.331,20.334,20.575,0.0,low,0.521,0.4,0.591,0.378,-308.743,277.951,1468.436,274.409,1.497,4.17,0.359,Yi-Tense,0.358992805755396,-47435387513379381
Yi_M1,1,M,Yi,Village 2,M1_tl_hlea_21_02,179.304,418.122,238.818,5,e21,Vowel,e,Tense,Oral,21.0,2.0,Low,21,Unaspirated,Oral,106.378,106.713,110.18,107.685,504.021,263.939,1484.715,214.128,3118.431,81.529,3658.303,540.178,648.922,1211.667,3212.294,5246.035,24.87,24.421,29.525,27.604,25.058,13.247,28.494,4.141,12.262,-1.454,8.773,19.401,-4.655,-3.183,4.467,14.356,-3.624,20.287,12.608,25.875,16.097,5.019,18.697,4.645,9.548,17.107,17.893,22.585,0.069,low,0.515,0.399,0.595,0.357,-313.556,299.594,1473.463,296.166,1.603,4.176,0.384,Yi-Tense,0.383860153256705,3737703667244280700
Yi_M1,1,M,Yi,Village 2,M1_tl_hlea21_01,198.556,379.663,181.107,5,e21,Vowel,e,Lax,Oral,21.0,2.0,Low,21,Unaspirated,Oral,109.516,108.858,111.609,110.472,452.934,159.921,1502.21,183.813,3045.946,84.52,3735.517,300.323,919.987,3122.581,3969.271,5648.704,27.766,27.165,30.234,27.586,28.999,6.778,28.996,5.938,13.156,2.258,12.99,24.905,-2.468,-0.421,1.235,20.808,-1.231,21.231,14.61,24.907,14.775,2.261,23.242,7.349,14.154,19.146,18.035,23.734,0.852,low,0.5,0.391,0.534,0.302,-345.518,290.195,1711.338,287.435,1.819,3.916,0.465,Yi-Lax,0.464504596527068,4449078313151599674
Yi_M1,1,M,Yi,Village 2,M1_tl_hlea21_02,210.562,421.841,211.279,5,e21,Vowel,e,Lax,Oral,21.0,2.0,Low,21,Unaspirated,Oral,113.984,113.805,116.153,114.69,438.384,166.959,1499.412,705.806,2980.221,151.7,3743.454,652.535,503.638,2706.407,3026.131,5608.863,27.932,27.264,30.34,27.358,29.807,10.55,29.804,6.972,6.807,-4.165,12.88,24.976,-2.407,-0.094,0.533,16.809,-1.871,20.297,21.125,31.429,15.052,2.289,23.905,11.697,17.817,20.752,18.376,24.7,0.771,low,0.492,0.399,0.517,0.36,-352.727,316.526,1623.186,313.375,1.333,3.565,0.374,Yi-Lax,0.373913043478261,-4378579303980683923
Yi_M1,1,M,Yi,Village 2,M1_tl_jie_33_01,111.875,308.713,196.838,5,ie33,Vowel,ie,Tense,Oral,33.0,1.0,Mid,33,Unaspirated,Oral,125.479,125.383,126.745,125.496,383.569,113.718,2571.855,170.378,3096.399,307.736,4006.882,816.653,430.041,2644.664,3315.266,5616.885,27.808,26.725,31.088,25.675,25.579,23.8,32.907,13.652,16.24,19.389,12.253,10.364,-3.279,1.05,5.509,1.875,-5.099,13.073,11.569,7.336,15.555,16.36,34.741,23.471,33.236,34.403,29.364,27.323,0.0,mid,0.545,0.426,0.549,0.221,-336.265,210.534,1549.623,208.765,1.548,3.643,0.426,Yi-Tense,0.424924512764205,2304531977319575731
Yi_M1,1,M,Yi,Village 2,M1_tl_jie_33_02,132.655,326.192,193.537,5,ie33,Vowel,ie,Tense,Oral,33.0,1.0,Mid,33,Unaspirated,Oral,125.544,125.564,124.936,124.744,419.785,179.183,2361.692,98.89,3044.686,120.846,4226.966,468.691,561.368,2534.864,3458.803,5217.864,28.271,27.536,27.711,24.336,26.671,14.149,25.991,3.845,15.601,13.553,13.999,11.921,0.56,3.2,1.04,10.187,2.28,23.692,12.671,13.983,14.273,15.615,15.894,17.861,27.741,28.059,24.668,24.641,0.303,mid,0.517,0.388,0.43,0.207,-346.035,229.402,1025.326,227.774,1.977,3.181,0.623,Yi-Tense,0.621502672115687,-849551773579113860
Yi_M1,1,M,Yi,Village 2,M1_tl_jie33_01,156.887,325.254,168.367,5,ie33,Vowel,ie,Lax,Oral,33.0,1.0,Mid,33,Unaspirated,Oral,132.037,132.477,133.528,132.765,350.256,189.568,2565.733,251.564,3145.728,534.796,3797.835,1315.006,448.63,2663.301,3309.312,5627.197,31.638,30.396,33.268,26.778,28.591,29.013,33.052,14.243,16.529,20.983,8.017,12.552,-1.63,3.618,4.677,-2.235,-1.414,16.154,15.109,9.413,23.621,17.844,51.431,19.634,29.471,30.112,25.729,27.46,0.0,mid,0.593,0.43,0.513,0.583,-420.442,243.673,1516.506,239.255,1.95,3.301,0.591,Yi-Lax,0.590730081793396,-1737486791538780870
Yi_M1,1,M,Yi,Village 2,M1_tl_jie33_02,87.814,229.407,141.593,5,ie33,Vowel,ie,Lax,Oral,33.0,1.0,Mid,33,Unaspirated,Oral,122.092,121.93,122.307,122.636,440.978,181.018,2357.523,78.34,2913.205,66.859,4373.099,530.544,431.053,2544.055,3016.081,5454.998,27.937,27.173,28.454,24.927,27.89,17.205,26.978,5.346,12.113,11.019,13.21,9.226,-0.518,2.246,0.564,7.722,0.959,21.826,15.823,16.154,14.727,17.947,17.154,16.886,24.588,24.869,20.913,22.246,0.68,mid,0.569,0.43,0.482,0.223,-330.589,158.696,1252.402,156.868,2.03,3.489,0.583,Yi-Lax,0.58182860418458,679423988307714741
Yi_M1,1,M,Yi,Village 2,M1_tl_khu_21_01,95.949,251.908,155.959,5,u21,Vowel,u,Tense,Oral,21.0,2.0,Low,21,Aspirated,Oral,111.342,111.236,117.071,113.513,372.363,92.054,1898.804,128.454,2764.295,148.075,3930.316,724.924,445.232,1946.66,2880.938,4899.874,28.133,27.225,32.061,27.744,32.335,26.527,35.755,15.993,17.477,13.903,14.232,18.33,-3.927,-0.519,-0.274,1.217,-7.621,11.233,10.656,13.322,13.902,8.895,60.574,-3.261,3.83,6.031,8.809,20.979,0.342,low,0.572,0.428,0.666,0.159,-354.328,173.453,1947.008,172.007,1.486,4.746,0.313,Yi-Tense,0.313105773282764,-6995674749467671608
Yi_M1,1,M,Yi,Village 2,M1_tl_khu_21_02,93.17,269.105,175.935,5,u21,Vowel,u,Tense,Oral,21.0,2.0,Low,21,Aspirated,Oral,109.492,110.172,111.034,110.27,459.788,370.012,1876.771,313.624,2742.238,109.443,3747.609,470.686,553.321,2621.877,3569.519,4411.201,28.276,27.543,32.174,28.805,28.455,17.616,28.17,7.196,10.429,5.252,9.572,13.12,-3.898,-1.262,3.718,11.189,0.106,20.348,17.847,22.291,18.704,14.424,31.128,2.561,8.966,12.577,13.219,23.089,0.0,low,0.531,0.401,0.588,0.154,-356.008,180.408,1791.087,178.986,1.657,4.471,0.371,Yi-Tense,0.370610601655111,4424014171179071095
Yi_M1,1,M,Yi,Village 2,M1_tl_khu21_01,99.465,249.007,149.542,5,u21,Vowel,u,Lax,Oral,21.0,2.0,Low,21,Aspirated,Oral,105.396,105.37,107.847,106.842,600.288,1054.398,1838.585,429.132,2695.652,353.726,3751.587,575.161,452.443,2044.553,3031.523,4799.257,28.006,27.677,33.124,31.737,26.485,19.128,23.178,-2.119,5.592,-7.726,4.062,0.908,-5.118,-4.06,6.639,12.609,4.828,29.798,22.414,35.403,23.944,26.769,28.381,4.411,12.251,16.521,18.371,23.922,0.898,low,0.531,0.395,0.603,0.123,-384.021,172.338,1869.819,171.164,1.955,4.567,0.428,Yi-Lax,0.428070943726735,-4934277519754941353
Yi_M1,1,M,Yi,Village 2,M1_tl_khu21_02,87.848,217.999,130.151,5,u21,Vowel,u,Lax,Oral,21.0,2.0,Low,21,Aspirated,Oral,103.175,103.124,105.824,104.197,320.026,163.277,1812.905,301.947,2782.574,198.67,3885.667,325.485,441.369,2346.047,3586.655,4366.334,26.244,25.241,31.764,26.897,27.445,24.228,30.372,13.069,4.305,2.28,1.78,10.55,-5.52,-1.655,4.319,2.668,-4.128,12.173,21.94,22.962,24.464,14.691,25.132,-2.269,8.257,13.935,17.17,23.139,0.264,low,0.568,0.402,0.625,0.327,-347.38,154.413,1820.901,151.184,1.959,5.016,0.391,Yi-Lax,0.39055023923445,6064526412158619235
Yi_M1,1,M,Yi,Village 2,M1_tl_li_33_01,135.226,291.633,156.407,5,i33,Vowel,i,Tense,Oral,33.0,1.0,Mid,33,Unaspirated,Oral,128.175,128.148,128.019,128.657,352.672,204.656,2550.002,83.597,2999.025,144.041,3692.973,1181.214,348.233,2707.23,3360.196,5235.72,29.231,28.055,26.542,20.53,18.398,18.078,25.502,6.782,13.432,16.861,13.537,11.7,2.69,7.525,8.144,2.452,3.73,21.274,15.799,11.194,15.694,16.355,14.39,11.759,26.768,31.181,27.129,26.472,0.0,mid,0.475,0.329,0.352,0.172,-372.66,212.777,1030.465,211.439,1.663,2.663,0.625,Yi-Tense,0.624483665039429,-7287943290723335800
Yi_M1,1,M,Yi,Village 2,M1_tl_li_33_02,165.044,325.387,160.343,5,i33,Vowel,i,Tense,Oral,33.0,1.0,Mid,33,Unaspirated,Oral,128.739,128.616,129.084,129.466,372.764,158.014,2462.943,107.199,2932.811,102.233,3545.079,597.634,380.655,2660.218,3135.826,4863.784,31.189,29.987,31.887,25.706,25.591,25.556,32.449,13.767,19.746,22.634,23.459,21.415,-0.698,4.282,6.295,0.149,-1.26,16.22,11.442,7.353,7.73,8.573,45.832,18.692,31.709,34.229,28.782,30.318,0.0,mid,0.475,0.331,0.379,0.151,-469.347,245.12,1451.063,243.941,1.643,2.875,0.571,Yi-Tense,0.571478260869565,-1172061263696915653
Yi_M1,1,M,Yi,Village 2,M1_tl_li33_01,143.235,333.475,190.24,5,i33,Vowel,i,Lax,Oral,33.0,1.0,Mid,33,Unaspirated,Oral,127.632,127.556,127.791,127.707,312.185,132.958,2485.286,227.872,3388.262,83.374,4394.407,199.401,323.3,3034.319,3755.854,4841.201,30.003,28.422,29.772,20.763,17.737,21.831,23.621,7.562,3.351,9.019,6.17,15.363,0.231,7.659,12.035,-1.068,6.383,20.86,26.652,19.402,23.833,13.059,18.35,8.282,20.239,25.34,23.586,22.474,0.0,mid,0.581,0.387,0.44,0.185,-412.995,238.607,1380.484,237.156,2.047,3.652,0.561,Yi-Lax,0.560514786418401,-6416973828417972538
Yi_M1,1,M,Yi,Village 2,M1_tl_li33_02,178.016,376.115,198.099,5,i33,Vowel,i,Lax,Oral,33.0,1.0,Mid,33,Unaspirated,Oral,128.796,128.854,128.424,129.538,318.701,141.237,2455.811,202.539,3277.688,141.452,4378.866,197.117,305.881,2953.246,3509.657,5120.928,30.371,28.642,29.899,19.719,17.548,22.668,26.507,11.087,6.465,12.311,10.686,20.189,0.471,8.923,12.351,-2.949,3.864,17.556,23.906,16.331,19.685,8.452,20.998,12.492,24.098,27.042,23.525,23.269,0.0,mid,0.549,0.385,0.449,0.188,-429.009,277.53,1503.243,276.071,1.833,3.572,0.515,Yi-Lax,0.513157894736842,-1502982686954697749
Yi_M1,1,M,Yi,Village 2,M1_tl_lo_21_01,155.243,359.994,204.751,5,o21,Vowel,o,Tense,Oral,21.0,2.0,Low,21,Unaspirated,Oral,99.386,98.818,102.03,101.334,267.387,220.911,705.626,193.896,2699.979,323.933,3830.823,305.507,654.424,2148.591,3865.196,5277.042,25.335,24.194,29.674,24.127,23.072,15.547,25.54,7.356,19.057,6.5,-7.805,20.458,-4.339,0.068,6.602,8.58,-0.205,16.863,6.278,17.695,33.14,3.736,17.291,-2.728,6.099,15.549,19.834,18.48,0.627,low,0.521,0.369,0.661,0.162,-289.038,256.362,1390.439,254.729,1.701,5.345,0.321,Yi-Tense,0.318241347053321,-3106757339026776522
Yi_M1,1,M,Yi,Village 2,M1_tl_lo_21_02,109.819,305.686,195.867,5,o21,Vowel,o,Tense,Oral,21.0,2.0,Low,21,Unaspirated,Oral,109.35,109.707,111.032,110.662,402.294,123.897,854.312,107.024,3325.236,373.404,3987.599,241.946,677.453,3688.703,5026.858,5168.479,25.401,24.573,27.92,24.197,27.105,12.151,26.549,3.886,17.702,1.993,-5.884,22.198,-2.519,0.376,0.815,12.047,-1.148,20.74,7.699,22.58,31.285,2.376,16.475,15.634,25.131,33.711,33.412,23.056,0.832,low,0.534,0.381,0.469,0.169,-353.387,206.638,1450.841,205.094,1.664,4.696,0.355,Yi-Tense,0.354344122657581,-8230407793877983149
Yi_M1,1,M,Yi,Village 2,M1_tl_lo21_01,79.469,183.63,104.161,5,o21,Vowel,o,Lax,Oral,21.0,2.0,Low,21,Unaspirated,Oral,111.767,112.534,111.349,111.915,199.703,136.097,2143.428,759.477,2992.645,365.858,3990.01,322.135,1336.402,2819.878,4064.048,,28.621,25.557,21.42,16.159,14.317,26.678,19.555,11.153,-5.483,3.557,-5.321,13.294,7.201,9.398,7.102,-10.519,9.066,14.405,34.104,22.0,33.942,12.263,6.237,0.921,12.824,18.508,20.768,17.866,0.0,low,0.487,0.335,0.337,0.192,-309.839,131.338,844.458,129.637,2.154,3.447,0.626,Yi-Lax,0.624891209747607,-6926820049899112541
Yi_M1,1,M,Yi,Village 2,M1_tl_lo21_02,67.971,167.715,99.744,5,o21,Vowel,o,Lax,Oral,21.0,2.0,Low,21,Unaspirated,Oral,115.873,58.58,57.147,115.531,202.425,307.874,1358.674,527.564,2772.956,669.015,4015.671,560.766,1103.073,2801.159,4106.781,4737.865,27.757,25.02,17.446,8.681,11.942,21.74,17.168,7.061,2.438,2.822,-8.957,18.156,10.311,16.339,5.504,-13.059,10.589,17.96,25.318,22.198,36.714,6.865,5.923,-4.063,6.971,14.33,18.347,15.003,0.0,low,0.309,0.226,0.304,0.133,-288.61,118.631,1159.676,117.217,1.934,3.038,0.636,Yi-Lax,0.636603028308097,-1606203401594140219
Yi_M1,1,M,Yi,Village 2,M1_tl_lu_21_01,136.513,308.348,171.835,5,u21,Vowel,u,Tense,Oral,21.0,2.0,Low,21,Unaspirated,Oral,115.041,114.605,116.962,115.761,284.744,166.142,1951.049,479.282,2727.707,159.371,3701.277,257.647,359.494,2572.206,3626.247,3765.652,31.842,30.305,30.016,21.501,22.682,26.319,21.677,6.666,1.766,3.483,5.57,12.748,1.826,8.804,7.334,-4.818,10.164,23.639,30.076,26.822,26.272,17.557,25.272,9.398,21.639,24.554,23.786,23.833,0.0,low,0.477,0.387,0.485,0.174,-351.389,221.843,1592.603,220.32,1.862,3.409,0.546,Yi-Tense,0.546201232032854,-5548005442751041811
Yi_M1,1,M,Yi,Village 2,M1_tl_lu_21_02,111.646,284.981,173.335,5,u21,Vowel,u,Tense,Oral,21.0,2.0,Low,21,Unaspirated,Oral,117.449,117.177,119.138,118.559,372.74,132.605,2154.094,720.493,2819.662,184.275,3830.015,268.0,427.489,2703.849,3747.624,4294.122,30.615,29.647,32.093,27.418,29.242,25.193,31.621,12.194,4.497,3.949,10.293,11.057,-1.478,2.229,2.851,2.225,-1.006,17.454,26.118,25.698,20.322,18.59,37.355,14.613,23.772,23.93,20.93,24.564,0.591,low,0.499,0.412,0.525,0.22,-360.17,198.246,1645.611,196.358,1.597,3.506,0.456,Yi-Tense,0.455504848830576,9073229325428557227
Yi_M1,1,M,Yi,Village 2,M1_tl_lu21_01,140.305,356.598,216.293,5,u21,Vowel,u,Lax,Oral,21.0,2.0,Low,21,Unaspirated,Oral,99.348,98.579,103.758,100.546,417.254,135.16,1996.397,206.06,2900.484,232.652,3812.861,858.521,443.221,2260.75,3169.166,4982.754,25.504,24.901,31.79,29.098,31.221,14.11,31.023,9.572,8.675,5.058,9.6,11.695,-6.285,-4.197,0.568,14.988,-5.518,15.33,16.83,19.843,15.904,13.206,30.45,-6.98,4.198,7.548,9.315,19.285,0.722,low,0.515,0.372,0.68,0.169,-300.014,246.943,1580.305,245.206,1.406,5.351,0.263,Yi-Lax,0.262754625303682,8081974288099025676
Yi_M1,1,M,Yi,Village 2,M1_tl_lu21_02,125.098,326.369,201.271,5,u21,Vowel,u,Lax,Oral,21.0,2.0,Low,21,Unaspirated,Oral,99.281,99.643,102.472,100.794,433.579,92.985,2080.171,231.357,2819.554,87.41,3766.509,708.714,441.778,2477.822,2908.441,4864.44,24.744,24.207,29.807,27.445,28.572,10.299,28.552,6.438,3.947,-0.096,8.36,7.429,-5.063,-3.238,1.234,17.146,-3.808,17.77,20.798,24.303,16.384,16.778,16.882,2.612,14.719,17.481,17.626,22.392,0.794,low,0.525,0.393,0.649,0.196,-294.7,225.063,1526.855,223.084,1.414,4.692,0.301,Yi-Lax,0.301364023870418,6514934146706688967
Yi_M1,1,M,Yi,Village 2,M1_tl_mu_33_01,94.13,248.105,153.975,5,u33,Vowel,u,Tense,Oral,33.0,1.0,Mid,33,Unaspirated,Nasal,131.532,131.522,132.133,132.396,431.857,222.791,2059.588,203.507,3034.157,116.482,3794.197,573.756,432.647,2238.263,3164.149,4859.852,35.18,34.338,32.36,28.425,29.456,21.341,30.333,8.313,12.381,7.4,9.399,14.355,2.82,5.913,2.904,7.085,4.847,26.026,22.799,26.938,25.781,19.983,56.313,22.843,33.029,32.745,29.83,25.665,0.0,mid,0.473,0.392,0.478,0.172,-474.894,171.172,1820.412,169.865,1.603,2.886,0.556,Yi-Tense,0.555440055440055,7139048382413905793
Yi_M1,1,M,Yi,Village 2,M1_tl_mu_33_02,105.175,328.204,223.029,5,u33,Vowel,u,Tense,Oral,33.0,1.0,Mid,33,Unaspirated,Nasal,128.71,128.383,128.646,128.844,295.146,278.196,2034.807,292.958,2920.329,125.307,3790.676,335.851,411.393,2430.339,3030.398,4263.511,31.674,29.744,30.268,18.983,21.944,28.144,29.263,14.64,7.343,10.019,7.705,17.741,1.406,10.761,8.324,-9.161,2.411,15.105,24.331,19.725,23.969,12.003,26.793,13.555,25.723,29.955,29.367,26.084,0.0,mid,0.486,0.405,0.479,0.227,-444.117,216.918,1676.166,215.144,1.664,2.803,0.594,Yi-Tense,0.593649661077417,-237465664290041651
Yi_M1,1,M,Yi,Village 2,M1_tl_mu33_01,100.336,243.756,143.42,5,u33,Vowel,u,Lax,Oral,33.0,1.0,Mid,33,Unaspirated,Nasal,125.555,125.889,126.97,125.787,461.812,126.447,1767.481,176.383,3034.887,231.016,3998.14,311.156,490.863,2257.092,3890.889,5093.704,33.078,32.322,33.412,29.955,34.305,21.728,33.773,11.264,11.782,3.765,4.835,12.601,-0.334,2.368,-0.893,8.226,-0.695,21.06,21.296,28.558,28.243,19.721,68.983,19.008,26.454,26.836,25.766,27.099,0.904,mid,0.579,0.498,0.557,0.338,-344.148,173.543,1200.134,170.839,1.451,2.5,0.583,Yi-Lax,0.5804,-4205900144141521324
Yi_M1,1,M,Yi,Village 2,M1_tl_mu33_02,130.75,281.075,150.325,5,u33,Vowel,u,Lax,Oral,33.0,1.0,Mid,33,Unaspirated,Nasal,129.071,129.152,130.399,129.563,618.368,513.715,1957.534,432.766,3103.819,118.235,3868.461,595.724,531.8,2320.114,3268.336,4837.043,33.257,32.75,31.577,29.375,28.098,11.71,27.586,3.304,7.624,-3.188,12.031,14.617,1.679,3.374,3.479,17.665,5.671,29.448,25.633,35.937,21.226,18.132,40.683,25.676,32.007,32.975,29.99,27.629,0.0,mid,0.479,0.4,0.516,0.181,-412.71,205.231,1766.871,203.828,1.243,3.215,0.388,Yi-Lax,0.386625194401244,2702800080029167512
Yi_M1,1,M,Yi,Village 2,M1_tl_pea_21_01,94.868,230.803,135.935,5,e21,Vowel,e,Tense,Oral,21.0,2.0,Low,21,Unaspirated,Oral,103.822,103.443,107.643,104.8,348.832,153.5,1386.188,168.521,3022.182,139.807,3605.692,255.099,924.316,3169.225,4565.629,4759.294,23.183,22.282,28.303,24.064,26.154,19.562,27.837,8.864,9.786,2.538,1.293,18.116,-5.121,-1.783,2.15,4.503,-4.655,13.421,13.397,19.743,21.889,4.166,13.522,1.394,8.79,16.747,18.094,19.57,0.917,low,0.535,0.41,0.621,0.389,-258.546,164.547,1351.504,160.774,1.799,4.435,0.407,Yi-Tense,0.405636978579481,8685780902808898150
Yi_M1,1,M,Yi,Village 2,M1_tl_pea_21_02,75.729,197.835,122.106,5,e21,Vowel,e,Tense,Oral,21.0,2.0,Low,21,Unaspirated,Oral,104.563,104.743,109.168,106.059,485.722,85.038,1382.924,92.194,2982.336,172.122,3702.691,636.157,530.903,1437.679,3124.464,5247.1,24.76,24.241,30.336,28.084,33.723,17.568,34.283,10.323,20.601,7.385,8.862,20.435,-5.575,-3.843,-3.387,10.516,-9.523,13.923,4.159,16.856,15.899,3.805,53.902,-1.208,2.554,9.865,11.983,20.841,0.062,low,0.54,0.397,0.647,0.182,-296.191,135.261,1523.607,133.508,1.694,4.82,0.352,Yi-Tense,0.351452282157676,946412044311844118
Yi_M1,1,M,Yi,Village 2,M1_tl_pea21_01,100.184,223.758,123.574,5,e33,Vowel,e,Lax,Oral,21.0,2.0,Low,21,Unaspirated,Oral,113.635,113.663,114.618,113.69,344.045,303.628,1508.448,413.834,3033.584,196.499,3937.319,584.078,1001.597,2593.473,4667.253,5441.129,27.513,26.647,27.987,23.925,21.233,12.541,19.935,-0.488,7.104,-0.694,4.589,19.257,-0.474,2.723,6.754,11.383,7.578,27.138,20.409,27.341,22.923,7.391,10.425,19.085,24.12,25.806,24.087,22.793,0.0,low,0.447,0.382,0.462,0.447,-369.992,165.54,1328.714,161.587,1.657,2.752,0.603,Yi-Lax,0.602107558139535,-5923991982752108253
Yi_M1,1,M,Yi,Village 2,M1_tl_pea21_02,81.678,198.203,116.525,5,e33,Vowel,e,Lax,Oral,21.0,2.0,Low,21,Unaspirated,Oral,112.641,112.62,113.482,112.737,440.372,249.073,1549.723,254.319,3035.637,94.133,3863.19,248.698,1226.417,3151.063,5083.453,,26.998,26.344,29.498,26.584,22.861,3.048,22.858,0.198,10.366,0.058,8.39,20.965,-2.5,-0.24,6.638,23.537,4.14,26.15,16.632,26.287,18.608,5.379,13.757,18.877,23.038,24.968,23.848,24.95,0.739,low,0.485,0.389,0.5,0.269,-334.278,141.176,1438.917,138.782,1.72,3.405,0.506,Yi-Lax,0.505139500734214,-1249069459439789536
Yi_M1,1,M,Yi,Village 2,M1_tl_phi_21_01,114.16,221.046,106.886,5,i21,Vowel,i,Tense,Oral,21.0,2.0,Low,21,Aspirated,Oral,113.181,113.109,114.565,114.164,327.254,244.656,2197.053,151.144,3103.697,77.923,4263.67,192.902,361.145,2878.537,3908.847,4558.688,27.383,26.316,28.564,23.281,25.281,23.285,21.174,3.227,5.371,6.371,8.071,15.506,-1.182,3.035,3.284,-0.003,6.209,23.09,22.011,19.946,19.312,10.81,12.152,12.629,22.465,23.45,22.3,21.239,0.685,low,0.548,0.345,0.387,0.151,-294.788,168.284,1173.596,166.939,2.615,3.628,0.721,Yi-Tense,0.720782800441014,-2624544256473907653
Yi_M1,1,M,Yi,Village 2,M1_tl_phi_21_02,126.254,280.288,154.034,5,i21,Vowel,i,Tense,Oral,21.0,2.0,Low,21,Aspirated,Oral,111.263,111.334,110.765,110.864,379.621,569.471,2201.074,88.559,3131.221,65.416,4308.744,239.424,2130.707,3135.607,4632.602,5040.244,23.825,22.614,25.676,19.412,17.055,17.152,19.761,3.335,3.317,5.721,4.581,13.484,-1.851,3.202,8.621,2.259,4.064,19.28,20.508,16.893,19.244,9.13,5.087,9.599,22.945,24.981,23.695,19.562,0.0,low,0.553,0.333,0.368,0.153,-239.519,202.82,737.027,201.435,2.457,3.778,0.668,Yi-Tense,0.650344097406035,-4665994373058049558
Yi_M1,1,M,Yi,Village 2,M1_tl_phi21_01,150.593,294.726,144.133,5,i21,Vowel,i,Lax,Oral,21.0,2.0,Low,21,Aspirated,Oral,129.44,129.13,129.751,130.141,350.983,147.929,2137.84,189.185,3109.803,96.069,4536.243,333.928,357.584,2834.906,3160.891,5170.489,29.868,28.601,27.33,20.719,18.903,19.494,30.228,11.815,8.186,8.458,13.328,21.245,2.538,7.882,8.427,1.225,-0.36,16.787,21.683,20.143,16.54,7.356,22.244,19.261,29.712,30.166,27.344,24.766,0.0,low,0.444,0.328,0.373,0.192,-336.352,223.311,1070.999,221.823,1.735,2.455,0.709,Yi-Lax,0.706720977596741,-4000278926461481294
Yi_M1,1,M,Yi,Village 2,M1_tl_phi21_02,109.329,258.957,149.628,5,i21,Vowel,i,Lax,Oral,21.0,2.0,Low,21,Aspirated,Oral,123.878,124.015,125.41,124.672,336.746,112.229,2147.514,293.336,3125.245,93.565,4433.653,829.52,360.192,2525.858,3167.013,5519.365,29.535,28.177,29.641,22.377,16.804,18.559,27.454,10.276,5.105,6.312,11.858,21.175,-0.106,5.799,12.837,3.819,2.081,17.901,24.43,21.864,17.677,7.001,21.737,15.008,25.81,24.964,21.58,22.983,0.0,low,0.505,0.374,0.421,0.326,-318.909,184.634,1135.075,182.011,1.718,3.025,0.569,Yi-Lax,0.567933884297521,8965121114491008377
Yi_M1,1,M,Yi,Village 2,M1_tl_sii_33_01,264.846,460.616,195.77,5,i33,Vowel,i,Tense,Oral,33.0,1.0,Mid,33,Unaspirated,Oral,131.603,132.424,133.433,133.06,469.197,153.828,1306.192,193.961,3187.459,116.878,3968.312,583.547,551.732,1252.472,3238.052,4931.722,25.884,25.035,26.918,23.022,25.154,14.202,24.073,0.996,13.398,0.667,6.582,23.624,-1.034,2.013,1.764,8.821,1.811,24.051,12.486,24.369,19.302,1.411,13.579,28.994,33.487,35.219,31.189,26.017,0.756,mid,0.606,0.406,0.424,0.307,-268.112,363.603,950.04,361.27,1.983,3.14,0.633,Yi-Tense,0.631528662420382,2588543780260514270
Yi_M1,1,M,Yi,Village 2,M1_tl_sii_33_02,254.214,442.875,188.661,5,i33,Vowel,i,Tense,Oral,33.0,1.0,Mid,33,Unaspirated,Oral,131.654,131.789,132.417,131.935,463.771,129.814,1382.861,242.589,3216.852,246.519,3910.214,902.338,564.083,1622.232,3469.732,5126.292,26.102,25.258,27.615,23.733,26.244,15.768,24.833,1.955,9.894,-1.958,3.51,19.542,-1.513,1.525,1.371,7.965,1.269,23.312,16.207,27.216,22.592,5.716,15.612,27.655,32.664,34.023,30.086,26.778,0.944,mid,0.619,0.416,0.419,0.402,-278.077,351.087,949.799,348.029,2.123,3.077,0.69,Yi-Tense,0.689957751056224,-242039314009374584
Yi_M1,1,M,Yi,Village 2,M1_tl_sii33_01,290.099,446.77,156.671,5,i33,Vowel,i,Lax,Oral,33.0,1.0,Mid,33,Unaspirated,Oral,127.468,127.607,127.764,127.848,913.623,296.092,2912.942,514.757,3716.485,206.184,4152.038,544.045,1093.41,3621.244,3943.6,4995.879,28.07,27.883,27.336,26.494,21.012,19.214,11.649,-19.122,4.53,-10.28,10.319,-8.669,0.734,1.389,6.324,7.28,16.421,47.008,23.54,38.163,17.75,36.551,12.773,18.628,21.457,25.606,23.101,22.877,0.0,mid,0.626,0.4,0.387,0.224,-322.085,368.702,967.053,366.944,2.474,3.129,0.791,Yi-Lax,0.790667945030361,-1820329317042992324
Yi_M1,1,M,Yi,Village 2,M1_tl_sii33_02,189.746,390.098,200.352,5,i33,Vowel,i,Lax,Oral,33.0,1.0,Mid,33,Unaspirated,Oral,125.537,125.694,126.593,125.564,305.292,263.931,1515.394,321.837,3124.81,263.837,3883.512,322.537,963.548,3125.159,4281.941,4741.584,25.951,24.7,25.849,19.512,19.065,17.086,18.885,-0.109,5.396,-1.052,1.605,18.711,0.102,5.188,6.784,2.426,7.065,24.812,20.555,25.752,24.346,5.988,7.611,24.775,28.692,30.473,27.562,23.404,0.411,mid,0.639,0.384,0.369,0.214,-287.113,290.417,828.173,288.706,2.601,3.159,0.824,Yi-Lax,0.823361823361823,-6947995642107009482
Yi_M1,1,M,Yi,Village 2,M1_tl_tshu_21_01,155.639,324.825,169.186,5,u21,Vowel,u,Tense,Oral,21.0,2.0,Low,21,Aspirated,Oral,117.201,116.685,119.032,118.558,351.97,184.136,1868.428,105.967,2727.252,146.621,3684.476,372.605,2033.17,2948.954,4358.684,4688.159,30.247,29.199,28.67,23.524,23.065,20.35,22.709,3.857,10.594,7.702,6.523,11.994,1.577,5.675,5.606,3.174,7.539,25.342,19.653,21.497,23.725,17.205,17.01,11.237,22.178,20.49,19.56,21.904,0.096,low,0.537,0.414,0.469,0.193,-340.845,240.053,1339.178,238.401,2.089,3.872,0.542,Yi-Tense,0.539514462809917,5376054170371753276
Yi_M1,1,M,Yi,Village 2,M1_tl_tshu_21_02,132.605,284.356,151.751,5,u21,Vowel,u,Tense,Oral,21.0,2.0,Low,21,Aspirated,Oral,120.291,119.927,122.983,121.847,370.523,212.511,1821.002,101.705,2684.92,121.384,3700.959,283.584,1977.361,2918.728,4347.91,3830.861,29.0,28.063,29.43,24.958,23.742,18.358,23.323,2.935,13.327,8.4,7.809,11.335,-0.43,3.105,5.687,6.6,5.677,25.128,15.673,19.663,21.191,16.728,17.542,9.64,19.29,17.963,17.41,20.149,0.738,low,0.55,0.428,0.466,0.271,-340.264,208.71,1287.731,206.457,1.899,3.69,0.516,Yi-Tense,0.514634146341463,-509271584837822930
Yi_M1,1,M,Yi,Village 2,M1_tl_tshu21_01,164.495,326.361,161.866,5,u21,Vowel,u,Lax,Oral,21.0,2.0,Low,21,Aspirated,Oral,102.5,102.715,102.128,102.284,400.288,166.246,1912.961,245.435,2771.819,118.782,3647.118,293.361,409.561,2581.508,3414.598,4106.714,24.628,23.976,28.978,26.046,26.547,9.219,26.241,5.485,4.893,0.641,5.848,9.02,-4.351,-2.07,2.432,16.827,-1.613,18.492,19.735,23.335,18.779,14.956,13.86,10.988,21.881,23.714,23.083,23.949,0.912,low,0.518,0.399,0.625,0.172,-305.116,244.424,1613.386,242.736,1.799,4.646,0.388,Yi-Lax,0.387214808437365,1972928768585894160
Yi_M1,1,M,Yi,Village 2,M1_tl_tshu21_02,151.742,280.801,129.059,5,u21,Vowel,u,Lax,Oral,21.0,2.0,Low,21,Aspirated,Oral,113.379,113.72,115.222,114.36,357.994,429.452,1829.905,84.759,2654.202,83.26,3590.416,302.746,1917.724,2828.006,4566.146,,27.272,26.333,27.315,22.824,21.987,16.98,21.671,2.338,12.572,8.896,9.499,13.149,-0.043,3.509,5.328,5.843,5.601,23.995,14.7,17.437,17.773,13.184,10.559,15.692,24.325,22.479,21.436,22.887,0.067,low,0.512,0.396,0.511,0.173,-332.256,215.766,1622.349,214.231,1.97,3.871,0.509,Yi-Lax,0.508912425729786,-7219107522563407242
Yi_M1,1,M,Yi,Village 2,M1_tl_x_ae_21_02,119.326,259.021,139.695,5,e21,Vowel,e,Tense,Oral,21.0,2.0,Low,21,Unaspirated,Oral,107.807,107.129,112.637,109.714,446.361,138.821,1310.525,113.985,3088.127,131.758,3940.759,513.735,491.414,1309.629,3255.904,5156.149,27.21,26.553,31.267,28.351,33.539,14.075,33.537,10.666,19.618,7.327,3.61,19.895,-4.057,-1.798,-2.272,14.277,-6.327,15.895,7.592,19.227,23.601,6.658,46.402,-0.469,3.961,13.913,16.698,21.189,0.823,low,0.517,0.397,0.659,0.153,-355.744,187.701,1972.005,186.268,1.382,4.665,0.297,Yi-Tense,0.296248660235798,-3884972724137363798
Yi_M1,1,M,Yi,Village 2,M1_tl_x_ae21_01,136.531,305.894,169.363,5,e21,Vowel,e,Lax,Oral,21.0,2.0,Low,21,Unaspirated,Oral,109.321,109.133,112.452,110.5,394.871,96.57,1357.856,189.062,3042.811,100.95,3768.66,208.335,678.969,3153.431,4111.279,,27.349,26.566,30.945,27.374,30.518,18.852,29.237,8.01,11.993,1.97,7.383,24.093,-3.597,-0.807,0.427,8.522,-1.888,18.561,15.355,24.596,19.965,2.473,30.776,2.864,10.654,18.414,18.993,24.603,0.86,low,0.549,0.421,0.573,0.153,-359.439,220.306,1669.198,218.897,1.91,4.354,0.439,Yi-Lax,0.438677078548461,7819497267588459582
Yi_M1,1,M,Yi,Village 2,M1_tl_x_ae21_02,110.266,231.33,121.064,5,e21,Vowel,e,Lax,Oral,21.0,2.0,Low,21,Unaspirated,Oral,113.186,112.867,115.155,113.689,403.098,183.14,1403.604,310.192,2959.318,128.071,3876.761,165.497,813.86,2992.522,4165.603,4938.321,28.177,27.409,30.789,27.295,28.598,16.11,27.639,5.845,9.32,-1.16,5.903,20.435,-2.612,0.113,2.191,11.186,0.538,21.568,18.857,28.569,22.274,6.974,22.712,12.382,17.92,22.543,22.307,24.414,0.765,low,0.534,0.406,0.462,0.204,-346.073,171.617,1464.017,169.796,1.772,4.029,0.441,Yi-Lax,0.439811367585009,-6470971392751573922
Yi_M1,1,M,Yi,Village 2,M1_tl_zji_21_01,89.954,247.671,157.717,5,i21,Vowel,i,Tense,Oral,21.0,2.0,Low,21,Unaspirated,Oral,114.181,114.493,117.342,115.014,307.058,128.992,3028.238,450.51,3651.21,309.632,4108.997,329.877,636.166,3505.032,4081.789,5228.029,24.445,23.114,24.479,17.402,19.027,21.084,20.901,4.885,13.276,23.729,18.099,22.472,-0.034,5.712,5.452,-3.683,3.544,18.229,11.169,-0.615,6.346,0.642,9.077,9.967,14.609,19.967,17.827,21.195,0.0,low,0.574,0.359,0.362,0.167,-253.124,168.881,883.991,167.416,2.294,3.73,0.616,Yi-Tense,0.615013404825737,-4803627327776098927
Yi_M1,1,M,Yi,Village 2,M1_tl_zji_21_02,91.614,232.87,141.256,5,i21,Vowel,i,Tense,Oral,21.0,2.0,Low,21,Unaspirated,Oral,120.973,120.236,122.339,121.667,371.0,177.356,1335.603,155.225,3077.321,406.042,3639.833,532.26,1121.736,3465.208,4176.32,5201.931,26.614,25.515,28.559,23.168,24.424,21.26,26.797,7.278,16.31,8.11,12.283,32.503,-1.945,2.347,4.136,1.908,-0.183,18.243,10.304,17.405,14.331,-6.989,18.154,12.42,17.619,22.502,20.734,23.666,0.0,low,0.621,0.447,0.487,0.634,-256.85,166.213,1063.23,160.95,1.956,3.98,0.492,Yi-Tense,0.491457286432161,5505145602061932332
Yi_M1,1,M,Yi,Village 2,M1_tl_zji21_01,124.264,293.132,168.868,5,i21,Vowel,i,Lax,Oral,21.0,2.0,Low,21,Unaspirated,Oral,108.659,108.69,110.75,109.39,367.071,191.775,1438.0,344.645,3609.469,615.355,4096.0,247.743,663.928,3745.426,4164.994,4987.036,26.846,26.031,27.365,23.602,25.879,16.315,23.997,3.592,10.174,1.896,14.833,36.668,-0.519,2.429,1.485,7.287,2.849,22.444,16.672,24.134,12.013,-10.637,15.253,7.664,14.022,18.034,16.848,22.09,0.0,low,0.548,0.322,0.325,0.15,-340.048,208.887,1235.221,207.5,2.556,3.798,0.674,Yi-Lax,0.672985781990521,8512745841094142770
Yi_M1,1,M,Yi,Village 2,M1_tl_zji21_02,110.921,275.61,164.689,5,i21,Vowel,i,Lax,Oral,21.0,2.0,Low,21,Unaspirated,Oral,113.699,113.567,116.358,114.702,360.114,236.877,3138.634,461.966,3742.312,768.589,4004.135,300.8,646.696,3728.877,4015.287,4497.075,27.08,26.175,26.982,22.645,22.928,17.91,22.77,3.379,8.415,15.78,14.371,15.4,0.098,3.529,4.054,4.735,4.31,22.795,18.665,10.394,12.709,10.775,11.557,7.17,13.361,17.631,16.791,20.944,0.0,low,0.578,0.342,0.342,0.147,-322.858,193.946,1151.629,192.64,2.527,3.736,0.677,Yi-Lax,0.676391862955032,-6234548567644826601
Yi_M1,1,M,Yi,Village 1,M1_tri_33,390.47,824.383,433.913,5,i_33,Vowel,i,Tense,Oral,33.0,1.0,Mid,33,Unaspirated,Oral,119.945,119.985,120.659,120.481,516.412,67.785,1586.429,135.064,2546.79,350.599,3244.468,312.044,570.585,1834.73,3104.127,4839.477,18.759,18.22,22.046,19.7,28.241,10.436,28.239,4.292,14.362,1.941,3.473,3.362,-3.286,-1.48,-6.196,9.264,-9.479,13.93,4.397,16.28,15.287,14.858,10.662,32.12,34.863,32.312,30.022,28.087,0.736,mid,0.577,0.491,0.522,0.526,-202.0,610.426,575.339,606.03,1.635,3.074,0.533,Yi-Tense,0.531880286271958,-8914098879699056659
Yi_M1,1,M,Yi,Village 1,M1_tri55,290.942,658.751,367.809,5,i55,Vowel,i,Lax,Oral,55.0,1.0,High,55,Unaspirated,Oral,142.94,142.879,142.827,143.173,528.238,182.666,1561.106,208.328,2620.319,212.824,3370.14,631.364,722.063,2224.853,2996.953,5384.846,27.576,26.823,21.596,18.196,25.266,10.541,25.098,1.548,15.244,2.852,9.261,11.624,5.98,8.628,-3.67,7.655,2.478,25.278,12.333,23.971,18.315,15.199,17.874,40.443,40.692,37.272,32.291,27.121,0.0,high,0.335,0.321,0.385,0.271,-655.675,475.767,1212.948,473.87,1.088,1.714,0.633,Yi-Lax,0.634772462077013,1993306320086531341
Yi_M1,1,M,Yi,Village 1,M1_Xe=_21,235.582,527.95,292.368,5,e=_21,Vowel,ə,Tense,Oral,21.0,2.0,Low,21,Unaspirated,Oral,109.009,108.864,109.927,109.232,513.094,50.585,1570.556,171.117,2932.213,144.417,4118.286,424.893,548.52,1745.787,3184.643,5187.814,22.881,22.423,23.632,21.665,30.492,18.059,30.937,6.789,10.997,-1.671,2.875,9.994,-0.75,0.759,-6.86,3.605,-8.056,15.637,11.885,24.094,20.007,12.429,19.677,15.072,17.88,20.126,21.185,22.343,0.942,low,0.795,0.662,0.65,0.633,-419.445,385.516,165.162,379.743,2.573,2.773,0.945,Yi-Tense,0.9278759466282,-2908962923626882131
Yi_M2,2,M,Yi,Village 1,M2_be_21_01,248.927,565.917,316.99,5,e_21,Vowel,e,Tense,Oral,21.0,2.0,Low,21,Unaspirated,Oral,113.782,113.637,115.188,114.171,713.213,77.026,1625.664,155.864,2022.189,166.937,4036.834,256.259,792.026,1791.874,2343.398,4067.661,12.517,12.239,15.456,14.304,15.018,9.509,26.876,-0.417,21.409,2.67,19.543,-0.242,-2.94,-2.065,0.438,4.795,-14.36,12.657,-8.892,9.569,-7.026,12.481,10.877,36.552,28.993,23.38,24.879,26.501,0.626,low,0.566,0.514,0.598,0.492,-110.323,408.867,360.53,404.536,0.908,3.338,0.275,Yi-Tense,0.272019173157579,2336599872290802079
Yi_M2,2,M,Yi,Village 1,M2_be_33_01,325.188,769.501,444.313,5,e_33,Vowel,e,Tense,Oral,33.0,1.0,Mid,33,Unaspirated,Oral,130.367,130.454,130.765,130.483,697.376,120.904,1569.632,214.294,2003.509,256.595,4123.602,510.844,768.61,1742.989,2538.096,4108.178,21.106,20.73,23.264,21.686,22.72,14.448,29.231,2.465,23.023,4.638,19.132,0.758,-2.158,-0.955,0.544,7.238,-8.125,18.266,-1.917,16.093,1.974,19.972,23.643,45.459,42.401,38.208,37.773,29.701,0.02,mid,0.497,0.46,0.508,0.454,-214.251,548.922,517.399,545.439,0.914,2.592,0.357,Yi-Tense,0.352623456790123,2748864577054144551
Yi_M2,2,M,Yi,Village 1,M2_be_33_02,250.704,632.706,382.002,5,e_33,Vowel,e,Tense,Oral,33.0,1.0,Mid,33,Unaspirated,Oral,130.847,130.824,131.53,131.261,680.97,97.095,1539.361,211.348,2026.352,229.66,4113.398,440.218,744.124,1767.415,2588.003,4127.361,20.365,19.965,23.558,21.874,23.658,14.575,29.329,2.783,20.741,2.495,16.696,0.737,-3.193,-1.908,-0.1,7.299,-8.965,17.183,-0.376,17.47,3.669,19.228,19.48,42.015,37.403,32.027,31.179,28.105,0.496,mid,0.517,0.475,0.523,0.478,-228.219,443.691,550.686,440.037,0.931,2.401,0.386,Yi-Tense,0.387755102040816,4930189311318843228
Yi_M2,2,M,Yi,Village 1,M2_be21_01,165.609,585.331,419.722,5,e21,Vowel,e,Lax,Oral,21.0,2.0,Low,21,Unaspirated,Oral,111.551,111.589,112.333,112.12,543.077,251.571,1756.586,188.427,2047.296,563.557,3686.112,333.974,603.353,1818.757,3659.844,5042.273,23.733,23.298,18.723,16.861,19.121,7.617,17.669,-6.563,12.62,1.153,9.65,-10.493,5.01,6.437,-0.399,9.244,6.064,29.861,11.112,22.144,14.082,33.79,4.556,20.697,23.544,21.652,24.057,21.743,0.0,low,0.423,0.379,0.352,0.335,-296.648,375.224,513.188,372.231,1.077,3.297,0.367,Yi-Lax,0.326660600545951,4968245616059711500
Yi_M2,2,M,Yi,Village 1,M2_be21_02,145.154,535.503,390.349,5,e21,Vowel,e,Lax,Oral,21.0,2.0,Low,21,Unaspirated,Oral,111.853,111.62,112.865,112.14,598.306,190.861,1799.126,215.137,2168.356,652.22,3732.774,374.95,646.542,1888.496,3641.949,4783.169,22.373,22.005,19.355,17.802,15.265,6.772,18.854,-6.223,10.495,-2.762,4.483,-12.008,3.018,4.203,4.09,11.03,3.518,28.229,11.877,24.767,17.89,34.014,3.872,14.986,18.199,17.896,20.307,21.441,0.0,low,0.418,0.363,0.388,0.329,-248.597,340.64,454.332,337.693,1.248,3.095,0.413,Yi-Lax,0.403231017770598,6617512096789248466
Yi_M2,2,M,Yi,Village 1,M2_be33_02,225.722,580.572,354.85,5,e33,Vowel,e,Lax,Oral,33.0,1.0,Mid,33,Unaspirated,Oral,139.541,139.663,139.674,140.048,522.373,121.903,1585.268,198.494,2020.419,127.783,3410.229,842.277,613.078,1880.193,2558.075,4049.1,26.565,25.833,25.598,22.303,28.025,12.313,27.863,4.365,18.382,6.385,17.396,5.101,0.967,3.53,-2.427,9.99,-1.298,21.468,8.182,19.448,9.168,20.732,20.199,37.815,38.663,34.392,33.573,26.678,0.0,mid,0.445,0.365,0.44,0.25,-249.644,403.262,617.061,401.471,1.07,2.515,0.427,Yi-Lax,0.42544731610338,2586698276712153675
Yi_M2,2,M,Yi,Village 1,M2_be55_01,403.656,842.23,438.574,5,e55,Vowel,e,Lax,Oral,55.0,1.0,High,55,Unaspirated,Oral,133.79,133.764,134.339,134.069,473.582,123.459,1536.791,141.624,1857.952,109.938,3424.295,560.179,613.054,1734.383,3890.864,3995.988,22.644,21.847,20.209,16.568,21.323,9.647,19.539,-3.546,13.764,2.704,13.427,-1.31,2.435,5.278,-1.114,6.922,3.105,25.394,8.879,19.143,9.216,23.157,5.836,34.588,38.555,36.579,38.24,26.723,0.0,high,0.565,0.397,0.377,0.27,-279.155,623.114,537.725,621.113,1.121,1.871,0.254,Yi-Lax,0.599144842330305,807484060140254231
Yi_M2,2,M,Yi,Village 1,M2_be55_02,350.847,753.887,403.04,5,e55,Vowel,e,Lax,Oral,55.0,1.0,High,55,Unaspirated,Oral,129.728,129.743,130.031,130.286,481.996,103.99,1587.258,117.697,2015.243,288.692,3622.732,565.11,526.845,1715.332,3535.064,4073.557,21.615,20.894,19.061,15.812,21.237,5.784,21.22,-2.045,11.167,0.344,1.649,-10.387,2.554,5.082,-2.176,10.028,0.395,22.94,10.448,20.55,19.966,31.281,4.067,32.859,36.921,34.335,35.078,23.781,0.0,high,0.549,0.351,0.328,0.238,-235.14,551.824,447.827,550.002,1.261,1.408,0.187,Yi-Lax,0.895596590909091,2649429637064944987
Yi_M2,2,M,Yi,Village 1,M2_bu_21_01,346.119,794.081,447.962,5,u_21,Vowel,u,Tense,Oral,21.0,2.0,Low,21,Unaspirated,Oral,108.935,108.633,109.56,109.21,1201.846,93.959,2363.586,869.676,3104.772,373.735,4045.842,197.949,1104.067,3247.972,4320.677,4910.238,18.521,18.428,21.807,21.429,19.728,18.15,11.404,-21.008,-11.802,-33.573,-10.967,-29.98,-3.286,-3.002,2.079,3.279,7.117,39.441,30.323,52.001,29.488,48.408,3.416,25.136,31.019,34.24,33.876,23.619,0.714,low,0.554,0.502,0.628,0.49,-163.356,571.665,526.332,567.155,1.191,3.549,0.337,Yi-Tense,0.335587489433643,519581751206319073
Yi_M2,2,M,Yi,Village 1,M2_bu_21_02,217.129,606.253,389.124,5,u_21,Vowel,u,Tense,Oral,21.0,2.0,Low,21,Unaspirated,Oral,106.617,106.129,107.238,106.729,332.612,124.597,1188.244,88.262,3092.099,372.754,4022.17,245.036,1111.608,2884.514,4121.739,5172.56,15.826,14.798,20.915,15.975,18.185,13.81,18.013,-0.151,9.652,1.309,-11.21,11.925,-5.089,-1.176,2.73,2.164,-2.187,14.955,6.174,13.489,27.036,2.874,2.125,24.374,28.44,31.173,31.085,21.747,0.764,low,0.561,0.508,0.656,0.519,-155.86,414.222,532.453,409.326,1.338,4.045,0.333,Yi-Tense,0.330778739184178,-7935464784468088569
Yi_M2,2,M,Yi,Village 1,M2_bu_33_01,334.689,768.569,433.88,5,u_33,Vowel,u,Tense,Oral,33.0,1.0,Mid,33,Unaspirated,Oral,119.088,118.981,119.012,119.289,305.696,76.136,1176.391,73.226,2319.775,274.834,4029.672,281.123,1074.13,2940.897,4034.378,4560.76,15.939,14.415,21.035,12.783,9.353,11.205,15.2,-0.942,6.6,0.134,-12.533,1.199,-5.096,1.632,11.682,1.578,0.739,15.358,9.339,14.281,28.472,13.216,1.981,34.82,40.194,40.255,38.939,22.594,0.334,mid,0.538,0.494,0.633,0.52,-217.449,552.866,681.261,548.49,0.841,2.934,0.289,Yi-Tense,0.286639400136333,7467332809797812191
Yi_M2,2,M,Yi,Village 1,M2_bu_33_02,208.088,594.543,386.455,5,u_33,Vowel,u,Tense,Oral,33.0,1.0,Mid,33,Unaspirated,Oral,117.288,117.203,117.255,117.746,305.89,66.231,1184.271,104.651,2368.932,593.69,3940.093,220.102,1030.42,2974.243,4007.017,4712.102,13.951,12.501,19.78,12.075,8.548,9.819,15.454,-0.872,3.138,-3.41,-15.611,-2.54,-5.829,0.426,11.231,2.256,-1.503,13.375,10.813,15.911,29.562,15.041,1.505,32.042,37.846,40.572,39.913,22.949,0.023,mid,0.547,0.495,0.623,0.547,-187.026,402.992,609.061,398.326,0.863,3.097,0.28,Yi-Tense,0.278656764610914,-7672373563278421245
Yi_M2,2,M,Yi,Village 1,M2_bu21_01,381.156,820.329,439.173,5,u21,Vowel,u,Lax,Oral,21.0,2.0,Low,21,Unaspirated,Oral,102.963,102.619,103.756,103.504,278.316,137.087,1314.876,432.721,2308.441,558.801,3100.051,482.331,1003.455,2764.511,4258.314,5361.204,22.488,21.173,19.064,12.279,16.021,16.912,18.24,3.336,2.93,-0.982,-3.605,6.684,3.424,8.893,3.043,-4.633,4.248,17.837,19.558,22.155,26.093,14.489,2.776,14.384,20.357,21.698,21.444,19.474,0.0,low,0.489,0.434,0.8,0.389,-358.985,600.699,935.638,596.915,0.684,3.189,0.219,Yi-Lax,0.214487300094073,-1872948004744456185
Yi_M2,2,M,Yi,Village 1,M2_bu21_02,200.299,569.442,369.143,5,u21,Vowel,u,Lax,Oral,21.0,2.0,Low,21,Unaspirated,Oral,102.095,101.65,103.326,102.785,1356.901,104.162,2404.417,481.678,3336.712,786.753,3891.977,540.564,1280.384,2857.154,4257.029,4587.114,21.716,21.647,22.334,22.055,19.91,18.76,8.407,-25.813,-8.163,-33.04,-11.009,-29.497,-0.618,-0.408,2.424,3.295,13.309,47.47,29.88,54.687,32.725,51.144,4.307,14.292,21.653,24.144,25.258,21.118,0.0,low,0.506,0.445,0.502,0.444,-206.78,386.095,606.216,381.717,1.213,3.709,0.34,Yi-Lax,0.32704232946886,-3598837691581380999
Yi_M2,2,M,Yi,Village 1,M2_bu33_01,470.452,965.095,494.643,5,u33,Vowel,u,Lax,Oral,33.0,1.0,Mid,33,Unaspirated,Oral,123.684,123.577,124.024,124.588,269.003,131.536,1357.427,213.132,2282.376,411.166,3448.423,542.486,1392.607,3387.404,4527.791,4840.219,18.932,16.86,17.022,5.05,7.395,13.714,16.832,3.122,-0.031,-2.532,-11.062,-0.334,1.91,11.81,9.627,-8.664,2.1,13.739,18.963,19.392,29.994,17.194,1.275,32.192,36.291,36.04,35.76,22.092,0.0,mid,0.513,0.436,0.564,0.282,-255.826,718.139,732.909,715.859,1.323,3.034,0.439,Yi-Lax,0.436058009228741,3682717852321314633
Yi_M2,2,M,Yi,Village 1,M2_bu33_02,324.239,755.425,431.186,5,u33,Vowel,u,Lax,Oral,33.0,1.0,Mid,33,Unaspirated,Oral,122.776,122.638,123.08,124.386,316.758,100.838,1419.094,347.243,2225.528,366.224,3544.266,465.402,305.193,1775.112,3672.581,4994.445,19.168,17.707,18.744,10.842,9.196,11.218,13.547,-3.13,-3.385,-7.507,-8.665,-5.88,0.423,6.865,9.548,-0.376,5.621,20.837,22.552,25.214,27.833,23.587,1.923,35.886,41.708,39.649,38.083,22.878,0.0,mid,0.556,0.454,0.636,0.327,-279.826,539.466,721.825,536.796,0.993,3.329,0.3,Yi-Lax,0.298287774106338,-5218682086433300930
Yi_M2,2,M,Yi,Village 1,M2_bu55_01,234.533,639.666,405.133,5,u55,Vowel,u,Lax,Oral,55.0,1.0,High,55,Unaspirated,Oral,143.616,143.443,144.447,144.166,296.286,49.585,1287.28,583.462,2084.119,523.421,3647.14,487.396,788.005,2528.374,4122.447,4975.685,19.571,17.181,24.945,10.144,3.59,10.343,24.943,9.864,2.528,-2.118,0.119,7.388,-5.374,7.036,21.355,-0.198,-5.372,7.317,17.043,19.299,19.452,9.793,4.402,25.252,30.315,28.569,27.608,21.562,0.867,high,0.504,0.434,0.566,0.307,-242.245,437.577,641.568,435.435,0.825,2.437,0.335,Yi-Lax,0.338530980713993,4267089760590614593
Yi_M2,2,M,Yi,Village 1,M2_bu55_02,246.966,597.421,350.455,5,u55,Vowel,u,Lax,Oral,55.0,1.0,High,55,Unaspirated,Oral,141.556,141.539,142.195,141.875,289.682,67.26,1448.513,172.009,2129.693,407.802,3390.461,259.964,595.316,2195.071,4013.314,5020.171,24.771,22.36,27.012,12.651,1.87,9.549,27.01,12.522,7.384,4.942,-0.312,3.257,-2.24,9.71,25.142,3.102,-2.238,9.839,17.388,17.418,25.083,19.104,8.818,26.786,32.602,30.3,29.263,20.917,0.0,high,0.565,0.482,0.579,0.298,-202.395,421.988,492.583,419.88,1.098,2.813,0.393,Yi-Lax,0.39033060789193,-7344776473705171702
Yi_M2,2,M,Yi,Village 1,M2_de_33_01,328.455,749.899,421.444,5,e_33,Vowel,e,Tense,Oral,33.0,1.0,Mid,33,Unaspirated,Oral,127.474,127.251,127.303,127.482,633.837,133.476,1584.664,193.603,2065.396,148.795,4136.085,221.345,740.577,1874.05,3260.418,4151.838,20.596,20.177,19.987,18.212,17.402,7.394,21.243,-4.539,13.837,-2.594,10.112,-4.876,0.609,1.965,2.585,10.818,-0.647,24.718,6.759,22.772,10.484,25.054,5.337,30.452,26.466,22.27,23.566,20.474,0.0,mid,0.446,0.354,0.504,0.268,-286.135,538.477,444.539,536.36,1.033,3.16,0.334,Yi-Tense,0.326898734177215,1993208180440128814
Yi_M2,2,M,Yi,Village 1,M2_de_33_02,203.815,565.829,362.014,5,e_33,Vowel,e,Tense,Oral,33.0,1.0,Mid,33,Unaspirated,Oral,123.908,123.983,124.141,124.672,647.54,65.987,1669.403,345.545,2213.572,199.694,3294.898,297.173,680.655,2031.966,3273.767,4302.959,20.096,19.721,19.681,18.099,18.555,10.055,24.72,-1.178,9.147,-6.669,9.997,-3.574,0.415,1.622,1.126,8.044,-4.623,20.9,10.949,26.39,10.099,23.295,6.92,22.535,21.763,19.015,19.446,20.511,0.0,mid,0.451,0.371,0.416,0.291,-281.382,383.938,489.317,381.583,1.026,3.054,0.348,Yi-Tense,0.335952848722986,-3756979854056142319
Yi_M2,2,M,Yi,Village 1,M2_de=_21_01,300.779,716.892,416.113,5,e=_21,Vowel,ə,Tense,Oral,21.0,2.0,Low,21,Unaspirated,Oral,106.819,106.822,108.165,107.621,509.13,69.179,1608.357,65.846,3107.848,185.298,4171.595,400.806,559.323,1717.75,3035.628,4346.541,12.825,12.379,12.165,10.258,20.864,8.969,21.57,-2.556,14.724,2.538,-1.237,7.554,0.659,2.122,-8.699,1.289,-8.746,14.94,-1.899,9.842,14.062,4.826,2.598,35.697,37.479,33.451,30.727,26.065,0.163,low,0.516,0.454,0.628,0.414,-149.285,509.802,570.639,505.92,1.24,3.434,0.36,Yi-Tense,0.361094933022714,-3332594500644930500
Yi_M2,2,M,Yi,Village 1,M2_de=_21_02,223.605,525.085,301.48,5,e=_21,Vowel,ə,Tense,Oral,21.0,2.0,Low,21,Unaspirated,Oral,108.585,108.392,109.399,109.171,502.338,62.252,1613.346,55.964,3082.21,526.685,4090.273,390.0,527.375,1716.511,3143.836,4461.495,16.128,15.656,17.521,15.489,25.624,12.227,25.091,1.117,15.672,3.888,-3.079,5.65,-1.394,0.167,-8.103,3.262,-8.963,14.543,0.456,11.768,19.207,10.006,6.043,27.44,30.55,29.048,28.149,25.49,0.723,low,0.514,0.463,0.668,0.404,-184.275,374.646,673.74,370.923,1.042,3.497,0.297,Yi-Tense,0.297969688304261,-7970463040538861593
Yi_M2,2,M,Yi,Village 1,M2_de=_33_01,248.826,698.479,449.653,5,e=_33,Vowel,ə,Tense,Oral,33.0,1.0,Mid,33,Unaspirated,Oral,126.514,126.169,125.573,125.604,468.193,94.545,1623.857,85.283,2440.914,151.226,3261.329,398.136,710.786,1977.291,3007.042,4095.544,22.951,22.25,25.247,22.091,30.042,13.527,30.03,6.911,20.865,10.634,13.89,13.116,-2.296,0.158,-4.795,8.565,-7.079,15.34,2.087,11.616,9.061,9.133,19.421,37.263,41.078,37.452,33.809,28.724,0.537,mid,0.475,0.46,0.589,0.425,-372.991,474.167,830.542,470.795,0.746,3.146,0.24,Yi-Tense,0.237126509853783,3726453717598123800
Yi_M2,2,M,Yi,Village 1,M2_de=_33_02,267.366,642.51,375.144,5,e=_33,Vowel,ə,Tense,Oral,33.0,1.0,Mid,33,Unaspirated,Oral,125.237,124.879,123.877,125.004,474.854,81.878,1616.76,82.377,2450.047,149.636,3222.481,807.288,487.911,1761.614,2645.153,4122.435,21.909,21.241,24.438,21.455,31.12,11.907,31.118,7.829,20.391,9.868,14.022,13.227,-2.529,-0.214,-6.682,9.548,-9.209,13.413,1.517,11.373,7.886,8.014,18.914,30.295,34.08,31.436,29.056,26.702,0.743,mid,0.473,0.454,0.555,0.433,-350.437,456.059,820.348,452.598,0.867,3.057,0.285,Yi-Tense,0.283611383709519,3610841658618987770
Yi_M2,2,M,Yi,Village 1,M2_de=21_02,179.882,525.945,346.063,5,e=21,Vowel,ə,Lax,Oral,21.0,2.0,Low,21,Unaspirated,Oral,103.581,103.48,104.68,104.311,416.342,130.093,1642.018,80.843,2338.563,844.705,3859.243,254.733,400.523,1720.488,3588.399,4331.043,23.992,23.397,20.676,18.045,23.782,1.946,23.779,1.704,12.928,4.631,-3.467,-5.293,3.316,5.352,-3.106,16.1,0.213,21.694,11.064,18.766,27.459,28.69,5.229,26.361,32.076,28.381,28.094,24.269,0.0,low,0.548,0.412,0.471,0.331,-294.064,354.895,958.354,351.7,3.25,3.259,1.002,Yi-Lax,0.997238416692237,-6133763398289358421
Yi_M2,2,M,Yi,Village 1,M2_de=33_01,264.209,687.699,423.49,5,e=33,Vowel,ə,Lax,Oral,33.0,1.0,Mid,33,Unaspirated,Oral,127.949,127.975,127.814,128.118,390.47,85.792,1678.96,237.717,2149.063,385.677,3520.162,557.328,420.845,1915.149,3532.662,4758.203,28.131,27.106,28.233,23.257,23.316,19.49,30.482,10.097,11.237,5.006,6.732,0.736,-0.101,3.849,4.917,3.767,-2.351,17.009,16.894,22.1,21.399,26.37,22.612,37.998,45.861,43.268,41.929,30.198,0.0,mid,0.521,0.427,0.534,0.243,-334.083,476.439,1007.148,474.542,1.855,3.015,0.615,Yi-Lax,0.615257048092869,6604411472412937791
Yi_M2,2,M,Yi,Village 1,M2_de=33_02,248.777,645.497,396.72,5,e=33,Vowel,ə,Lax,Oral,33.0,1.0,Mid,33,Unaspirated,Oral,127.377,127.315,127.731,127.528,384.469,61.729,1672.83,296.979,2172.075,223.086,3644.924,529.658,419.101,2017.144,3559.475,4824.014,27.558,26.497,27.782,22.589,21.82,18.685,31.866,11.795,9.028,3.072,7.641,2.472,-0.225,3.908,5.962,3.905,-4.308,14.702,18.53,23.425,19.917,24.025,23.359,39.226,45.412,39.798,38.176,27.742,0.0,mid,0.537,0.433,0.588,0.254,-341.071,447.304,1000.051,445.309,1.037,3.249,0.319,Yi-Lax,0.31917513080948,-4575329575631206625
Yi_M2,2,M,Yi,Village 1,M2_de=55_01,329.813,723.748,393.935,5,e=55,Vowel,ə,Lax,Oral,55.0,1.0,High,55,Unaspirated,Oral,131.359,131.345,131.308,131.363,330.93,213.042,1673.436,295.498,2178.028,494.41,3597.661,410.673,351.203,1877.345,3472.548,5533.365,27.868,26.371,21.679,13.419,12.719,15.223,17.352,0.006,6.451,3.382,2.625,-1.399,6.189,12.952,8.96,-1.805,10.516,26.365,21.417,22.989,25.243,27.77,8.306,27.805,37.27,33.648,32.745,25.956,0.0,high,0.226,0.222,0.3,0.173,-370.082,526.575,538.587,525.258,0.458,1.014,0.452,Yi-Lax,0.451676528599606,-8825134923732353050
Yi_M2,2,M,Yi,Village 1,M2_de=55_02,266.736,582.755,316.019,5,e=55,Vowel,ə,Lax,Oral,55.0,1.0,High,55,Unaspirated,Oral,130.78,130.822,130.67,131.105,369.879,93.616,1661.505,110.576,2163.699,172.375,3418.731,449.864,312.319,1887.497,3436.93,5249.87,27.123,25.935,26.004,19.997,16.757,15.607,27.21,7.782,13.952,8.532,7.843,3.376,1.119,5.937,9.247,4.39,-0.088,18.153,13.17,17.402,19.28,22.558,12.938,40.219,50.04,44.568,41.463,28.312,0.0,high,0.416,0.336,0.403,0.226,-364.712,426.089,822.795,424.365,2.122,2.141,0.992,Yi-Lax,0.99112564222326,-183955933312090579
Yi_M2,2,M,Yi,Village 1,M2_de33_01,226.544,590.151,363.607,5,e33,Vowel,e,Lax,Oral,33.0,1.0,Mid,33,Unaspirated,Oral,118.469,118.445,118.781,118.554,667.091,64.601,1606.096,150.869,3179.168,497.64,4088.002,458.562,730.489,1773.632,3200.834,4337.228,19.87,19.54,18.747,17.363,19.809,12.817,29.266,2.779,21.172,3.753,1.448,6.776,1.123,2.176,-1.062,4.547,-9.395,16.77,-1.302,15.787,18.422,12.764,18.109,42.252,37.475,35.309,34.839,30.941,0.954,mid,0.477,0.435,0.649,0.414,-277.627,409.162,1049.694,405.669,0.662,2.99,0.222,Yi-Lax,0.221404682274247,-8469559462217411858
Yi_M2,2,M,Yi,Village 1,M2_de33_02,250.704,618.257,367.553,5,e33,Vowel,e,Lax,Oral,33.0,1.0,Mid,33,Unaspirated,Oral,119.565,119.603,119.913,119.769,696.242,91.696,1548.449,219.839,2118.502,512.259,3365.913,683.154,762.863,1729.333,3468.511,4476.714,19.698,19.381,19.341,18.02,19.086,12.573,28.877,1.756,18.987,-0.028,8.055,-6.87,0.357,1.361,0.255,5.447,-9.179,17.626,0.711,19.409,11.643,26.251,15.587,37.069,30.695,27.596,26.847,28.633,0.894,mid,0.477,0.428,0.64,0.385,-329.943,434.985,1249.183,431.761,0.714,3.256,0.221,Yi-Lax,0.219287469287469,-3426830165411441531
Yi_M2,2,M,Yi,Village 1,M2_dzii_21_01,372.506,787.885,415.379,5,ii_21,Vowel,ii,Tense,Oral,21.0,2.0,Low,21,Unaspirated,Oral,137.395,136.94,137.681,137.577,328.649,69.771,1789.392,175.558,2675.172,319.594,4068.319,346.118,2041.493,3403.14,4266.583,4788.341,18.644,16.955,25.178,15.297,8.341,12.483,21.986,5.007,5.224,3.353,0.882,8.073,-6.534,1.658,16.836,2.814,-3.342,11.949,13.42,13.602,17.762,8.882,5.058,20.924,28.244,26.503,23.73,20.499,0.767,low,0.659,0.528,0.731,0.277,-179.214,579.5,522.002,577.477,0.66,3.998,0.166,Yi-Tense,0.165082541270635,-7141599677821663229
Yi_M2,2,M,Yi,Village 1,M2_dzii_21_02,196.938,492.405,295.467,5,ii_21,Vowel,ii,Tense,Oral,21.0,2.0,Low,21,Unaspirated,Oral,132.256,130.771,131.226,239.116,271.042,45.384,1696.503,265.702,3003.79,482.317,3947.608,333.899,1929.682,3310.278,4589.619,5622.184,15.578,13.149,22.135,9.048,-0.687,7.925,22.133,8.981,5.714,7.123,2.021,22.874,-6.557,4.101,22.822,1.123,-6.555,4.169,9.864,6.026,13.556,-9.725,2.762,6.024,15.285,15.544,15.319,17.4,0.287,low,0.46,0.416,0.559,0.358,-235.497,345.119,542.731,342.386,0.803,2.58,0.333,Yi-Tense,0.311240310077519,-1197771023239296672
Yi_M2,2,M,Yi,Village 1,M2_dzii_33_01,342.555,833.115,490.56,5,ii_33,Vowel,ii,Tense,Oral,33.0,1.0,Mid,33,Unaspirated,Oral,131.693,131.461,131.948,132.01,319.599,62.801,1764.105,87.795,2674.41,379.009,3471.581,296.746,702.318,2413.189,3939.974,5196.498,17.645,15.975,22.342,12.662,2.465,6.592,18.208,1.839,2.738,1.366,-6.508,1.892,-4.697,3.313,19.877,6.07,-0.563,14.137,14.907,14.609,24.153,14.083,2.723,30.181,41.445,38.899,35.92,23.45,0.0,mid,0.611,0.505,0.633,0.426,-237.727,588.942,766.765,585.7,1.154,3.044,0.38,Yi-Tense,0.379106438896189,-3312782188174347807
Yi_M2,2,M,Yi,Village 1,M2_dzii_33_02,265.188,728.964,463.776,5,ii_33,Vowel,ii,Tense,Oral,33.0,1.0,Mid,33,Unaspirated,Oral,131.914,131.937,131.528,132.264,357.193,48.717,1820.187,243.656,2678.608,223.399,3518.486,166.077,371.495,2416.669,3542.179,4915.88,17.547,16.226,22.871,15.92,7.09,7.927,21.88,3.441,-1.879,-4.954,-2.697,2.95,-5.324,0.305,15.781,7.993,-4.333,12.786,19.426,21.179,20.244,13.276,3.867,28.126,38.724,35.572,32.266,21.835,0.0,mid,0.635,0.527,0.653,0.413,-217.087,497.753,788.836,494.616,1.084,3.157,0.344,Yi-Tense,0.343363953120051,-5326098143992101320
Yi_M2,2,M,Yi,Village 1,M2_dzii21_01,360.749,735.543,374.794,5,ii21,Vowel,ii,Lax,Oral,21.0,2.0,Low,21,Unaspirated,Oral,121.125,120.66,121.693,121.907,274.595,79.918,1838.766,108.271,2540.003,135.096,3464.851,352.469,2167.366,3483.359,5336.362,5007.298,20.343,18.465,23.173,12.071,9.037,15.048,22.985,9.025,8.228,9.817,6.837,13.348,-2.83,6.394,14.136,-2.976,-2.641,9.441,12.115,8.649,13.506,5.118,3.607,25.479,33.764,30.155,27.106,22.749,0.265,low,0.632,0.565,0.688,0.547,-187.746,549.853,620.089,545.319,1.228,3.325,0.37,Yi-Lax,0.369323308270677,-3618740689198326768
Yi_M2,2,M,Yi,Village 1,M2_dzii21_02,190.216,482.215,291.999,5,ii21,Vowel,ii,Lax,Oral,21.0,2.0,Low,21,Unaspirated,Oral,112.546,112.207,112.521,112.953,291.067,115.533,1786.283,194.109,2615.335,247.556,3455.118,354.873,2226.586,3488.169,4970.036,4621.661,20.533,19.084,22.97,15.146,15.011,17.754,13.059,-1.971,2.409,2.307,1.408,9.215,-2.437,3.938,7.959,-2.608,7.474,21.055,18.124,16.777,19.125,9.869,3.208,18.08,27.377,25.343,23.398,20.911,0.923,low,0.631,0.564,0.649,0.589,-188.167,338.348,557.001,333.098,1.512,3.59,0.422,Yi-Lax,0.42116991643454,6442075208161171017
Yi_M2,2,M,Yi,Village 1,M2_dzii33_01,347.94,794.683,446.743,5,ii33,Vowel,ii,Lax,Oral,33.0,1.0,Mid,33,Unaspirated,Oral,124.878,124.764,125.141,124.672,343.428,133.642,1781.845,244.36,2515.102,389.445,3730.682,572.933,736.777,2513.561,3580.676,5328.839,20.691,19.41,19.991,13.324,11.662,12.108,19.111,1.173,1.846,-1.015,-2.124,1.144,0.7,6.086,8.329,1.216,1.581,18.238,18.845,20.425,22.815,18.267,2.72,25.471,33.552,30.947,28.912,22.55,0.0,mid,0.515,0.448,0.641,0.391,-400.94,572.027,1326.258,568.894,0.628,3.222,0.195,Yi-Lax,0.194909993792675,-1471857550211653275
Yi_M2,2,M,Yi,Village 1,M2_dzii33_02,233.121,607.444,374.323,5,ii33,Vowel,ii,Lax,Oral,33.0,1.0,Mid,33,Unaspirated,Oral,123.704,123.598,123.648,124.672,353.979,93.339,1752.812,129.111,2558.717,178.157,3543.502,341.17,418.171,2256.925,3539.725,5319.121,19.297,18.117,20.027,14.054,12.439,11.572,20.167,1.662,3.22,-0.433,-1.253,2.918,-0.73,4.063,7.588,2.482,-0.87,16.456,16.077,18.55,20.55,15.199,2.634,31.62,39.22,35.574,33.565,24.61,0.0,mid,0.521,0.465,0.598,0.333,-431.278,420.701,1537.342,418.003,0.752,2.942,0.256,Yi-Lax,0.255608429639701,-4978401217425380935
Yi_M2,2,M,Yi,Village 1,M2_dzii55_01,322.827,776.422,453.595,5,ii55,Vowel,ii,Lax,Oral,55.0,1.0,High,55,Unaspirated,Oral,148.514,148.468,147.954,148.646,274.199,177.374,1675.589,124.941,2446.744,301.045,3557.931,382.124,1789.836,3232.633,4995.394,,25.196,22.343,22.009,10.229,0.058,9.811,21.949,8.374,14.328,14.681,6.316,14.218,3.186,12.114,21.951,0.418,3.246,13.969,10.867,7.661,18.879,8.124,6.967,20.897,27.982,24.549,23.461,22.92,0.0,high,0.517,0.477,0.581,0.409,-638.389,550.263,1322.87,547.507,0.719,2.303,0.313,Yi-Lax,0.312201476335215,-702224142476380623
Yi_M2,2,M,Yi,Village 1,M2_dzii55_02,311.048,733.141,422.093,5,ii55,Vowel,ii,Lax,Oral,55.0,1.0,High,55,Unaspirated,Oral,142.265,142.237,141.702,142.129,308.279,84.448,1670.098,100.125,2502.692,278.53,3525.469,426.47,1792.636,3308.012,5092.922,5286.618,21.783,19.693,25.765,12.375,4.889,11.384,25.763,10.178,14.562,12.907,5.111,12.692,-3.981,7.318,20.876,0.99,-3.98,9.516,7.222,6.786,16.673,7.001,7.131,26.528,32.83,29.993,27.93,24.103,0.0,high,0.553,0.516,0.64,0.438,-529.02,522.166,1218.059,519.09,0.905,2.403,0.378,Yi-Lax,0.376612567623804,5508932674042432085
Yi_M2,2,M,Yi,Village 1,M2_na_21_01,261.286,594.007,332.721,5,a_21,Vowel,a,Tense,Oral,21.0,2.0,Low,21,Unaspirated,Nasal,109.462,109.187,110.553,110.125,664.245,291.967,952.879,148.12,2402.898,170.484,3865.359,225.074,860.33,2530.879,3809.579,5260.893,18.675,18.314,17.128,15.63,13.265,6.116,21.021,-9.812,20.984,-6.528,-1.581,2.988,1.548,2.684,3.862,9.513,-2.345,28.179,-2.309,24.842,20.257,15.326,4.637,23.682,21.896,25.962,26.804,21.878,0.328,low,0.53,0.432,0.467,0.361,-235.995,428.723,577.687,425.415,1.651,3.088,0.535,Yi-Tense,0.534650259067358,-7412146346146365325
Yi_M2,2,M,Yi,Village 1,M2_na_21_02,279.565,624.623,345.058,5,a_21,Vowel,a,Tense,Oral,21.0,2.0,Low,21,Unaspirated,Nasal,105.686,105.407,106.476,106.176,675.071,204.495,1049.997,167.437,2372.166,187.103,3952.7,246.444,885.85,2459.813,3892.473,4393.444,16.54,16.232,16.378,15.104,10.967,5.023,19.533,-10.334,15.335,-10.392,-4.078,-2.576,0.163,1.128,5.411,10.081,-2.993,26.592,1.206,26.624,20.618,18.808,2.861,26.945,24.206,26.887,27.752,22.439,0.0,low,0.527,0.413,0.43,0.329,-192.922,452.862,530.725,449.745,1.919,3.209,0.602,Yi-Tense,0.598005609224057,-6214577626974022606
Yi_M2,2,M,Yi,Village 1,M2_na_33_01,303.434,650.84,347.406,5,a_33,Vowel,a,Tense,Oral,33.0,1.0,Mid,33,Unaspirated,Nasal,123.4,123.333,123.592,124.033,666.102,142.589,2506.066,220.911,3558.204,441.968,4059.829,435.339,868.471,3009.826,3958.657,4400.698,16.738,16.412,18.05,16.68,17.162,9.947,22.036,-3.404,-6.748,-14.935,-7.342,-9.771,-1.313,-0.268,0.889,6.733,-5.298,19.818,23.486,31.348,24.08,26.183,5.265,39.758,35.348,38.476,36.711,25.112,0.816,mid,0.452,0.409,0.513,0.378,-269.531,478.128,864.154,475.06,0.69,2.576,0.269,Yi-Tense,0.267857142857143,-8152399682104010079
Yi_M2,2,M,Yi,Village 1,M2_na_33_02,272.902,584.803,311.901,5,a_33,Vowel,a,Tense,Oral,33.0,1.0,Mid,33,Unaspirated,Nasal,116.384,116.193,117.308,116.826,670.434,114.222,961.945,89.482,2526.356,363.742,3725.23,308.751,821.613,1661.715,3726.127,5605.309,15.781,15.381,18.579,16.914,16.339,8.192,27.042,-3.666,23.547,-3.867,-6.511,0.299,-2.799,-1.534,2.24,8.723,-11.262,19.117,-7.766,19.248,22.292,15.082,9.497,39.584,33.597,37.363,35.851,25.577,0.63,mid,0.493,0.437,0.527,0.443,-259.542,430.296,928.056,426.481,0.821,3.005,0.274,Yi-Tense,0.273211314475874,1728810048668489905
Yi_M2,2,M,Yi,Village 1,M2_na21_01,181.24,543.547,362.307,5,a21,Vowel,a,Lax,Oral,21.0,2.0,Low,21,Unaspirated,Nasal,109.234,108.909,109.959,109.678,626.65,203.295,1025.231,109.836,2392.743,274.798,3910.823,316.663,871.01,2475.47,3745.97,4081.194,18.231,17.851,18.258,16.671,11.928,4.047,15.787,-12.678,15.727,-7.985,-8.792,-4.891,-0.027,1.18,6.33,12.624,2.445,30.551,2.505,25.835,27.023,22.742,2.558,34.999,32.836,34.26,33.712,22.841,0.0,low,0.507,0.425,0.455,0.41,-212.531,363.583,628.482,359.82,1.554,3.098,0.503,Yi-Lax,0.50161394448031,8372191684251185470
Yi_M2,2,M,Yi,Village 1,M2_na21_02,183.743,534.152,350.409,5,a21,Vowel,a,Lax,Oral,21.0,2.0,Low,21,Unaspirated,Nasal,105.022,104.691,105.723,105.372,647.813,274.319,1039.02,112.236,2463.944,770.494,3858.552,219.212,943.382,2547.914,3830.273,4789.827,16.89,16.563,17.45,16.097,10.154,3.736,15.265,-14.016,16.659,-8.233,-11.378,-7.738,-0.56,0.466,7.297,12.361,1.625,30.606,0.231,24.797,28.268,24.301,2.356,32.473,29.101,32.193,32.83,22.477,0.0,low,0.521,0.421,0.435,0.429,-216.288,361.211,613.913,357.108,1.932,3.035,0.635,Yi-Lax,0.63657331136738,9218412367436284226
Yi_M2,2,M,Yi,Village 1,M2_na33_01,279.706,601.071,321.365,5,a33,Vowel,a,Lax,Oral,33.0,1.0,Mid,33,Unaspirated,Nasal,126.727,126.763,126.937,127.36,663.435,407.621,953.417,141.614,2513.72,490.337,3657.494,163.41,830.359,889.824,3677.954,4193.14,20.204,19.728,17.941,15.945,19.075,8.747,20.419,-10.119,23.047,-4.255,-7.917,-1.373,2.263,3.784,-1.135,7.197,-0.215,29.92,-2.843,23.983,28.121,21.101,6.252,48.882,42.387,41.968,40.201,25.604,0.354,mid,0.408,0.36,0.453,0.31,-623.065,441.769,1471.872,439.322,1.655,2.429,0.681,Yi-Lax,0.681350349938246,3037698844606849026
Yi_M2,2,M,Yi,Village 1,M2_na33_02,259.047,602.399,343.352,5,a33,Vowel,a,Lax,Oral,33.0,1.0,Mid,33,Unaspirated,Nasal,123.758,123.667,123.938,124.352,654.129,265.618,1051.919,101.61,2463.725,208.167,3647.503,269.982,831.938,2246.994,3786.96,4028.679,17.83,17.389,16.083,14.235,11.416,1.846,14.166,-14.658,15.719,-8.681,-8.979,-4.79,1.747,3.155,4.666,12.388,3.664,32.078,2.111,26.07,26.809,22.179,2.059,46.151,42.657,43.576,42.036,24.777,0.908,mid,0.407,0.364,0.409,0.321,-528.336,431.662,1180.478,429.068,1.568,2.406,0.655,Yi-Lax,0.651704073150457,3375058089708133504
Yi_M2,2,M,Yi,Village 1,M2_ti_21_01,202.364,646.534,444.17,5,i_21,Vowel,i,Tense,Oral,21.0,2.0,Low,21,Unaspirated,Oral,108.041,107.849,111.337,109.231,405.979,78.85,2601.421,377.676,3264.263,320.324,4181.108,178.811,366.217,2750.028,3676.403,4405.487,17.434,16.715,21.799,18.496,22.729,9.329,22.963,2.122,8.804,9.895,9.655,11.443,-4.365,-1.781,-0.931,9.167,-5.53,14.594,8.629,6.82,7.779,5.272,4.674,11.88,22.544,22.481,17.978,20.256,0.581,low,0.555,0.47,0.661,0.476,-102.965,425.901,444.4,421.459,0.76,4.354,0.177,Yi-Tense,0.174552135966927,4781592161794804478
Yi_M2,2,M,Yi,Village 1,M2_ti_21_02,162.752,515.043,352.291,5,i_21,Vowel,i,Tense,Oral,21.0,2.0,Low,21,Unaspirated,Oral,107.013,107.049,108.35,107.925,399.674,95.407,2223.618,466.971,3048.894,308.438,3929.46,415.925,310.563,2789.056,3430.811,4654.753,15.855,15.172,18.947,15.852,20.417,6.04,20.238,-0.743,3.955,2.372,9.378,9.3,-3.092,-0.679,-1.469,9.812,-4.382,15.916,11.9,12.801,6.477,5.873,2.603,24.241,34.903,32.827,26.713,24.945,0.672,low,0.635,0.483,0.737,0.509,-97.066,340.494,412.701,335.725,0.876,5.008,0.175,Yi-Tense,0.174920127795527,6867164607819219063
Yi_M2,2,M,Yi,Village 1,M2_ti_33_01,218.236,701.13,482.894,5,i_33,Vowel,i,Tense,Oral,33.0,1.0,Mid,33,Unaspirated,Oral,131.592,131.561,131.573,265.181,261.326,6.087,2351.633,142.705,3107.665,212.331,3960.412,424.714,2415.901,3540.442,4318.967,4446.747,17.764,15.335,29.338,16.564,3.334,12.482,29.336,16.514,4.253,11.724,9.695,19.767,-11.575,-1.229,26.004,4.081,-11.572,-1.179,13.511,3.61,8.069,-4.432,8.625,27.003,39.774,39.285,34.391,25.232,0.208,mid,0.605,0.49,0.592,0.207,-186.355,459.127,704.322,457.553,1.064,3.647,0.292,Yi-Tense,0.291746641074856,-6553593224622075876
Yi_M2,2,M,Yi,Village 1,M2_ti_33_02,151.883,550.786,398.903,5,i_33,Vowel,i,Tense,Oral,33.0,1.0,Mid,33,Unaspirated,Oral,135.162,135.046,135.918,269.025,268.799,7.6,2295.301,279.664,3087.272,244.417,3763.963,336.738,742.939,3138.101,3909.772,4805.954,18.928,16.479,29.893,16.691,5.301,14.397,29.891,16.629,0.84,7.163,10.42,20.965,-10.964,-0.211,24.592,2.294,-10.962,-0.149,18.088,9.316,8.508,-4.486,9.766,25.684,38.288,36.535,30.754,21.773,0.242,mid,0.541,0.452,0.576,0.232,-212.005,351.183,758.387,349.465,0.787,3.185,0.251,Yi-Tense,0.247095761381476,-7726316709617049553
Yi_M2,2,M,Yi,Village 1,M2_ti21_01,177.029,629.432,452.403,5,i21,Vowel,i,Lax,Oral,21.0,2.0,Low,21,Unaspirated,Oral,115.479,114.869,116.116,116.821,230.101,49.643,2523.48,692.252,3208.446,192.861,3863.207,261.154,3019.261,3610.012,5305.11,5143.547,20.03,17.702,21.614,10.365,-2.93,6.186,21.61,10.329,-1.561,8.482,8.58,20.302,-1.584,7.337,24.544,4.179,-1.58,7.373,21.591,9.22,11.45,-2.6,2.503,12.301,21.395,21.918,19.041,17.626,0.0,low,0.454,0.393,0.438,0.424,-288.806,407.183,665.199,403.487,2.106,2.503,0.844,Yi-Lax,0.841390331602077,6314743678473019502
Yi_M2,2,M,Yi,Village 1,M2_ti21_02,185.034,569.305,384.271,5,i21,Vowel,i,Lax,Oral,21.0,2.0,Low,21,Unaspirated,Oral,114.701,114.131,115.365,115.78,235.011,54.328,2164.22,727.24,3196.013,346.888,3906.991,176.969,2881.009,3756.944,5420.068,5096.444,21.163,18.941,22.714,11.176,-0.628,7.851,22.71,11.123,-3.563,3.591,4.797,19.938,-1.551,7.764,23.341,3.326,-1.548,7.818,24.725,15.35,16.365,-0.998,2.867,14.432,25.435,26.322,23.04,19.955,0.0,low,0.486,0.39,0.423,0.445,-237.951,380.732,569.549,376.835,2.374,2.659,0.894,Yi-Lax,0.892816848439263,1358364076951589915
Yi_M2,2,M,Yi,Village 1,M2_ti33_01,52.715,506.95,454.235,5,i33,Vowel,i,Lax,Oral,33.0,1.0,Mid,33,Unaspirated,Oral,154.67,154.704,154.457,156.351,192.691,81.124,1933.084,104.049,3001.39,373.928,3502.615,558.115,2015.71,3313.551,4006.645,5283.679,27.184,21.332,19.016,22.781,4.25,22.189,24.938,17.294,9.581,18.716,9.122,29.393,8.168,-1.449,14.766,0.592,2.246,4.038,17.603,2.616,18.061,-8.062,7.206,26.776,34.196,32.391,27.522,22.722,0.0,mid,0.46,0.441,0.515,0.387,-419.007,281.064,765.604,278.567,0.769,1.546,0.497,Yi-Lax,0.497412677878396,3360476185989172956
Yi_M2,2,M,Yi,Village 1,M2_ti33_02,34.088,398.811,364.723,5,i33,Vowel,i,Lax,Oral,33.0,1.0,Mid,33,Unaspirated,Oral,152.688,152.798,152.705,154.54,211.455,90.529,1957.866,94.095,3043.922,225.663,3623.85,242.648,2036.245,3262.732,3827.517,5139.982,27.56,22.484,21.688,22.492,5.076,21.115,17.066,8.032,10.883,18.595,13.517,32.662,5.872,-0.008,16.613,1.378,10.494,14.453,16.677,3.888,14.044,-10.178,8.588,30.811,39.795,38.439,33.012,25.245,0.0,mid,0.505,0.473,0.572,0.406,-407.573,217.311,882.31,214.655,0.74,1.785,0.419,Yi-Lax,0.414565826330532,-6635870077213463040
Yi_M2,2,M,Yi,Village 1,M2_ti55_01,251.206,732.762,481.556,5,i55,Vowel,i,Lax,Oral,55.0,1.0,High,55,Unaspirated,Oral,143.328,143.255,143.401,143.766,250.594,49.556,2207.7,232.145,3168.268,256.297,3724.286,317.186,2468.059,3461.895,4348.373,,22.073,18.798,22.684,15.245,0.685,12.639,21.181,9.474,5.655,12.936,10.411,24.797,-0.611,3.554,21.999,2.606,0.892,9.325,16.418,5.863,11.662,-5.999,3.925,21.428,31.325,31.46,28.142,23.348,0.501,high,0.502,0.435,0.461,0.408,-395.865,493.677,707.103,490.831,1.132,1.724,0.666,Yi-Lax,0.65661252900232,8560933314450312016
Yi_M2,2,M,Yi,Village 1,M2_ti55_02,183.21,583.231,400.021,5,i55,Vowel,i,Lax,Oral,55.0,1.0,High,55,Unaspirated,Oral,144.732,144.743,144.636,145.15,237.962,63.999,2156.922,147.653,3132.565,294.012,3715.616,394.948,2272.27,3466.569,4677.686,5083.147,25.228,21.578,24.083,19.06,4.037,17.053,18.476,7.534,5.871,13.437,7.193,22.839,1.145,2.518,20.046,2.007,6.752,14.044,19.357,8.14,18.035,-1.262,6.12,26.444,35.34,32.907,28.614,23.289,0.0,high,0.502,0.467,0.573,0.358,-316.753,383.756,917.35,381.277,0.723,2.199,0.331,Yi-Lax,0.328785811732606,8302409152421521239
Yi_M2,2,M,Yi,Village 2,M2_tl_be_21_01,61.113,204.654,143.541,5,e21,Vowel,e,Tense,Oral,21.0,2.0,Low,21,Unaspirated,Oral,123.164,123.687,127.502,124.398,452.049,74.23,1231.474,82.561,2592.097,94.638,3097.835,100.696,848.089,2616.382,3125.902,,25.941,25.168,26.62,23.135,29.776,15.094,29.401,5.995,15.633,1.974,11.214,20.613,-0.679,2.033,-3.156,8.041,-3.46,19.179,10.308,23.194,14.728,4.555,19.32,4.348,8.841,15.242,14.247,18.193,0.764,low,0.589,0.377,0.339,0.401,-203.552,134.581,427.399,131.27,2.404,3.129,0.768,Yi-Tense,0.768296580377117,-732216688852167120
Yi_M2,2,M,Yi,Village 2,M2_tl_du_21_01,51.824,167.961,116.137,5,u21,Vowel,u,Tense,Oral,21.0,2.0,Low,21,Unaspirated,Oral,135.692,135.559,135.196,136.147,353.581,78.189,1243.89,450.495,2571.068,199.085,3350.265,236.034,375.739,2145.981,3053.627,5484.178,30.26,28.689,30.459,21.816,13.735,15.346,22.566,4.501,8.217,0.293,-1.134,13.066,-0.199,6.873,16.724,6.47,7.694,24.191,22.043,28.396,31.393,15.623,22.857,1.767,13.111,18.722,19.885,14.976,0.0,low,0.571,0.347,0.279,0.228,-316.608,110.358,429.162,108.673,2.145,2.515,0.861,Yi-Tense,0.852882703777336,-4662314644390906694
Yi_M2,2,M,Yi,Village 2,M2_tl_dzu_21_01,87.124,267.747,180.623,5,u21,Vowel,u,Tense,Oral,21.0,2.0,Low,21,Unaspirated,Oral,128.288,128.14,129.398,128.932,353.55,88.776,2427.187,393.488,3309.69,440.701,4026.621,684.321,378.892,2225.521,3430.185,5284.987,30.776,29.532,28.02,21.558,18.513,19.048,29.178,10.779,-1.861,0.934,-2.97,2.175,2.756,7.974,9.507,2.511,1.598,18.754,32.637,28.598,33.746,27.357,21.28,7.703,15.687,18.952,20.246,19.702,0.0,low,0.602,0.355,0.291,0.301,-281.035,178.816,385.379,176.456,2.549,2.614,0.981,Yi-Tense,0.97513389441469,5119997608767821112
Yi_M2,2,M,Yi,Village 2,M2_tl_dzu_33_01,98.894,292.713,193.819,5,u33,Vowel,u,Tense,Oral,33.0,1.0,Mid,33,Unaspirated,Oral,147.571,147.682,147.484,147.548,349.187,122.608,1178.108,345.097,2658.429,490.547,3251.709,330.005,514.704,3120.155,3457.451,5070.391,28.955,27.141,30.235,19.518,13.173,16.119,27.726,9.529,8.916,0.866,-0.969,16.515,-1.28,7.623,17.063,3.399,1.229,17.616,20.04,26.275,29.924,10.626,21.792,7.297,13.73,18.758,18.955,18.134,0.0,mid,0.515,0.364,0.405,0.338,-1131.993,196.603,1905.536,195.232,1.166,2.116,0.555,Yi-Tense,0.551039697542533,7676171202141576934
Yi_M2,2,M,Yi,Village 2,M2_tl_dzu_33_02,163.807,370.679,206.872,5,u33,Vowel,u,Tense,Oral,33.0,1.0,Mid,33,Unaspirated,Oral,142.177,142.258,141.962,141.681,358.231,87.316,1297.394,660.384,2383.425,729.937,3040.943,127.873,395.822,1988.264,3040.062,4906.046,29.32,27.778,31.413,22.94,12.021,13.629,23.534,4.71,5.415,-2.184,-1.111,7.198,-2.093,4.838,19.392,9.311,5.786,23.07,23.906,29.962,30.431,20.581,28.582,22.943,28.991,28.635,26.563,21.059,0.0,mid,0.549,0.404,0.362,0.361,-653.675,268.863,866.104,266.345,1.934,2.208,0.878,Yi-Tense,0.875905797101449,4675359415423748991
Yi_M2,2,M,Yi,Village 2,M2_tl_hle_21_02,223.444,332.551,109.107,5,e21,Vowel,e,Tense,Oral,21.0,2.0,Low,21,Unaspirated,Oral,126.04,125.79,129.415,127.37,445.906,48.241,1312.731,270.305,2549.677,150.361,3243.986,186.852,483.773,2581.979,3250.299,4006.186,29.851,28.974,28.774,24.72,29.406,19.804,29.816,7.298,11.22,-0.755,4.588,12.79,1.077,4.254,-0.632,4.916,0.034,21.679,18.631,29.729,25.263,16.184,28.51,6.304,16.375,20.377,19.534,20.645,0.0,low,0.508,0.364,0.324,0.324,-259.029,280.583,471.952,277.963,2.219,2.616,0.855,Yi-Tense,0.848241590214067,896321878727603063
Yi_M2,2,M,Yi,Village 2,M2_tl_khu21_01,123.924,273.217,149.293,5,u21,Vowel,u,Lax,Oral,21.0,2.0,Low,21,Aspirated,Oral,135.746,135.997,135.031,136.243,994.011,323.078,2521.696,145.727,3383.593,91.841,4214.514,695.614,396.64,2723.252,3454.635,4295.095,29.73,29.552,31.254,30.527,15.535,12.306,9.445,-20.182,-2.505,-18.729,-0.278,-13.017,-1.525,-0.975,15.719,18.221,20.285,49.738,32.234,48.281,30.008,42.569,29.111,11.889,19.998,26.93,27.469,21.415,0.0,low,0.557,0.405,0.363,0.373,-423.653,200.244,575.223,197.477,2.12,2.477,0.857,Yi-Lax,0.855874041178845,5734417514074955601
Yi_M2,2,M,Yi,Village 2,M2_tl_khu21_02,110.142,272.05,161.908,5,u21,Vowel,u,Lax,Oral,21.0,2.0,Low,21,Aspirated,Oral,150.018,150.159,148.321,149.174,340.306,109.734,2627.966,276.573,3398.365,250.129,4503.834,616.101,544.321,2350.365,3394.896,5452.038,32.147,30.45,35.062,24.832,20.164,24.746,32.787,14.948,2.225,7.239,-1.388,4.316,-2.915,5.618,14.898,0.086,-0.64,15.503,29.922,23.211,33.535,26.134,69.54,12.391,17.92,22.203,22.575,20.066,0.0,low,0.542,0.445,0.456,0.418,-526.198,192.918,1016.309,190.151,1.484,2.202,0.674,Yi-Lax,0.673932788374205,-3768226920703022359
Yi_M2,2,M,Yi,Village 2,M2_tl_li_33_01,75.259,241.086,165.827,5,i33,Vowel,i,Tense,Oral,33.0,1.0,Mid,33,Unaspirated,Oral,143.876,143.867,143.872,144.317,279.707,55.073,2361.449,245.526,3100.251,184.103,3922.579,371.11,303.848,2779.697,3577.077,4656.202,30.608,28.033,34.141,20.807,11.675,21.188,34.139,20.394,6.439,13.089,7.836,16.532,-3.533,7.226,22.466,-0.381,-3.531,7.64,24.169,14.945,22.773,11.501,36.977,20.803,29.952,30.707,26.438,23.212,0.851,mid,0.551,0.423,0.389,0.379,-550.427,159.518,811.198,156.873,1.63,2.251,0.728,Yi-Tense,0.724122612172368,-5371650090375832605
Yi_M2,2,M,Yi,Village 2,M2_tl_li_33_02,78.728,287.331,208.603,5,i33,Vowel,i,Tense,Oral,33.0,1.0,Mid,33,Unaspirated,Oral,134.004,133.711,134.422,135.262,260.265,54.766,2284.463,240.211,3096.899,242.21,3629.391,472.582,266.808,2848.67,3546.222,4494.001,31.29,28.741,34.251,21.86,12.338,21.912,34.248,21.469,6.222,13.139,10.065,20.667,-2.96,6.881,21.913,-0.053,-2.958,7.273,25.069,15.602,21.226,8.074,36.652,18.457,29.522,29.007,24.914,23.767,0.427,mid,0.526,0.401,0.361,0.382,-523.879,184.693,805.744,181.832,1.889,2.319,0.816,Yi-Tense,0.814575247951703,8818571926681427757
Yi_M2,2,M,Yi,Village 2,M2_tl_li33_01,63.471,274.903,211.432,5,i33,Vowel,i,Lax,Oral,33.0,1.0,Mid,33,Unaspirated,Oral,136.676,136.367,137.513,137.457,263.565,109.863,2270.121,421.237,3098.642,231.046,3661.813,136.384,289.357,2764.287,3553.143,5252.286,35.435,32.861,33.191,20.79,15.02,24.583,33.184,20.131,5.946,12.329,9.236,20.012,2.244,12.071,18.171,-3.793,2.251,12.731,29.489,20.533,26.199,12.85,51.506,6.886,18.613,20.819,18.491,19.663,0.0,mid,0.437,0.301,0.291,0.255,-791.427,169.879,970.307,168.002,1.907,2.009,0.968,Yi-Lax,0.949228471876556,5343663099755556079
Yi_M2,2,M,Yi,Village 2,M2_tl_lo21_01,141.491,308.423,166.932,5,o21,Vowel,o,Lax,Oral,21.0,2.0,Low,21,Unaspirated,Oral,129.096,128.567,131.386,130.159,372.884,130.253,700.116,209.354,2527.311,351.995,3018.744,265.814,522.69,2858.778,5322.257,5300.123,25.475,24.132,25.28,18.8,22.522,14.306,27.666,5.083,16.417,-1.024,-6.052,17.53,0.195,5.332,2.758,4.494,-2.192,19.1,9.058,25.155,31.527,6.601,11.347,15.988,26.735,33.514,33.3,21.129,0.0,low,0.73,0.487,0.359,0.519,-156.585,227.483,184.54,223.437,2.399,2.817,0.853,Yi-Lax,0.851615193468229,7159747723580329569
Yi_M2,2,M,Yi,Village 2,M2_tl_lu_21_01,141.12,284.073,142.953,5,u21,Vowel,u,Tense,Oral,21.0,2.0,Low,21,Unaspirated,Oral,125.884,125.341,127.092,125.6,345.881,69.183,1136.07,152.594,2630.834,117.01,3351.356,210.082,488.603,2804.331,3645.635,5580.622,30.221,28.869,30.614,23.635,19.194,18.603,29.872,11.283,10.841,1.864,0.303,16.431,-0.393,5.234,11.42,5.032,0.349,17.59,19.38,27.006,29.918,12.439,25.216,9.812,18.198,23.553,23.325,18.329,0.0,low,0.599,0.398,0.318,0.431,-255.082,214.493,436.268,211.052,2.35,2.718,0.865,Yi-Tense,0.864606328182487,3170473708353428265
Yi_M2,2,M,Yi,Village 2,M2_tl_mu_33_01,197.967,398.065,200.098,5,u33,Vowel,u,Tense,Oral,33.0,1.0,Mid,33,Unaspirated,Nasal,156.108,156.15,155.482,156.351,322.157,52.264,2803.554,383.801,3269.338,213.027,4525.907,869.847,424.978,2002.867,4556.003,5563.025,30.605,28.246,37.185,21.776,14.467,23.046,37.183,21.545,1.165,10.032,1.554,2.383,-6.58,6.47,22.717,-1.27,-6.578,6.701,29.44,18.214,29.051,25.863,73.086,11.284,19.798,27.351,26.041,20.017,0.852,mid,0.567,0.442,0.432,0.396,-534.525,299.339,973.433,296.808,1.688,2.208,0.765,Yi-Tense,0.764492753623188,-3910773906070591602
Yi_M2,2,M,Yi,Village 2,M2_tl_mu_33_02,182.572,389.297,206.725,5,u33,Vowel,u,Tense,Oral,33.0,1.0,Mid,33,Unaspirated,Nasal,144.085,144.096,143.36,143.701,309.907,91.277,900.147,379.391,2752.434,95.624,4235.858,477.521,492.159,2791.702,4047.024,5585.979,26.896,24.597,30.106,15.647,11.185,14.334,30.104,13.736,3.548,-5.72,-0.424,25.583,-3.21,8.95,18.922,1.312,-3.208,10.874,23.348,30.316,27.32,-0.986,16.165,21.455,31.224,37.814,37.288,23.16,0.0,mid,0.551,0.406,0.38,0.37,-537.99,287.252,718.154,284.685,2.074,2.078,1.001,Yi-Tense,0.998075072184793,1292563363080281471
Yi_M2,2,M,Yi,Village 2,M2_tl_ne_33_01,186.855,430.211,243.356,5,e33,Vowel,e,Tense,Oral,33.0,1.0,Mid,33,Unaspirated,Nasal,136.882,136.872,137.843,137.255,457.787,93.556,1239.885,77.308,2800.599,215.77,3173.58,216.615,504.623,1281.75,3028.129,5254.476,27.405,26.484,28.107,23.841,26.571,17.495,26.292,3.166,17.066,3.761,2.273,14.43,-0.703,2.644,1.536,6.345,1.112,23.326,10.339,22.724,25.132,12.055,19.559,24.16,27.022,31.142,28.292,22.706,0.764,mid,0.55,0.382,0.348,0.316,-637.65,310.043,1174.347,307.732,2.093,2.575,0.836,Yi-Tense,0.812815533980582,-1931547290884950574
Yi_M2,2,M,Yi,Village 2,M2_tl_ne_33_02,140.987,313.635,172.648,5,e33,Vowel,e,Tense,Oral,33.0,1.0,Mid,33,Unaspirated,Nasal,130.131,130.255,131.333,130.696,455.938,228.822,1367.087,740.837,2910.938,445.528,3235.381,188.184,511.157,1727.224,3157.142,5615.941,25.812,24.96,25.807,21.889,20.743,10.34,22.711,-0.12,3.688,-8.429,0.743,13.028,0.005,3.071,5.064,11.549,3.1,25.086,22.124,33.389,25.068,11.932,10.144,24.191,29.564,33.129,30.59,23.926,0.0,mid,0.476,0.365,0.335,0.343,-658.598,229.447,1019.166,226.81,1.812,2.277,0.795,Yi-Tense,0.795783926218709,5588888214057801990
Yi_M2,2,M,Yi,Village 2,M2_tl_ne33_01,157.814,340.937,183.123,5,e33,Vowel,e,Lax,Oral,33.0,1.0,Mid,33,Unaspirated,Nasal,138.658,138.659,137.472,138.188,475.08,112.912,1351.57,382.397,2670.737,161.695,3365.604,345.02,517.54,2020.013,2919.054,5368.414,29.327,28.52,29.18,25.502,28.392,15.881,27.717,4.253,10.519,-2.301,7.196,13.958,0.148,3.018,0.788,9.621,1.61,24.271,18.808,30.821,22.131,14.562,25.571,22.651,25.357,26.992,24.395,24.92,0.0,mid,0.531,0.407,0.17,0.387,-1685.402,250.392,2408.563,249.712,0.934,1.642,0.896,Yi-Lax,0.568818514007308,696208438005000228
Yi_M2,2,M,Yi,Village 2,M2_tl_si__21_01,210.477,394.198,183.721,5,i33,Vowel,i,Tense,Oral,21.0,2.0,Low,21,Unaspirated,Oral,146.229,146.232,146.697,146.82,402.902,96.335,1158.51,307.92,3541.795,165.464,4091.112,315.956,528.475,3424.922,4147.711,4668.024,29.94,28.575,30.864,23.837,18.992,17.664,33.025,12.188,13.69,2.855,10.212,35.548,-0.925,4.738,11.872,6.173,-3.085,16.407,16.249,25.72,19.728,-6.973,42.071,14.709,21.817,25.802,23.887,23.579,0.0,low,0.563,0.441,0.443,0.378,-566.143,303.531,1089.841,300.95,1.472,2.367,0.622,Yi-Tense,0.621884241656105,8064822004159572892
Yi_M2,2,M,Yi,Village 2,M2_tl_si__21_02,224.707,416.18,191.473,5,i33,Vowel,i,Tense,Oral,21.0,2.0,Low,21,Unaspirated,Oral,136.545,136.551,137.725,137.244,390.713,111.761,2652.395,250.094,3618.604,328.561,4227.444,561.819,449.42,2639.523,3777.471,4695.273,29.608,28.428,29.553,23.513,20.69,20.326,31.204,11.492,0.009,3.346,2.122,8.993,0.056,4.915,8.862,3.187,-1.596,16.937,29.599,25.082,27.486,19.436,27.922,19.47,27.173,31.556,29.685,24.619,0.0,low,0.555,0.426,0.431,0.374,-475.625,321.635,966.539,318.885,1.697,2.68,0.635,Yi-Tense,0.63320895522388,1168958621996066431
Yi_M2,2,M,Yi,Village 2,M2_tl_si__33_01,222.719,401.428,178.709,5,i33,Vowel,i,Tense,Oral,33.0,1.0,Mid,33,Unaspirated,Oral,159.322,159.515,156.761,157.87,389.244,103.046,1276.956,492.758,2517.107,235.97,3627.869,248.609,437.666,2430.223,3786.031,4910.193,29.304,27.667,29.962,20.841,15.626,16.583,21.801,1.499,7.852,-2.29,0.166,12.054,-0.658,6.825,14.336,4.258,7.503,26.172,21.452,29.956,29.138,15.613,23.616,15.178,23.045,27.389,26.943,21.569,0.0,mid,0.489,0.398,0.405,0.383,-714.349,313.707,1157.913,311.304,1.472,1.816,0.814,Yi-Tense,0.81057268722467,3741741320379606677
Yi_M2,2,M,Yi,Village 2,M2_tl_si_21_02,210.523,420.738,210.215,5,i21,Vowel,i,Tense,Oral,21.0,2.0,Low,21,Unaspirated,Oral,143.892,143.992,142.78,143.928,444.871,274.368,1222.326,776.512,2507.23,419.667,3806.822,411.399,512.837,2368.463,3810.262,4964.083,32.002,30.977,26.248,21.399,24.121,17.13,27.262,4.335,7.857,-5.507,1.206,10.882,5.754,9.578,2.127,4.269,4.74,26.648,24.145,36.484,30.796,20.094,25.576,16.754,21.584,24.799,24.352,22.384,0.0,low,0.405,0.331,0.336,0.291,-897.512,316.78,1352.609,314.764,1.676,2.039,0.827,Yi-Tense,0.821971554683668,1104110868818099782
Yi_M2,2,M,Yi,Village 2,M2_tl_si_33_01,91.595,275.051,183.456,5,i33,Vowel,i,Tense,Oral,33.0,1.0,Mid,33,Unaspirated,Oral,134.968,134.522,137.916,136.47,415.897,150.889,1376.578,370.645,2708.404,319.872,3678.383,353.213,533.256,3240.225,4310.307,5523.895,28.707,27.602,27.507,22.1,22.883,19.207,28.618,7.358,8.853,-0.798,3.337,14.046,1.2,5.502,4.624,2.893,0.089,20.247,19.854,28.4,25.37,13.556,21.119,16.552,20.414,21.91,19.174,20.021,0.0,mid,0.593,0.44,0.431,0.388,-423.726,184.859,894.066,181.957,1.705,2.846,0.6,Yi-Tense,0.599086437104708,-1574302362716843103
Yi_M2,2,M,Yi,Village 2,M2_tl_si_33_02,131.453,301.361,169.908,5,i21,Vowel,i,Tense,Oral,33.0,1.0,Mid,33,Unaspirated,Oral,120.736,120.409,124.255,122.126,301.084,131.161,2720.813,582.784,3444.518,330.337,4204.022,278.571,532.608,3290.794,4208.668,5126.728,28.463,26.99,25.193,17.052,20.628,23.898,19.252,3.141,-2.293,4.721,4.714,12.021,3.27,9.938,4.565,-6.846,9.211,23.849,30.756,22.269,23.749,14.968,12.186,5.785,14.371,19.76,19.169,19.499,0.0,mid,0.582,0.408,0.328,0.389,-373.849,218.155,598.527,214.887,2.194,3.003,0.732,Yi-Tense,0.73060273060273,-496403013379940942
Yi_M2,2,M,Yi,Village 2,M2_tl_tcjhi_33_01,334.361,455.922,121.561,5,i33,Vowel,i,Tense,Oral,33.0,1.0,Mid,33,Aspirated,Oral,137.802,137.952,68.761,138.22,298.59,45.839,2219.584,119.698,2885.1,92.736,4224.422,502.133,294.548,2635.328,3199.249,4269.824,28.385,26.283,32.733,19.446,13.416,20.741,32.731,17.981,5.527,10.335,11.56,16.591,-4.348,6.837,19.318,-1.296,-4.346,8.301,22.858,15.947,16.825,9.692,21.149,18.125,33.251,32.835,27.877,22.148,0.818,mid,0.534,0.444,0.474,0.456,-362.363,397.579,862.829,394.282,1.615,2.484,0.653,Yi-Tense,0.650161030595813,-2300430925931599170
Yi_M2,2,M,Yi,Village 2,M2_tl_tcjhi_33_02,316.444,466.027,149.583,5,i33,Vowel,i,Tense,Oral,33.0,1.0,Mid,33,Aspirated,Oral,135.566,135.479,136.844,136.626,296.851,82.281,2165.747,72.224,2747.051,141.56,3581.797,526.36,287.534,2327.409,3127.732,4684.711,29.337,27.375,31.313,19.029,11.24,17.698,31.205,15.889,12.006,15.42,7.897,10.787,-1.976,8.346,20.073,1.331,-1.868,11.485,17.331,11.955,21.439,16.588,18.819,18.171,31.385,29.738,26.257,21.678,0.0,mid,0.537,0.399,0.369,0.429,-384.911,393.528,586.516,390.335,2.166,2.257,0.962,Yi-Tense,0.959680992467878,4262030737747356949
Yi_M2,2,M,Yi,Village 2,M2_tl_tcjhi33_01,220.751,402.741,181.99,5,i33,Vowel,i,Lax,Oral,33.0,1.0,Mid,33,Aspirated,Oral,138.891,138.711,140.248,139.625,340.954,110.945,2156.3,425.814,2872.465,157.884,3710.84,204.48,331.528,2766.819,3691.06,5254.681,35.368,33.769,30.652,21.461,13.711,17.489,24.324,6.787,7.242,8.247,11.814,16.42,4.716,12.308,16.94,3.972,11.044,26.982,28.126,25.522,23.554,17.349,46.776,8.871,19.278,20.731,18.036,20.722,0.0,mid,0.343,0.297,0.322,0.245,-977.022,312.311,1254.758,310.546,1.628,1.925,0.847,Yi-Lax,0.845714285714286,-1786459844568935747
Yi_M2,2,M,Yi,Village 2,M2_tl_tshi_33_01,210.556,420.805,210.249,5,i33,Vowel,i,Tense,Oral,33.0,1.0,Mid,33,Aspirated,Oral,157.286,157.359,158.321,156.433,433.977,40.365,1153.161,145.953,2675.839,167.029,3454.476,156.941,557.855,2902.287,3594.27,4697.621,27.477,26.078,29.549,22.378,14.457,12.25,31.248,9.211,13.945,1.193,0.214,14.157,-2.072,3.699,15.092,10.128,-3.772,16.876,13.532,24.884,27.263,11.921,27.307,31.618,36.251,39.672,35.845,24.487,0.0,mid,0.55,0.447,0.464,0.389,-452.763,316.725,906.803,314.244,1.313,2.205,0.596,Yi-Tense,0.59546485260771,7945099639279706913
Yi_M2,2,M,Yi,Village 2,M2_tl_tshi_33_02,206.682,395.184,188.502,5,i33,Vowel,i,Tense,Oral,33.0,1.0,Mid,33,Aspirated,Oral,151.376,151.311,152.351,152.208,405.623,58.743,1202.233,271.685,2608.548,175.009,3541.733,198.178,446.578,2490.858,3705.814,4853.215,30.007,28.572,31.636,24.115,12.066,11.31,31.312,10.329,10.227,-0.681,4.21,16.912,-1.629,4.457,19.569,12.805,-1.305,18.248,19.78,29.253,25.797,11.66,37.789,15.501,21.569,26.105,24.865,21.09,0.0,mid,0.537,0.438,0.443,0.404,-554.445,302.004,987.587,299.326,1.462,2.179,0.672,Yi-Tense,0.670949977053694,-5562056288313099392
Yi_M2,2,M,Yi,Village 2,M2_tl_tshi33_01,176.122,405.136,229.014,5,i33,Vowel,i,Lax,Oral,33.0,1.0,Mid,33,Aspirated,Oral,145.671,145.717,144.915,146.609,417.475,79.562,1227.201,340.079,3484.345,245.155,3962.599,545.025,462.273,2127.588,3633.952,4885.523,33.214,31.985,30.417,24.293,22.868,20.08,34.103,12.608,11.933,0.746,5.011,28.148,2.797,7.692,7.549,4.214,-0.889,19.394,21.281,31.239,28.203,3.837,55.592,15.65,21.335,24.43,23.588,21.231,0.0,mid,0.415,0.364,0.399,0.33,-896.182,291.259,1806.509,288.992,1.312,1.962,0.671,Yi-Lax,0.668705402650357,8702021777595450165
Yi_M2,2,M,Yi,Village 2,M2_tl_tu__33_01,73.252,233.788,160.536,5,u33,Vowel,u,Tense,Oral,33.0,1.0,Mid,33,Unaspirated,Oral,143.253,143.237,142.951,143.173,348.275,86.013,1378.751,481.002,2707.736,132.786,3372.134,240.832,393.603,2319.373,3062.306,5431.105,29.281,27.633,33.955,24.591,18.117,20.721,26.588,8.317,6.205,-0.664,3.57,17.526,-4.673,3.043,15.838,3.87,2.693,19.319,23.077,28.297,25.712,10.107,36.83,19.771,26.786,28.687,25.875,21.761,0.0,mid,0.561,0.476,0.488,0.46,-475.532,155.251,897.573,152.033,1.413,2.394,0.591,Yi-Tense,0.590225563909774,-1250912776369230325
Yi_M2,2,M,Yi,Village 2,M2_tl_tu__33_02,61.646,250.937,189.291,5,u33,Vowel,u,Tense,Oral,33.0,1.0,Mid,33,Unaspirated,Oral,131.999,131.935,132.518,132.765,361.65,57.768,1195.919,511.195,2623.667,185.401,3313.422,232.826,385.944,2753.738,3508.345,5453.599,28.43,27.086,30.608,23.698,10.425,9.46,30.959,11.579,3.821,-5.829,-0.519,15.037,-2.178,3.388,20.183,14.238,-2.529,15.512,24.609,32.915,28.949,12.049,23.417,21.886,31.4,34.931,33.069,24.026,0.0,mid,0.529,0.425,0.408,0.414,-506.285,157.447,822.397,154.297,1.723,2.33,0.744,Yi-Tense,0.739484978540773,2875780680966172505
Yi_M2,2,M,Yi,Village 2,M2_tl_tu_33_01,59.921,220.173,160.252,5,u33,Vowel,u,Tense,Oral,33.0,1.0,Mid,33,Unaspirated,Oral,136.605,136.797,136.222,136.51,351.903,116.394,1418.044,322.99,2448.258,99.816,3402.248,193.103,391.009,2376.127,3515.479,5451.747,30.565,29.181,27.761,20.455,17.501,17.91,26.131,7.067,4.185,-3.138,4.777,13.257,2.803,8.726,10.26,2.545,4.433,22.116,26.38,32.319,25.787,15.925,17.749,17.255,24.141,25.502,24.884,21.678,0.0,mid,0.455,0.328,0.322,0.328,-505.629,141.051,784.85,138.645,1.979,2.049,0.982,Yi-Tense,0.965836993655442,4262030737747356949
Yi_M2,2,M,Yi,Village 2,M2_tl_tu_33_02,59.63,186.061,126.431,5,u33,Vowel,u,Tense,Oral,33.0,1.0,Mid,33,Unaspirated,Oral,130.634,130.681,130.839,131.105,328.282,92.667,1386.304,356.289,2475.694,107.149,3359.444,224.097,361.18,2429.682,3445.394,5319.356,28.652,27.215,26.788,19.076,13.808,15.115,22.983,5.027,0.005,-6.064,2.085,11.49,1.863,8.139,12.98,3.961,5.669,22.189,28.646,33.279,26.567,15.725,10.973,24.837,33.643,33.615,32.242,22.947,0.0,mid,0.483,0.349,0.32,0.373,-337.76,124.425,571.727,121.568,2.054,2.086,0.99,Yi-Tense,0.984659635666347,-2420485641553842997
Yi_M2,2,M,Yi,Village 1,M2_tsrii_21_01,329.083,574.219,245.136,5,ii_21,Vowel,ii,Tense,Oral,21.0,2.0,Low,21,Unaspirated,Oral,115.907,116.112,117.202,116.498,392.614,220.813,1449.223,310.865,2603.035,160.767,3331.833,301.302,669.423,2293.277,3015.444,3670.959,19.869,18.94,23.649,19.243,21.386,14.727,17.647,-2.557,9.067,0.873,8.487,17.757,-3.779,-0.303,2.262,4.516,2.222,21.498,10.803,18.067,11.383,1.183,4.876,29.108,30.46,29.267,24.24,25.095,0.646,low,0.596,0.526,0.694,0.399,-168.557,452.789,837.112,449.351,0.956,4.186,0.229,Yi-Tense,0.228380315336837,9145275214297527517
Yi_M2,2,M,Yi,Village 1,M2_tsrii_21_02,218.992,442.422,223.43,5,ii_21,Vowel,ii,Tense,Oral,21.0,2.0,Low,21,Unaspirated,Oral,120.348,120.173,122.422,121.41,423.857,176.469,1530.584,269.807,2751.377,182.046,3289.195,303.377,1122.231,2437.072,3375.814,3605.047,18.814,17.997,22.375,18.606,22.419,12.353,19.201,-2.655,8.402,-0.734,10.747,18.683,-3.561,-0.609,-0.045,6.253,-0.387,20.654,10.412,18.731,8.067,-0.686,5.188,26.451,28.441,26.346,20.97,24.422,0.69,low,0.613,0.53,0.676,0.587,-161.558,333.172,805.666,328.276,1.034,4.258,0.243,Yi-Tense,0.24283701268201,-1683623635451163141
Yi_M2,2,M,Yi,Village 1,M2_tsrii_33_01,392.944,798.762,405.818,5,ii_33,Vowel,ii,Tense,Oral,33.0,1.0,Mid,33,Unaspirated,Oral,132.044,131.793,133.077,132.738,396.463,107.279,1498.814,124.426,2744.683,331.7,3243.244,496.246,1424.183,2991.718,3834.301,5374.564,20.064,18.937,25.019,19.434,21.736,19.072,26.082,5.701,15.12,7.308,8.041,18.698,-4.954,-0.497,3.283,0.362,-6.017,13.238,4.944,11.629,12.023,0.238,9.583,31.279,34.505,31.282,25.586,24.913,0.0,mid,0.596,0.509,0.667,0.393,-189.45,596.279,958.237,593.297,0.949,3.832,0.249,Yi-Tense,0.247651356993737,2563935455713093985
Yi_M2,2,M,Yi,Village 1,M2_tsrii_33_02,373.523,749.494,375.971,5,ii_33,Vowel,ii,Tense,Oral,33.0,1.0,Mid,33,Unaspirated,Oral,130.082,129.835,130.876,130.757,415.867,112.236,1568.426,165.498,2677.179,244.776,3407.592,477.086,1443.676,2828.991,3786.569,4236.468,20.407,19.393,23.938,19.04,22.992,18.34,25.497,4.521,14.119,6.214,9.186,16.53,-3.531,0.353,0.946,0.7,-5.09,14.874,6.288,13.179,11.221,2.863,8.965,29.259,33.564,30.287,26.477,26.767,0.14,mid,0.588,0.51,0.679,0.429,-206.991,562.225,1000.823,558.922,0.918,3.828,0.24,Yi-Tense,0.239811912225705,-601774268605950253
Yi_M2,2,M,Yi,Village 1,M2_tsrii21_01,354.754,725.674,370.92,5,ii21,Vowel,ii,Lax,Oral,21.0,2.0,Low,21,Unaspirated,Oral,106.553,106.453,108.669,107.387,418.492,263.08,1512.756,377.605,2653.967,225.081,3212.67,385.107,791.191,2749.93,3310.135,4851.264,21.513,20.801,21.168,17.928,20.039,7.103,18.144,-3.221,6.753,-2.207,8.704,16.083,0.345,2.873,1.129,10.825,3.369,24.024,14.76,23.008,12.809,4.718,3.815,17.193,20.308,19.917,16.937,22.714,0.873,low,0.513,0.458,0.587,0.465,-263.092,541.656,1115.734,537.276,1.137,3.428,0.332,Yi-Lax,0.331680280046674,1104905712351885692
Yi_M2,2,M,Yi,Village 1,M2_tsrii21_02,270.568,595.14,324.572,5,ii21,Vowel,ii,Lax,Oral,21.0,2.0,Low,21,Unaspirated,Oral,110.08,109.675,111.816,110.478,438.885,243.815,1533.005,309.488,2594.095,221.714,3178.284,325.872,642.876,2445.755,3192.931,4736.296,21.67,20.978,19.189,16.061,20.677,3.55,19.58,-2.43,5.188,-4.369,6.019,11.353,2.481,4.917,-1.487,12.51,2.091,23.409,16.482,25.346,15.651,9.624,3.377,22.311,23.694,22.388,19.228,22.584,0.499,low,0.485,0.415,0.562,0.343,-266.198,434.053,1061.702,430.915,1.49,3.28,0.454,Yi-Lax,0.454268292682927,2765531933380910934
Yi_M2,2,M,Yi,Village 1,M2_tsrii33_01,366.565,753.896,387.331,5,ii33,Vowel,ii,Lax,Oral,33.0,1.0,Mid,33,Unaspirated,Oral,137.142,137.437,137.47,137.871,368.99,174.216,1553.332,835.75,2726.232,316.307,3924.946,371.849,497.056,2822.041,3743.19,4969.29,23.08,21.758,23.361,16.455,17.221,17.333,22.901,3.527,3.911,-2.464,8.785,18.838,-0.281,5.302,6.14,-0.878,0.179,18.232,19.169,24.221,14.295,2.919,6.852,17.424,23.176,23.631,20.714,22.69,0.0,mid,0.455,0.403,0.541,0.294,-394.773,560.978,1391.223,558.833,0.628,2.437,0.258,Yi-Lax,0.257693885925318,5799501979860588757
Yi_M2,2,M,Yi,Village 1,M2_tsrii33_02,434.795,758.196,323.401,5,i33,Vowel,i,Lax,Oral,33.0,1.0,Mid,33,Unaspirated,Oral,132.297,132.361,132.217,132.35,366.105,140.502,1554.772,415.459,2575.673,361.45,3454.935,415.371,434.743,2304.057,3578.619,4642.081,24.243,22.985,24.7,18.243,18.68,18.22,25.612,6.405,6.425,0.35,3.185,11.042,-0.457,4.742,6.02,0.023,-1.369,16.582,17.818,22.635,21.058,11.943,9.148,20.892,26.183,24.495,21.375,22.522,0.0,mid,0.497,0.421,0.616,0.326,-432.717,596.611,1629.305,594.146,0.557,2.903,0.192,Yi-Lax,0.191870478815019,-6246375969458277459
Yi_M2,2,M,Yi,Village 1,M2_tsrii55_01,352.111,751.355,399.244,5,ii55,Vowel,ii,Lax,Oral,55.0,1.0,High,55,Unaspirated,Oral,153.902,153.875,153.718,154.228,394.121,195.208,1499.619,263.369,2667.291,239.243,3421.867,281.266,1147.248,2750.941,3703.133,4755.844,24.761,23.234,21.656,13.223,16.219,17.803,19.734,-0.199,13.209,5.918,10.323,19.606,3.106,10.011,5.437,-4.58,5.027,23.435,11.552,17.316,14.438,3.628,10.18,27.904,28.781,28.33,23.796,24.685,0.0,high,0.447,0.397,0.49,0.332,-508.899,552.376,1567.871,550.216,0.843,2.062,0.409,Yi-Lax,0.408826382153249,-178511779064688375
Yi_M2,2,M,Yi,Village 1,M2_tsrii55_02,318.408,723.525,405.117,5,ii55,Vowel,ii,Lax,Oral,55.0,1.0,High,55,Unaspirated,Oral,147.728,147.755,147.315,147.75,412.395,199.014,1570.41,232.125,2725.761,195.01,3601.038,604.416,1373.18,2801.022,3797.495,4651.042,23.228,21.948,23.289,16.709,17.615,16.903,24.752,4.027,12.698,5.077,11.365,20.029,-0.062,5.239,5.674,-0.194,-1.524,17.923,10.529,16.871,11.862,1.919,9.041,31.633,31.887,28.939,24.428,24.652,0.0,high,0.468,0.4,0.506,0.208,-408.275,521.311,1578.814,519.9,0.836,2.428,0.343,Yi-Lax,0.344316309719934,-8068731434856909036
Yi_M3,3,M,Yi,Village 1,M3_be_21_01,220.211,474.817,254.606,5,e_21,Vowel,e,Tense,Oral,21.0,2.0,Low,21,Unaspirated,Oral,110.544,110.564,112.616,111.241,713.259,63.781,1552.128,102.722,2137.732,142.542,3543.102,240.967,853.829,1787.918,2641.738,3822.715,8.225,7.956,12.614,11.498,13.885,8.605,26.22,-1.289,21.947,2.418,13.127,-1.468,-4.389,-3.542,-1.271,2.892,-17.994,9.246,-13.722,5.537,-4.902,9.424,8.329,31.186,23.571,19.991,21.485,24.75,0.749,low,0.564,0.446,0.617,0.499,-74.04,349.482,275.471,344.938,1.121,4.117,0.273,Yi-Tense,0.272285644887054,-5314047064430336589
Yi_M3,3,M,Yi,Village 1,M3_be_33_01,217.552,498.061,280.509,5,e_33,Vowel,e,Tense,Oral,33.0,1.0,Mid,33,Unaspirated,Oral,141.415,141.453,142.251,141.553,685.832,102.336,1510.725,108.587,1983.379,102.496,3751.678,92.504,1126.412,1788.16,1902.658,3793.237,13.736,13.269,15.062,13.078,24.179,12.584,27.682,1.221,27.756,9.227,23.058,6.556,-1.327,0.191,-9.117,0.495,-13.947,12.049,-14.021,4.042,-9.322,6.713,22.924,42.255,32.226,27.99,29.645,28.835,0.0,mid,0.438,0.393,0.53,0.428,-214.797,359.775,925.084,356.743,0.348,2.3,0.152,Yi-Tense,0.151304347826087,-8461106654426275177
Yi_M3,3,M,Yi,Village 1,M3_be_33_02,147.247,423.597,276.35,5,e_33,Vowel,e,Tense,Oral,33.0,1.0,Mid,33,Unaspirated,Oral,132.996,133.031,133.636,133.448,718.386,69.072,1562.48,85.712,2048.677,111.3,3706.808,68.435,926.021,1766.879,2315.804,3714.38,13.244,12.872,13.2,11.64,18.737,10.671,28.918,1.741,28.702,9.375,23.244,5.994,0.045,1.232,-5.537,0.969,-15.674,11.133,-15.457,3.497,-10.0,6.879,29.212,46.895,40.746,36.36,37.201,30.904,0.0,mid,0.442,0.4,0.525,0.418,-262.681,287.105,1007.165,283.958,0.299,2.375,0.126,Yi-Tense,0.125894736842105,1019877291128465910
Yi_M3,3,M,Yi,Village 1,M3_be=55_01,194.485,477.07,282.585,5,e=55,Vowel,ə,Lax,Oral,55.0,1.0,High,55,Unaspirated,Oral,165.892,165.872,166.356,165.72,416.444,160.647,1531.066,158.318,2791.89,60.83,3550.839,159.507,909.172,2559.115,3410.289,3601.869,17.991,16.317,21.678,11.994,11.337,13.855,15.577,-4.678,5.362,-2.031,0.957,11.421,-3.687,4.323,10.341,-1.86,2.415,20.998,12.629,18.347,17.034,4.896,3.071,40.133,44.466,44.908,41.294,25.982,0.0,high,0.333,0.32,0.359,0.267,-1032.274,336.332,1583.578,334.72,0.889,1.141,0.779,Yi-Lax,0.779141104294479,-7299052112087096598
Yi_M3,3,M,Yi,Village 1,M3_be=55_02,185.709,474.437,288.728,5,e=55,Vowel,ə,Lax,Oral,55.0,1.0,High,55,Unaspirated,Oral,163.984,163.921,164.219,164.419,473.529,90.221,1614.064,88.756,2787.166,54.05,3606.488,194.51,1127.957,2665.509,3260.151,5199.425,16.642,15.422,20.186,14.049,13.512,11.468,23.989,1.776,10.657,1.291,8.758,15.422,-3.545,1.373,6.675,2.581,-7.348,13.649,5.984,14.131,7.883,0.0,4.733,30.929,35.134,36.076,35.409,26.587,0.0,high,0.357,0.341,0.405,0.3,-778.507,331.111,1596.423,329.277,0.578,1.361,0.426,Yi-Lax,0.42468772961058,-3477287408690215100
Yi_M3,3,M,Yi,Village 1,M3_be21_01,344.66,656.953,312.293,5,e21,Vowel,e,Lax,Oral,21.0,2.0,Low,21,Unaspirated,Oral,112.063,111.713,113.835,112.833,628.757,159.353,1534.295,174.552,2004.044,148.279,3347.183,301.165,996.885,1829.849,3357.781,5396.293,18.823,18.477,15.205,13.753,21.173,13.668,25.683,-0.356,22.431,5.498,19.037,3.528,3.618,4.723,-5.968,0.086,-6.86,18.834,-3.609,12.979,-0.214,14.949,14.468,24.681,19.861,17.617,19.466,26.448,0.0,low,0.338,0.336,0.392,0.315,-494.509,504.22,1108.996,501.377,0.527,2.139,0.244,Yi-Lax,0.246376811594203,-1747262771911475834
Yi_M3,3,M,Yi,Village 1,M3_be21_02,322.021,622.17,300.149,5,e21,Vowel,e,Lax,Oral,21.0,2.0,Low,21,Unaspirated,Oral,112.179,111.624,114.289,112.798,607.587,163.986,1590.111,232.15,2160.326,288.971,3391.489,312.056,931.708,1910.009,2957.762,3524.905,18.294,17.933,14.778,13.256,20.365,12.293,25.121,-0.518,18.438,2.66,14.133,1.778,3.517,4.677,-5.588,0.963,-6.827,18.452,-0.143,15.273,4.161,16.155,8.82,25.653,20.464,16.779,17.049,24.998,0.0,low,0.306,0.287,0.384,0.207,-352.345,471.977,1112.027,470.107,0.403,2.074,0.194,Yi-Lax,0.194310511089682,-5779007942981036003
Yi_M3,3,M,Yi,Village 1,M3_be33_02,129.262,395.407,266.145,5,e33,Vowel,e,Lax,Oral,33.0,1.0,Mid,33,Unaspirated,Oral,122.367,122.277,123.505,122.863,591.844,135.219,1677.452,144.24,2075.083,775.463,3739.374,527.468,669.13,1727.912,3859.279,4845.415,19.303,18.859,17.789,15.893,24.718,13.197,26.186,1.275,19.811,6.012,6.78,-8.768,1.514,2.966,-6.929,2.696,-6.883,17.585,-0.508,12.846,12.523,27.627,10.09,41.182,36.464,30.553,31.965,26.342,0.0,mid,0.313,0.29,0.35,0.257,-522.021,263.314,1145.536,261.206,0.662,1.887,0.356,Yi-Lax,0.350821409644939,3591061864999869489
Yi_M3,3,M,Yi,Village 1,M3_bu_21_01,213.912,528.051,314.139,5,u_21,Vowel,u,Tense,Oral,21.0,2.0,Low,21,Unaspirated,Oral,113.669,113.6,116.283,114.763,399.933,81.967,1228.917,78.194,2463.934,56.209,3395.293,250.07,1039.471,2512.879,3621.297,5401.625,14.164,13.278,19.353,15.227,21.322,12.103,22.932,1.909,13.209,2.3,5.368,15.756,-5.189,-1.949,-1.969,3.124,-8.768,11.372,0.955,10.978,8.796,-2.478,4.139,23.845,27.092,28.88,27.687,23.012,0.88,low,0.603,0.521,0.658,0.601,-256.221,373.37,971.834,368.044,0.809,3.961,0.204,Yi-Tense,0.204241353193638,-4124106224976296104
Yi_M3,3,M,Yi,Village 1,M3_bu_21_02,351.875,631.343,279.468,5,u_21,Vowel,u,Tense,Oral,21.0,2.0,Low,21,Unaspirated,Oral,115.54,115.198,117.646,116.356,358.304,68.495,1145.155,54.652,2490.557,31.951,3381.589,161.641,1021.981,2549.617,3575.946,5156.411,14.104,12.965,19.432,13.823,15.493,12.06,23.059,4.058,12.194,2.642,4.95,19.323,-5.328,-0.859,3.939,1.763,-8.954,8.91,1.91,10.323,9.155,-6.359,3.213,18.284,24.278,28.934,29.169,23.004,0.153,low,0.539,0.468,0.628,0.571,-238.835,493.831,1020.76,488.857,0.47,3.488,0.135,Yi-Tense,0.134747706422018,-4561261084519183495
Yi_M3,3,M,Yi,Village 1,M3_bu_33_01,353.939,763.265,409.326,5,u_33,Vowel,u,Tense,Oral,33.0,1.0,Mid,33,Unaspirated,Oral,146.65,146.583,146.902,147.386,336.855,65.509,1196.974,66.328,2598.724,90.208,3384.584,154.606,1102.327,2778.32,3512.854,5198.451,13.022,11.048,21.412,9.219,6.869,10.822,20.953,3.606,13.83,6.373,4.728,21.24,-8.39,1.829,14.543,-1.603,-7.931,7.446,-0.808,4.676,8.294,-10.192,2.346,41.375,45.942,49.427,47.435,31.023,0.681,mid,0.463,0.426,0.516,0.444,-549.468,560.442,1751.559,557.41,0.368,2.138,0.172,Yi-Tense,0.172123479887746,5341104334627503225
Yi_M3,3,M,Yi,Village 1,M3_bu_33_02,186.303,451.18,264.877,5,u_33,Vowel,u,Tense,Oral,33.0,1.0,Mid,33,Unaspirated,Oral,145.405,145.575,144.817,145.719,361.641,131.435,1305.495,265.052,2479.418,380.759,3334.368,481.282,430.722,1606.627,3072.505,5478.939,19.491,17.871,19.583,10.516,-1.236,0.689,11.465,-7.352,1.293,-6.761,-10.164,0.256,-0.092,7.355,20.819,9.827,8.025,25.225,18.198,24.632,29.655,17.616,2.636,33.018,40.009,40.138,39.578,23.251,0.0,mid,0.336,0.288,0.33,0.221,-880.438,319.564,1462.734,318.05,1.212,1.375,0.881,Yi-Tense,0.881454545454545,-7792203093468641874
Yi_M3,3,M,Yi,Village 1,M3_bu21_01,242.733,558.195,315.462,5,u21,Vowel,u,Lax,Oral,21.0,2.0,Low,21,Unaspirated,Oral,111.128,110.848,113.26,111.889,354.489,92.065,1231.931,112.272,2284.361,273.277,3280.346,236.685,580.119,1762.97,3214.492,5559.383,19.351,18.34,15.563,10.719,18.531,13.579,21.165,1.978,9.11,0.185,-6.813,1.41,3.788,7.621,-2.968,-2.86,-1.814,16.364,10.241,18.155,26.165,16.93,2.484,16.227,22.929,25.937,27.618,21.272,0.0,low,0.366,0.332,0.383,0.334,-470.59,403.024,1209.034,399.983,1.348,2.072,0.643,Yi-Lax,0.650579150579151,-1573225823894557919
Yi_M3,3,M,Yi,Village 1,M3_bu21_02,211.567,514.613,303.046,5,u21,Vowel,u,Lax,Oral,21.0,2.0,Low,21,Unaspirated,Oral,115.857,115.727,117.115,116.164,363.345,89.936,1254.008,54.681,2350.505,216.713,3249.301,115.561,708.926,1969.155,3964.199,5418.291,20.794,19.752,17.731,12.701,18.329,13.941,23.664,4.215,11.272,2.323,-5.558,3.325,3.063,7.051,-0.599,-1.239,-2.869,15.538,9.522,17.429,26.352,16.427,3.886,24.813,29.808,32.647,32.318,23.986,0.0,low,0.364,0.337,0.385,0.323,-529.271,366.072,1260.887,363.267,1.381,2.037,0.677,Yi-Lax,0.677957781050565,1590293569780355028
Yi_M3,3,M,Yi,Village 1,M3_bu33_01,327.814,618.502,290.688,5,u33,Vowel,u,Lax,Oral,33.0,1.0,Mid,33,Unaspirated,Oral,154.298,154.226,154.797,155.642,372.202,137.849,1261.967,121.225,2543.761,164.662,3254.291,304.892,1042.782,2763.378,3239.853,5283.376,20.978,19.151,23.237,12.345,7.052,9.923,20.366,1.482,10.317,1.902,-1.54,11.101,-2.259,6.806,16.185,2.422,0.612,17.673,10.661,17.25,22.519,8.05,4.828,45.877,46.258,44.942,39.984,24.887,0.0,mid,0.338,0.319,0.373,0.257,-1079.776,474.209,1781.576,472.541,0.812,1.399,0.581,Yi-Lax,0.580414581844174,853993023376463544
Yi_M3,3,M,Yi,Village 1,M3_bu33_02,343.839,640.276,296.437,5,u33,Vowel,u,Lax,Oral,33.0,1.0,Mid,33,Unaspirated,Oral,152.235,152.212,152.147,152.467,357.916,138.608,1313.281,170.606,2552.274,110.498,3336.988,248.354,567.409,1711.462,2816.21,5732.057,19.725,17.875,22.007,10.881,7.512,10.862,20.338,1.933,7.065,-0.637,-0.801,12.149,-2.283,6.994,14.495,0.019,-0.613,15.945,12.66,18.512,20.525,5.725,3.571,38.411,41.799,44.672,43.014,27.528,0.0,mid,0.296,0.189,0.209,0.174,-1589.209,491.624,2246.171,491.665,1.263,1.479,1.13,Yi-Lax,0.85395537525355,2114805381012210409
Yi_M3,3,M,Yi,Village 1,M3_bu55_01,178.201,469.676,291.475,5,u55,Vowel,u,Lax,Oral,55.0,1.0,High,55,Unaspirated,Oral,173.854,173.71,174.409,173.633,353.197,68.307,1239.057,138.739,2594.866,51.176,3409.521,207.227,1028.212,2588.968,3370.337,5731.269,21.816,19.227,28.49,10.879,13.55,19.375,28.489,10.785,16.113,8.617,8.391,24.077,-6.675,8.348,14.941,-8.496,-6.673,8.446,5.702,10.61,13.425,-4.85,10.892,40.183,42.495,43.36,39.857,26.139,0.665,high,0.39,0.386,0.441,0.346,-1000.627,324.839,1869.624,322.841,0.513,1.249,0.41,Yi-Lax,0.410728582866293,2128582326889423670
Yi_M3,3,M,Yi,Village 1,M3_bu55_02,294.858,573.53,278.672,5,u55,Vowel,u,Lax,Oral,55.0,1.0,High,55,Unaspirated,Oral,167.843,167.769,168.125,168.608,351.208,98.067,1305.418,96.41,2618.144,145.071,3407.74,221.486,1239.36,2870.357,3098.734,5385.305,20.979,18.528,26.288,9.504,13.005,19.028,26.286,8.836,13.159,6.472,-0.358,14.476,-5.309,9.024,13.283,-9.524,-5.307,9.695,7.819,12.056,21.337,4.052,7.052,42.5,43.948,45.104,42.604,27.857,0.833,high,0.367,0.348,0.401,0.309,-868.3,434.346,1601.859,432.502,0.748,1.252,0.597,Yi-Lax,0.597444089456869,5880646828561324102
Yi_M3,3,M,Yi,Village 1,M3_de=_21_01,292.426,631.323,338.897,5,e=_21,Vowel,ə,Tense,Oral,21.0,2.0,Low,21,Unaspirated,Oral,119.31,119.904,123.019,140.308,488.771,32.615,1584.38,78.359,2668.6,182.889,3392.348,412.761,779.222,2465.187,3412.514,5805.856,11.661,11.05,17.701,15.005,27.406,5.316,27.403,3.76,11.013,-0.361,5.163,8.507,-6.04,-3.955,-9.705,9.689,-15.742,7.293,0.647,11.411,6.497,2.543,6.371,22.154,25.874,26.726,24.596,24.144,0.473,low,0.563,0.491,0.629,0.571,-112.66,464.366,472.137,459.55,0.601,3.351,0.18,Yi-Tense,0.179349447925992,-8760006295605206156
Yi_M3,3,M,Yi,Village 1,M3_de=_21_02,346.949,625.0,278.051,5,e=_21,Vowel,ə,Tense,Oral,21.0,2.0,Low,21,Unaspirated,Oral,114.413,115.018,117.227,127.735,480.441,35.164,1596.509,104.105,2617.018,268.458,3680.782,197.593,730.674,2451.074,3535.276,,10.853,10.277,17.036,14.508,27.451,6.053,27.448,3.885,9.249,-1.723,3.164,5.668,-6.183,-4.231,-10.414,8.455,-16.595,6.394,1.604,12.0,7.689,4.609,5.42,31.263,33.045,30.23,26.33,23.77,0.463,low,0.572,0.487,0.627,0.586,-155.84,488.535,571.396,483.412,0.778,3.499,0.222,Yi-Tense,0.222349242640755,-790645395391040586
Yi_M3,3,M,Yi,Village 1,M3_de=_33_01,401.768,785.726,383.958,5,e=_33,Vowel,ə,Tense,Oral,33.0,1.0,Mid,33,Unaspirated,Oral,139.891,139.922,141.025,140.068,438.945,47.419,1691.205,116.351,2897.764,83.547,3716.384,108.787,1268.781,2814.904,3666.012,3621.182,15.579,14.577,21.613,16.795,22.021,17.223,30.445,8.594,15.315,7.431,14.468,22.188,-6.035,-2.218,-0.408,-0.428,-14.866,5.985,0.263,7.146,1.111,-7.611,13.936,40.756,45.264,43.847,39.901,31.151,0.0,mid,0.5,0.406,0.556,0.301,-130.124,594.311,442.303,592.158,0.673,2.798,0.24,Yi-Tense,0.240528949249464,7017691834363040151
Yi_M3,3,M,Yi,Village 1,M3_de=_33_02,372.042,713.0,340.958,5,e=_33,Vowel,ə,Tense,Oral,33.0,1.0,Mid,33,Unaspirated,Oral,134.887,134.758,134.328,134.848,509.817,67.886,1742.538,95.471,2865.486,156.11,3707.679,199.0,1512.469,2787.791,3552.901,5253.378,14.029,13.345,17.852,14.787,27.227,9.415,27.225,3.905,18.738,8.395,17.462,21.213,-3.823,-1.442,-9.375,5.372,-13.196,9.443,-4.709,4.951,-3.432,-7.868,10.458,40.806,44.627,42.443,38.622,32.167,0.876,mid,0.497,0.448,0.538,0.417,-221.291,543.962,843.57,540.863,0.94,2.881,0.327,Yi-Tense,0.326275598750434,-8010930775361583458
Yi_M3,3,M,Yi,Village 1,M3_de=21_01,258.817,589.231,330.414,5,e=21,Vowel,ə,Lax,Oral,21.0,2.0,Low,21,Unaspirated,Oral,112.683,113.022,114.497,113.59,437.094,73.256,1668.267,106.01,2569.276,577.133,3350.419,116.656,485.523,1744.463,3264.999,5317.803,21.082,20.435,19.182,16.294,28.532,9.003,28.528,6.012,12.989,4.319,-1.84,-0.802,1.901,4.141,-9.35,7.291,-7.446,14.424,8.093,16.117,22.923,21.237,8.433,24.096,29.064,26.15,24.715,23.368,0.666,low,0.376,0.351,0.397,0.33,-373.888,426.661,876.789,423.722,1.547,2.469,0.623,Yi-Lax,0.626569461320373,-2847583195497039583
Yi_M3,3,M,Yi,Village 1,M3_de=21_02,240.361,552.985,312.624,5,e=21,Vowel,ə,Lax,Oral,21.0,2.0,Low,21,Unaspirated,Oral,107.842,107.588,109.983,108.576,438.527,145.064,1712.578,85.136,2664.67,330.342,3362.099,204.892,513.896,1795.577,3117.512,5512.077,19.081,18.475,16.487,13.8,24.422,3.942,24.419,1.952,13.108,4.919,1.012,3.227,2.594,4.676,-7.935,9.858,-5.338,16.524,5.973,13.557,18.069,15.248,4.24,17.904,22.58,22.169,22.301,23.126,0.276,low,0.336,0.313,0.355,0.301,-381.726,399.991,939.972,397.169,1.462,2.151,0.678,Yi-Lax,0.679683867968387,-5548783730155221114
Yi_M3,3,M,Yi,Village 1,M3_de=55_01,357.427,709.566,352.139,5,e=55,Vowel,ə,Lax,Oral,55.0,1.0,High,55,Unaspirated,Oral,142.196,142.246,142.333,141.786,422.545,24.849,1623.621,126.901,2612.991,138.134,3298.002,1061.038,452.562,1739.407,2711.188,5378.643,22.218,21.108,25.487,20.016,19.763,16.86,35.767,14.463,15.513,7.78,9.419,14.093,-3.269,1.092,5.724,3.156,-13.549,6.646,6.704,13.328,12.798,7.016,42.117,47.406,53.182,48.806,43.991,27.749,0.0,high,0.373,0.352,0.403,0.337,-488.214,535.068,1103.433,532.697,0.963,1.615,0.598,Yi-Lax,0.596284829721362,-8771832722978058452
Yi_M3,3,M,Yi,Village 1,M3_de=55_02,383.346,746.084,362.738,5,e=55,Vowel,ə,Lax,Oral,55.0,1.0,High,55,Unaspirated,Oral,144.637,144.586,145.017,145.254,428.168,25.088,1566.217,70.532,2642.301,143.982,3321.089,458.922,461.664,1713.783,2874.896,5389.355,22.791,21.667,25.92,20.377,19.842,16.882,36.1,14.564,20.113,11.526,10.019,15.974,-3.129,1.29,6.077,3.495,-13.309,7.105,2.677,10.141,12.771,5.693,46.157,44.792,48.151,45.098,40.308,28.036,0.0,high,0.375,0.345,0.379,0.318,-558.147,565.476,1147.602,563.269,1.54,1.62,0.95,Yi-Lax,0.950617283950617,5432517169059691628
Yi_M3,3,M,Yi,Village 1,M3_dzii_21_01,228.412,488.84,260.428,5,ii_21,Vowel,ii,Tense,Oral,21.0,2.0,Low,21,Unaspirated,Oral,101.65,101.951,103.725,102.595,501.259,74.842,1468.746,83.834,2819.624,288.046,3695.412,391.94,1037.332,1827.728,3185.273,5002.762,14.53,14.09,20.643,18.762,24.649,13.067,28.014,3.786,18.549,5.4,4.25,12.097,-6.113,-4.672,-4.006,5.695,-13.484,10.308,-4.019,8.69,10.28,1.993,9.734,17.875,19.766,22.193,22.686,26.532,0.033,low,0.608,0.506,0.636,0.6,-80.786,362.035,262.122,356.104,1.254,4.362,0.288,Yi-Tense,0.28748280605227,-2098582011657862917
Yi_M3,3,M,Yi,Village 1,M3_dzii_21_02,186.562,480.925,294.363,5,ii_21,Vowel,ii,Tense,Oral,21.0,2.0,Low,21,Unaspirated,Oral,116.597,116.814,118.383,124.689,456.146,52.25,1444.096,57.515,2858.147,135.154,3675.071,178.17,1224.851,2798.375,3646.355,5012.646,17.64,16.973,23.243,20.269,31.776,12.005,31.773,8.677,21.535,9.984,13.387,23.623,-5.602,-3.296,-8.534,8.264,-14.133,8.3,-3.895,6.989,4.253,-6.65,21.557,25.967,26.821,29.2,26.491,27.932,0.519,low,0.611,0.514,0.65,0.607,-147.488,336.164,536.414,330.939,0.853,4.192,0.205,Yi-Tense,0.203482824427481,5366636827838614991
Yi_M3,3,M,Yi,Village 1,M3_dzii_33_01,418.847,681.47,262.623,5,ii_33,Vowel,ii,Tense,Oral,33.0,1.0,Mid,33,Unaspirated,Oral,152.989,152.635,153.147,152.531,474.483,34.096,1580.577,147.935,3182.843,133.176,4006.832,580.459,1410.352,3232.461,4071.402,4778.122,17.42,16.362,22.001,16.884,24.133,19.572,33.62,11.096,21.459,11.365,18.219,31.029,-4.58,-0.522,-2.132,-2.688,-16.199,5.272,-4.038,4.998,-0.798,-14.667,30.998,42.651,43.953,46.458,45.865,34.501,0.0,mid,0.503,0.478,0.541,0.477,-187.876,551.74,541.2,548.615,0.863,2.411,0.357,Yi-Tense,0.357942762339278,4957977251888437165
Yi_M3,3,M,Yi,Village 1,M3_dzii_33_02,174.247,451.304,277.057,5,ii_33,Vowel,ii,Tense,Oral,33.0,1.0,Mid,33,Unaspirated,Oral,160.496,160.273,160.23,160.334,483.085,34.109,1584.386,55.714,3079.601,123.338,3626.763,360.555,1458.697,3250.877,4044.869,4572.166,20.121,19.0,26.732,21.24,24.202,20.563,36.021,13.468,26.233,16.03,20.358,31.474,-6.611,-2.24,2.531,0.677,-15.9,5.537,-6.112,2.97,-0.237,-12.474,63.203,43.686,45.616,46.627,44.725,34.589,0.0,mid,0.551,0.525,0.58,0.517,-256.077,314.73,678.546,311.5,0.945,2.408,0.392,Yi-Tense,0.392441860465116,-1644880820382397935
Yi_M3,3,M,Yi,Village 1,M3_dzii21_01,243.354,487.879,244.525,5,ii21,Vowel,ii,Lax,Oral,21.0,2.0,Low,21,Unaspirated,Oral,105.861,105.568,107.629,106.397,487.321,167.355,1525.244,124.932,2734.277,329.391,3665.774,340.26,610.938,1566.275,3286.243,5231.879,20.991,20.516,17.685,15.64,24.317,10.952,25.233,1.122,16.319,3.787,1.451,6.423,3.306,4.875,-6.632,4.688,-4.243,19.396,4.671,16.729,19.54,14.093,7.991,15.83,16.712,19.614,21.969,24.383,0.0,low,0.356,0.322,0.377,0.336,-120.843,369.838,302.511,366.623,1.35,2.251,0.601,Yi-Lax,0.5997334517992,6602281406068722587
Yi_M3,3,M,Yi,Village 1,M3_dzii21_02,137.872,327.617,189.745,5,ii21,Vowel,ii,Lax,Oral,21.0,2.0,Low,21,Unaspirated,Oral,110.795,110.711,112.773,111.715,466.247,99.148,1538.268,100.279,2736.958,175.805,3442.234,506.619,518.294,1574.435,2966.674,5259.771,19.902,19.314,18.419,15.833,29.181,7.585,29.177,5.957,17.65,6.81,5.811,12.226,1.483,3.481,-10.762,8.248,-9.275,13.36,2.252,12.504,14.09,7.088,11.01,25.371,26.064,25.986,24.622,25.716,0.801,low,0.406,0.381,0.428,0.38,-133.043,236.314,332.736,232.843,1.294,2.395,0.541,Yi-Lax,0.540292275574113,-3617323610874260622
Yi_M3,3,M,Yi,Village 1,M3_dzii33_01,130.322,386.742,256.42,5,ii33,Vowel,ii,Lax,Oral,33.0,1.0,Mid,33,Unaspirated,Oral,118.172,118.199,118.21,118.554,501.105,82.855,1504.268,83.055,2846.014,288.277,4416.975,995.111,541.496,1522.6,3042.042,4759.949,13.839,13.282,15.218,12.793,26.155,7.056,26.151,2.184,17.973,5.177,1.312,8.771,-1.379,0.49,-10.937,5.737,-12.313,11.103,-4.135,8.105,12.527,4.512,6.497,35.082,33.749,35.282,35.673,29.793,0.79,mid,0.493,0.43,0.535,0.465,-181.647,261.006,866.446,257.065,1.395,3.141,0.444,Yi-Lax,0.444126074498567,-2699513838139677859
Yi_M3,3,M,Yi,Village 1,M3_dzii33_02,142.931,359.289,216.358,5,ii33,Vowel,ii,Lax,Oral,33.0,1.0,Mid,33,Unaspirated,Oral,135.594,135.47,135.442,136.147,480.553,96.417,1659.434,102.404,3073.647,107.136,3786.714,321.655,936.674,2275.018,3486.528,4039.479,14.334,13.529,16.995,13.296,22.456,11.655,22.318,-0.583,16.955,7.176,13.177,22.754,-2.661,0.233,-5.461,1.641,-7.984,14.115,-2.621,6.353,1.157,-9.226,6.07,39.742,42.097,41.268,38.79,31.554,0.0,mid,0.498,0.449,0.515,0.46,-274.395,253.609,884.827,250.208,1.41,2.772,0.508,Yi-Lax,0.508658008658009,8173383507351201437
Yi_M3,3,M,Yi,Village 1,M3_dzii55_01,481.945,802.28,320.335,5,ii55,Vowel,ii,Lax,Oral,55.0,1.0,High,55,Unaspirated,Oral,153.469,153.377,152.985,153.406,438.131,54.205,1550.41,104.021,3032.198,125.243,3871.543,888.656,480.524,1610.366,3101.194,5468.037,23.621,22.38,26.465,20.164,17.222,15.719,32.399,10.916,17.536,8.862,9.718,22.151,-2.844,2.215,9.243,4.446,-8.778,11.468,6.085,13.517,13.903,0.229,28.222,37.791,39.787,39.421,36.454,28.455,0.0,high,0.458,0.42,0.493,0.383,-649.032,643.223,1775.484,640.726,0.799,2.143,0.373,Yi-Lax,0.372841810545964,-7815659268946393528
Yi_M3,3,M,Yi,Village 1,M3_dzii55_02,178.015,444.79,266.775,5,ii55,Vowel,ii,Lax,Oral,55.0,1.0,High,55,Unaspirated,Oral,151.461,151.398,151.027,151.641,428.48,64.785,1519.857,96.368,2967.132,214.618,3840.065,633.733,469.68,1592.209,3188.274,5405.961,21.403,20.134,24.238,17.747,13.245,12.132,28.963,7.783,12.852,4.403,-0.702,11.619,-2.835,2.387,10.993,5.615,-7.56,12.355,8.551,15.731,22.105,8.515,13.183,34.357,38.549,37.881,35.644,26.353,0.0,high,0.432,0.401,0.465,0.376,-667.887,312.978,1654.707,310.494,0.733,2.073,0.353,Yi-Lax,0.353593825373854,-1620545779488189472
Yi_M3,3,M,Yi,Village 1,M3_na_21_01,290.661,509.859,219.198,5,a_21,Vowel,a,Tense,Oral,21.0,2.0,Low,21,Unaspirated,Nasal,111.853,111.51,112.852,112.117,704.798,157.923,1183.087,105.983,2888.535,316.287,3548.232,364.804,957.256,1551.558,3424.311,4185.495,12.953,12.646,11.003,9.731,15.514,9.522,22.38,-6.765,19.231,-5.019,-2.536,3.461,1.95,2.915,-4.511,0.209,-9.427,19.445,-6.278,17.665,15.49,9.185,5.309,39.956,32.033,35.354,32.652,28.088,0.888,low,0.288,0.264,0.359,0.231,-554.379,399.949,1452.318,397.874,0.556,2.251,0.254,Yi-Tense,0.247001332741004,-3101875522729467232
Yi_M3,3,M,Yi,Village 1,M3_na_21_02,384.664,668.916,284.252,5,a_21,Vowel,a,Tense,Oral,21.0,2.0,Low,21,Unaspirated,Nasal,114.29,114.177,116.316,114.919,688.179,147.941,1179.705,119.323,2884.531,255.516,3633.467,462.679,860.417,1139.57,3192.183,4231.687,13.643,13.302,12.105,10.69,16.783,9.943,25.129,-3.589,21.964,-1.715,-1.15,6.062,1.538,2.612,-4.678,0.748,-11.486,16.927,-8.321,15.017,14.792,7.241,8.515,34.769,25.03,28.57,27.279,25.269,0.675,low,0.309,0.294,0.359,0.283,-621.738,529.332,1604.161,526.838,0.418,1.763,0.237,Yi-Tense,0.237095859330686,6128086654914029128
Yi_M3,3,M,Yi,Village 1,M3_na_33_01,309.646,613.569,303.923,5,a_33,Vowel,a,Tense,Oral,33.0,1.0,Mid,33,Unaspirated,Nasal,122.54,122.477,123.015,122.299,662.383,70.924,1072.344,66.578,2999.49,192.862,3618.739,355.757,953.538,3052.884,3650.045,4741.057,9.775,9.353,11.328,9.56,15.705,6.668,27.44,-1.341,24.853,0.55,15.508,27.136,-1.553,-0.207,-4.377,2.892,-17.665,10.761,-15.078,8.803,-5.732,-17.783,14.782,46.435,39.261,44.015,40.036,32.728,0.908,mid,0.483,0.4,0.525,0.475,-143.953,463.887,680.765,460.008,0.864,3.151,0.274,Yi-Tense,0.274198667089813,7605425996914560197
Yi_M3,3,M,Yi,Village 1,M3_na_33_02,279.616,580.61,300.994,5,a_33,Vowel,a,Tense,Oral,33.0,1.0,Mid,33,Unaspirated,Nasal,122.046,121.921,122.696,122.41,674.76,80.27,1050.017,65.86,2978.558,117.069,3523.099,313.574,942.737,3081.721,3679.483,4835.812,9.989,9.574,9.728,7.997,13.5,4.802,27.108,-2.297,25.168,-0.185,9.835,21.345,0.261,1.577,-3.773,3.195,-17.12,11.953,-15.179,9.759,0.154,-11.771,11.404,43.991,35.869,39.78,35.686,28.618,0.774,mid,0.428,0.374,0.473,0.371,-328.468,431.753,1410.165,428.702,1.514,2.835,0.535,Yi-Tense,0.534038800705467,-4441471567297080058
Yi_M3,3,M,Yi,Village 1,M3_na21_01,559.805,843.891,284.086,5,a21,Vowel,a,Lax,Oral,21.0,2.0,Low,21,Unaspirated,Nasal,113.175,112.94,114.791,113.348,721.288,225.732,1240.116,126.538,2904.269,338.52,3474.625,795.139,1042.753,1112.622,3088.399,4223.716,14.928,14.627,12.876,11.632,17.196,11.342,23.696,-5.345,22.221,-1.664,2.501,8.319,2.052,2.995,-4.32,0.29,-8.768,20.004,-7.293,16.291,12.427,6.308,7.287,35.398,26.265,28.494,26.502,27.149,0.663,low,0.264,0.249,0.362,0.211,-493.873,703.867,1210.58,701.993,0.559,2.029,0.274,Yi-Lax,0.275505174963036,3645313056381675849
Yi_M3,3,M,Yi,Village 1,M3_na21_02,551.589,838.353,286.764,5,a21,Vowel,a,Lax,Oral,21.0,2.0,Low,21,Unaspirated,Nasal,110.339,110.086,111.538,110.868,752.884,204.125,1250.66,215.731,2874.845,207.71,3670.157,499.832,988.839,2568.359,3428.189,4358.576,13.889,13.628,9.932,8.861,12.083,7.201,13.542,-16.318,8.917,-16.1,-5.079,-0.808,3.957,4.767,-2.152,1.66,0.347,29.982,4.972,29.729,18.967,14.436,1.32,36.125,30.981,34.164,32.186,24.191,0.749,low,0.312,0.282,0.338,0.241,-519.676,697.532,1327.266,695.333,0.985,1.895,0.518,Yi-Lax,0.519788918205805,-590413015864618882
Yi_M3,3,M,Yi,Village 1,M3_na33_01,394.308,661.725,267.417,5,a33,Vowel,a,Lax,Oral,33.0,1.0,Mid,33,Unaspirated,Nasal,126.88,126.799,127.297,127.487,693.605,97.249,1089.72,82.673,2985.452,228.728,4112.579,430.425,741.487,1684.364,3565.773,4166.669,14.368,13.955,12.403,10.677,14.483,5.82,21.635,-8.014,16.362,-9.282,-3.169,7.117,1.965,3.278,-2.08,4.857,-7.267,22.049,-1.994,23.237,17.537,6.838,4.11,48.806,41.851,46.079,42.758,28.007,0.0,mid,0.257,0.243,0.293,0.195,-989.927,528.862,1448.061,527.322,0.679,1.404,0.482,Yi-Lax,0.483618233618234,-978786605618625430
Yi_M3,3,M,Yi,Village 1,M3_na33_02,286.942,560.774,273.832,5,a33,Vowel,a,Lax,Oral,33.0,1.0,Mid,33,Unaspirated,Nasal,123.934,123.948,124.769,124.622,635.756,93.725,1058.163,92.144,2896.144,141.738,4183.551,383.47,754.136,1337.248,3263.751,4162.383,13.57,13.112,11.218,9.29,15.2,4.956,21.195,-7.074,13.284,-10.268,-3.806,7.538,2.352,3.822,-3.981,4.334,-7.625,20.241,0.286,23.38,17.375,5.574,2.609,44.075,40.518,44.783,41.396,25.957,0.0,mid,0.337,0.3,0.337,0.29,-711.503,426.07,1422.588,423.725,1.38,1.596,0.862,Yi-Lax,0.864661654135338,-8715032814347019937
Yi_M3,3,M,Yi,Village 1,M3_ti_21_01,146.352,421.297,274.945,5,i_21,Vowel,i,Tense,Oral,21.0,2.0,Low,21,Unaspirated,Oral,115.396,115.027,117.481,116.468,364.806,41.146,2339.176,50.797,2920.668,312.981,3823.232,164.142,2398.04,3063.9,3806.437,3895.243,15.912,14.937,23.035,18.307,21.721,17.991,31.02,11.975,24.172,25.508,16.135,16.5,-7.123,-3.37,1.314,0.316,-15.108,2.962,-8.26,-10.571,-0.223,-1.563,20.283,19.327,28.928,25.373,20.175,26.692,0.0,low,0.569,0.47,0.674,0.582,-176.438,285.978,877.458,280.906,0.628,3.91,0.161,Yi-Tense,0.160613810741688,-727321059915363552
Yi_M3,3,M,Yi,Village 1,M3_ti_21_02,148.711,414.832,266.121,5,i_21,Vowel,i,Tense,Oral,21.0,2.0,Low,21,Unaspirated,Oral,109.979,109.758,110.765,110.699,401.233,62.56,2272.897,84.802,2899.698,385.034,3796.701,227.798,2378.096,3242.589,3844.744,4368.129,14.804,14.084,21.426,18.136,26.436,14.283,25.548,4.704,22.266,21.239,17.358,16.371,-6.621,-4.051,-5.011,3.853,-10.743,9.381,-7.462,-7.155,-2.553,-2.286,12.084,32.146,41.307,36.631,29.744,30.329,0.746,low,0.572,0.485,0.636,0.579,-215.378,283.938,926.042,278.664,0.989,3.829,0.258,Yi-Tense,0.258291982240794,-3343708684853890352
Yi_M3,3,M,Yi,Village 1,M3_ti_33_01,190.935,511.845,320.91,5,i_33,Vowel,i,Tense,Oral,33.0,1.0,Mid,33,Unaspirated,Oral,152.911,152.513,153.206,155.218,290.561,19.507,2430.224,53.255,3343.855,162.187,3754.919,112.59,2401.283,3305.592,3701.497,4920.9,18.322,15.547,23.829,11.277,-2.328,7.826,23.827,9.739,17.912,24.86,20.157,31.87,-5.507,4.27,26.157,3.451,-5.506,5.808,0.41,-9.313,-1.836,-16.323,8.013,35.25,48.708,47.5,41.049,28.523,0.57,mid,0.503,0.47,0.552,0.484,-308.508,353.786,981.286,350.608,0.568,2.148,0.265,Yi-Tense,0.264432029795158,-6339547499936320832
Yi_M3,3,M,Yi,Village 1,M3_ti_33_02,118.505,434.545,316.04,5,i_33,Vowel,i,Tense,Oral,33.0,1.0,Mid,33,Unaspirated,Oral,139.06,138.713,139.52,139.573,369.313,63.106,2583.102,219.561,3160.483,190.848,3815.73,145.294,382.246,2944.198,3774.138,4462.482,15.35,13.933,24.164,16.395,9.777,12.118,18.842,0.403,2.519,6.431,5.266,6.851,-8.814,-2.461,14.387,4.277,-3.492,13.531,12.831,7.502,10.084,7.082,4.402,42.297,56.78,56.787,47.976,27.891,0.546,mid,0.527,0.465,0.585,0.44,-191.338,278.02,884.669,274.846,0.524,2.742,0.191,Yi-Tense,0.191101385849745,8060775000260145258
Yi_M3,3,M,Yi,Village 1,M3_ti21_01,257.59,562.438,304.848,5,i21,Vowel,i,Lax,Oral,21.0,2.0,Low,21,Unaspirated,Oral,123.617,123.475,125.727,124.592,317.435,78.04,2056.893,114.525,3081.5,135.096,3657.805,269.459,1996.513,3126.172,4430.756,5475.584,24.376,22.887,24.574,16.344,11.111,14.137,19.247,2.827,12.615,13.846,12.77,23.464,-0.198,6.543,13.463,2.207,5.129,20.061,11.761,9.042,11.606,-0.577,8.297,20.427,32.807,29.605,25.056,26.622,0.0,low,0.326,0.292,0.408,0.223,-428.387,409.764,1042.092,407.946,0.618,2.171,0.284,Yi-Lax,0.284661446338093,-4476271842308885125
Yi_M3,3,M,Yi,Village 1,M3_ti21_02,130.637,389.279,258.642,5,i21,Vowel,i,Lax,Oral,21.0,2.0,Low,21,Unaspirated,Oral,118.894,118.272,120.032,120.014,297.864,84.549,2283.817,323.696,3218.363,127.87,3737.252,228.33,1803.691,3115.535,4650.488,5464.999,23.593,22.018,21.959,13.091,7.73,11.745,17.605,2.411,2.256,6.429,7.074,18.844,1.634,8.928,14.229,1.346,5.988,19.608,21.336,15.59,16.519,3.174,4.518,22.564,34.76,31.803,27.562,22.923,0.0,low,0.339,0.294,0.428,0.229,-477.388,259.329,850.724,257.388,0.621,2.282,0.29,Yi-Lax,0.272129710780018,-5429788409480782844
Yi_M3,3,M,Yi,Village 1,M3_ti33_01,173.704,483.32,309.616,5,i33,Vowel,i,Lax,Oral,33.0,1.0,Mid,33,Unaspirated,Oral,163.57,163.346,161.752,163.735,294.78,86.729,2397.528,75.08,3281.095,90.347,3810.27,757.367,410.618,2473.913,3450.61,5415.329,23.438,20.195,22.539,13.393,2.01,13.522,21.506,7.792,9.803,16.757,7.694,19.149,0.899,6.802,20.529,-0.128,1.932,12.404,13.635,3.438,15.744,1.046,4.587,35.35,47.228,45.039,40.247,26.221,0.0,mid,0.418,0.392,0.449,0.369,-921.904,329.656,1958.893,327.403,0.795,1.527,0.52,Yi-Lax,0.520628683693517,3904272257006151299
Yi_M3,3,M,Yi,Village 1,M3_ti33_02,202.17,444.35,242.18,5,i33,Vowel,i,Lax,Oral,33.0,1.0,Mid,33,Unaspirated,Oral,155.485,155.614,155.137,156.351,294.17,58.792,2365.998,228.57,3229.72,150.954,3619.735,266.976,303.257,2644.427,3386.432,5747.645,22.765,19.955,24.212,11.794,0.937,11.149,24.211,10.029,0.791,7.116,4.93,15.433,-1.448,8.161,23.275,0.645,-1.446,9.926,21.974,12.839,17.835,4.522,4.933,33.77,44.921,46.138,42.277,29.276,0.943,mid,0.394,0.372,0.427,0.334,-833.28,324.055,1726.94,321.903,0.714,1.503,0.474,Yi-Lax,0.475049900199601,8303790490515094094
Yi_M3,3,M,Yi,Village 1,M3_ti55_01,233.601,523.943,290.342,5,i55,Vowel,i,Lax,Oral,55.0,1.0,High,55,Unaspirated,Oral,170.193,170.171,169.966,170.742,318.918,66.513,2383.759,140.701,3186.255,131.151,3630.156,303.349,2503.585,3309.183,5203.372,5427.752,24.443,21.56,26.536,13.566,7.578,17.776,26.534,11.119,13.317,18.531,16.157,24.583,-2.093,7.993,18.958,-4.21,-2.09,10.441,11.126,3.029,8.286,-3.023,9.644,37.773,47.246,46.422,40.629,28.779,0.778,high,0.364,0.367,0.429,0.326,-775.863,379.083,1425.753,377.168,0.442,1.198,0.37,Yi-Lax,0.368948247078464,-5376013202186169128
Yi_M3,3,M,Yi,Village 1,M3_ti55_02,117.477,365.768,248.291,5,i55,Vowel,i,Lax,Oral,55.0,1.0,High,55,Unaspirated,Oral,161.004,161.22,161.483,161.856,344.782,68.101,2416.525,107.09,3258.955,143.208,3734.419,275.205,367.131,2514.7,3420.607,5290.346,22.196,19.992,26.167,11.156,6.21,13.713,26.165,9.3,7.278,11.499,5.532,13.005,-3.97,8.836,19.956,-2.557,-3.969,10.692,14.919,8.493,16.664,6.987,6.929,30.69,43.27,44.545,41.705,28.605,0.899,high,0.367,0.357,0.437,0.321,-602.855,242.37,1292.774,240.377,0.445,1.399,0.319,Yi-Lax,0.318084345961401,6481937612143851093
Yi_M3,3,M,Yi,Village 2,M3_tl_be21_01,94.018,271.975,177.957,5,e21,Vowel,e,Lax,Oral,21.0,2.0,Low,21,Unaspirated,Oral,117.857,117.912,121.165,119.349,423.391,82.415,1360.742,86.813,2391.758,113.01,3594.848,324.158,818.371,1838.984,3499.847,,30.095,29.29,29.763,26.082,32.813,21.473,32.008,9.886,19.31,8.387,5.67,10.45,0.332,3.208,-3.05,4.609,-1.913,19.406,10.784,20.904,24.425,18.84,49.603,3.165,8.768,13.97,19.582,25.578,0.568,low,0.548,0.491,0.487,0.452,-368.014,184.516,606.598,180.673,1.296,2.688,0.493,Yi-Lax,0.482142857142857,7352598114103582011
Yi_M3,3,M,Yi,Village 2,M3_tl_be21_02,76.673,239.967,163.294,5,e21,Vowel,e,Lax,Oral,21.0,2.0,Low,21,Unaspirated,Oral,111.229,111.448,114.578,228.639,445.538,30.797,1301.025,90.104,2411.227,127.411,3546.274,136.44,510.571,1875.064,3723.765,,24.843,24.206,29.755,26.94,38.772,15.831,38.769,15.428,19.638,6.69,5.478,10.335,-4.912,-2.734,-9.016,11.11,-13.926,8.78,5.206,17.516,19.366,13.871,71.977,2.279,7.731,14.688,19.963,27.972,0.35,low,0.618,0.486,0.601,0.591,-238.196,161.323,893.87,155.956,1.55,4.293,0.361,Yi-Lax,0.361052876776147,-2381874264928520205
Yi_M3,3,M,Yi,Village 2,M3_tl_cjie_21_01,346.642,531.436,184.794,5,ie21,Vowel,ie,Tense,Oral,21.0,2.0,Low,21,Unaspirated,Oral,127.747,130.142,136.615,131.402,394.061,35.778,2242.849,66.941,3154.601,205.271,4154.542,120.741,407.077,2443.902,4057.552,4800.475,18.467,17.405,25.931,20.672,17.762,15.223,32.376,11.997,13.16,12.188,10.718,15.612,-7.463,-3.267,8.168,5.449,-13.908,5.409,5.307,5.217,7.749,1.792,20.568,4.742,16.037,17.617,17.952,24.627,0.0,low,0.635,0.513,0.73,0.395,-89.935,439.138,470.454,436.035,0.484,4.183,0.114,Yi-Tense,0.115706430791298,-219556987179715501
Yi_M3,3,M,Yi,Village 2,M3_tl_cjie21_01,250.944,465.338,214.394,5,ie21,Vowel,ie,Lax,Oral,21.0,2.0,Low,21,Unaspirated,Oral,126.422,126.459,130.605,128.007,339.419,57.904,2124.661,132.253,2537.424,772.84,3413.925,639.645,285.183,2236.476,3618.482,5016.52,26.194,24.759,33.209,25.346,19.065,21.448,28.279,10.995,16.779,17.805,8.776,6.542,-7.015,-0.587,14.144,3.899,-2.085,13.764,9.414,6.954,17.418,18.217,32.027,6.064,18.359,18.254,19.386,26.042,0.191,low,0.609,0.489,0.543,0.538,-352.097,360.627,1029.156,356.328,1.429,1.822,0.245,Yi-Lax,0.78430296377607,29477075101283847
Yi_M3,3,M,Yi,Village 2,M3_tl_cjie21_02,281.406,475.534,194.128,5,ie21,Vowel,ie,Lax,Oral,21.0,2.0,Low,21,Unaspirated,Oral,119.47,119.729,123.933,120.989,342.025,46.258,2077.821,82.628,2504.082,566.694,3239.155,389.656,797.2,2553.888,3872.299,4920.496,25.507,24.311,31.849,25.734,19.636,19.398,33.685,15.633,21.498,21.288,12.132,7.705,-6.341,-1.423,12.213,6.336,-8.177,8.678,4.01,3.023,13.375,16.606,34.352,5.851,17.454,16.28,16.153,27.03,0.0,low,0.597,0.426,0.501,0.391,-330.428,379.728,1029.102,376.388,1.686,3.539,0.476,Yi-Lax,0.476405764340209,4059033370003709727
Yi_M3,3,M,Yi,Village 2,M3_tl_de_21_01,74.055,202.11,128.055,5,e21,Vowel,e,Tense,Oral,21.0,2.0,Low,21,Unaspirated,Oral,136.088,135.71,141.924,137.885,457.308,100.47,1496.689,186.561,2808.811,98.479,4323.101,342.236,542.734,2332.683,4229.264,4469.188,22.243,21.285,27.96,23.423,29.941,23.414,35.718,13.364,11.236,1.164,3.515,12.432,-5.716,-2.137,-1.981,0.008,-13.474,7.925,11.007,20.121,18.728,8.854,45.459,6.99,10.887,17.801,21.706,24.859,0.0,low,0.669,0.629,0.75,0.399,-107.459,136.402,373.676,133.466,0.627,3.628,0.173,Yi-Tense,0.172822491730981,9218449937148350016
Yi_M3,3,M,Yi,Village 2,M3_tl_de21_01,107.468,270.941,163.473,5,e21,Vowel,e,Lax,Oral,21.0,2.0,Low,21,Unaspirated,Oral,119.399,119.974,123.572,218.931,478.915,31.245,1458.385,110.981,2459.255,82.457,3515.902,494.821,557.441,2324.713,3105.032,4433.127,26.569,25.931,30.746,27.922,40.067,17.354,40.064,16.38,20.362,7.954,14.62,16.579,-4.177,-1.991,-9.321,10.568,-13.495,9.553,6.207,17.977,11.949,9.352,111.372,4.794,8.2,11.087,14.068,23.937,0.37,low,0.63,0.509,0.567,0.564,-245.227,191.759,930.42,186.989,1.446,4.074,0.355,Yi-Lax,0.354933726067747,4378369967654362983
Yi_M3,3,M,Yi,Village 2,M3_tl_de21_02,117.508,287.165,169.657,5,e21,Vowel,e,Lax,Oral,21.0,2.0,Low,21,Unaspirated,Oral,118.137,118.043,121.689,149.251,464.185,35.547,1426.315,108.803,2489.495,96.424,3566.608,377.172,552.626,2301.821,3888.773,5406.139,26.644,25.979,29.977,27.02,37.127,16.454,37.124,13.692,17.713,5.49,11.479,15.145,-3.333,-1.041,-7.149,10.566,-10.48,12.289,8.931,20.489,15.166,10.834,72.97,6.964,11.071,14.418,16.396,20.671,0.489,low,0.618,0.506,0.582,0.501,-220.429,203.554,1005.532,199.279,1.463,4.012,0.364,Yi-Lax,0.364656031904287,6140592731854451867
Yi_M3,3,M,Yi,Village 2,M3_tl_du_21_01,75.459,224.791,149.332,5,u21,Vowel,u,Tense,Oral,21.0,2.0,Low,21,Unaspirated,Oral,130.579,129.944,136.611,132.199,297.4,73.359,850.261,157.617,2823.482,245.151,4020.09,122.541,748.354,2813.121,4065.155,,21.531,19.463,28.639,16.167,15.608,18.391,28.368,12.087,15.134,6.039,-5.266,21.031,-7.108,3.296,13.031,-2.224,-6.836,7.388,6.398,13.424,26.797,-1.568,8.901,5.27,12.55,20.739,23.833,21.038,0.923,low,0.615,0.526,0.687,0.363,-140.079,150.345,397.523,147.512,0.779,3.625,0.215,Yi-Tense,0.214896551724138,1005778738064758051
Yi_M3,3,M,Yi,Village 2,M3_tl_du_21_02,75.155,218.417,143.262,5,u21,Vowel,u,Tense,Oral,21.0,2.0,Low,21,Unaspirated,Oral,121.992,121.261,128.562,123.973,336.935,62.586,936.192,229.281,2689.439,204.849,3897.044,95.893,680.714,2773.299,3960.372,,21.135,19.758,27.584,20.541,14.511,12.892,29.645,10.579,13.443,2.474,-3.171,17.52,-6.448,-0.783,13.072,7.649,-8.51,9.189,7.692,17.284,24.306,2.238,13.411,1.733,8.787,19.256,23.245,21.543,0.0,low,0.624,0.53,0.65,0.614,-241.289,149.425,986.927,144.317,1.128,4.181,0.27,Yi-Tense,0.269791915809615,2522368942923172608
Yi_M3,3,M,Yi,Village 2,M3_tl_du21_01,106.669,311.917,205.248,5,u21,Vowel,u,Lax,Oral,21.0,2.0,Low,21,Unaspirated,Oral,113.089,112.556,117.877,114.562,298.6,77.791,913.257,164.271,2476.249,114.313,3620.614,139.36,692.36,2610.84,3796.054,5196.248,22.779,21.289,27.704,19.858,17.879,18.108,23.62,6.92,13.615,4.584,-2.747,17.549,-4.926,1.431,9.825,1.75,-0.842,14.375,9.164,16.705,25.525,3.74,9.732,2.476,12.471,21.79,25.258,21.966,0.122,low,0.556,0.468,0.546,0.516,-72.275,210.914,220.682,206.284,1.376,3.545,0.389,Yi-Lax,0.388152327221439,4725304108553146707
Yi_M3,3,M,Yi,Village 2,M3_tl_du21_02,109.556,298.452,188.896,5,u21,Vowel,u,Lax,Oral,21.0,2.0,Low,21,Unaspirated,Oral,113.737,113.072,116.824,114.796,354.553,100.301,1016.012,116.956,2433.752,84.121,3510.599,119.619,787.142,2628.97,3828.092,4828.161,24.381,23.265,29.024,23.619,25.338,20.998,30.612,11.23,17.757,6.922,2.0,17.322,-4.644,-0.354,3.686,2.622,-6.232,12.04,6.623,16.343,22.38,5.943,19.66,7.588,13.836,21.28,24.506,26.148,0.0,low,0.575,0.491,0.612,0.545,-233.629,206.114,1006.875,201.274,0.957,3.948,0.243,Yi-Lax,0.242401215805471,129935650089120494
Yi_M3,3,M,Yi,Village 2,M3_tl_dze_33_01,208.457,424.457,216.0,5,e33,Vowel,e,Tense,Oral,33.0,1.0,Mid,33,Unaspirated,Oral,156.338,156.31,157.16,156.351,413.805,72.455,2308.858,96.868,3236.907,287.073,4136.042,173.149,385.804,2491.708,3966.464,4608.405,20.663,19.21,28.811,20.783,15.461,17.692,23.323,3.334,15.127,15.162,12.49,18.404,-8.148,-1.573,13.349,3.091,-2.66,15.877,5.536,4.048,8.173,0.806,16.153,43.43,50.852,48.997,45.434,32.827,0.078,mid,0.583,0.503,0.631,0.447,-138.773,317.494,507.452,314.637,0.51,2.619,0.196,Yi-Tense,0.194730813287514,-7906049761142535852
Yi_M3,3,M,Yi,Village 2,M3_tl_dze_33_02,209.505,417.118,207.613,5,e33,Vowel,e,Tense,Oral,33.0,1.0,Mid,33,Unaspirated,Oral,154.693,154.299,154.933,156.351,414.755,68.111,2189.134,116.802,3004.798,293.525,3947.835,374.269,403.218,2505.845,4025.643,4926.954,19.61,18.2,27.786,20.116,14.13,15.86,24.072,3.96,11.923,10.813,8.95,12.464,-8.176,-1.915,13.656,4.256,-4.462,14.241,7.686,7.387,10.66,5.737,13.132,48.52,55.76,54.796,51.63,32.713,0.0,mid,0.599,0.504,0.644,0.48,-140.927,313.889,572.215,310.784,0.639,3.094,0.209,Yi-Tense,0.206528765352295,2322373424418566101
Yi_M3,3,M,Yi,Village 2,M3_tl_dze33_01,193.269,413.282,220.013,5,e33,Vowel,e,Lax,Oral,33.0,1.0,Mid,33,Unaspirated,Oral,153.6,153.407,153.427,155.178,352.095,71.879,2138.521,91.35,3177.868,188.42,4434.851,841.013,384.122,2165.746,3235.729,5015.22,26.095,24.191,33.961,21.836,19.043,24.756,33.671,16.212,17.217,18.257,10.663,20.639,-7.866,2.355,14.918,-2.92,-7.576,7.98,8.878,5.934,15.432,3.552,33.385,43.822,51.425,51.136,47.956,31.34,0.712,mid,0.603,0.493,0.56,0.611,-289.396,305.862,1089.389,301.876,1.049,2.929,0.358,Yi-Lax,0.358142710822806,5131566527326015011
Yi_M3,3,M,Yi,Village 2,M3_tl_dze33_02,181.851,403.485,221.634,5,e33,Vowel,e,Lax,Oral,33.0,1.0,Mid,33,Unaspirated,Oral,141.136,141.084,141.857,141.383,350.179,83.354,2099.884,60.218,3075.322,75.224,3970.52,333.143,2158.377,3214.401,4694.837,4965.83,27.231,25.648,34.63,25.583,21.525,25.082,27.25,9.41,23.324,23.599,19.94,28.648,-7.399,0.065,13.104,0.501,-0.019,16.239,3.906,2.049,7.291,-2.999,48.388,34.074,42.795,40.523,37.707,31.423,0.925,mid,0.62,0.506,0.584,0.595,-403.388,294.649,1380.385,290.431,1.07,3.262,0.328,Yi-Lax,0.328019619865113,-4984211041508405097
Yi_M3,3,M,Yi,Village 2,M3_tl_dzu_21_02,165.263,301.612,136.349,5,u21,Vowel,u,Tense,Oral,21.0,2.0,Low,21,Unaspirated,Oral,127.769,127.519,131.66,129.171,365.188,64.546,1055.654,156.907,2739.793,129.334,3680.378,151.912,704.332,2905.244,3785.211,,20.461,19.196,26.593,20.24,14.854,12.614,29.409,9.492,13.355,2.759,0.702,18.747,-6.132,-1.044,11.739,7.626,-8.948,9.711,7.106,16.437,19.759,0.448,11.942,9.205,15.639,24.807,27.057,25.963,0.0,low,0.516,0.421,0.602,0.545,-377.618,236.893,1451.208,232.608,0.567,3.039,0.186,Yi-Tense,0.186574531095755,3954116446839011967
Yi_M3,3,M,Yi,Village 2,M3_tl_dzu_33_01,203.164,401.156,197.992,5,u33,Vowel,u,Tense,Oral,33.0,1.0,Mid,33,Unaspirated,Oral,156.271,156.138,156.839,156.351,306.926,34.618,868.725,107.654,2960.312,264.479,3680.959,143.148,769.773,2970.805,3675.06,5060.998,20.905,18.086,28.317,12.65,11.023,15.13,28.315,12.339,14.562,5.745,-2.904,26.47,-7.412,5.436,17.294,-2.479,-7.41,5.766,6.343,12.341,23.809,-8.384,8.716,32.884,36.126,40.172,40.632,26.949,0.676,mid,0.64,0.562,0.69,0.635,-93.922,304.082,293.713,300.016,0.779,2.75,0.284,Yi-Tense,0.283272727272727,-8312492520934774351
Yi_M3,3,M,Yi,Village 2,M3_tl_dzu_33_02,157.341,345.817,188.476,5,u33,Vowel,u,Tense,Oral,33.0,1.0,Mid,33,Unaspirated,Oral,150.662,150.389,151.463,150.39,314.279,70.258,989.752,105.047,2895.998,593.11,3670.408,228.382,917.422,3384.978,3666.587,,20.617,18.153,27.844,12.05,10.901,15.582,27.842,11.568,15.849,7.702,-4.046,21.513,-7.227,6.103,16.943,-3.532,-7.225,6.596,4.768,10.451,24.662,-3.361,8.154,34.169,37.196,41.981,41.994,27.589,0.752,mid,0.66,0.585,0.692,0.645,-95.028,254.182,275.86,249.887,0.745,2.941,0.254,Yi-Tense,0.253315198911935,6767390171147124179
Yi_M3,3,M,Yi,Village 2,M3_tl_dzu21_01,140.277,321.519,181.242,5,u21,Vowel,u,Lax,Oral,21.0,2.0,Low,21,Unaspirated,Oral,116.644,116.03,120.185,117.721,322.506,88.386,1073.4,95.961,2562.114,131.445,3481.107,79.21,932.982,2788.055,3500.181,5217.089,24.096,22.776,28.44,21.688,20.661,19.874,29.027,11.183,17.903,9.226,2.866,19.984,-4.344,1.088,7.779,1.814,-4.931,11.596,6.192,13.549,21.23,2.792,13.641,5.473,10.966,18.991,20.693,23.738,0.0,low,0.553,0.482,0.607,0.517,-448.422,232.279,1786.089,227.8,0.81,3.875,0.212,Yi-Lax,0.209032258064516,7499130678430200285
Yi_M3,3,M,Yi,Village 2,M3_tl_dzu33_01,115.061,347.734,232.673,5,u33,Vowel,u,Lax,Oral,33.0,1.0,Mid,33,Unaspirated,Oral,159.941,159.537,159.677,159.072,280.664,56.495,1065.925,109.997,2469.183,206.134,3577.699,281.373,1000.355,2624.52,3897.141,,28.141,24.702,30.024,20.837,12.835,21.357,29.235,15.393,17.69,12.593,4.09,24.27,-1.883,3.864,17.189,-0.52,-1.095,9.312,10.451,12.109,24.051,0.432,17.255,25.157,29.837,31.02,30.388,25.534,0.849,mid,0.512,0.495,0.584,0.445,-1091.194,232.807,2830.041,230.017,0.476,1.863,0.256,Yi-Lax,0.255501878690284,3902216301849678942
Yi_M3,3,M,Yi,Village 2,M3_tl_ge21_01,148.355,273.177,124.822,5,e21,Vowel,e,Lax,Oral,21.0,2.0,Low,21,Unaspirated,Oral,107.791,107.972,111.494,124.013,414.496,49.059,1397.33,132.746,2406.425,99.386,3591.85,279.14,551.408,2200.332,3772.034,,24.084,23.388,27.524,24.401,33.502,16.748,33.41,11.372,14.88,4.371,7.218,12.003,-3.44,-1.012,-5.978,7.653,-9.325,12.019,9.204,19.018,16.866,11.385,30.362,3.358,10.185,14.733,19.34,25.521,0.521,low,0.592,0.466,0.483,0.355,-217.442,211.396,865.81,208.092,1.49,4.095,0.364,Yi-Lax,0.363858363858364,4053358164835685284
Yi_M3,3,M,Yi,Village 2,M3_tl_ge21_02,130.062,283.22,153.158,5,e21,Vowel,e,Lax,Oral,21.0,2.0,Low,21,Unaspirated,Oral,111.073,110.601,114.275,111.959,387.289,79.399,1378.548,137.717,2335.395,81.141,4402.527,450.951,897.02,2235.397,4145.776,4320.062,25.148,24.265,26.935,22.804,27.914,20.009,30.058,9.712,13.529,4.753,5.726,10.815,-1.787,1.461,-0.979,2.795,-4.909,14.554,11.619,19.512,19.422,13.451,18.899,4.95,12.099,16.427,21.891,25.576,0.364,low,0.521,0.437,0.467,0.446,-266.999,208.67,949.255,204.605,1.24,3.319,0.375,Yi-Lax,0.373606507984333,7165841721828541911
Yi_M3,3,M,Yi,Village 2,M3_tl_gu_21_02,98.516,232.35,133.834,5,u21,Vowel,u,Tense,Oral,21.0,2.0,Low,21,Unaspirated,Oral,125.443,125.874,133.107,128.281,368.586,50.45,996.945,170.218,2570.048,119.608,4091.906,228.93,710.909,2574.568,4086.523,,19.223,17.931,26.166,19.698,17.119,14.185,30.075,9.822,15.625,3.704,-1.714,15.62,-6.943,-1.767,9.047,5.513,-10.852,8.118,3.598,14.227,20.937,2.311,13.638,4.545,11.2,20.535,25.563,22.107,0.0,low,0.614,0.551,0.685,0.631,-354.316,167.565,1474.404,162.485,0.735,3.946,0.186,Yi-Tense,0.186264571718196,-3241064846839331969
Yi_M3,3,M,Yi,Village 2,M3_tl_gu21_01,112.398,291.628,179.23,5,u21,Vowel,u,Lax,Oral,21.0,2.0,Low,21,Unaspirated,Oral,126.31,126.091,128.57,127.018,364.285,70.57,1090.846,98.949,2445.711,234.204,3473.632,183.006,858.043,2782.794,3557.687,4678.652,23.618,22.332,29.19,22.699,20.035,18.064,31.508,12.03,18.218,7.84,1.477,15.333,-5.573,-0.367,9.155,4.635,-7.89,10.306,5.399,14.492,22.14,7.0,20.978,17.627,23.276,29.223,30.859,28.549,0.0,low,0.603,0.546,0.625,0.555,-524.656,204.518,1802.892,200.1,1.05,3.807,0.276,Yi-Lax,0.275807722616233,-8611981201302829789
Yi_M3,3,M,Yi,Village 2,M3_tl_gu21_02,122.766,318.54,195.774,5,u21,Vowel,u,Lax,Oral,21.0,2.0,Low,21,Unaspirated,Oral,101.343,100.759,105.357,102.706,346.985,97.406,997.873,119.538,2356.39,120.705,3453.736,208.757,775.2,2617.623,3998.562,5090.672,20.846,19.941,25.337,21.142,25.03,16.259,24.829,5.081,13.387,1.905,-1.538,12.503,-4.49,-1.201,0.307,4.883,-3.982,14.865,7.459,18.037,22.385,7.438,8.091,3.4,12.212,19.971,24.394,21.539,0.815,low,0.628,0.515,0.641,0.599,-469.698,223.43,1525.722,217.44,1.093,4.803,0.228,Yi-Lax,0.22756610451801,-2303657362715418266
Yi_M3,3,M,Yi,Village 2,M3_tl_jie_33_01,95.584,269.163,173.579,5,ie33,Vowel,ie,Tense,Oral,33.0,1.0,Mid,33,Unaspirated,Oral,150.854,150.479,157.738,152.785,359.937,72.235,2376.268,118.119,3385.768,342.373,4217.224,131.704,1233.092,3245.976,4410.391,4753.678,22.803,20.869,31.932,19.378,16.409,22.406,30.911,13.479,16.838,20.102,11.586,21.31,-9.129,1.49,15.524,-3.027,-8.108,7.39,5.965,0.767,11.218,-0.442,21.58,17.382,25.537,24.576,22.124,26.566,0.742,mid,0.632,0.519,0.7,0.522,-71.89,183.608,340.107,180.118,0.456,3.256,0.14,Yi-Tense,0.14004914004914,6688070592415729722
Yi_M3,3,M,Yi,Village 2,M3_tl_jie33_02,124.674,313.518,188.844,5,ie33,Vowel,ie,Lax,Oral,33.0,1.0,Mid,33,Unaspirated,Oral,116.504,116.726,120.637,117.892,359.214,63.259,2055.215,116.919,3229.98,269.365,4028.082,314.242,884.941,2656.552,3958.006,4757.442,24.096,23.03,29.041,23.766,21.693,19.413,31.755,13.075,16.996,15.993,8.723,19.651,-4.944,-0.736,7.348,4.353,-7.659,9.956,7.1,7.037,15.373,3.379,20.294,7.697,19.015,18.433,18.705,27.968,0.0,mid,0.599,0.47,0.508,0.537,-262.593,221.741,952.058,217.091,1.488,3.894,0.382,Yi-Lax,0.382126348228043,3050200549794297269
Yi_M3,3,M,Yi,Village 2,M3_tl_khu_21_02,174.314,320.142,145.828,5,u21,Vowel,u,Tense,Oral,21.0,2.0,Low,21,Aspirated,Oral,124.541,124.501,132.914,126.852,972.942,157.501,2521.719,125.675,3670.969,240.188,4336.324,292.688,606.215,2572.84,4041.147,3832.012,19.365,19.183,26.167,25.424,14.267,10.952,11.556,-17.669,-3.502,-19.204,-7.327,-14.943,-6.802,-6.24,11.9,14.472,7.809,36.859,22.867,38.388,26.692,34.126,12.84,2.416,10.707,20.023,25.098,18.514,0.0,low,0.625,0.544,0.674,0.634,-207.55,249.807,863.984,244.62,0.814,2.361,0.117,Yi-Tense,0.344769165607793,-6465661070301693292
Yi_M3,3,M,Yi,Village 2,M3_tl_khu21_02,164.57,331.784,167.214,5,u21,Vowel,u,Lax,Oral,21.0,2.0,Low,21,Aspirated,Oral,118.026,117.517,121.757,119.356,978.692,107.446,2411.329,122.636,3570.484,97.352,4441.902,561.635,741.445,2466.218,3675.955,5435.569,21.055,20.9,25.678,25.047,15.893,13.136,13.949,-15.725,-5.522,-22.552,-7.41,-15.194,-4.623,-4.147,9.785,11.91,7.105,36.631,26.577,43.451,28.464,36.094,7.865,11.45,19.521,26.656,30.371,23.056,0.0,low,0.524,0.469,0.58,0.495,-236.384,250.054,872.78,245.798,0.943,3.349,0.282,Yi-Lax,0.281576590026874,2154930755281468762
Yi_M3,3,M,Yi,Village 2,M3_tl_ko_33_01,101.83,293.43,191.6,5,o33,Vowel,o,Tense,Oral,33.0,1.0,Mid,33,Unaspirated,Oral,166.878,167.31,165.649,167.748,339.022,32.808,667.317,57.527,2537.021,940.562,3819.708,16.076,419.919,654.77,3816.759,5174.201,18.374,15.388,28.895,10.441,20.222,6.299,28.894,10.378,20.22,6.107,-9.045,19.269,-10.521,4.947,8.673,4.142,-10.52,5.064,-1.846,9.281,27.419,-3.882,12.56,28.273,37.585,45.62,48.911,23.578,0.483,mid,0.612,0.507,0.664,0.525,-407.605,199.225,1362.895,196.077,0.555,2.513,0.221,Yi-Tense,0.220851571826502,-7006053765865048873
Yi_M3,3,M,Yi,Village 2,M3_tl_ko_33_02,130.675,313.918,183.243,5,o33,Vowel,o,Tense,Oral,33.0,1.0,Mid,33,Unaspirated,Oral,156.128,156.052,156.517,156.351,423.031,65.975,708.133,110.215,2463.391,264.669,3771.97,78.766,525.815,2082.247,3814.461,5161.555,19.107,17.341,27.705,18.613,22.199,10.788,27.224,3.453,21.385,2.415,-8.753,12.413,-8.598,-1.272,5.506,7.825,-8.117,13.954,-2.278,14.925,27.86,4.928,15.344,37.937,45.372,53.039,55.951,27.293,0.0,mid,0.64,0.555,0.628,0.612,-380.416,224.941,1217.877,220.995,0.925,2.887,0.32,Yi-Tense,0.320401801177693,-4432827592549911296
Yi_M3,3,M,Yi,Village 2,M3_tl_ko33_01,77.463,319.119,241.656,5,o33,Vowel,o,Lax,Oral,33.0,1.0,Mid,33,Unaspirated,Oral,149.566,149.493,148.635,149.687,329.956,78.828,723.331,109.469,2439.989,373.056,3957.91,324.913,599.168,2709.86,3949.892,5504.947,20.826,18.505,28.346,14.006,19.524,17.08,28.302,9.987,19.178,6.139,-9.036,15.265,-7.519,4.499,8.821,-3.074,-7.476,8.542,1.648,12.366,29.863,3.239,10.871,34.466,42.522,48.856,50.4,28.079,0.813,mid,0.603,0.537,0.623,0.598,-88.913,199.982,283.222,195.981,0.805,2.766,0.291,Yi-Lax,0.291033984092552,3817304080247372248
Yi_M3,3,M,Yi,Village 2,M3_tl_ko33_02,87.853,310.276,222.423,5,o33,Vowel,o,Lax,Oral,33.0,1.0,Mid,33,Unaspirated,Oral,152.665,152.662,152.478,152.467,378.749,81.814,756.688,56.234,2388.674,410.569,3774.73,94.622,665.074,2391.328,3786.062,5288.722,19.927,18.016,28.355,17.811,19.524,14.681,20.958,-0.086,22.963,7.601,-9.339,11.348,-8.428,0.205,8.831,3.129,-1.031,18.13,-3.036,10.415,29.266,6.668,15.017,44.692,48.173,53.663,53.491,27.496,0.0,mid,0.651,0.574,0.654,0.654,-95.672,201.308,297.816,197.019,0.829,3.057,0.271,Yi-Lax,0.271180896303566,153949517850027652
Yi_M3,3,M,Yi,Village 2,M3_tl_le21_01,174.336,339.0,164.664,5,e21,Vowel,e,Lax,Oral,21.0,2.0,Low,21,Unaspirated,Oral,122.724,122.25,126.134,123.53,468.712,54.614,1383.255,73.562,2403.424,105.725,3564.287,259.591,576.788,1730.653,3470.826,5186.313,26.324,25.615,30.443,27.269,36.857,19.296,36.854,13.39,22.937,10.373,10.005,12.6,-4.119,-1.654,-6.413,7.973,-10.53,12.227,3.388,15.243,16.319,13.015,76.176,3.135,5.926,10.884,16.438,24.495,0.591,low,0.708,0.604,0.601,0.609,-181.295,259.085,358.676,254.092,1.497,3.52,0.425,Yi-Lax,0.425284090909091,-4963789037705672727
Yi_M3,3,M,Yi,Village 2,M3_tl_le21_02,141.392,319.368,177.976,5,e21,Vowel,e,Lax,Oral,21.0,2.0,Low,21,Unaspirated,Oral,117.361,117.231,120.724,226.701,465.746,33.094,1407.087,84.89,2462.493,217.974,3504.729,288.946,508.07,1651.074,3398.34,5574.155,25.763,25.122,29.947,27.111,39.19,16.325,39.187,15.593,19.457,6.897,6.472,9.546,-4.184,-1.988,-9.243,10.786,-13.424,9.532,6.307,18.225,19.292,15.576,84.944,4.858,9.001,14.517,18.791,26.259,0.355,low,0.615,0.496,0.573,0.535,-235.153,232.603,1056.404,227.991,1.426,4.097,0.349,Yi-Lax,0.348059555772516,7542865807304718853
Yi_M3,3,M,Yi,Village 2,M3_tl_li_33_01,231.549,494.966,263.417,5,i33,Vowel,i,Tense,Oral,33.0,1.0,Mid,33,Unaspirated,Oral,161.696,161.274,161.946,162.296,371.117,77.424,2239.611,61.736,3095.641,545.673,3971.309,400.582,406.445,2320.72,3828.612,4695.167,21.492,19.508,30.682,17.56,14.765,20.88,30.278,12.36,14.196,15.763,5.076,12.425,-9.19,1.948,15.917,-3.32,-8.786,7.148,7.296,3.744,16.416,7.083,15.436,45.254,55.439,55.078,52.201,31.472,0.721,mid,0.634,0.581,0.675,0.63,-59.835,365.068,183.91,361.151,0.585,2.699,0.216,Yi-Tense,0.216746943312338,-8239951515698002567
Yi_M3,3,M,Yi,Village 2,M3_tl_li_33_02,149.147,360.385,211.238,5,i33,Vowel,i,Tense,Oral,33.0,1.0,Mid,33,Unaspirated,Oral,153.325,153.095,154.12,155.184,380.39,79.17,2162.07,86.007,3131.311,562.876,4092.056,299.348,405.156,2302.38,3909.765,4837.833,22.231,20.602,30.411,20.914,16.02,19.769,24.661,5.809,13.029,12.919,5.232,12.559,-8.18,-0.313,14.392,1.146,-2.43,14.794,9.202,7.683,16.999,8.043,17.205,43.597,52.219,51.426,48.489,32.031,0.905,mid,0.605,0.518,0.615,0.6,-122.519,257.265,362.464,253.337,0.905,2.784,0.325,Yi-Tense,0.32507183908046,7154052912013233059
Yi_M3,3,M,Yi,Village 2,M3_tl_li33_01,211.687,431.866,220.179,5,i33,Vowel,i,Lax,Oral,33.0,1.0,Mid,33,Unaspirated,Oral,163.268,163.149,163.899,163.926,276.971,70.623,2082.421,68.938,2683.888,252.412,3616.786,488.142,2162.476,3108.582,4677.673,5042.339,29.71,26.055,29.414,23.08,10.077,22.487,25.522,12.611,21.583,26.417,15.201,20.862,0.296,2.975,19.338,0.594,4.188,13.444,8.127,-0.362,14.509,5.194,21.576,28.578,38.769,35.614,32.984,27.527,0.272,mid,0.558,0.527,0.566,0.47,-255.765,323.341,384.713,320.457,0.9,1.544,0.583,Yi-Lax,0.582901554404145,-3228409712203954479
Yi_M3,3,M,Yi,Village 2,M3_tl_li33_02,197.751,449.457,251.706,5,i33,Vowel,i,Lax,Oral,33.0,1.0,Mid,33,Unaspirated,Oral,156.865,157.019,158.163,156.351,254.484,77.162,2056.366,102.512,2710.726,195.036,3682.649,657.585,2148.868,2898.409,5070.863,5213.346,30.136,26.022,27.991,24.428,9.927,23.628,18.882,7.516,19.701,25.863,16.485,25.103,2.145,1.593,18.064,0.8,11.254,18.506,10.434,0.158,13.651,0.918,19.74,20.929,29.393,27.517,26.324,27.612,0.0,mid,0.505,0.484,0.568,0.441,-274.644,324.819,769.791,322.013,0.53,2.12,0.249,Yi-Lax,0.25,-682715892560894946
Yi_M3,3,M,Yi,Village 2,M3_tl_lo21_02,159.082,319.119,160.037,5,o21,Vowel,o,Lax,Oral,21.0,2.0,Low,21,Unaspirated,Oral,125.386,124.945,128.703,126.848,463.105,78.192,846.934,102.73,2634.972,231.092,3759.516,76.997,660.322,2302.778,3765.225,5533.604,19.427,18.565,25.102,21.255,31.342,13.784,31.331,6.054,22.531,3.43,-3.545,13.492,-5.675,-2.69,-6.24,7.471,-11.904,12.548,-3.104,15.135,22.972,5.073,26.545,15.858,20.439,29.262,31.404,24.719,0.891,low,0.59,0.493,0.639,0.486,-300.485,240.411,1328.506,236.508,0.923,3.85,0.24,Yi-Lax,0.23974025974026,-8725495976260498884
Yi_M3,3,M,Yi,Village 2,M3_tl_lu_21_01,197.76,372.25,174.49,5,u21,Vowel,u,Tense,Oral,21.0,2.0,Low,21,Unaspirated,Oral,119.508,119.129,124.021,120.807,299.131,69.181,1012.991,132.81,2362.466,105.331,3486.471,556.271,833.335,2429.438,3925.725,5079.497,24.792,23.239,30.984,22.601,19.242,20.485,23.284,6.469,16.486,8.309,3.239,18.959,-6.192,0.638,11.742,2.117,1.508,16.773,8.306,14.93,21.553,4.28,18.646,5.933,12.616,17.784,21.459,21.689,0.047,low,0.637,0.567,0.686,0.583,-251.469,287.065,1076.474,282.136,0.797,4.079,0.196,Yi-Tense,0.195391027212552,-8196783806695342395
Yi_M3,3,M,Yi,Village 2,M3_tl_lu_21_02,223.779,379.716,155.937,5,u21,Vowel,u,Tense,Oral,21.0,2.0,Low,21,Unaspirated,Oral,123.677,123.404,128.782,125.127,347.228,74.118,1073.524,108.327,2444.278,90.493,3562.094,295.469,858.424,2447.948,3848.092,,23.237,21.925,29.349,22.671,18.756,17.365,31.016,11.916,16.414,6.596,2.589,16.623,-6.113,-0.746,10.593,5.306,-7.779,10.012,6.823,15.328,20.647,5.301,18.574,4.925,10.509,18.402,22.877,25.37,0.0,low,0.585,0.507,0.64,0.569,-209.919,303.972,964.455,299.317,0.747,3.697,0.203,Yi-Tense,0.202055720854747,8115334613243772415
Yi_M3,3,M,Yi,Village 2,M3_tl_lu21_01,239.389,427.079,187.69,5,u21,Vowel,u,Lax,Oral,21.0,2.0,Low,21,Unaspirated,Oral,128.011,127.902,133.704,129.954,363.141,55.719,1025.587,190.117,2517.264,111.483,3659.602,226.299,704.614,2499.133,3847.805,5316.629,23.957,22.655,30.764,24.216,19.157,16.652,34.513,14.346,17.98,6.429,3.76,19.622,-6.807,-1.561,11.607,7.564,-10.555,8.315,5.977,16.225,20.198,3.033,35.436,3.731,9.939,17.959,21.821,24.992,0.0,low,0.6,0.528,0.638,0.547,-230.604,334.64,904.484,330.338,0.827,3.71,0.224,Yi-Lax,0.222911051212938,2744216454434910288
Yi_M3,3,M,Yi,Village 2,M3_tl_lu21_02,193.625,352.989,159.364,5,u21,Vowel,u,Lax,Oral,21.0,2.0,Low,21,Unaspirated,Oral,127.7,127.606,132.704,129.657,381.708,53.07,1030.656,160.344,2520.097,162.998,3599.976,213.024,736.21,2469.829,3751.22,,22.324,21.132,28.82,22.985,23.291,19.283,34.702,13.772,19.062,6.883,2.704,17.575,-6.496,-1.853,5.529,3.702,-12.378,7.368,3.262,14.25,19.62,3.557,33.515,7.56,12.22,18.707,22.217,24.863,0.0,low,0.598,0.498,0.635,0.469,-214.262,274.802,884.214,271.068,0.811,3.641,0.223,Yi-Lax,0.222741005218347,402591748091788268
Yi_M3,3,M,Yi,Village 2,M3_tl_mu_33_01,191.865,430.748,238.883,5,u33,Vowel,u,Tense,Oral,33.0,1.0,Mid,33,Unaspirated,Nasal,150.384,150.47,150.923,150.561,291.958,85.518,983.611,92.002,2250.663,44.897,3530.641,354.79,819.571,2323.792,4145.544,4263.646,28.411,25.61,31.083,16.73,11.172,17.292,31.082,16.144,20.11,13.161,9.07,26.11,-2.671,8.88,19.911,-0.562,-2.67,9.469,8.301,12.449,19.342,-0.5,21.481,35.251,39.216,40.953,41.596,29.28,0.674,mid,0.503,0.464,0.56,0.4,-511.33,312.208,1286.616,309.55,0.654,2.505,0.264,Yi-Tense,0.261077844311377,4576689682472786414
Yi_M3,3,M,Yi,Village 2,M3_tl_mu_33_02,236.236,441.014,204.778,5,u33,Vowel,u,Tense,Oral,33.0,1.0,Mid,33,Unaspirated,Nasal,151.866,151.949,152.901,152.229,314.904,89.214,1011.92,69.018,2207.765,152.916,3435.458,196.807,968.984,3355.933,5140.024,5106.346,28.579,26.108,32.505,16.634,15.468,20.278,32.503,16.181,21.825,13.781,1.961,16.35,-3.926,9.474,17.037,-3.644,-3.924,9.929,6.754,12.327,26.618,9.757,29.918,29.683,32.929,36.868,37.889,27.912,0.908,mid,0.478,0.441,0.598,0.388,-589.085,339.615,1522.697,337.06,0.487,2.652,0.184,Yi-Tense,0.183634992458522,-8873883403027462516
Yi_M3,3,M,Yi,Village 2,M3_tl_mu33_01,216.102,438.488,222.386,5,u33,Vowel,u,Lax,Oral,33.0,1.0,Mid,33,Unaspirated,Nasal,159.172,159.028,160.444,159.487,345.774,66.432,969.658,140.638,2514.304,211.077,3695.626,277.927,684.736,2600.839,3784.828,5693.368,23.613,21.265,31.664,16.103,17.926,20.826,31.662,13.711,15.283,5.3,-1.767,17.821,-8.05,5.162,13.738,-4.723,-8.049,7.562,8.33,15.964,25.38,3.444,20.004,39.258,43.42,47.809,48.092,28.405,0.667,mid,0.61,0.57,0.651,0.587,-290.367,328.662,845.314,324.978,0.704,2.561,0.275,Yi-Lax,0.274892620070285,-5270969920177266269
Yi_M3,3,M,Yi,Village 2,M3_tl_mu33_02,235.059,486.501,251.442,5,u33,Vowel,u,Lax,Oral,33.0,1.0,Mid,33,Unaspirated,Nasal,155.018,154.735,155.881,155.611,356.068,73.702,949.495,80.342,2579.484,428.612,3666.04,207.719,782.553,2249.353,3636.351,5420.975,22.412,20.333,30.362,17.566,16.392,17.831,29.98,11.171,19.17,8.141,-6.325,13.66,-7.95,2.767,13.97,-0.265,-7.568,9.174,3.243,12.193,28.737,6.674,16.444,39.754,44.594,51.193,50.77,28.647,0.716,mid,0.595,0.552,0.621,0.564,-315.603,362.062,879.606,358.414,0.766,2.587,0.296,Yi-Lax,0.29609586393506,-8421239294028178848
Yi_M3,3,M,Yi,Village 2,M3_tl_no21_01,215.538,432.362,216.824,5,o21,Vowel,o,Lax,Oral,21.0,2.0,Low,21,Unaspirated,Nasal,118.816,118.168,121.254,119.464,338.684,85.513,714.222,55.063,2498.77,140.567,3465.705,167.318,658.581,2652.454,3632.927,5475.986,24.99,23.566,28.235,21.123,25.404,20.842,31.16,11.564,27.679,13.386,-2.406,21.766,-3.245,2.443,2.831,0.281,-6.17,12.027,-2.689,10.179,27.396,1.8,25.003,9.165,17.237,25.069,26.977,24.797,0.04,low,0.602,0.441,0.472,0.236,-357.644,324.138,1214.855,322.147,2.007,3.386,0.592,Yi-Lax,0.592734790313054,-24077264562688422
Yi_M3,3,M,Yi,Village 2,M3_tl_no21_02,208.928,446.766,237.838,5,o21,Vowel,o,Lax,Oral,21.0,2.0,Low,21,Unaspirated,Nasal,116.256,116.6,120.293,238.172,365.279,148.092,679.456,78.129,1842.839,775.826,3706.629,370.443,634.317,2325.559,3902.619,5093.256,20.628,19.473,25.497,20.104,28.46,18.414,19.226,-3.348,25.801,8.17,-7.421,6.908,-4.869,-0.63,-2.963,1.69,1.402,22.839,-5.173,11.304,28.049,12.566,12.917,12.664,18.869,26.175,29.738,20.467,0.219,low,0.562,0.449,0.501,0.509,-382.775,330.206,1156.378,325.807,1.54,3.563,0.433,Yi-Lax,0.432220039292731,4882702532900392741
Yi_M3,3,M,Yi,Village 2,M3_tl_nu_33_01,220.454,446.478,226.024,5,u33,Vowel,u,Tense,Oral,33.0,1.0,Mid,33,Unaspirated,Nasal,149.559,149.56,150.5,149.692,303.527,104.261,1168.933,70.1,2290.074,123.806,3415.502,491.043,1135.898,2527.408,4663.592,5030.36,29.212,26.755,31.292,15.805,13.027,19.384,31.291,15.638,22.906,16.974,8.749,21.428,-2.08,10.951,18.265,-3.579,-2.079,11.118,6.306,9.781,20.463,5.327,25.051,30.057,33.074,33.203,32.987,26.921,0.828,mid,0.497,0.475,0.559,0.42,-601.839,334.472,1490.42,331.664,0.515,2.21,0.239,Yi-Tense,0.233031674208145,-2041665233375907616
Yi_M3,3,M,Yi,Village 2,M3_tl_nu_33_02,202.861,443.842,240.981,5,u33,Vowel,u,Tense,Oral,33.0,1.0,Mid,33,Unaspirated,Nasal,151.113,151.11,152.784,151.652,317.229,128.037,1168.648,65.141,2472.017,286.792,3525.416,334.49,1130.959,3091.694,5121.328,5022.433,29.117,26.782,31.466,16.159,13.528,19.137,31.464,15.066,21.539,14.862,1.598,17.081,-2.349,10.623,17.938,-2.978,-2.347,11.719,7.578,11.921,27.519,9.702,28.036,25.696,28.898,33.084,33.306,26.976,0.919,mid,0.493,0.441,0.562,0.383,-616.752,323.566,1643.861,321.028,0.541,2.451,0.221,Yi-Tense,0.220726234190126,-4089724442045727501
Yi_M3,3,M,Yi,Village 2,M3_tl_nu33_01,240.153,488.433,248.28,5,u33,Vowel,u,Lax,Oral,33.0,1.0,Mid,33,Unaspirated,Nasal,158.02,157.895,159.011,157.648,324.775,48.716,1101.212,176.998,2554.928,163.249,3544.711,241.451,775.555,2762.589,3661.055,5124.987,22.534,20.014,30.555,14.169,14.166,19.721,30.554,13.975,13.228,5.808,-0.975,17.286,-8.021,5.845,16.389,-5.553,-8.02,6.044,9.306,14.205,23.509,2.728,14.204,44.804,46.004,46.886,45.197,27.797,0.659,mid,0.622,0.569,0.652,0.591,-273.133,365.943,785.716,362.193,0.722,2.629,0.275,Yi-Lax,0.274629136553823,-7362915263056856717
Yi_M3,3,M,Yi,Village 2,M3_tl_nu33_02,212.229,492.075,279.846,5,u33,Vowel,u,Lax,Oral,33.0,1.0,Mid,33,Unaspirated,Nasal,154.103,154.05,154.415,154.397,360.445,90.815,1147.8,245.845,2719.502,307.347,3567.367,238.55,522.629,1262.03,3471.626,5428.883,21.325,19.449,28.631,17.445,15.949,18.386,26.788,7.887,11.996,2.578,-5.818,12.118,-7.306,2.004,12.682,-0.941,-5.463,11.568,9.328,16.871,27.142,7.33,11.41,45.859,48.897,54.009,52.636,30.491,0.877,mid,0.602,0.541,0.613,0.565,-275.532,353.674,818.848,350.004,0.802,2.661,0.302,Yi-Lax,0.301390454716272,5022781812920693822
Yi_M3,3,M,Yi,Village 2,M3_tl_pe_21_01,78.424,249.899,171.475,5,e21,Vowel,e,Tense,Oral,21.0,2.0,Low,21,Unaspirated,Oral,126.539,126.458,127.806,127.051,487.47,36.059,1276.978,80.772,2639.267,135.129,4015.366,210.013,606.702,1984.439,4056.075,5545.653,21.605,20.899,26.989,23.845,34.852,15.283,34.849,10.893,20.395,6.066,3.119,11.273,-5.384,-2.946,-7.862,8.562,-13.244,10.012,1.21,14.833,18.486,9.626,41.43,30.463,30.849,36.104,37.493,29.885,0.623,low,0.58,0.494,0.652,0.201,-169.48,163.327,854.341,161.733,0.95,3.912,0.244,Yi-Tense,0.242842535787321,-3773154540317588145
Yi_M3,3,M,Yi,Village 2,M3_tl_pe_21_02,78.48,229.911,151.431,5,e21,Vowel,e,Tense,Oral,21.0,2.0,Low,21,Unaspirated,Oral,118.427,118.024,122.221,119.652,456.715,45.937,1253.683,117.438,2638.669,331.61,3996.329,261.901,522.92,1548.609,4026.921,5065.0,17.737,17.023,23.862,20.676,29.564,11.207,29.56,6.072,11.657,-1.974,-4.112,5.282,-6.125,-3.653,-5.702,9.47,-11.823,10.957,6.08,18.997,21.848,11.741,14.345,9.135,13.255,21.964,26.5,24.812,0.625,low,0.604,0.45,0.655,0.402,-158.495,154.825,741.091,151.402,1.032,2.404,0.099,Yi-Tense,0.429284525790349,4171025941971839391
Yi_M3,3,M,Yi,Village 2,M3_tl_pe21_01,120.378,275.329,154.951,5,e21,Vowel,e,Lax,Oral,21.0,2.0,Low,21,Unaspirated,Oral,112.181,112.139,114.045,112.817,549.33,159.002,1409.72,196.221,2425.067,1397.108,3402.931,298.319,601.823,1498.411,3436.51,5106.989,24.023,23.609,29.47,27.714,17.687,7.848,30.228,4.864,17.591,1.158,1.177,-3.36,-5.446,-4.105,11.782,19.866,-6.205,18.748,6.433,22.451,22.847,26.969,20.415,20.715,19.516,22.745,23.572,27.232,0.0,low,0.617,0.533,0.627,0.586,-465.655,200.624,1489.822,195.374,1.12,4.042,0.277,Yi-Lax,0.277090549233053,2854518927417297139
Yi_M3,3,M,Yi,Village 2,M3_tl_pe21_02,100.786,252.15,151.364,5,e21,Vowel,e,Lax,Oral,21.0,2.0,Low,21,Unaspirated,Oral,110.174,110.256,113.081,111.331,543.55,101.067,1316.677,228.829,2573.971,629.622,3370.108,229.108,605.016,1554.118,3327.616,5311.629,23.148,22.723,27.889,26.088,19.658,9.507,29.39,4.025,12.412,-4.44,-0.793,2.719,-4.741,-3.365,8.23,16.582,-6.242,18.704,10.735,27.163,23.94,20.004,14.227,13.988,14.959,20.717,22.002,25.976,0.0,low,0.605,0.511,0.581,0.56,-400.434,178.997,1362.35,173.892,1.395,4.093,0.34,Yi-Lax,0.340825800146592,-8115806667100444226
Yi_M3,3,M,Yi,Village 2,M3_tl_phi21_01,148.236,354.011,205.775,5,i21,Vowel,i,Lax,Oral,21.0,2.0,Low,21,Aspirated,Oral,113.718,113.188,117.178,114.968,286.894,66.137,2000.855,62.673,2671.543,100.452,3729.46,506.237,2188.721,2874.618,4857.904,5167.186,25.901,24.388,31.416,23.075,18.594,22.04,22.023,6.921,14.648,16.557,11.098,16.24,-5.515,1.314,12.822,1.034,3.878,17.467,11.253,7.831,14.803,8.148,19.041,4.929,18.18,18.312,19.525,23.961,0.515,low,0.612,0.493,0.559,0.539,-547.986,253.607,1502.547,248.798,1.568,3.654,0.429,Yi-Lax,0.42911877394636,-189434273188046936
Yi_M3,3,M,Yi,Village 2,M3_tl_phi21_02,143.523,330.405,186.882,5,i21,Vowel,i,Lax,Oral,21.0,2.0,Low,21,Aspirated,Oral,117.818,117.472,120.828,118.708,295.421,64.937,2036.654,52.826,2674.772,125.485,3741.667,437.773,2211.106,3083.37,4600.827,4875.169,24.404,22.815,31.137,22.171,17.043,21.071,25.304,10.113,14.187,16.395,9.227,13.671,-6.734,0.643,14.095,1.1,-0.9,12.702,10.217,6.419,15.177,9.144,17.031,7.511,20.017,19.41,20.859,25.599,0.69,low,0.634,0.468,0.56,0.567,-527.905,240.184,1410.771,235.305,1.674,3.753,0.446,Yi-Lax,0.446043165467626,3701716880677198011
Yi_M3,3,M,Yi,Village 2,M3_tl_phie_21_01,132.833,281.455,148.622,5,ie21,Vowel,ie,Tense,Oral,21.0,2.0,Low,21,Aspirated,Oral,128.11,128.611,135.434,130.953,382.041,39.184,2299.564,95.554,3183.838,220.837,4156.552,122.052,386.319,2474.268,3912.757,4956.539,18.625,17.448,25.834,19.808,14.587,13.873,28.013,8.528,9.72,10.006,7.159,12.908,-7.209,-2.36,11.247,5.935,-9.388,8.92,8.905,7.442,11.466,4.539,11.363,6.108,18.613,19.951,19.696,23.859,0.0,low,0.569,0.488,0.702,0.454,-98.086,208.185,501.165,204.612,0.552,3.903,0.142,Yi-Tense,0.141429669485012,972562456333597661
Yi_M3,3,M,Yi,Village 2,M3_tl_phie21_01,147.781,361.751,213.97,5,ie21,Vowel,ie,Lax,Oral,21.0,2.0,Low,21,Aspirated,Oral,110.377,110.119,115.308,111.808,328.061,67.118,2056.975,80.278,2580.73,268.468,3506.293,381.866,2188.562,3389.81,4900.31,4888.008,25.814,24.712,29.538,24.038,20.408,18.966,32.785,15.198,19.977,20.013,13.157,12.286,-3.724,0.674,9.13,5.072,-6.971,9.514,5.837,4.698,12.657,12.426,24.587,3.966,15.871,15.076,15.908,27.977,0.0,low,0.502,0.375,0.436,0.435,-601.109,255.918,1830.686,251.937,1.506,3.277,0.459,Yi-Lax,0.459566676838572,-3048604209307775927
Yi_M3,3,M,Yi,Village 2,M3_tl_phie21_02,146.659,328.678,182.019,5,ie21,Vowel,ie,Lax,Oral,21.0,2.0,Low,21,Aspirated,Oral,116.525,116.774,121.826,118.229,342.461,53.191,2099.81,90.747,2555.134,314.254,3651.099,621.627,1726.671,3345.517,4608.851,4891.276,23.517,22.376,29.096,23.343,17.632,16.661,31.107,12.949,16.894,16.799,9.958,7.278,-5.579,-0.967,11.464,6.682,-7.59,9.427,6.623,5.577,13.559,15.098,18.111,5.399,18.25,18.268,19.429,26.497,0.0,low,0.552,0.409,0.483,0.49,-467.228,240.172,1626.891,235.891,1.678,3.467,0.484,Yi-Lax,0.483991923853476,-6986357422870236609
Yi_M3,3,M,Yi,Village 2,M3_tl_si_33_01,250.44,513.819,263.379,5,i33,Vowel,i,Tense,Oral,33.0,1.0,Mid,33,Unaspirated,Oral,166.007,165.659,166.924,166.235,810.725,35.887,2420.816,616.546,3714.761,364.766,4457.886,374.527,780.104,3049.562,4237.006,5919.157,18.351,17.929,24.658,22.86,17.297,6.729,19.643,-6.581,-10.757,-21.512,-11.404,-13.816,-6.307,-4.931,7.362,16.131,-1.292,24.515,29.108,39.441,29.755,31.745,5.925,34.328,38.575,41.9,41.02,24.807,0.899,mid,0.488,0.391,0.594,0.243,-445.583,381.886,1157.562,380.418,0.51,2.34,0.219,Yi-Tense,0.217948717948718,-8718704480983357793
Yi_M3,3,M,Yi,Village 2,M3_tl_si33_01,317.813,615.057,297.244,5,i33,Vowel,i,Lax,Oral,33.0,1.0,Mid,33,Unaspirated,Oral,163.257,163.281,163.468,163.452,344.789,145.171,945.559,147.239,3575.434,686.9,4487.321,380.996,784.399,2921.451,4548.893,5264.109,21.408,19.139,24.171,9.548,17.677,19.359,23.254,4.432,17.743,6.702,-10.796,21.667,-2.763,9.591,6.494,-9.811,-1.845,14.755,3.665,12.438,32.204,-2.527,6.472,42.053,42.329,42.356,40.155,24.26,0.741,mid,0.581,0.535,0.59,0.508,-692.783,467.337,1849.825,464.225,0.849,1.843,0.466,Yi-Lax,0.460661964188823,8371587836816049442
Yi_M3,3,M,Yi,Village 2,M3_tl_sii21_01,230.969,478.388,247.419,5,i33,Vowel,i,Lax,Oral,21.0,2.0,Low,21,Unaspirated,Oral,157.983,158.025,158.429,157.341,322.557,177.044,1038.798,98.016,3359.254,673.907,4451.116,314.921,972.753,3374.617,4709.942,4934.229,24.86,22.121,24.142,9.224,14.179,20.025,24.141,8.235,16.478,9.121,-7.806,22.798,0.718,12.897,9.963,-10.801,0.719,13.903,8.382,13.0,32.666,-0.677,8.151,26.406,30.139,33.071,32.626,23.705,0.0,low,0.516,0.485,0.538,0.476,-670.884,355.737,1619.073,352.729,0.792,2.14,0.37,Yi-Lax,0.370093457943925,6795114313144655563
Yi_M3,3,M,Yi,Village 2,M3_tl_sii21_02,214.72,470.385,255.665,5,ii33,Vowel,ii,Lax,Oral,21.0,2.0,Low,21,Unaspirated,Oral,159.85,159.408,159.136,159.399,1055.379,82.821,2485.375,1191.852,3231.608,334.182,4322.952,284.829,981.701,3323.685,4583.845,5190.954,21.786,21.547,25.394,24.412,15.529,10.985,16.598,-12.671,-7.861,-23.682,-5.118,-20.627,-3.609,-2.865,9.865,13.428,5.188,34.222,29.647,45.229,26.904,42.175,6.868,34.853,37.098,39.81,37.541,24.379,0.782,low,0.596,0.531,0.6,0.56,-505.004,344.229,1219.546,340.722,0.786,2.408,0.326,Yi-Lax,0.32641196013289,7864554280010948291
Yi_M3,3,M,Yi,Village 2,M3_tl_sro21_02,185.714,375.962,190.248,5,o21,Vowel,o,Lax,Oral,21.0,2.0,Low,21,Unaspirated,Oral,129.231,128.414,134.164,130.468,360.246,72.331,777.711,48.502,2575.855,167.181,3550.497,145.733,709.538,3278.83,3821.344,5306.881,22.438,20.976,27.412,20.027,19.412,15.291,30.885,10.201,25.047,10.624,-5.562,16.772,-4.975,0.949,8.001,4.736,-8.447,10.799,-2.609,10.353,28.0,4.204,19.803,5.428,14.132,24.89,29.067,23.962,0.0,low,0.588,0.482,0.535,0.517,-529.057,283.876,1371.253,279.806,1.825,3.086,0.592,Yi-Lax,0.591380427738172,1937423542113895938
Yi_M3,3,M,Yi,Village 2,M3_tl_tcjhi_33_01,234.864,450.628,215.764,5,i33,Vowel,i,Tense,Oral,33.0,1.0,Mid,33,Aspirated,Oral,163.663,163.753,164.347,164.419,321.06,22.142,2121.303,30.006,2827.897,450.082,4412.097,286.459,320.21,2176.372,4056.342,5170.408,22.425,19.82,30.445,15.02,6.799,15.827,30.444,14.662,13.127,15.598,-0.374,5.05,-8.021,4.8,23.647,-0.807,-8.019,5.159,9.298,4.223,22.799,14.771,14.113,41.661,52.971,51.315,49.773,29.71,0.449,mid,0.603,0.539,0.672,0.616,-158.342,344.371,574.738,340.612,0.471,2.472,0.19,Yi-Tense,0.190533980582524,-9030764744189454200
Yi_M3,3,M,Yi,Village 2,M3_tl_tcjhi_33_02,241.811,490.377,248.566,5,i33,Vowel,i,Tense,Oral,33.0,1.0,Mid,33,Aspirated,Oral,154.986,155.311,155.841,210.124,311.098,23.669,2088.791,93.549,3911.339,204.724,4443.756,313.162,328.587,2212.635,4072.725,5182.109,20.879,18.411,30.687,15.298,10.621,19.212,30.686,15.293,6.531,8.972,2.683,24.465,-9.809,3.113,20.066,-3.914,-9.807,3.12,14.347,9.439,18.195,-6.053,12.801,42.206,50.776,48.547,47.031,29.7,0.411,mid,0.539,0.4,0.632,0.246,-261.584,366.025,729.14,364.441,0.501,2.904,0.172,Yi-Tense,0.172520661157025,1597621731462879438
Yi_M3,3,M,Yi,Village 2,M3_tl_tcjhi33_01,242.249,523.006,280.757,5,i33,Vowel,i,Lax,Oral,33.0,1.0,Mid,33,Aspirated,Oral,145.459,145.139,143.595,145.451,287.69,33.686,1957.156,77.254,2597.711,296.53,4200.546,534.903,2134.388,3384.289,4820.58,5204.321,25.327,22.84,31.455,17.359,11.94,20.755,31.453,17.28,17.588,20.067,9.754,14.904,-6.128,5.481,19.515,-3.396,-6.126,5.56,7.739,2.773,15.573,7.936,17.312,26.671,37.244,35.838,34.785,30.099,0.541,mid,0.633,0.571,0.615,0.543,-431.97,384.518,1173.498,380.784,0.945,2.478,0.382,Yi-Lax,0.38135593220339,330835749719810896
Yi_M3,3,M,Yi,Village 2,M3_tl_tcjhi33_02,205.689,448.933,243.244,5,i33,Vowel,i,Lax,Oral,33.0,1.0,Mid,33,Aspirated,Oral,135.581,135.498,135.063,135.783,282.522,57.172,1923.569,82.215,2681.462,114.038,4287.345,445.156,1938.458,2673.602,4504.646,5645.364,25.013,22.912,30.317,17.38,13.526,20.583,30.288,15.662,14.089,15.731,14.05,21.19,-5.303,5.531,16.791,-3.203,-5.275,7.25,10.924,7.181,10.963,1.721,13.606,29.844,41.142,41.669,42.486,32.808,0.705,mid,0.602,0.516,0.583,0.566,-584.883,329.067,2107.942,324.879,0.84,3.233,0.261,Yi-Lax,0.259820600061862,8573570113785555240
Yi_M3,3,M,Yi,Village 2,M3_tl_thu_21_01,180.845,347.734,166.889,5,u21,Vowel,u,Tense,Oral,21.0,2.0,Low,21,Aspirated,Oral,116.445,115.825,119.208,117.452,332.088,96.211,959.434,123.374,2441.285,108.332,3545.743,57.062,799.04,2535.798,3611.651,5857.031,23.52,22.197,29.176,22.468,22.565,20.926,29.825,11.685,18.108,8.001,1.079,18.546,-5.656,-0.271,6.611,1.542,-6.305,10.517,5.412,14.196,22.441,3.651,17.385,8.588,14.369,20.598,23.656,24.015,0.0,low,0.633,0.529,0.622,0.591,-350.755,266.944,1068.941,261.837,1.121,4.301,0.261,Yi-Tense,0.26063706114857,-58018047771257713
Yi_M3,3,M,Yi,Village 2,M3_tl_thu_21_02,162.501,334.268,171.767,5,u21,Vowel,u,Tense,Oral,21.0,2.0,Low,21,Aspirated,Oral,116.853,116.15,120.901,118.05,335.382,93.921,1034.721,137.12,2423.698,73.233,3546.324,75.205,846.144,2494.481,3674.931,4984.315,23.963,22.629,29.23,22.407,23.063,21.945,29.282,11.219,16.988,7.591,4.874,20.67,-5.268,0.222,6.167,0.462,-5.319,11.413,6.974,15.038,19.089,1.959,17.274,4.752,11.156,16.926,20.297,23.511,0.0,low,0.634,0.549,0.638,0.588,-395.966,250.409,1275.046,245.337,0.945,4.306,0.22,Yi-Tense,0.219461216906642,-3903208018906397628
Yi_M3,3,M,Yi,Village 2,M3_tl_thu21_01,206.672,360.993,154.321,5,u21,Vowel,u,Lax,Oral,21.0,2.0,Low,21,Aspirated,Oral,117.684,117.684,126.108,119.849,343.693,58.858,971.26,139.037,2423.599,137.324,3525.844,63.007,717.092,2450.5,3580.11,4980.853,21.134,19.864,27.705,21.347,19.7,17.192,30.92,11.675,15.325,4.47,-0.963,14.766,-6.571,-1.483,8.005,4.155,-9.786,8.195,5.809,15.394,22.098,5.099,16.246,1.855,9.846,18.211,22.336,21.921,0.0,low,0.591,0.475,0.575,0.569,-248.797,287.328,882.542,282.388,1.39,3.812,0.365,Yi-Lax,0.364637985309549,1626530637366243293
Yi_M3,3,M,Yi,Village 2,M3_tl_thu21_02,196.844,341.8,144.956,5,u21,Vowel,u,Lax,Oral,21.0,2.0,Low,21,Aspirated,Oral,128.339,128.323,134.6,130.654,364.966,49.185,1030.227,76.649,2484.07,89.456,3510.763,54.09,779.604,2502.617,3548.792,5162.571,22.447,21.11,29.44,22.636,17.369,15.474,32.055,12.12,17.208,6.118,2.922,17.925,-6.992,-1.526,12.07,7.162,-9.608,8.996,5.239,14.992,19.525,3.185,23.135,6.641,13.9,21.388,23.776,24.357,0.0,low,0.594,0.492,0.599,0.579,-268.175,272.287,969.415,267.693,1.216,3.563,0.343,Yi-Lax,0.341285433623351,7559100225550524517
Yi_M3,3,M,Yi,Village 2,M3_tl_tse_21_01,82.653,239.608,156.955,5,e21,Vowel,e,Tense,Oral,21.0,2.0,Low,21,Unaspirated,Oral,117.487,116.919,122.396,118.814,446.685,78.778,1295.145,58.454,2721.474,189.074,4382.697,210.731,482.786,1334.44,4241.461,4558.218,18.159,17.443,24.889,21.685,31.899,14.466,31.896,8.583,12.071,-0.94,-4.498,5.468,-6.73,-4.243,-7.01,7.219,-13.738,8.864,6.088,18.383,22.657,11.975,22.37,4.493,7.021,17.82,23.139,20.328,0.599,low,0.654,0.586,0.735,0.641,-91.211,152.064,354.883,146.803,0.635,4.036,0.157,Yi-Tense,0.157333994053518,-1395781486826806894
Yi_M3,3,M,Yi,Village 2,M3_tl_tse21_01,118.522,269.948,151.426,5,e21,Vowel,e,Lax,Oral,21.0,2.0,Low,21,Unaspirated,Oral,104.84,105.093,110.221,142.457,437.12,41.237,1310.517,119.39,2362.224,152.043,3437.33,280.944,501.752,1978.883,3736.049,4664.983,23.26,22.666,27.016,24.407,35.084,13.238,35.081,11.835,13.243,0.614,3.104,7.174,-3.756,-1.741,-8.068,11.169,-11.821,10.833,10.018,22.052,20.156,15.491,31.59,0.496,7.455,14.652,19.746,22.557,0.423,low,0.516,0.414,0.523,0.501,-194.39,195.323,859.673,190.492,1.363,4.231,0.319,Yi-Lax,0.322146064760104,-7149712000526330680
Yi_M3,3,M,Yi,Village 2,M3_tl_tse21_02,91.259,260.594,169.335,5,e21,Vowel,e,Lax,Oral,21.0,2.0,Low,21,Unaspirated,Oral,114.431,114.213,116.786,115.155,449.073,55.262,1352.943,100.652,2348.324,525.567,3637.871,585.028,492.351,1480.828,3892.74,5268.404,27.683,27.028,30.277,27.373,37.863,16.237,37.86,14.579,20.294,7.87,3.647,6.047,-2.594,-0.345,-7.586,11.137,-10.177,12.451,7.389,19.158,24.036,20.981,73.538,8.792,10.9,15.213,19.414,24.819,0.568,low,0.542,0.467,0.572,0.457,-372.746,177.47,1551.296,173.457,1.332,4.218,0.316,Yi-Lax,0.315789473684211,6701451136696295286
Yi_M3,3,M,Yi,Village 2,M3_tl_tshi_33_01,213.023,459.638,246.615,5,i33,Vowel,i,Tense,Oral,33.0,1.0,Mid,33,Aspirated,Oral,160.947,161.062,161.617,161.059,964.041,134.391,2730.106,660.531,3804.337,120.559,4480.532,298.578,512.106,2080.646,4616.086,5513.788,18.443,18.154,26.216,25.011,13.983,8.047,13.459,-14.343,-12.892,-24.587,-8.803,-15.985,-7.773,-6.857,12.232,16.963,4.984,32.501,31.335,42.741,27.245,34.139,7.25,42.327,45.95,52.635,53.55,28.019,0.792,mid,0.626,0.577,0.791,0.382,-103.952,336.228,463.999,333.855,0.424,2.998,0.142,Yi-Tense,0.141427618412275,4992593459729465217
Yi_M3,3,M,Yi,Village 2,M3_tl_tshi_33_02,273.551,505.748,232.197,5,i33,Vowel,i,Tense,Oral,33.0,1.0,Mid,33,Aspirated,Oral,164.603,164.699,165.97,164.882,982.059,138.837,2775.414,610.643,3789.455,245.374,4504.636,142.931,511.311,1969.978,4420.048,5402.475,21.04,20.746,29.135,27.907,18.256,12.182,17.222,-10.668,-9.499,-21.357,-7.429,-15.681,-8.095,-7.161,10.879,15.725,3.819,31.418,30.539,42.103,28.469,36.427,12.965,38.09,41.128,47.827,49.732,28.776,0.676,mid,0.614,0.557,0.78,0.59,-122.466,390.176,492.261,386.59,0.433,0.956,0.061,Yi-Tense,0.452928870292887,-466219466673956143
Yi_M3,3,M,Yi,Village 2,M3_tl_tshi33_02,244.296,445.939,201.643,5,i21,Vowel,i,Lax,Oral,33.0,1.0,Mid,33,Aspirated,Oral,158.317,157.688,159.317,157.991,319.858,62.449,786.48,46.009,3970.733,534.513,4330.57,483.489,748.285,3585.266,4496.888,,16.758,13.99,23.227,6.004,13.122,13.269,23.226,6.098,17.245,6.039,-13.521,27.232,-6.469,7.986,10.105,-7.264,-6.468,8.009,-0.487,7.951,30.279,-13.242,3.708,27.768,33.573,40.352,41.674,23.842,0.612,mid,0.649,0.595,0.749,0.593,-60.026,338.715,283.029,334.981,0.408,2.807,0.146,Yi-Lax,0.145350908443178,-1363282986040681505
Yi_M3,3,M,Yi,Village 2,M3_tl_tsi21_01,124.774,338.462,213.688,5,i21,Vowel,i,Lax,Oral,21.0,2.0,Low,21,Unaspirated,Oral,141.118,140.683,145.8,142.529,340.609,94.308,831.242,76.485,2936.521,449.474,4184.042,508.157,791.872,3176.157,4582.251,5494.494,17.599,15.622,22.39,10.761,14.709,14.977,19.885,1.409,18.867,7.202,-11.085,16.685,-4.791,4.861,7.681,-4.216,-2.286,14.24,-1.268,8.42,28.684,-1.063,4.276,16.725,20.551,26.737,27.791,20.09,0.792,low,0.576,0.557,0.743,0.541,-48.444,232.594,168.779,228.736,0.378,3.141,0.121,Yi-Lax,0.120343839541547,4507447853749561268
Yi_M3,3,M,Yi,Village 2,M3_tl_tu_21_01,102.661,287.042,184.381,5,u21,Vowel,u,Tense,Oral,21.0,2.0,Low,21,Unaspirated,Oral,110.416,109.964,113.559,166.367,429.836,42.628,1168.141,108.448,2441.536,97.541,3592.351,224.666,543.419,2280.629,3796.881,4979.785,20.522,19.858,26.167,23.227,34.733,12.898,34.731,11.502,16.133,2.725,2.684,9.903,-5.645,-3.369,-8.566,10.329,-14.209,8.36,4.389,17.133,17.838,9.955,28.0,9.445,13.565,18.91,22.891,23.066,0.401,low,0.66,0.486,0.601,0.614,-384.337,198.188,1196.107,192.582,1.557,4.468,0.348,Yi-Tense,0.348478066248881,3202942229798640055
Yi_M3,3,M,Yi,Village 2,M3_tl_tu_21_02,107.107,269.948,162.841,5,u21,Vowel,u,Tense,Oral,21.0,2.0,Low,21,Unaspirated,Oral,113.183,112.855,114.802,118.929,446.393,43.907,1267.094,108.673,2407.892,172.791,3427.161,358.793,524.655,1755.886,3342.686,5843.459,20.986,20.344,26.414,23.575,34.576,11.597,34.572,11.164,16.037,2.992,3.965,8.765,-5.427,-3.231,-8.163,11.978,-13.586,9.183,4.95,17.352,17.022,11.579,28.054,19.016,21.053,23.539,24.697,24.547,0.43,low,0.651,0.507,0.607,0.618,-471.577,191.834,1367.344,186.357,1.6,4.235,0.378,Yi-Tense,0.37780401416765,-33305891007731452
Yi_M3,3,M,Yi,Village 2,M3_tl_tu_33_01,112.747,343.705,230.958,5,u33,Vowel,u,Tense,Oral,33.0,1.0,Mid,33,Unaspirated,Oral,161.575,161.58,161.727,162.364,321.03,35.547,1003.045,156.024,2749.079,400.558,3633.024,106.033,873.99,3102.869,4281.412,5117.539,17.571,14.864,26.037,9.529,9.656,14.531,26.036,9.478,10.896,2.516,-8.097,15.591,-8.466,5.335,16.381,-5.002,-8.464,5.396,6.675,12.348,25.668,-0.727,4.792,45.576,49.751,52.401,51.667,29.929,0.534,mid,0.612,0.501,0.638,0.608,-494.928,230.546,1352.435,226.768,0.722,2.62,0.276,Yi-Tense,0.275572519083969,7072933034873251800
Yi_M3,3,M,Yi,Village 2,M3_tl_tu_33_02,105.269,286.297,181.028,5,u33,Vowel,u,Tense,Oral,33.0,1.0,Mid,33,Unaspirated,Oral,159.845,159.69,160.672,159.953,349.822,75.122,1034.369,137.773,2703.927,267.898,3732.721,111.896,789.845,2902.107,3736.043,5315.156,17.781,15.536,26.132,11.393,12.206,15.278,26.13,7.902,11.196,1.426,-5.652,15.449,-8.351,4.143,13.926,-3.884,-8.349,7.644,6.586,14.11,23.433,0.087,5.609,42.907,45.652,51.26,52.025,29.809,0.712,mid,0.623,0.534,0.646,0.614,-496.003,197.841,1292.385,193.984,0.746,2.671,0.279,Yi-Tense,0.27929614376638,-4198819352399433663
Yi_M3,3,M,Yi,Village 2,M3_tl_tu21_01,118.054,266.003,147.949,5,u21,Vowel,u,Lax,Oral,21.0,2.0,Low,21,Unaspirated,Oral,112.869,112.692,115.025,188.957,450.484,37.997,1457.019,126.938,2409.84,251.923,3631.562,491.159,494.417,1808.717,3531.108,4882.714,23.212,22.592,28.586,25.849,37.677,14.561,37.673,14.45,17.168,5.735,6.134,7.229,-5.374,-3.257,-9.091,11.288,-14.462,8.144,6.044,16.857,17.077,15.363,51.492,13.677,17.264,18.035,20.153,25.36,0.397,low,0.663,0.515,0.609,0.618,-383.885,195.51,1289.895,189.993,1.691,4.356,0.388,Yi-Lax,0.388200183654729,8388132088885043712
Yi_M3,3,M,Yi,Village 2,M3_tl_tu21_02,101.058,273.343,172.285,5,u21,Vowel,u,Lax,Oral,21.0,2.0,Low,21,Unaspirated,Oral,116.017,115.703,118.271,157.801,465.674,40.817,1463.146,105.339,2416.544,243.414,3388.413,599.89,523.459,1822.282,3428.293,5185.112,23.49,22.873,28.38,25.654,37.346,13.867,37.343,13.815,18.082,6.11,7.915,8.834,-4.889,-2.781,-8.966,11.787,-13.852,9.059,5.409,16.763,15.575,14.039,51.566,12.93,15.695,17.374,19.367,25.826,0.405,low,0.632,0.498,0.602,0.604,-441.422,189.913,1415.336,184.686,1.528,4.043,0.378,Yi-Lax,0.377937175364828,-4506516361840744110
Yi_M3,3,M,Yi,Village 2,M3_tl_tu33_01,133.668,336.256,202.588,5,u33,Vowel,u,Lax,Oral,33.0,1.0,Mid,33,Unaspirated,Oral,143.421,143.328,144.131,143.646,314.832,83.621,1146.294,223.876,2474.156,119.347,3560.933,186.588,706.341,2588.194,3923.576,5259.673,21.258,19.185,27.661,14.634,15.809,20.321,27.628,11.03,10.163,3.094,3.379,19.2,-6.402,4.551,11.852,-5.687,-6.37,8.157,11.096,16.091,17.879,-0.015,7.677,38.292,42.726,44.064,42.577,27.173,0.655,mid,0.587,0.553,0.617,0.564,-242.189,237.013,634.179,233.069,0.668,2.473,0.27,Yi-Lax,0.270117266477962,4475962499426103343
Yi_M3,3,M,Yi,Village 2,M3_tl_tu33_02,91.859,296.727,204.868,5,u33,Vowel,u,Lax,Oral,33.0,1.0,Mid,33,Unaspirated,Oral,140.433,140.316,140.325,141.383,328.013,89.941,1118.797,97.629,2619.926,192.033,3568.245,229.015,976.505,3001.379,3696.347,5230.23,18.569,16.72,25.613,14.695,13.763,16.814,23.87,6.527,11.824,3.784,-2.625,15.391,-7.044,2.025,11.849,-2.119,-5.301,10.197,6.745,12.936,21.193,1.329,4.889,34.493,39.048,45.177,46.035,30.195,0.751,mid,0.61,0.535,0.597,0.576,-537.235,196.368,1492.954,192.257,1.037,3.027,0.343,Yi-Lax,0.342583415923356,5947286695449394044
Yi_M3,3,M,Yi,Village 2,M3_tl_x_e_21_02,200.697,370.606,169.909,5,e_21,Vowel,e,Tense,Oral,21.0,2.0,Low,21,Unaspirated,Oral,122.702,122.052,127.976,124.549,466.22,52.875,1302.382,131.626,2606.396,498.777,4007.028,183.408,566.013,1620.197,3968.388,5423.106,21.18,20.397,27.703,24.153,31.353,17.024,32.386,9.144,14.444,1.369,1.299,10.052,-6.524,-3.756,-3.649,7.129,-11.206,11.258,6.735,19.027,19.88,10.345,41.185,5.605,8.143,15.974,18.667,22.214,0.503,low,0.52,0.427,0.775,0.267,-165.372,284.755,816.547,282.573,0.676,1.1,0.011,Yi-Tense,0.614545454545455,-1219458905876755808
Yi_M3,3,M,Yi,Village 2,M3_tl_x_e21_01,181.368,394.311,212.943,5,e21,Vowel,e,Lax,Oral,21.0,2.0,Low,21,Unaspirated,Oral,116.577,115.711,120.837,117.815,418.919,87.482,1297.816,196.546,2454.432,80.655,3574.2,294.708,651.834,2416.814,4008.329,,27.539,26.682,32.368,28.401,33.582,23.507,34.801,13.066,19.304,8.286,11.357,19.066,-4.828,-1.719,-1.214,4.894,-7.262,13.619,8.235,18.397,16.182,7.617,66.646,-0.162,4.767,10.666,15.274,25.603,0.763,low,0.648,0.54,0.617,0.59,-339.473,290.778,1237.236,285.659,1.033,4.395,0.234,Yi-Lax,0.235039817974972,-2608113184252795993
Yi_M3,3,M,Yi,Village 2,M3_tl_x_e21_02,138.362,396.104,257.742,5,e21,Vowel,e,Lax,Oral,21.0,2.0,Low,21,Unaspirated,Oral,131.003,130.617,132.765,131.725,388.114,70.69,1301.611,91.719,2491.971,127.044,3454.904,338.959,1064.587,2550.037,3768.613,,29.871,28.693,34.051,28.2,26.52,23.931,38.431,18.112,23.129,13.672,14.384,24.195,-4.181,0.493,7.531,4.269,-8.56,10.583,6.741,15.021,15.487,4.498,95.05,18.88,25.048,28.849,30.0,31.577,0.0,low,0.564,0.502,0.615,0.5,-412.73,269.075,1799.381,265.242,0.732,3.261,0.225,Yi-Lax,0.224471021159154,-1474103774825843691
Yi_M3,3,M,Yi,Village 1,M3_tsrii_21_01,258.378,507.046,248.668,5,ii_21,Vowel,ii,Tense,Oral,21.0,2.0,Low,21,Unaspirated,Oral,117.675,117.564,119.128,118.149,511.308,111.735,1449.136,113.658,2922.665,349.632,3492.225,365.161,1328.456,2917.83,3402.382,5275.248,18.16,17.613,23.607,21.23,32.648,14.75,32.645,8.559,26.173,12.453,20.972,29.854,-5.447,-3.617,-9.041,6.48,-14.485,9.059,-8.013,5.16,-2.812,-12.241,32.369,32.289,26.062,24.223,18.828,27.811,0.644,low,0.6,0.511,0.625,0.585,-649.881,385.39,1800.564,380.407,1.268,3.5,0.363,Yi-Tense,0.362285714285714,-5145281148239420957
Yi_M3,3,M,Yi,Village 1,M3_tsrii_21_02,427.853,685.723,257.87,5,ii_21,Vowel,ii,Tense,Oral,21.0,2.0,Low,21,Unaspirated,Oral,119.136,119.171,121.407,120.059,474.717,102.043,1439.113,123.932,2501.455,303.675,3307.089,161.385,1266.651,2700.398,3407.337,5196.918,16.95,16.316,20.681,17.878,27.366,4.139,27.363,3.705,16.18,3.678,4.545,7.425,-3.731,-1.562,-6.686,13.739,-10.413,12.614,0.77,12.638,12.405,8.891,8.026,24.367,24.455,24.999,23.606,25.633,0.517,low,0.574,0.515,0.636,0.562,-459.115,559.107,1497.304,554.387,0.729,3.4,0.214,Yi-Tense,0.214411764705882,4348717011221633485
Yi_M3,3,M,Yi,Village 1,M3_tsrii_33_01,341.909,634.01,292.101,5,ii_33,Vowel,ii,Tense,Oral,33.0,1.0,Mid,33,Unaspirated,Oral,145.442,145.459,146.644,145.543,500.006,105.795,1457.113,93.4,2632.778,232.878,3150.847,196.219,1411.716,2783.491,3264.008,5312.463,18.934,18.044,21.767,17.642,27.381,18.055,28.701,5.444,26.79,14.424,22.799,28.11,-2.833,0.402,-5.615,-0.413,-9.767,12.604,-7.856,3.62,-3.865,-10.066,35.279,32.631,28.596,26.819,21.299,29.093,0.575,mid,0.524,0.489,0.563,0.474,-666.617,489.715,2164.011,486.448,0.772,2.533,0.305,Yi-Tense,0.304776944334781,1192179951159433106
Yi_M3,3,M,Yi,Village 1,M3_tsrii_33_02,225.646,480.662,255.016,5,ii_33,Vowel,ii,Tense,Oral,33.0,1.0,Mid,33,Unaspirated,Oral,141.64,141.616,142.462,141.692,484.691,135.135,1411.83,145.066,2804.529,256.862,3205.59,189.071,1292.385,2800.836,3188.043,5027.33,17.651,16.759,18.971,14.838,23.338,14.124,26.457,3.263,19.973,7.612,14.95,24.453,-1.321,1.921,-4.367,0.714,-8.806,13.501,-2.322,9.147,2.701,-7.695,11.947,37.632,35.58,36.755,32.924,29.998,0.0,mid,0.501,0.479,0.558,0.453,-724.678,354.498,2120.134,351.3,0.64,2.504,0.255,Yi-Tense,0.255591054313099,1780110446133865295
Yi_M3,3,M,Yi,Village 1,M3_tsrii21_02,340.565,598.59,258.025,5,ii21,Vowel,ii,Lax,Oral,21.0,2.0,Low,21,Unaspirated,Oral,106.94,106.627,108.255,107.8,461.781,178.437,1730.155,896.062,2589.944,236.721,3147.49,428.134,542.711,2481.498,2942.696,5502.319,21.381,20.837,16.534,14.159,22.731,3.867,22.706,-0.534,1.342,-7.354,7.101,5.099,4.847,6.678,-6.198,10.293,-1.326,21.374,20.039,28.191,14.28,15.738,3.888,18.002,23.382,24.171,21.759,21.898,0.0,low,0.343,0.307,0.343,0.282,-617.01,471.898,1352.853,469.248,1.978,2.562,0.772,Yi-Lax,0.772053083528493,8723465364112218698
Yi_M3,3,M,Yi,Village 1,M3_tsrii33_01,710.481,968.764,258.283,5,ii33,Vowel,ii,Lax,Oral,33.0,1.0,Mid,33,Unaspirated,Oral,126.759,126.761,126.773,126.463,461.448,119.593,1481.398,126.24,2781.994,363.835,3166.751,490.441,935.425,2215.11,3284.829,5335.539,20.957,20.211,18.345,14.966,23.412,9.231,23.051,0.016,11.236,-0.017,3.723,10.406,2.613,5.244,-5.067,5.736,-2.094,20.198,9.722,20.228,17.235,9.804,7.077,39.039,41.316,38.794,32.684,25.911,0.0,mid,0.388,0.324,0.386,0.262,-837.81,840.603,1848.23,838.536,1.762,2.138,0.825,Yi-Lax,0.824134705332086,-9179468578758767460
Yi_M3,3,M,Yi,Village 1,M3_tsrii33_02,222.958,477.685,254.727,5,ii33,Vowel,ii,Lax,Oral,33.0,1.0,Mid,33,Unaspirated,Oral,125.827,125.741,125.897,124.781,447.365,128.777,1531.844,131.403,2903.877,360.034,3293.928,299.188,741.673,2101.922,3211.943,4873.518,21.668,20.896,19.234,15.717,24.364,11.971,23.521,0.851,10.98,0.628,4.511,13.746,2.434,5.179,-5.13,3.746,-1.853,20.049,10.688,20.268,17.157,7.15,8.457,40.709,40.732,37.76,31.51,26.358,0.0,mid,0.404,0.344,0.401,0.288,-702.312,351.995,1772.043,349.705,1.96,2.426,0.808,Yi-Lax,0.807914262159934,1336994778895829258
Yi_M3,3,M,Yi,Village 1,M3_tsrii55_01,369.552,631.907,262.355,5,ii55,Vowel,ii,Lax,Oral,55.0,1.0,High,55,Unaspirated,Oral,171.437,171.263,171.14,172.759,452.736,155.14,1700.866,195.697,2810.615,277.39,3395.528,116.548,675.926,2345.954,3350.198,5537.901,18.997,17.516,21.947,13.878,13.166,14.277,14.95,-6.37,7.487,0.043,1.913,8.872,-2.95,3.637,8.782,-0.398,4.047,23.888,11.511,17.473,17.085,8.644,3.71,40.767,44.906,43.673,38.799,26.224,0.0,high,0.362,0.335,0.399,0.265,-878.855,501.495,1417.536,499.948,0.843,1.229,0.686,Yi-Lax,0.685923515052888,-2031639481898038707
Yi_M3,3,M,Yi,Village 1,M3_tsrii55_02,333.888,570.893,237.005,5,ii55,Vowel,ii,Lax,Oral,55.0,1.0,High,55,Unaspirated,Oral,163.538,163.416,164.263,163.612,478.89,90.708,1586.068,82.525,2821.234,159.462,3418.58,116.942,1396.411,2534.072,3336.244,4691.562,19.217,18.041,22.095,16.252,18.987,16.191,27.343,4.898,17.368,7.399,9.335,16.686,-2.878,1.789,3.109,0.061,-8.126,13.146,1.849,10.642,9.882,1.355,10.632,46.916,47.066,45.289,40.551,29.823,0.0,high,0.37,0.353,0.436,0.298,-801.42,453.04,1768.618,451.216,0.544,1.507,0.362,Yi-Lax,0.360982083609821,-3690351121133424577
